speed_kmph_rounded,doppler_hz,strategy,waveform,BER,throughput_bps,CQI,ACS
0.0,0.0,ai_adaptive,OTFS,0.0,900000.0,15.0,0.9847716456015273
0.0,0.0,fixed_oddm,ODDM,0.0,898245.614035088,15.0,0.9617707992833221
0.0,0.0,fixed_otfs,OTFS,0.0,900000.0,15.0,0.9847716456015273
0.0,0.0,oracle,OTFS,0.0,900000.0,15.0,0.9847716456015273
0.0,0.370626772442391,ai_adaptive,OTFS,0.0,900000.0,15.0,0.986748436946775
0.0,0.370626772442391,fixed_oddm,ODDM,0.0,898245.614035088,15.0,0.957778517964214
0.0,0.370626772442391,fixed_otfs,OTFS,0.0,900000.0,15.0,0.986748436946775
0.0,0.370626772442391,oracle,OTFS,0.0,900000.0,15.0,0.986748436946775
0.0,0.555940158663587,ai_adaptive,OTFS,0.0005208333333333,450000.0,15.0,0.671445287818132
0.0,0.555940158663587,fixed_oddm,ODDM,0.0,898245.614035088,15.0,0.9615100121559734
0.0,0.555940158663587,fixed_otfs,OTFS,0.0005208333333333,450000.0,15.0,0.671445287818132
0.0,0.555940158663587,oracle,ODDM,0.0,898245.614035088,15.0,0.960735905839332
0.0,0.555940158663587,oracle,OTFS,0.0,900000.0,15.0,0.981178619735588
0.0,0.741253544884782,ai_adaptive,OTFS,0.0,900000.0,15.0,0.980665799358093
0.0,0.741253544884782,fixed_oddm,ODDM,0.0,898245.614035088,15.0,0.959518228605584
0.0,0.741253544884782,fixed_otfs,OTFS,0.0,900000.0,15.0,0.980665799358093
0.0,0.741253544884782,oracle,OTFS,0.0,900000.0,15.0,0.980665799358093
0.0,1.11188031732717,ai_adaptive,OTFS,0.0,900000.0,15.0,0.9859637338204306
0.0,1.11188031732717,fixed_oddm,ODDM,0.0,898245.614035088,15.0,0.961877111459208
0.0,1.11188031732717,fixed_otfs,OTFS,0.0,900000.0,15.0,0.9859637338204306
0.0,1.11188031732717,oracle,OTFS,0.0,900000.0,15.0,0.9859637338204306
0.0,1.66782047599076,ai_adaptive,OTFS,0.0,900000.0,15.0,0.978753181566853
0.0,1.66782047599076,fixed_oddm,ODDM,0.0,898245.614035088,15.0,0.958450870321529
0.0,1.66782047599076,fixed_otfs,OTFS,0.0,900000.0,15.0,0.978753181566853
0.0,1.66782047599076,oracle,OTFS,0.0,900000.0,15.0,0.978753181566853
0.0,1.85313386221196,ai_adaptive,OTFS,0.0,900000.0,15.0,0.982679612495176
0.0,1.85313386221196,fixed_oddm,ODDM,0.0,898245.614035088,15.0,0.9587715363548
0.0,1.85313386221196,fixed_otfs,OTFS,0.0,900000.0,15.0,0.982679612495176
0.0,1.85313386221196,oracle,OTFS,0.0,900000.0,15.0,0.982679612495176
0.0,2.03844724843315,ai_adaptive,OTFS,0.0,900000.0,15.0,0.980746266852182
0.0,2.03844724843315,fixed_oddm,ODDM,0.0,898245.614035088,15.0,0.958857496920724
0.0,2.03844724843315,fixed_otfs,OTFS,0.0,900000.0,15.0,0.980746266852182
0.0,2.03844724843315,oracle,OTFS,0.0,900000.0,15.0,0.980746266852182
0.0,2.22376063465435,ai_adaptive,OTFS,0.0,900000.0,15.0,0.980978070279418
0.0,2.22376063465435,fixed_oddm,ODDM,0.0,898245.614035088,15.0,0.961971277697478
0.0,2.22376063465435,fixed_otfs,OTFS,0.0,900000.0,15.0,0.980978070279418
0.0,2.22376063465435,oracle,OTFS,0.0,900000.0,15.0,0.980978070279418
0.0,2.59438740709674,ai_adaptive,OTFS,0.0,900000.0,15.0,0.989467743231179
0.0,2.59438740709674,fixed_oddm,ODDM,0.0,898245.614035088,15.0,0.962941669680231
0.0,2.59438740709674,fixed_otfs,OTFS,0.0,900000.0,15.0,0.989467743231179
0.0,2.59438740709674,oracle,OTFS,0.0,900000.0,15.0,0.989467743231179
0.0,3.33564095198152,ai_adaptive,OTFS,0.0,900000.0,15.0,0.981640716606262
0.0,3.33564095198152,fixed_oddm,ODDM,0.0,898245.614035088,15.0,0.958437408367342
0.0,3.33564095198152,fixed_otfs,OTFS,0.0,900000.0,15.0,0.981640716606262
0.0,3.33564095198152,oracle,OTFS,0.0,900000.0,15.0,0.981640716606262
0.0,3.70626772442391,ai_adaptive,OTFS,0.0015625,0.0,14.0,0.344958921137069
0.0,3.70626772442391,fixed_oddm,ODDM,0.0005208333333333,0.0,15.0,0.352480357361136
0.0,3.70626772442391,fixed_otfs,OTFS,0.0015625,0.0,14.0,0.344958921137069
0.0,3.70626772442391,oracle,ODDM,0.0005208333333333,0.0,15.0,0.352480357361136
0.0,3.89158111064511,ai_adaptive,OTFS,0.0,900000.0,15.0,0.9803890966871465
0.0,3.89158111064511,fixed_oddm,ODDM,0.0,898245.614035088,15.0,0.9597124876650565
0.0,3.89158111064511,fixed_otfs,OTFS,0.0,900000.0,15.0,0.9803890966871465
0.0,3.89158111064511,oracle,OTFS,0.0,900000.0,15.0,0.9803890966871465
0.0,4.0768944968663,ai_adaptive,OTFS,0.0,900000.0,15.0,0.9794497151704735
0.0,4.0768944968663,fixed_oddm,ODDM,0.0,898245.614035088,15.0,0.956400911693169
0.0,4.0768944968663,fixed_otfs,OTFS,0.0,900000.0,15.0,0.9794497151704735
0.0,4.0768944968663,oracle,OTFS,0.0,900000.0,15.0,0.9794497151704735
0.0,4.2622078830875,ai_adaptive,OTFS,0.0,900000.0,15.0,0.989266899121893
0.0,4.2622078830875,fixed_oddm,ODDM,0.0,898245.614035088,15.0,0.963138207781436
0.0,4.2622078830875,fixed_otfs,OTFS,0.0,900000.0,15.0,0.989266899121893
0.0,4.2622078830875,oracle,OTFS,0.0,900000.0,15.0,0.989266899121893
0.0,4.81814804175109,ai_adaptive,OTFS,0.0010416666666666,0.0,15.0,0.362469788651403
0.0,4.81814804175109,fixed_oddm,ODDM,0.0,898245.614035088,15.0,0.963634479800255
0.0,4.81814804175109,fixed_otfs,OTFS,0.0010416666666666,0.0,15.0,0.362469788651403
0.0,4.81814804175109,oracle,ODDM,0.0,898245.614035088,15.0,0.963634479800255
0.0,5.00346142797228,ai_adaptive,OTFS,0.0,900000.0,15.0,0.980780113068289
0.0,5.00346142797228,fixed_oddm,ODDM,0.0,898245.614035088,15.0,0.961099057400498
0.0,5.00346142797228,fixed_otfs,OTFS,0.0,900000.0,15.0,0.980780113068289
0.0,5.00346142797228,oracle,OTFS,0.0,900000.0,15.0,0.980780113068289
0.0,5.18877481419348,ai_adaptive,OTFS,0.00078125,450000.0,14.5,0.6623075187260005
0.0,5.18877481419348,fixed_oddm,ODDM,0.00026041666666665,449122.807017544,15.0,0.654598987628708
0.0,5.18877481419348,fixed_otfs,OTFS,0.00078125,450000.0,14.5,0.6623075187260005
0.0,5.18877481419348,oracle,ODDM,0.0005208333333333,0.0,15.0,0.353675638860044
0.0,5.18877481419348,oracle,OTFS,0.0,900000.0,15.0,0.980424020094133
0.0,5.37408820041467,ai_adaptive,OTFS,0.0,900000.0,15.0,0.98163003981775
0.0,5.37408820041467,fixed_oddm,ODDM,0.0,898245.614035088,15.0,0.9607820147597614
0.0,5.37408820041467,fixed_otfs,OTFS,0.0,900000.0,15.0,0.98163003981775
0.0,5.37408820041467,oracle,OTFS,0.0,900000.0,15.0,0.98163003981775
0.0,5.55940158663587,ai_adaptive,OTFS,0.00850694444444445,750000.0,13.666666666666666,0.8494768944073009
0.0,5.55940158663587,fixed_oddm,ODDM,0.009027777777777784,748538.0116959066,13.666666666666666,0.831083469180604
0.0,5.55940158663587,fixed_otfs,OTFS,0.00850694444444445,750000.0,13.666666666666666,0.8494768944073009
0.0,5.55940158663587,oracle,OTFS,0.00850694444444445,750000.0,13.666666666666666,0.8494768944073009
0.0,5.74471497285706,ai_adaptive,OTFS,0.0,900000.0,15.0,0.9851287744091495
0.0,5.74471497285706,fixed_oddm,ODDM,0.0,898245.614035088,15.0,0.965015692702176
0.0,5.74471497285706,fixed_otfs,OTFS,0.0,900000.0,15.0,0.9851287744091495
0.0,5.74471497285706,oracle,OTFS,0.0,900000.0,15.0,0.9851287744091495
0.0,5.93002835907826,ai_adaptive,OTFS,0.0,900000.0,15.0,0.981736041799983
0.0,5.93002835907826,fixed_oddm,ODDM,0.0,898245.614035088,15.0,0.962690884607816
0.0,5.93002835907826,fixed_otfs,OTFS,0.0,900000.0,15.0,0.981736041799983
0.0,5.93002835907826,oracle,OTFS,0.0,900000.0,15.0,0.981736041799983
0.0,6.48596851774185,ai_adaptive,OTFS,0.0,900000.0,15.0,0.987972658239618
0.0,6.48596851774185,fixed_oddm,ODDM,0.0,898245.614035088,15.0,0.966190905792468
0.0,6.48596851774185,fixed_otfs,OTFS,0.0,900000.0,15.0,0.987972658239618
0.0,6.48596851774185,oracle,OTFS,0.0,900000.0,15.0,0.987972658239618
0.0,6.67128190396304,ai_adaptive,OTFS,0.0,900000.0,15.0,0.989334883578221
0.0,6.67128190396304,fixed_oddm,ODDM,0.0,898245.614035088,15.0,0.968097248264241
0.0,6.67128190396304,fixed_otfs,OTFS,0.0,900000.0,15.0,0.989334883578221
0.0,6.67128190396304,oracle,OTFS,0.0,900000.0,15.0,0.989334883578221
0.0,7.04190867640543,ai_adaptive,OTFS,0.0005208333333333,0.0,15.0,0.370805300389785
0.0,7.04190867640543,fixed_oddm,ODDM,0.0005208333333333,0.0,15.0,0.352192082548804
0.0,7.04190867640543,fixed_otfs,OTFS,0.0005208333333333,0.0,15.0,0.370805300389785
0.0,7.04190867640543,oracle,OTFS,0.0005208333333333,0.0,15.0,0.370805300389785
0.0,7.41253544884782,ai_adaptive,OTFS,0.0025173611111111,1200000.0,14.333333333333334,0.7532148513672686
0.0,7.41253544884782,fixed_oddm,ODDM,0.020833333333333332,1197660.8187134534,12.666666666666666,0.698331973103636
0.0,7.41253544884782,fixed_otfs,OTFS,0.0025173611111111,1200000.0,14.333333333333334,0.7532148513672686
0.0,7.41253544884782,oracle,OTFS,0.0025173611111111,1200000.0,14.333333333333334,0.7532148513672686
0.0,7.59784883506902,ai_adaptive,OTFS,0.0,900000.0,15.0,0.983523352273634
0.0,7.59784883506902,fixed_oddm,ODDM,0.0,898245.614035088,15.0,0.960662329321431
0.0,7.59784883506902,fixed_otfs,OTFS,0.0,900000.0,15.0,0.983523352273634
0.0,7.59784883506902,oracle,OTFS,0.0,900000.0,15.0,0.983523352273634
0.0,8.524415766175,ai_adaptive,OTFS,0.0,900000.0,15.0,0.983448108867959
0.0,8.524415766175,fixed_oddm,ODDM,0.0,898245.614035088,15.0,0.95693637206059
0.0,8.524415766175,fixed_otfs,OTFS,0.0,900000.0,15.0,0.983448108867959
0.0,8.524415766175,oracle,OTFS,0.0,900000.0,15.0,0.983448108867959
0.0,8.70972915239619,ai_adaptive,OTFS,0.0,900000.0,15.0,0.980951862182263
0.0,8.70972915239619,fixed_oddm,ODDM,0.0,898245.614035088,15.0,0.960182345294339
0.0,8.70972915239619,fixed_otfs,OTFS,0.0,900000.0,15.0,0.980951862182263
0.0,8.70972915239619,oracle,OTFS,0.0,900000.0,15.0,0.980951862182263
0.0,9.26566931105978,ai_adaptive,OTFS,0.00034722222222221665,825000.0,14.75,0.9247833162786451
0.0,9.26566931105978,fixed_oddm,ODDM,0.00034722222222221665,823391.8128654974,14.75,0.8991953611421399
0.0,9.26566931105978,fixed_otfs,OTFS,0.00034722222222221665,825000.0,14.75,0.9247833162786451
0.0,9.26566931105978,oracle,OTFS,0.00034722222222221665,825000.0,14.75,0.9247833162786451
10.0,10.0069228559446,ai_adaptive,OTFS,0.0,900000.0,15.0,0.978264210006994
10.0,10.0069228559446,fixed_oddm,ODDM,0.0,898245.614035088,15.0,0.960239392227263
10.0,10.0069228559446,fixed_otfs,OTFS,0.0,900000.0,15.0,0.978264210006994
10.0,10.0069228559446,oracle,OTFS,0.0,900000.0,15.0,0.978264210006994
10.0,10.1922362421658,ai_adaptive,OTFS,0.0,900000.0,15.0,0.988760811081926
10.0,10.1922362421658,fixed_oddm,ODDM,0.0,898245.614035088,15.0,0.958237236622139
10.0,10.1922362421658,fixed_otfs,OTFS,0.0,900000.0,15.0,0.988760811081926
10.0,10.1922362421658,oracle,OTFS,0.0,900000.0,15.0,0.988760811081926
10.0,10.5628630146081,ai_adaptive,OTFS,0.0,900000.0,15.0,0.980842971499087
10.0,10.5628630146081,fixed_oddm,ODDM,0.0,898245.614035088,15.0,0.959800076462958
10.0,10.5628630146081,fixed_otfs,OTFS,0.0,900000.0,15.0,0.980842971499087
10.0,10.5628630146081,oracle,OTFS,0.0,900000.0,15.0,0.980842971499087
10.0,11.1188031732717,ai_adaptive,OTFS,0.04409722222222229,0.0,8.833333333333334,0.24906856711057848
10.0,11.1188031732717,fixed_oddm,ODDM,0.042881944444444486,0.0,8.833333333333334,0.22689479274551483
10.0,11.1188031732717,fixed_otfs,OTFS,0.04409722222222229,0.0,8.833333333333334,0.24906856711057848
10.0,11.1188031732717,oracle,OTFS,0.04409722222222229,0.0,8.833333333333334,0.24906856711057848
10.0,12.2306834905989,ai_adaptive,OTFS,0.0,900000.0,15.0,0.981149860450856
10.0,12.2306834905989,fixed_oddm,ODDM,0.0,898245.614035088,15.0,0.959933570606226
10.0,12.2306834905989,fixed_otfs,OTFS,0.0,900000.0,15.0,0.981149860450856
10.0,12.2306834905989,oracle,OTFS,0.0,900000.0,15.0,0.981149860450856
10.0,12.7866236492625,ai_adaptive,OTFS,0.0,900000.0,15.0,0.988411482530145
10.0,12.7866236492625,fixed_oddm,ODDM,0.0,898245.614035088,15.0,0.959567973767411
10.0,12.7866236492625,fixed_otfs,OTFS,0.0,900000.0,15.0,0.988411482530145
10.0,12.7866236492625,oracle,OTFS,0.0,900000.0,15.0,0.988411482530145
10.0,14.0838173528109,ai_adaptive,OTFS,0.0,900000.0,15.0,0.988425493466343
10.0,14.0838173528109,fixed_oddm,ODDM,0.0,898245.614035088,15.0,0.95981627236854
10.0,14.0838173528109,fixed_otfs,OTFS,0.0,900000.0,15.0,0.988425493466343
10.0,14.0838173528109,oracle,OTFS,0.0,900000.0,15.0,0.988425493466343
10.0,14.4544441252533,ai_adaptive,OTFS,0.0,900000.0,15.0,0.980005143247453
10.0,14.4544441252533,fixed_oddm,ODDM,0.0,898245.614035088,15.0,0.961509576629765
10.0,14.4544441252533,fixed_otfs,OTFS,0.0,900000.0,15.0,0.980005143247453
10.0,14.4544441252533,oracle,OTFS,0.0,900000.0,15.0,0.980005143247453
10.0,14.8250708976956,ai_adaptive,OTFS,0.022159090909090875,572727.2727272727,12.818181818181818,0.7100119194856069
10.0,14.8250708976956,fixed_oddm,ODDM,0.07324810606060603,571610.845295056,12.0,0.6707243159656356
10.0,14.8250708976956,fixed_otfs,OTFS,0.022159090909090875,572727.2727272727,12.818181818181818,0.7100119194856069
10.0,14.8250708976956,oracle,OTFS,0.022159090909090875,572727.2727272727,12.818181818181818,0.7100119194856069
10.0,15.3810110563592,ai_adaptive,OTFS,0.0,900000.0,15.0,0.981978380531515
10.0,15.3810110563592,fixed_oddm,ODDM,0.0,898245.614035088,15.0,0.957122474746442
10.0,15.3810110563592,fixed_otfs,OTFS,0.0,900000.0,15.0,0.981978380531515
10.0,15.3810110563592,oracle,OTFS,0.0,900000.0,15.0,0.981978380531515
10.0,16.122264601244,ai_adaptive,OTFS,0.0,900000.0,15.0,0.980924746619813
10.0,16.122264601244,fixed_oddm,ODDM,0.0,898245.614035088,15.0,0.960697630615812
10.0,16.122264601244,fixed_otfs,OTFS,0.0,900000.0,15.0,0.980924746619813
10.0,16.122264601244,oracle,OTFS,0.0,900000.0,15.0,0.980924746619813
10.0,16.6782047599076,ai_adaptive,OTFS,0.09769345238095233,0.0,6.714285714285714,0.20975658360620741
10.0,16.6782047599076,fixed_oddm,ODDM,0.10059523809523808,0.0,6.571428571428571,0.18046528383851787
10.0,16.6782047599076,fixed_otfs,OTFS,0.09769345238095233,0.0,6.714285714285714,0.20975658360620741
10.0,16.6782047599076,oracle,OTFS,0.09769345238095233,0.0,6.714285714285714,0.20975658360620741
10.0,17.975398463456,ai_adaptive,OTFS,0.0,900000.0,15.0,0.980108366113747
10.0,17.975398463456,fixed_oddm,ODDM,0.0,898245.614035088,15.0,0.958401318168054
10.0,17.975398463456,fixed_otfs,OTFS,0.0,900000.0,15.0,0.980108366113747
10.0,17.975398463456,oracle,OTFS,0.0,900000.0,15.0,0.980108366113747
10.0,18.3460252358984,ai_adaptive,OTFS,0.0020833333333333,0.0,13.0,0.332145230316438
10.0,18.3460252358984,fixed_oddm,ODDM,0.0010416666666666,0.0,15.0,0.344750478777409
10.0,18.3460252358984,fixed_otfs,OTFS,0.0020833333333333,0.0,13.0,0.332145230316438
10.0,18.3460252358984,oracle,ODDM,0.0010416666666666,0.0,15.0,0.344750478777409
10.0,18.5313386221196,ai_adaptive,OTFS,0.0,900000.0,15.0,0.989459416149751
10.0,18.5313386221196,fixed_oddm,ODDM,0.0,898245.614035088,15.0,0.967236663967693
10.0,18.5313386221196,fixed_otfs,OTFS,0.0,900000.0,15.0,0.989459416149751
10.0,18.5313386221196,oracle,OTFS,0.0,900000.0,15.0,0.989459416149751
10.0,37.0626772442391,ai_adaptive,ODDM,0.0032552083333333,224561.403508772,13.25,0.461370871553255
10.0,37.0626772442391,ai_adaptive,OTFS,0.0026185344827586,354000.0,13.6,0.5800055395116497
10.0,37.0626772442391,fixed_oddm,ODDM,0.004583732439335866,295994.4272669123,13.11111111111111,0.5107606665627354
10.0,37.0626772442391,fixed_otfs,OTFS,0.002438537675606611,196666.66666666666,13.666666666666666,0.4738176765929319
10.0,37.0626772442391,oracle,ODDM,0.0,898245.614035088,15.0,0.959540787070665
10.0,37.0626772442391,oracle,OTFS,0.002678250718390775,221250.0,13.5,0.486462367393768
10.0,40.768944968663,ai_adaptive,ODDM,0.060590277777777764,299415.20467836264,9.0,0.38302496689162596
10.0,40.768944968663,ai_adaptive,OTFS,0.015234375,450000.0,12.5,0.5776884801563473
10.0,40.768944968663,fixed_oddm,ODDM,0.042038690476190466,384962.4060150377,10.428571428571429,0.47396775879875214
10.0,40.768944968663,fixed_otfs,OTFS,0.03273809523809524,385714.28571428574,11.142857142857142,0.5128914011247857
10.0,40.768944968663,oracle,ODDM,0.0,898245.614035088,15.0,0.909899191238352
10.0,40.768944968663,oracle,OTFS,0.03819444444444445,300000.0,10.5,0.44897012694297583
10.0,41.5101985135478,ai_adaptive,ODDM,0.0,898245.614035088,15.0,0.965351615837947
10.0,41.5101985135478,fixed_oddm,ODDM,0.0,898245.614035088,15.0,0.965351615837947
10.0,41.5101985135478,fixed_otfs,OTFS,0.0,900000.0,15.0,0.987619421728712
10.0,41.5101985135478,oracle,OTFS,0.0,900000.0,15.0,0.987619421728712
10.0,42.622078830875,ai_adaptive,ODDM,0.0,898245.614035088,15.0,0.961081670199167
10.0,42.622078830875,fixed_oddm,ODDM,0.0,898245.614035088,15.0,0.961081670199167
10.0,42.622078830875,fixed_otfs,OTFS,0.0,900000.0,15.0,0.976423505838167
10.0,42.622078830875,oracle,OTFS,0.0,900000.0,15.0,0.976423505838167
10.0,44.1045859206446,ai_adaptive,ODDM,0.0,898245.614035088,15.0,0.966003850699172
10.0,44.1045859206446,ai_adaptive,OTFS,0.0086206896551724,0.0,11.0,0.277144529962628
10.0,44.1045859206446,fixed_oddm,ODDM,0.00323275862068965,449122.807017544,13.0,0.6156167285097905
10.0,44.1045859206446,fixed_otfs,OTFS,0.00457076149425285,0.0,13.0,0.3280713570164765
10.0,44.1045859206446,oracle,ODDM,0.0,898245.614035088,15.0,0.966003850699172
10.0,44.1045859206446,oracle,OTFS,0.0086206896551724,0.0,11.0,0.277144529962628
10.0,44.4752126930869,ai_adaptive,ODDM,0.04947916666666657,299415.20467836264,9.333333333333334,0.43799900332557334
10.0,44.4752126930869,ai_adaptive,OTFS,0.011805555555555567,600000.0,12.666666666666666,0.7285529076000103
10.0,44.4752126930869,fixed_oddm,ODDM,0.0313368055555555,449122.807017544,10.833333333333334,0.5705866934518112
10.0,44.4752126930869,fixed_otfs,OTFS,0.026475694444444448,450000.0,11.166666666666666,0.5976225535321401
10.0,44.4752126930869,oracle,OTFS,0.026475694444444448,450000.0,11.166666666666666,0.5976225535321401
10.0,44.8458394655293,ai_adaptive,OTFS,0.0,900000.0,15.0,0.979013689676581
10.0,44.8458394655293,fixed_oddm,ODDM,0.0,898245.614035088,15.0,0.956586025713417
10.0,44.8458394655293,fixed_otfs,OTFS,0.0,900000.0,15.0,0.979013689676581
10.0,44.8458394655293,oracle,OTFS,0.0,900000.0,15.0,0.979013689676581
10.0,45.2164662379717,ai_adaptive,ODDM,0.0,898245.614035088,15.0,0.963618366190873
10.0,45.2164662379717,fixed_oddm,ODDM,0.0,898245.614035088,15.0,0.963618366190873
10.0,45.2164662379717,fixed_otfs,OTFS,0.0,900000.0,15.0,0.988721959605862
10.0,45.2164662379717,oracle,OTFS,0.0,900000.0,15.0,0.988721959605862
10.0,46.6989733277413,ai_adaptive,OTFS,0.0,870000.0,15.0,0.976517729473822
10.0,46.6989733277413,fixed_oddm,ODDM,0.0,867458.617332035,15.0,0.956049975660434
10.0,46.6989733277413,fixed_otfs,OTFS,0.0,870000.0,15.0,0.976517729473822
10.0,46.6989733277413,oracle,OTFS,0.0,870000.0,15.0,0.976517729473822
10.0,48.1814804175109,ai_adaptive,OTFS,0.0016163793103448,0.0,14.0,0.339347770816023
10.0,48.1814804175109,fixed_oddm,ODDM,0.0086206896551724,0.0,11.0,0.258474794161658
10.0,48.1814804175109,fixed_otfs,OTFS,0.0016163793103448,0.0,14.0,0.339347770816023
10.0,48.1814804175109,oracle,OTFS,0.0016163793103448,0.0,14.0,0.339347770816023
10.0,49.6639875072804,ai_adaptive,OTFS,0.0,870000.0,15.0,0.979053974872364
10.0,49.6639875072804,fixed_oddm,ODDM,0.0016163793103448,0.0,14.0,0.322749494077932
10.0,49.6639875072804,fixed_otfs,OTFS,0.0,870000.0,15.0,0.979053974872364
10.0,49.6639875072804,oracle,OTFS,0.0,870000.0,15.0,0.979053974872364
10.0,50.7758678246076,ai_adaptive,OTFS,0.0856770833333333,0.0,8.0,0.206326772815646
10.0,50.7758678246076,fixed_oddm,ODDM,0.288802083333333,0.0,5.0,0.141285131284443
10.0,50.7758678246076,fixed_otfs,OTFS,0.0856770833333333,0.0,8.0,0.206326772815646
10.0,50.7758678246076,oracle,OTFS,0.0856770833333333,0.0,8.0,0.206326772815646
10.0,51.5171213694924,ai_adaptive,OTFS,0.09765625,0.0,7.0,0.17862198701769
10.0,51.5171213694924,fixed_oddm,ODDM,0.272135416666667,0.0,5.0,0.138070166268106
10.0,51.5171213694924,fixed_otfs,OTFS,0.09765625,0.0,7.0,0.17862198701769
10.0,51.5171213694924,oracle,OTFS,0.09765625,0.0,7.0,0.17862198701769
10.0,52.6290016868195,ai_adaptive,OTFS,0.0088541666666666,0.0,11.0,0.291564988803418
10.0,52.6290016868195,fixed_oddm,ODDM,0.0145833333333333,0.0,10.0,0.24728028393444
10.0,52.6290016868195,fixed_otfs,OTFS,0.0088541666666666,0.0,11.0,0.291564988803418
10.0,52.6290016868195,oracle,OTFS,0.0088541666666666,0.0,11.0,0.291564988803418
10.0,54.1115087765891,ai_adaptive,ODDM,0.0,898245.614035088,15.0,0.963688557524718
10.0,54.1115087765891,fixed_oddm,ODDM,0.0,898245.614035088,15.0,0.963688557524718
10.0,54.1115087765891,fixed_otfs,OTFS,0.0,900000.0,15.0,0.98813835297034
10.0,54.1115087765891,oracle,OTFS,0.0,900000.0,15.0,0.98813835297034
10.0,54.8527623214739,ai_adaptive,OTFS,0.0,870000.0,15.0,0.976425315701181
10.0,54.8527623214739,fixed_oddm,ODDM,0.0,867458.617332035,15.0,0.955971260905436
10.0,54.8527623214739,fixed_otfs,OTFS,0.0,870000.0,15.0,0.976425315701181
10.0,54.8527623214739,oracle,OTFS,0.0,870000.0,15.0,0.976425315701181
10.0,55.2233890939163,ai_adaptive,OTFS,0.0182291666666667,0.0,9.0,0.24432565210682
10.0,55.2233890939163,fixed_oddm,ODDM,0.0234375,0.0,8.0,0.210162934067888
10.0,55.2233890939163,fixed_otfs,OTFS,0.0182291666666667,0.0,9.0,0.24432565210682
10.0,55.2233890939163,oracle,OTFS,0.0182291666666667,0.0,9.0,0.24432565210682
20.0,55.5940158663587,ai_adaptive,ODDM,0.00234374999999995,0.0,13.0,0.255665975890645
20.0,55.5940158663587,ai_adaptive,OTFS,0.061848958333333245,225000.0,8.75,0.3613845487270855
20.0,55.5940158663587,fixed_oddm,ODDM,0.04149305555555553,149707.60233918132,10.166666666666666,0.3054792054563087
20.0,55.5940158663587,fixed_otfs,OTFS,0.041666666666666595,300000.0,10.5,0.44849790706761966
20.0,55.5940158663587,oracle,OTFS,0.041666666666666595,300000.0,10.5,0.44849790706761966
20.0,59.3002835907826,ai_adaptive,ODDM,0.05217013888888881,0.0,9.333333333333334,0.23417177347897167
20.0,59.3002835907826,fixed_oddm,ODDM,0.05217013888888881,0.0,9.333333333333334,0.23417177347897167
20.0,59.3002835907826,fixed_otfs,OTFS,0.0519965277777778,0.0,9.833333333333334,0.2652362152616545
20.0,59.3002835907826,oracle,OTFS,0.0519965277777778,0.0,9.833333333333334,0.2652362152616545
20.0,60.0415371356674,ai_adaptive,OTFS,0.10703125,0.0,7.0,0.181125225172688
20.0,60.0415371356674,fixed_oddm,ODDM,0.280208333333333,0.0,5.0,0.141597970497904
20.0,60.0415371356674,fixed_otfs,OTFS,0.10703125,0.0,7.0,0.181125225172688
20.0,60.0415371356674,oracle,OTFS,0.10703125,0.0,7.0,0.181125225172688
20.0,65.6009387223032,ai_adaptive,OTFS,0.0,900000.0,15.0,0.979256738524408
20.0,65.6009387223032,fixed_oddm,ODDM,0.0,898245.614035088,15.0,0.958947041245491
20.0,65.6009387223032,fixed_otfs,OTFS,0.0,900000.0,15.0,0.979256738524408
20.0,65.6009387223032,oracle,OTFS,0.0,900000.0,15.0,0.979256738524408
20.0,65.9715654947456,ai_adaptive,OTFS,0.0,900000.0,15.0,0.989459081167381
20.0,65.9715654947456,fixed_oddm,ODDM,0.0,898245.614035088,15.0,0.960834447299891
20.0,65.9715654947456,fixed_otfs,OTFS,0.0,900000.0,15.0,0.989459081167381
20.0,65.9715654947456,oracle,OTFS,0.0,900000.0,15.0,0.989459081167381
20.0,66.342192267188,ai_adaptive,OTFS,0.0,900000.0,15.0,0.977244410207071
20.0,66.342192267188,fixed_oddm,ODDM,0.0,898245.614035088,15.0,0.956271310687877
20.0,66.342192267188,fixed_otfs,OTFS,0.0,900000.0,15.0,0.977244410207071
20.0,66.342192267188,oracle,OTFS,0.0,900000.0,15.0,0.977244410207071
20.0,70.4190867640543,ai_adaptive,ODDM,0.023090277777777765,149707.60233918132,9.5,0.2880271782651675
20.0,70.4190867640543,fixed_oddm,ODDM,0.023090277777777765,149707.60233918132,9.5,0.2880271782651675
20.0,70.4190867640543,fixed_otfs,OTFS,0.018749999999999985,150000.0,9.666666666666666,0.33186971538767845
20.0,70.4190867640543,oracle,OTFS,0.018749999999999985,150000.0,9.666666666666666,0.33186971538767845
20.0,72.2722206262663,ai_adaptive,OTFS,0.0010416666666666,0.0,15.0,0.360417997474535
20.0,72.2722206262663,fixed_oddm,ODDM,0.0174479166666667,0.0,11.0,0.241213675472235
20.0,72.2722206262663,fixed_otfs,OTFS,0.0010416666666666,0.0,15.0,0.360417997474535
20.0,72.2722206262663,oracle,OTFS,0.0010416666666666,0.0,15.0,0.360417997474535
20.0,73.3841009435935,ai_adaptive,OTFS,0.0002604166666666,0.0,15.0,0.381982867026471
20.0,73.3841009435935,fixed_oddm,ODDM,0.0057291666666666,0.0,13.0,0.28581294400335
20.0,73.3841009435935,fixed_otfs,OTFS,0.0002604166666666,0.0,15.0,0.381982867026471
20.0,73.3841009435935,oracle,OTFS,0.0002604166666666,0.0,15.0,0.381982867026471
20.0,74.866608033363,ai_adaptive,OTFS,0.0026939655172413,0.0,13.0,0.267815743819257
20.0,74.866608033363,fixed_oddm,ODDM,0.005926724137931,0.0,11.0,0.256925171746941
20.0,74.866608033363,fixed_otfs,OTFS,0.0026939655172413,0.0,13.0,0.267815743819257
20.0,74.866608033363,oracle,OTFS,0.0026939655172413,0.0,13.0,0.267815743819257
20.0,75.6078615782478,ai_adaptive,OTFS,0.0072916666666666,0.0,13.0,0.305261685410377
20.0,75.6078615782478,fixed_oddm,ODDM,0.07421875,0.0,8.0,0.189333514591456
20.0,75.6078615782478,fixed_otfs,OTFS,0.0072916666666666,0.0,13.0,0.305261685410377
20.0,75.6078615782478,oracle,OTFS,0.0072916666666666,0.0,13.0,0.305261685410377
20.0,76.719741895575,ai_adaptive,OTFS,0.0001302083333333,450000.0,15.0,0.6867485798304666
20.0,76.719741895575,fixed_oddm,ODDM,0.003515625,449122.807017544,14.0,0.612405896990663
20.0,76.719741895575,fixed_otfs,OTFS,0.0001302083333333,450000.0,15.0,0.6867485798304666
20.0,76.719741895575,oracle,OTFS,0.0001302083333333,450000.0,15.0,0.6867485798304666
20.0,77.0903686680174,ai_adaptive,ODDM,0.0,898245.614035088,15.0,0.962357134550055
20.0,77.0903686680174,fixed_oddm,ODDM,0.0,898245.614035088,15.0,0.962357134550055
20.0,77.0903686680174,fixed_otfs,OTFS,0.0,900000.0,15.0,0.980492909965976
20.0,77.0903686680174,oracle,OTFS,0.0,900000.0,15.0,0.980492909965976
20.0,77.8316222129021,ai_adaptive,ODDM,0.04383680555555555,149707.60233918132,8.5,0.31750768629652265
20.0,77.8316222129021,fixed_oddm,ODDM,0.04383680555555555,149707.60233918132,8.5,0.31750768629652265
20.0,77.8316222129021,fixed_otfs,OTFS,0.03923611111111112,150000.0,8.666666666666666,0.34489361389228135
20.0,77.8316222129021,oracle,OTFS,0.03923611111111112,150000.0,8.666666666666666,0.34489361389228135
20.0,78.2022489853446,ai_adaptive,OTFS,0.145833333333333,0.0,7.0,0.17057703963993
20.0,78.2022489853446,fixed_oddm,ODDM,0.30625,0.0,5.0,0.138529309384793
20.0,78.2022489853446,fixed_otfs,OTFS,0.145833333333333,0.0,7.0,0.17057703963993
20.0,78.2022489853446,oracle,OTFS,0.145833333333333,0.0,7.0,0.17057703963993
20.0,78.9435025302293,ai_adaptive,ODDM,0.0,898245.614035088,15.0,0.956894467248858
20.0,78.9435025302293,fixed_oddm,ODDM,0.0,898245.614035088,15.0,0.956894467248858
20.0,78.9435025302293,fixed_otfs,OTFS,0.0,900000.0,15.0,0.972769620784313
20.0,78.9435025302293,oracle,OTFS,0.0,900000.0,15.0,0.972769620784313
20.0,79.6847560751141,ai_adaptive,ODDM,0.0,898245.614035088,15.0,0.95531386830181
20.0,79.6847560751141,fixed_oddm,ODDM,0.0,898245.614035088,15.0,0.95531386830181
20.0,79.6847560751141,fixed_otfs,OTFS,0.0,900000.0,15.0,0.98782211659921
20.0,79.6847560751141,oracle,OTFS,0.0,900000.0,15.0,0.98782211659921
20.0,80.0553828475565,ai_adaptive,OTFS,0.01589439655172415,450000.0,11.5,0.59605110365307
20.0,80.0553828475565,fixed_oddm,ODDM,0.0290948275862069,449122.807017544,11.0,0.5738363783672334
20.0,80.0553828475565,fixed_otfs,OTFS,0.01589439655172415,450000.0,11.5,0.59605110365307
20.0,80.0553828475565,oracle,OTFS,0.01589439655172415,450000.0,11.5,0.59605110365307
20.0,80.4260096199989,ai_adaptive,ODDM,0.0203125,0.0,9.0,0.222159609947735
20.0,80.4260096199989,fixed_oddm,ODDM,0.0203125,0.0,9.0,0.222159609947735
20.0,80.4260096199989,fixed_otfs,OTFS,0.0177083333333333,0.0,9.0,0.250206144333949
20.0,80.4260096199989,oracle,OTFS,0.0177083333333333,0.0,9.0,0.250206144333949
20.0,81.5378899373261,ai_adaptive,OTFS,0.0,870000.0,15.0,0.975895894762769
20.0,81.5378899373261,fixed_oddm,ODDM,0.0,867458.617332035,15.0,0.955142298486455
20.0,81.5378899373261,fixed_otfs,OTFS,0.0,870000.0,15.0,0.975895894762769
20.0,81.5378899373261,oracle,OTFS,0.0,870000.0,15.0,0.975895894762769
20.0,84.1322773444228,ai_adaptive,OTFS,0.0182291666666667,0.0,11.0,0.263493206290428
20.0,84.1322773444228,fixed_oddm,ODDM,0.120052083333333,0.0,7.0,0.173300954305166
20.0,84.1322773444228,fixed_otfs,OTFS,0.0182291666666667,0.0,11.0,0.263493206290428
20.0,84.1322773444228,oracle,OTFS,0.0182291666666667,0.0,11.0,0.263493206290428
20.0,85.24415766175,ai_adaptive,ODDM,0.02942708333333335,449122.807017544,11.0,0.5244077103961965
20.0,85.24415766175,ai_adaptive,OTFS,0.003124999999999975,450000.0,13.25,0.6100960332072908
20.0,85.24415766175,fixed_oddm,ODDM,0.011545138888888883,299415.20467836264,12.5,0.45207292933803916
20.0,85.24415766175,fixed_otfs,OTFS,0.011458333333333315,300000.0,12.333333333333334,0.4879132979503693
20.0,85.24415766175,oracle,ODDM,0.0,898245.614035088,15.0,0.907430989900337
20.0,85.24415766175,oracle,OTFS,0.01343749999999998,360000.0,12.0,0.5222056566242316
20.0,85.6147844341924,ai_adaptive,OTFS,0.0,870000.0,15.0,0.979827064682965
20.0,85.6147844341924,fixed_oddm,ODDM,0.0,867458.617332035,15.0,0.958445392564565
20.0,85.6147844341924,fixed_otfs,OTFS,0.0,870000.0,15.0,0.979827064682965
20.0,85.6147844341924,oracle,OTFS,0.0,870000.0,15.0,0.979827064682965
20.0,85.9854112066348,ai_adaptive,OTFS,0.0,900000.0,15.0,0.970232096899639
20.0,85.9854112066348,fixed_oddm,ODDM,0.0020833333333333,0.0,13.0,0.306742856542132
20.0,85.9854112066348,fixed_otfs,OTFS,0.0,900000.0,15.0,0.970232096899639
20.0,85.9854112066348,oracle,OTFS,0.0,900000.0,15.0,0.970232096899639
20.0,86.3560379790771,ai_adaptive,ODDM,0.0,898245.614035088,15.0,0.95981461616372
20.0,86.3560379790771,fixed_oddm,ODDM,0.0,898245.614035088,15.0,0.95981461616372
20.0,86.3560379790771,fixed_otfs,OTFS,0.0,900000.0,15.0,0.976876303993106
20.0,86.3560379790771,oracle,OTFS,0.0,900000.0,15.0,0.976876303993106
20.0,87.0972915239619,ai_adaptive,OTFS,0.108333333333333,0.0,7.0,0.183378125770602
20.0,87.0972915239619,fixed_oddm,ODDM,0.277864583333333,0.0,5.0,0.138488124859823
20.0,87.0972915239619,fixed_otfs,OTFS,0.108333333333333,0.0,7.0,0.183378125770602
20.0,87.0972915239619,oracle,OTFS,0.108333333333333,0.0,7.0,0.183378125770602
20.0,87.8385450688467,ai_adaptive,OTFS,0.0028645833333333,0.0,15.0,0.334355165546131
20.0,87.8385450688467,fixed_oddm,ODDM,0.0388020833333333,0.0,10.0,0.222642892613697
20.0,87.8385450688467,fixed_otfs,OTFS,0.0028645833333333,0.0,15.0,0.334355165546131
20.0,87.8385450688467,oracle,OTFS,0.0028645833333333,0.0,15.0,0.334355165546131
20.0,88.9504253861739,ai_adaptive,ODDM,0.048437499999999946,0.0,10.0,0.25133697151013
20.0,88.9504253861739,ai_adaptive,OTFS,0.00338541666666665,450000.0,13.0,0.6358300440477945
20.0,88.9504253861739,fixed_oddm,ODDM,0.018142361111111085,299415.20467836264,12.166666666666666,0.493832145054835
20.0,88.9504253861739,fixed_otfs,OTFS,0.01605902777777775,300000.0,11.833333333333334,0.5083936031580165
20.0,88.9504253861739,oracle,ODDM,0.0010416666666666,0.0,15.0,0.342758488873703
20.0,88.9504253861739,oracle,OTFS,0.018749999999999982,360000.0,11.6,0.5446699120877614
20.0,91.5448127932706,ai_adaptive,ODDM,0.0,898245.614035088,15.0,0.959010490409451
20.0,91.5448127932706,fixed_oddm,ODDM,0.0,898245.614035088,15.0,0.959010490409451
20.0,91.5448127932706,fixed_otfs,OTFS,0.0,900000.0,15.0,0.97730809897311
20.0,91.5448127932706,oracle,OTFS,0.0,900000.0,15.0,0.97730809897311
20.0,92.2860663381554,ai_adaptive,ODDM,0.0140625,0.0,10.0,0.238523755998537
20.0,92.2860663381554,fixed_oddm,ODDM,0.0140625,0.0,10.0,0.238523755998537
20.0,92.2860663381554,fixed_otfs,OTFS,0.0130208333333333,0.0,10.0,0.265343487092863
20.0,92.2860663381554,oracle,OTFS,0.0130208333333333,0.0,10.0,0.265343487092863
20.0,92.6566931105978,ai_adaptive,OTFS,0.09590292744252857,0.0,10.375,0.23007028515136474
20.0,92.6566931105978,fixed_oddm,ODDM,0.24677322796934867,0.0,6.875,0.16865995689480537
20.0,92.6566931105978,fixed_otfs,OTFS,0.09590292744252857,0.0,10.375,0.23007028515136474
20.0,92.6566931105978,oracle,OTFS,0.09590292744252857,0.0,10.375,0.23007028515136474
30.0,93.0273198830402,ai_adaptive,OTFS,0.0,900000.0,15.0,0.97310648625598
30.0,93.0273198830402,fixed_oddm,ODDM,0.0,898245.614035088,15.0,0.95860563983944
30.0,93.0273198830402,fixed_otfs,OTFS,0.0,900000.0,15.0,0.97310648625598
30.0,93.0273198830402,oracle,OTFS,0.0,900000.0,15.0,0.97310648625598
30.0,96.7335876074641,ai_adaptive,ODDM,0.0072916666666666,0.0,11.0,0.260681096894572
30.0,96.7335876074641,ai_adaptive,OTFS,0.154166666666667,0.0,7.0,0.140299706795954
30.0,96.7335876074641,fixed_oddm,ODDM,0.15963541666666678,0.0,8.0,0.1733546126778276
30.0,96.7335876074641,fixed_otfs,OTFS,0.0786458333333335,0.0,10.0,0.231768438144315
30.0,96.7335876074641,oracle,OTFS,0.0786458333333335,0.0,10.0,0.231768438144315
30.0,97.1042143799065,ai_adaptive,OTFS,0.0,900000.0,15.0,0.981001450535067
30.0,97.1042143799065,fixed_oddm,ODDM,0.0,898245.614035088,15.0,0.95015288824884
30.0,97.1042143799065,fixed_otfs,OTFS,0.0,900000.0,15.0,0.981001450535067
30.0,97.1042143799065,oracle,OTFS,0.0,900000.0,15.0,0.981001450535067
30.0,97.8454679247913,ai_adaptive,OTFS,0.138020833333333,0.0,7.0,0.192829251374525
30.0,97.8454679247913,fixed_oddm,ODDM,0.3015625,0.0,5.0,0.138958057954219
30.0,97.8454679247913,fixed_otfs,OTFS,0.138020833333333,0.0,7.0,0.192829251374525
30.0,97.8454679247913,oracle,OTFS,0.138020833333333,0.0,7.0,0.192829251374525
30.0,98.2160946972337,ai_adaptive,OTFS,0.083203125,0.0,8.5,0.2195896286019995
30.0,98.2160946972337,fixed_oddm,ODDM,0.13580729166666666,0.0,7.5,0.190875026780487
30.0,98.2160946972337,fixed_otfs,OTFS,0.083203125,0.0,8.5,0.2195896286019995
30.0,98.2160946972337,oracle,OTFS,0.083203125,0.0,8.5,0.2195896286019995
30.0,100.069228559446,ai_adaptive,OTFS,0.0,870000.0,15.0,0.965597035648546
30.0,100.069228559446,fixed_oddm,ODDM,0.0,867458.617332035,15.0,0.956173029050933
30.0,100.069228559446,fixed_otfs,OTFS,0.0,870000.0,15.0,0.965597035648546
30.0,100.069228559446,oracle,OTFS,0.0,870000.0,15.0,0.965597035648546
30.0,100.439855331888,ai_adaptive,ODDM,0.021875,0.0,9.0,0.220540921648912
30.0,100.439855331888,ai_adaptive,OTFS,0.0130208333333333,0.0,10.0,0.263284298983877
30.0,100.439855331888,fixed_oddm,ODDM,0.01588541666666665,0.0,9.5,0.2331770811091045
30.0,100.439855331888,fixed_otfs,OTFS,0.0125,0.0,10.0,0.2642531762033835
30.0,100.439855331888,oracle,OTFS,0.0125,0.0,10.0,0.2642531762033835
30.0,101.551735649215,ai_adaptive,OTFS,0.0,900000.0,15.0,0.980271434937727
30.0,101.551735649215,fixed_oddm,ODDM,0.0,898245.614035088,15.0,0.962733858298508
30.0,101.551735649215,fixed_otfs,OTFS,0.0,900000.0,15.0,0.980271434937727
30.0,101.551735649215,oracle,OTFS,0.0,900000.0,15.0,0.980271434937727
30.0,101.922362421658,ai_adaptive,ODDM,0.0,898245.614035088,15.0,0.959216961633587
30.0,101.922362421658,fixed_oddm,ODDM,0.0,898245.614035088,15.0,0.959216961633587
30.0,101.922362421658,fixed_otfs,OTFS,0.0,900000.0,15.0,0.981936526095703
30.0,101.922362421658,oracle,OTFS,0.0,900000.0,15.0,0.981936526095703
30.0,104.146123056312,ai_adaptive,ODDM,0.0,898245.614035088,15.0,0.956545486177181
30.0,104.146123056312,fixed_oddm,ODDM,0.0,898245.614035088,15.0,0.956545486177181
30.0,104.146123056312,fixed_otfs,OTFS,0.0,900000.0,15.0,0.981011223244789
30.0,104.146123056312,oracle,OTFS,0.0,900000.0,15.0,0.981011223244789
30.0,111.188031732717,ai_adaptive,OTFS,0.0038628472222222085,450000.0,13.75,0.6467578327526106
30.0,111.188031732717,fixed_oddm,ODDM,0.0069444444444444415,374269.0058479533,12.25,0.5412309524052848
30.0,111.188031732717,fixed_otfs,OTFS,0.0038628472222222085,450000.0,13.75,0.6467578327526106
30.0,111.188031732717,oracle,OTFS,0.0038628472222222085,450000.0,13.75,0.6467578327526106
30.0,111.929285277602,ai_adaptive,OTFS,0.163802083333333,0.0,6.0,0.167246194659466
30.0,111.929285277602,fixed_oddm,ODDM,0.3296875,0.0,5.0,0.140117009635773
30.0,111.929285277602,fixed_otfs,OTFS,0.163802083333333,0.0,6.0,0.167246194659466
30.0,111.929285277602,oracle,OTFS,0.163802083333333,0.0,6.0,0.167246194659466
30.0,112.670538822487,ai_adaptive,OTFS,0.0783854166666667,0.0,8.0,0.204902036623453
30.0,112.670538822487,fixed_oddm,ODDM,0.24921875,0.0,5.0,0.135087902529283
30.0,112.670538822487,fixed_otfs,OTFS,0.0783854166666667,0.0,8.0,0.204902036623453
30.0,112.670538822487,oracle,OTFS,0.0783854166666667,0.0,8.0,0.204902036623453
30.0,114.523672684699,ai_adaptive,OTFS,0.0427083333333333,0.0,9.0,0.212702001566786
30.0,114.523672684699,fixed_oddm,ODDM,0.20078125,0.0,6.0,0.158024964725226
30.0,114.523672684699,fixed_otfs,OTFS,0.0427083333333333,0.0,9.0,0.212702001566786
30.0,114.523672684699,oracle,OTFS,0.0427083333333333,0.0,9.0,0.212702001566786
30.0,116.006179774468,ai_adaptive,OTFS,0.0065104166666666,0.0,13.0,0.307721578645605
30.0,116.006179774468,fixed_oddm,ODDM,0.0661458333333333,0.0,8.0,0.194338148282292
30.0,116.006179774468,fixed_otfs,OTFS,0.0065104166666666,0.0,13.0,0.307721578645605
30.0,116.006179774468,oracle,OTFS,0.0065104166666666,0.0,13.0,0.307721578645605
30.0,116.747433319353,ai_adaptive,OTFS,0.0635416666666667,0.0,8.0,0.198325887346815
30.0,116.747433319353,fixed_oddm,ODDM,0.208072916666667,0.0,6.0,0.15466942715031
30.0,116.747433319353,fixed_otfs,OTFS,0.0635416666666667,0.0,8.0,0.198325887346815
30.0,116.747433319353,oracle,OTFS,0.0635416666666667,0.0,8.0,0.198325887346815
30.0,119.34182072645,ai_adaptive,OTFS,0.00703125,0.0,13.0,0.30309312396981
30.0,119.34182072645,fixed_oddm,ODDM,0.0653645833333333,0.0,8.0,0.196472046120059
30.0,119.34182072645,fixed_otfs,OTFS,0.00703125,0.0,13.0,0.30309312396981
30.0,119.34182072645,oracle,OTFS,0.00703125,0.0,13.0,0.30309312396981
30.0,122.677461678431,ai_adaptive,OTFS,0.0247395833333333,0.0,10.0,0.251948735903731
30.0,122.677461678431,fixed_oddm,ODDM,0.143229166666667,0.0,7.0,0.168572667617486
30.0,122.677461678431,fixed_otfs,OTFS,0.0247395833333333,0.0,10.0,0.251948735903731
30.0,122.677461678431,oracle,OTFS,0.0247395833333333,0.0,10.0,0.251948735903731
30.0,126.013102630413,ai_adaptive,OTFS,0.13515625,0.0,7.0,0.180007003289242
30.0,126.013102630413,fixed_oddm,ODDM,0.272395833333333,0.0,5.0,0.135316248686722
30.0,126.013102630413,fixed_otfs,OTFS,0.13515625,0.0,7.0,0.180007003289242
30.0,126.013102630413,oracle,OTFS,0.13515625,0.0,7.0,0.180007003289242
30.0,126.383729402855,ai_adaptive,OTFS,0.0013020833333333,0.0,15.0,0.319786116447791
30.0,126.383729402855,fixed_oddm,ODDM,0.0125,0.0,12.0,0.213177036444256
30.0,126.383729402855,fixed_otfs,OTFS,0.0013020833333333,0.0,15.0,0.319786116447791
30.0,126.383729402855,oracle,OTFS,0.0013020833333333,0.0,15.0,0.319786116447791
40.0,129.719370354837,ai_adaptive,OTFS,0.00416666666666665,450000.0,13.5,0.6398336634362976
40.0,129.719370354837,fixed_oddm,ODDM,0.008203124999999988,336842.105263158,11.875,0.5093943784613304
40.0,129.719370354837,fixed_otfs,OTFS,0.00416666666666665,450000.0,13.5,0.6398336634362976
40.0,129.719370354837,oracle,OTFS,0.00416666666666665,450000.0,13.5,0.6398336634362976
40.0,131.201877444606,ai_adaptive,OTFS,0.0020833333333333,0.0,15.0,0.343455500161373
40.0,131.201877444606,fixed_oddm,ODDM,0.0151041666666667,0.0,11.0,0.253354505905316
40.0,131.201877444606,fixed_otfs,OTFS,0.0020833333333333,0.0,15.0,0.343455500161373
40.0,131.201877444606,oracle,OTFS,0.0020833333333333,0.0,15.0,0.343455500161373
40.0,133.796264851703,ai_adaptive,OTFS,0.0020833333333333,0.0,15.0,0.34681256853921
40.0,133.796264851703,fixed_oddm,ODDM,0.0489583333333333,0.0,9.0,0.214831732888916
40.0,133.796264851703,fixed_otfs,OTFS,0.0020833333333333,0.0,15.0,0.34681256853921
40.0,133.796264851703,oracle,OTFS,0.0020833333333333,0.0,15.0,0.34681256853921
40.0,137.502532576127,ai_adaptive,OTFS,0.158854166666667,0.0,6.0,0.164766935249398
40.0,137.502532576127,fixed_oddm,ODDM,0.267708333333333,0.0,5.0,0.132692410507958
40.0,137.502532576127,fixed_otfs,OTFS,0.158854166666667,0.0,6.0,0.164766935249398
40.0,137.502532576127,oracle,OTFS,0.158854166666667,0.0,6.0,0.164766935249398
40.0,140.467546755666,ai_adaptive,OTFS,0.0,900000.0,15.0,0.979975476581135
40.0,140.467546755666,fixed_oddm,ODDM,0.0,898245.614035088,15.0,0.957178332542041
40.0,140.467546755666,fixed_otfs,OTFS,0.0,900000.0,15.0,0.979975476581135
40.0,140.467546755666,oracle,OTFS,0.0,900000.0,15.0,0.979975476581135
40.0,140.838173528109,ai_adaptive,OTFS,0.125520833333333,0.0,7.0,0.189206803752458
40.0,140.838173528109,fixed_oddm,ODDM,0.26875,0.0,5.0,0.139214921626661
40.0,140.838173528109,fixed_otfs,OTFS,0.125520833333333,0.0,7.0,0.189206803752458
40.0,140.838173528109,oracle,OTFS,0.125520833333333,0.0,7.0,0.189206803752458
40.0,141.950053845436,ai_adaptive,ODDM,0.0098958333333333,0.0,10.0,0.247354119120557
40.0,141.950053845436,fixed_oddm,ODDM,0.0098958333333333,0.0,10.0,0.247354119120557
40.0,141.950053845436,fixed_otfs,OTFS,0.0072916666666666,0.0,11.0,0.281341482819954
40.0,141.950053845436,oracle,OTFS,0.0072916666666666,0.0,11.0,0.281341482819954
40.0,144.915068024975,ai_adaptive,OTFS,0.0533854166666667,0.0,9.0,0.189131582597812
40.0,144.915068024975,fixed_oddm,ODDM,0.214322916666667,0.0,6.0,0.109048325892844
40.0,144.915068024975,fixed_otfs,OTFS,0.0533854166666667,0.0,9.0,0.189131582597812
40.0,144.915068024975,oracle,OTFS,0.0533854166666667,0.0,9.0,0.189131582597812
40.0,147.509455432072,ai_adaptive,OTFS,0.146614583333333,0.0,7.0,0.152033437407733
40.0,147.509455432072,fixed_oddm,ODDM,0.320572916666667,0.0,5.0,0.0873084317784968
40.0,147.509455432072,fixed_otfs,OTFS,0.146614583333333,0.0,7.0,0.152033437407733
40.0,147.509455432072,oracle,OTFS,0.146614583333333,0.0,7.0,0.152033437407733
40.0,148.250708976956,ai_adaptive,ODDM,0.056458333333333256,179649.1228070176,8.2,0.33189191790879546
40.0,148.250708976956,ai_adaptive,OTFS,0.10218122044917256,325531.91489361704,9.53191489361702,0.4726033476843801
40.0,148.250708976956,fixed_oddm,ODDM,0.10529057017543855,252139.1197291475,8.807017543859649,0.3925941685700361
40.0,148.250708976956,fixed_otfs,OTFS,0.09410483674463936,300000.0,9.298245614035087,0.4516262878821901
40.0,148.250708976956,oracle,ODDM,0.21006944444444467,299415.20467836264,7.666666666666667,0.403370562441629
40.0,148.250708976956,oracle,OTFS,0.08769450874485595,316666.6666666667,9.407407407407407,0.4655639771410441
40.0,151.586349928938,ai_adaptive,OTFS,0.16953125,0.0,6.0,0.159475759577803
40.0,151.586349928938,fixed_oddm,ODDM,0.279427083333333,0.0,5.0,0.138482965788456
40.0,151.586349928938,fixed_otfs,OTFS,0.16953125,0.0,6.0,0.159475759577803
40.0,151.586349928938,oracle,OTFS,0.16953125,0.0,6.0,0.159475759577803
40.0,153.810110563592,ai_adaptive,OTFS,0.01015625,0.0,12.0,0.254473237689629
40.0,153.810110563592,fixed_oddm,ODDM,0.0955729166666667,0.0,7.0,0.130679963128349
40.0,153.810110563592,fixed_otfs,OTFS,0.01015625,0.0,12.0,0.254473237689629
40.0,153.810110563592,oracle,OTFS,0.01015625,0.0,12.0,0.254473237689629
40.0,154.551364108477,ai_adaptive,OTFS,0.05859375,0.0,9.0,0.18505146482279
40.0,154.551364108477,fixed_oddm,ODDM,0.225,0.0,6.0,0.10129658056783
40.0,154.551364108477,fixed_otfs,OTFS,0.05859375,0.0,9.0,0.18505146482279
40.0,154.551364108477,oracle,OTFS,0.05859375,0.0,9.0,0.18505146482279
40.0,155.292617653362,ai_adaptive,OTFS,0.0942708333333333,0.0,7.0,0.185964900646526
40.0,155.292617653362,fixed_oddm,ODDM,0.18203125,0.0,6.0,0.154812156374711
40.0,155.292617653362,fixed_otfs,OTFS,0.0942708333333333,0.0,7.0,0.185964900646526
40.0,155.292617653362,oracle,OTFS,0.0942708333333333,0.0,7.0,0.185964900646526
40.0,156.775124743131,ai_adaptive,OTFS,0.0040364583333333,0.0,14.0,0.3000283965240105
40.0,156.775124743131,fixed_oddm,ODDM,0.0427083333333333,0.0,9.5,0.197007962263023
40.0,156.775124743131,fixed_otfs,OTFS,0.0040364583333333,0.0,14.0,0.3000283965240105
40.0,156.775124743131,oracle,OTFS,0.0040364583333333,0.0,14.0,0.3000283965240105
40.0,158.257631832901,ai_adaptive,OTFS,0.270833333333333,0.0,5.0,0.156510608328816
40.0,158.257631832901,fixed_oddm,ODDM,0.36875,0.0,4.0,0.125085708150862
40.0,158.257631832901,fixed_otfs,OTFS,0.270833333333333,0.0,5.0,0.156510608328816
40.0,158.257631832901,oracle,OTFS,0.270833333333333,0.0,5.0,0.156510608328816
40.0,158.628258605343,ai_adaptive,OTFS,0.0688802083333333,0.0,11.0,0.26443191908770003
40.0,158.628258605343,fixed_oddm,ODDM,0.15130208333333314,0.0,8.5,0.2043924372656965
40.0,158.628258605343,fixed_otfs,OTFS,0.0688802083333333,0.0,11.0,0.26443191908770003
40.0,158.628258605343,oracle,OTFS,0.0688802083333333,0.0,11.0,0.26443191908770003
40.0,161.22264601244,ai_adaptive,OTFS,0.015625,0.0,10.0,0.260756755928103
40.0,161.22264601244,fixed_oddm,ODDM,0.0183189655172414,0.0,9.0,0.227298993766905
40.0,161.22264601244,fixed_otfs,OTFS,0.015625,0.0,10.0,0.260756755928103
40.0,161.22264601244,oracle,OTFS,0.015625,0.0,10.0,0.260756755928103
40.0,161.593272784883,ai_adaptive,OTFS,0.07838541666666665,0.0,8.5,0.213250682254845
40.0,161.593272784883,fixed_oddm,ODDM,0.2153645833333335,0.0,6.0,0.1500442783120785
40.0,161.593272784883,fixed_otfs,OTFS,0.07838541666666665,0.0,8.5,0.213250682254845
40.0,161.593272784883,oracle,OTFS,0.07838541666666665,0.0,8.5,0.213250682254845
40.0,161.963899557325,ai_adaptive,OTFS,0.0015625,0.0,14.0,0.342865824897369
40.0,161.963899557325,fixed_oddm,ODDM,0.0020833333333333,0.0,13.0,0.306155751132129
40.0,161.963899557325,fixed_otfs,OTFS,0.0015625,0.0,14.0,0.342865824897369
40.0,161.963899557325,oracle,OTFS,0.0015625,0.0,14.0,0.342865824897369
40.0,165.299540509306,ai_adaptive,OTFS,0.0,900000.0,15.0,0.978936475756921
40.0,165.299540509306,fixed_oddm,ODDM,0.0005208333333333,0.0,15.0,0.349537221690322
40.0,165.299540509306,fixed_otfs,OTFS,0.0,900000.0,15.0,0.978936475756921
40.0,165.299540509306,oracle,OTFS,0.0,900000.0,15.0,0.978936475756921
40.0,166.411420826634,ai_adaptive,OTFS,0.0005208333333333,0.0,15.0,0.376836940219036
40.0,166.411420826634,fixed_oddm,ODDM,0.0276041666666667,0.0,10.0,0.229500745275816
40.0,166.411420826634,fixed_otfs,OTFS,0.0005208333333333,0.0,15.0,0.376836940219036
40.0,166.411420826634,oracle,OTFS,0.0005208333333333,0.0,15.0,0.376836940219036
50.0,167.523301143961,ai_adaptive,OTFS,0.0606770833333333,0.0,8.0,0.193338136629729
50.0,167.523301143961,fixed_oddm,ODDM,0.163541666666667,0.0,6.0,0.154185646577793
50.0,167.523301143961,fixed_otfs,OTFS,0.0606770833333333,0.0,8.0,0.193338136629729
50.0,167.523301143961,oracle,OTFS,0.0606770833333333,0.0,8.0,0.193338136629729
50.0,170.117688551058,ai_adaptive,OTFS,0.0869791666666667,0.0,8.0,0.206278444098267
50.0,170.117688551058,fixed_oddm,ODDM,0.183854166666667,0.0,6.0,0.150987207121285
50.0,170.117688551058,fixed_otfs,OTFS,0.0869791666666667,0.0,8.0,0.206278444098267
50.0,170.117688551058,oracle,OTFS,0.0869791666666667,0.0,8.0,0.206278444098267
50.0,170.4883153235,ai_adaptive,OTFS,0.0020833333333333,0.0,15.0,0.354644218413496
50.0,170.4883153235,fixed_oddm,ODDM,0.0484375,0.0,9.0,0.210235023986053
50.0,170.4883153235,fixed_otfs,OTFS,0.0020833333333333,0.0,15.0,0.354644218413496
50.0,170.4883153235,oracle,OTFS,0.0020833333333333,0.0,15.0,0.354644218413496
50.0,170.858942095942,ai_adaptive,OTFS,0.142447916666667,0.0,7.0,0.190634024738334
50.0,170.858942095942,fixed_oddm,ODDM,0.294270833333333,0.0,5.0,0.134346367864805
50.0,170.858942095942,fixed_otfs,OTFS,0.142447916666667,0.0,7.0,0.190634024738334
50.0,170.858942095942,oracle,OTFS,0.142447916666667,0.0,7.0,0.190634024738334
50.0,172.341449185712,ai_adaptive,OTFS,0.0395833333333333,0.0,10.0,0.238561806232271
50.0,172.341449185712,fixed_oddm,ODDM,0.177864583333333,0.0,6.0,0.156377536104205
50.0,172.341449185712,fixed_otfs,OTFS,0.0395833333333333,0.0,10.0,0.238561806232271
50.0,172.341449185712,oracle,OTFS,0.0395833333333333,0.0,10.0,0.238561806232271
50.0,173.082702730597,ai_adaptive,OTFS,0.0020833333333333,0.0,15.0,0.34341790973481
50.0,173.082702730597,fixed_oddm,ODDM,0.0471354166666667,0.0,9.0,0.211990116976424
50.0,173.082702730597,fixed_otfs,OTFS,0.0020833333333333,0.0,15.0,0.34341790973481
50.0,173.082702730597,oracle,OTFS,0.0020833333333333,0.0,15.0,0.34341790973481
50.0,174.194583047924,ai_adaptive,OTFS,0.0427083333333333,0.0,10.0,0.245878140280612
50.0,174.194583047924,fixed_oddm,ODDM,0.195052083333333,0.0,6.0,0.155808360274683
50.0,174.194583047924,fixed_otfs,OTFS,0.0427083333333333,0.0,10.0,0.245878140280612
50.0,174.194583047924,oracle,OTFS,0.0427083333333333,0.0,10.0,0.245878140280612
50.0,175.306463365251,ai_adaptive,OTFS,0.10859375,0.0,7.0,0.156622532982829
50.0,175.306463365251,fixed_oddm,ODDM,0.252864583333333,0.0,5.0,0.0942723757325394
50.0,175.306463365251,fixed_otfs,OTFS,0.10859375,0.0,7.0,0.156622532982829
50.0,175.306463365251,oracle,OTFS,0.10859375,0.0,7.0,0.156622532982829
50.0,176.047716910136,ai_adaptive,OTFS,0.0083333333333333,0.0,13.0,0.302175125273373
50.0,176.047716910136,fixed_oddm,ODDM,0.08515625,0.0,8.0,0.189645747593338
50.0,176.047716910136,fixed_otfs,OTFS,0.0083333333333333,0.0,13.0,0.302175125273373
50.0,176.047716910136,oracle,OTFS,0.0083333333333333,0.0,13.0,0.302175125273373
50.0,176.418343682578,ai_adaptive,OTFS,0.0578125,0.0,11.0,0.2687380400476515
50.0,176.418343682578,fixed_oddm,ODDM,0.15052083333333335,0.0,7.5,0.181073315660499
50.0,176.418343682578,fixed_otfs,OTFS,0.0578125,0.0,11.0,0.2687380400476515
50.0,176.418343682578,oracle,OTFS,0.0578125,0.0,11.0,0.2687380400476515
50.0,177.900850772348,ai_adaptive,OTFS,0.0,1800000.0,15.0,0.98176323368783
50.0,177.900850772348,fixed_oddm,ODDM,0.0,1796491.22807018,15.0,0.957069174276779
50.0,177.900850772348,fixed_otfs,OTFS,0.0,1800000.0,15.0,0.98176323368783
50.0,177.900850772348,oracle,OTFS,0.0,1800000.0,15.0,0.98176323368783
50.0,179.383357862117,ai_adaptive,OTFS,0.0,1800000.0,15.0,0.979743454766257
50.0,179.383357862117,fixed_oddm,ODDM,0.0,1796491.22807018,15.0,0.951129772873663
50.0,179.383357862117,fixed_otfs,OTFS,0.0,1800000.0,15.0,0.979743454766257
50.0,179.383357862117,oracle,OTFS,0.0,1800000.0,15.0,0.979743454766257
50.0,179.75398463456,ai_adaptive,OTFS,0.003125,0.0,15.0,0.347772221559325
50.0,179.75398463456,fixed_oddm,ODDM,0.0393229166666667,0.0,10.0,0.223757322569583
50.0,179.75398463456,fixed_otfs,OTFS,0.003125,0.0,15.0,0.347772221559325
50.0,179.75398463456,oracle,OTFS,0.003125,0.0,15.0,0.347772221559325
50.0,180.495238179444,ai_adaptive,OTFS,0.377604166666667,0.0,3.0,0.136942106274552
50.0,180.495238179444,fixed_oddm,ODDM,0.3703125,0.0,4.0,0.121129780895841
50.0,180.495238179444,fixed_otfs,OTFS,0.377604166666667,0.0,3.0,0.136942106274552
50.0,180.495238179444,oracle,OTFS,0.377604166666667,0.0,3.0,0.136942106274552
50.0,184.572132676311,ai_adaptive,OTFS,0.0015625,0.0,15.0,0.350471528029891
50.0,184.572132676311,fixed_oddm,ODDM,0.03515625,0.0,10.0,0.223421962534977
50.0,184.572132676311,fixed_otfs,OTFS,0.0015625,0.0,15.0,0.350471528029891
50.0,184.572132676311,oracle,OTFS,0.0015625,0.0,15.0,0.350471528029891
50.0,185.313386221196,ai_adaptive,OTFS,0.052083333333333155,0.0,11.0,0.2805067706295935
50.0,185.313386221196,fixed_oddm,ODDM,0.1393229166666665,0.0,7.5,0.185190062613694
50.0,185.313386221196,fixed_otfs,OTFS,0.052083333333333155,0.0,11.0,0.2805067706295935
50.0,185.313386221196,oracle,OTFS,0.052083333333333155,0.0,11.0,0.2805067706295935
50.0,188.278400400735,ai_adaptive,OTFS,0.123177083333333,0.0,7.0,0.186337229087133
50.0,188.278400400735,fixed_oddm,ODDM,0.296614583333333,0.0,5.0,0.141504520432587
50.0,188.278400400735,fixed_otfs,OTFS,0.123177083333333,0.0,7.0,0.186337229087133
50.0,188.278400400735,oracle,OTFS,0.123177083333333,0.0,7.0,0.186337229087133
50.0,189.019653945619,ai_adaptive,OTFS,0.0640625,0.0,8.0,0.192430026128452
50.0,189.019653945619,fixed_oddm,ODDM,0.226822916666667,0.0,6.0,0.148716054709503
50.0,189.019653945619,fixed_otfs,OTFS,0.0640625,0.0,8.0,0.192430026128452
50.0,189.019653945619,oracle,OTFS,0.0640625,0.0,8.0,0.192430026128452
50.0,190.502161035389,ai_adaptive,OTFS,0.0153645833333333,0.0,11.0,0.261434125220195
50.0,190.502161035389,fixed_oddm,ODDM,0.129427083333333,0.0,7.0,0.174084770862307
50.0,190.502161035389,fixed_otfs,OTFS,0.0153645833333333,0.0,11.0,0.261434125220195
50.0,190.502161035389,oracle,OTFS,0.0153645833333333,0.0,11.0,0.261434125220195
50.0,191.614041352716,ai_adaptive,OTFS,0.0356770833333333,0.0,10.0,0.23478058194033
50.0,191.614041352716,fixed_oddm,ODDM,0.126302083333333,0.0,7.0,0.173222270880855
50.0,191.614041352716,fixed_otfs,OTFS,0.0356770833333333,0.0,10.0,0.23478058194033
50.0,191.614041352716,oracle,OTFS,0.0356770833333333,0.0,10.0,0.23478058194033
50.0,197.914696484237,ai_adaptive,OTFS,0.121354166666667,0.0,7.0,0.18800175745338
50.0,197.914696484237,fixed_oddm,ODDM,0.294791666666667,0.0,5.0,0.139591896430392
50.0,197.914696484237,fixed_otfs,OTFS,0.121354166666667,0.0,7.0,0.18800175745338
50.0,197.914696484237,oracle,OTFS,0.121354166666667,0.0,7.0,0.18800175745338
50.0,199.026576801564,ai_adaptive,OTFS,0.113802083333333,0.0,7.0,0.197952535426739
50.0,199.026576801564,fixed_oddm,ODDM,0.24921875,0.0,5.0,0.142773519521707
50.0,199.026576801564,fixed_otfs,OTFS,0.113802083333333,0.0,7.0,0.197952535426739
50.0,199.026576801564,oracle,OTFS,0.113802083333333,0.0,7.0,0.197952535426739
50.0,200.509083891334,ai_adaptive,OTFS,0.0010416666666666,0.0,15.0,0.348744396309826
50.0,200.509083891334,fixed_oddm,ODDM,0.01171875,0.0,12.0,0.264958568841063
50.0,200.509083891334,fixed_otfs,OTFS,0.0010416666666666,0.0,15.0,0.348744396309826
50.0,200.509083891334,oracle,OTFS,0.0010416666666666,0.0,15.0,0.348744396309826
50.0,201.620964208661,ai_adaptive,OTFS,0.145442708333333,0.0,6.5,0.173290910448714
50.0,201.620964208661,fixed_oddm,ODDM,0.2828125,0.0,5.0,0.137160223513071
50.0,201.620964208661,fixed_otfs,OTFS,0.145442708333333,0.0,6.5,0.173290910448714
50.0,201.620964208661,oracle,OTFS,0.145442708333333,0.0,6.5,0.173290910448714
50.0,202.362217753546,ai_adaptive,OTFS,0.04765625,0.0,9.0,0.22076108324395
50.0,202.362217753546,fixed_oddm,ODDM,0.187239583333333,0.0,6.0,0.155715451189333
50.0,202.362217753546,fixed_otfs,OTFS,0.04765625,0.0,9.0,0.22076108324395
50.0,202.362217753546,oracle,OTFS,0.04765625,0.0,9.0,0.22076108324395
50.0,202.732844525988,ai_adaptive,OTFS,0.213020833333333,0.0,5.0,0.157483022678738
50.0,202.732844525988,fixed_oddm,ODDM,0.326822916666667,0.0,5.0,0.131697632385644
50.0,202.732844525988,fixed_otfs,OTFS,0.213020833333333,0.0,5.0,0.157483022678738
50.0,202.732844525988,oracle,OTFS,0.213020833333333,0.0,5.0,0.157483022678738
60.0,203.844724843315,ai_adaptive,OTFS,0.14130576081007118,310714.28571428574,10.285714285714286,0.4753668579267728
60.0,203.844724843315,fixed_oddm,ODDM,0.1757983545429666,247845.31923772427,9.142857142857142,0.4002464363774312
60.0,203.844724843315,fixed_otfs,OTFS,0.14130576081007118,310714.28571428574,10.285714285714286,0.4753668579267728
60.0,203.844724843315,oracle,ODDM,0.418142361111111,0.0,4.0,0.11913904634549399
60.0,203.844724843315,oracle,OTFS,0.10041806353767563,362500.0,11.333333333333334,0.5359518587940354
60.0,204.215351615758,ai_adaptive,OTFS,0.0083333333333333,0.0,13.0,0.298170064056803
60.0,204.215351615758,fixed_oddm,ODDM,0.09375,0.0,8.0,0.187792028597326
60.0,204.215351615758,fixed_otfs,OTFS,0.0083333333333333,0.0,13.0,0.298170064056803
60.0,204.215351615758,oracle,OTFS,0.0083333333333333,0.0,13.0,0.298170064056803
60.0,205.327231933085,ai_adaptive,OTFS,0.0763020833333335,0.0,9.0,0.20751295923180751
60.0,205.327231933085,fixed_oddm,ODDM,0.223567708333333,0.0,6.0,0.131532551485946
60.0,205.327231933085,fixed_otfs,OTFS,0.0763020833333335,0.0,9.0,0.20751295923180751
60.0,205.327231933085,oracle,OTFS,0.0763020833333335,0.0,9.0,0.20751295923180751
60.0,207.550992567739,ai_adaptive,OTFS,0.0,870000.0,15.0,0.980140937852212
60.0,207.550992567739,fixed_oddm,ODDM,0.0,867458.617332035,15.0,0.957655154623778
60.0,207.550992567739,fixed_otfs,OTFS,0.0,870000.0,15.0,0.980140937852212
60.0,207.550992567739,oracle,OTFS,0.0,870000.0,15.0,0.980140937852212
60.0,212.36914060949,ai_adaptive,OTFS,0.359635416666667,0.0,3.0,0.118839123570898
60.0,212.36914060949,fixed_oddm,ODDM,0.366927083333333,0.0,4.0,0.123176833240961
60.0,212.36914060949,fixed_otfs,OTFS,0.359635416666667,0.0,3.0,0.118839123570898
60.0,212.36914060949,oracle,ODDM,0.366927083333333,0.0,4.0,0.123176833240961
60.0,214.592901244144,ai_adaptive,OTFS,0.0640625,0.0,8.0,0.211724382195962
60.0,214.592901244144,fixed_oddm,ODDM,0.259114583333333,0.0,5.0,0.140782692429887
60.0,214.592901244144,fixed_otfs,OTFS,0.0640625,0.0,8.0,0.211724382195962
60.0,214.592901244144,oracle,OTFS,0.0640625,0.0,8.0,0.211724382195962
60.0,216.446035106356,ai_adaptive,OTFS,0.0434895833333333,0.0,9.0,0.223453622406801
60.0,216.446035106356,fixed_oddm,ODDM,0.213541666666667,0.0,6.0,0.153777804408128
60.0,216.446035106356,fixed_otfs,OTFS,0.0434895833333333,0.0,9.0,0.223453622406801
60.0,216.446035106356,oracle,OTFS,0.0434895833333333,0.0,9.0,0.223453622406801
60.0,216.816661878799,ai_adaptive,OTFS,0.00145923132183905,0.0,14.5,0.3478901620820545
60.0,216.816661878799,fixed_oddm,ODDM,0.012486530172413749,0.0,11.0,0.25449146115522797
60.0,216.816661878799,fixed_otfs,OTFS,0.00145923132183905,0.0,14.5,0.3478901620820545
60.0,216.816661878799,oracle,OTFS,0.00145923132183905,0.0,14.5,0.3478901620820545
60.0,220.15230283078,ai_adaptive,OTFS,0.164322916666667,0.0,6.0,0.163296369885996
60.0,220.15230283078,fixed_oddm,ODDM,0.3015625,0.0,5.0,0.135402142764953
60.0,220.15230283078,fixed_otfs,OTFS,0.164322916666667,0.0,6.0,0.163296369885996
60.0,220.15230283078,oracle,OTFS,0.164322916666667,0.0,6.0,0.163296369885996
60.0,221.264183148108,ai_adaptive,OTFS,0.128125,0.0,7.0,0.188835013597452
60.0,221.264183148108,fixed_oddm,ODDM,0.23359375,0.0,5.0,0.129717290079984
60.0,221.264183148108,fixed_otfs,OTFS,0.128125,0.0,7.0,0.188835013597452
60.0,221.264183148108,oracle,OTFS,0.128125,0.0,7.0,0.188835013597452
60.0,222.376063465435,ai_adaptive,OTFS,0.0790798611111112,0.0,9.666666666666666,0.243806409076651
60.0,222.376063465435,fixed_oddm,ODDM,0.17664930555555566,0.0,7.333333333333333,0.17994275549131633
60.0,222.376063465435,fixed_otfs,OTFS,0.0790798611111112,0.0,9.666666666666666,0.243806409076651
60.0,222.376063465435,oracle,OTFS,0.0790798611111112,0.0,9.666666666666666,0.243806409076651
80.0,578.17776501013,ai_adaptive,OTFS,0.302777777777778,0.0,5.0,0.144543460303376
80.0,578.17776501013,fixed_oddm,ODDM,0.388888888888889,0.0,4.0,0.12377951362948
80.0,578.17776501013,fixed_otfs,OTFS,0.302777777777778,0.0,5.0,0.144543460303376
80.0,578.17776501013,oracle,OTFS,0.302777777777778,0.0,5.0,0.144543460303376
80.0,584.849046914093,ai_adaptive,OTFS,0.0,900000.0,15.0,0.983358321180617
80.0,584.849046914093,fixed_oddm,ODDM,0.0,898245.614035088,15.0,0.956698046501503
80.0,584.849046914093,fixed_otfs,OTFS,0.0,900000.0,15.0,0.983358321180617
80.0,584.849046914093,oracle,OTFS,0.0,900000.0,15.0,0.983358321180617
80.0,601.156624901559,ai_adaptive,OTFS,0.0325520833333333,0.0,10.0,0.245151579492203
80.0,601.156624901559,fixed_oddm,ODDM,0.142447916666667,0.0,7.0,0.169133078421139
80.0,601.156624901559,fixed_otfs,OTFS,0.0325520833333333,0.0,10.0,0.245151579492203
80.0,601.156624901559,oracle,OTFS,0.0325520833333333,0.0,10.0,0.245151579492203
80.0,605.604146170867,ai_adaptive,OTFS,0.0119791666666667,0.0,10.0,0.261273876486862
80.0,605.604146170867,fixed_oddm,ODDM,0.0098958333333333,0.0,10.0,0.247992217395071
80.0,605.604146170867,fixed_otfs,OTFS,0.0119791666666667,0.0,10.0,0.261273876486862
80.0,605.604146170867,oracle,OTFS,0.0119791666666667,0.0,10.0,0.261273876486862
80.0,616.722949344139,ai_adaptive,OTFS,0.0010416666666666,0.0,15.0,0.365338336296619
80.0,616.722949344139,fixed_oddm,ODDM,0.0,898245.614035088,15.0,0.949749940543391
80.0,616.722949344139,fixed_otfs,OTFS,0.0010416666666666,0.0,15.0,0.365338336296619
80.0,616.722949344139,oracle,ODDM,0.0,898245.614035088,15.0,0.949749940543391
80.0,627.100498972526,ai_adaptive,OTFS,0.191145833333333,0.0,6.0,0.150889586497468
80.0,627.100498972526,fixed_oddm,ODDM,0.33203125,0.0,5.0,0.133973031051744
80.0,627.100498972526,fixed_otfs,OTFS,0.191145833333333,0.0,6.0,0.150889586497468
80.0,627.100498972526,oracle,OTFS,0.191145833333333,0.0,6.0,0.150889586497468
80.0,628.583006062295,ai_adaptive,OTFS,0.194270833333333,0.0,4.0,0.149716555242709
80.0,628.583006062295,fixed_oddm,ODDM,0.1046875,0.0,5.0,0.153073346756239
80.0,628.583006062295,fixed_otfs,OTFS,0.194270833333333,0.0,4.0,0.149716555242709
80.0,628.583006062295,oracle,ODDM,0.1046875,0.0,5.0,0.153073346756239
90.0,649.338105319069,ai_adaptive,OTFS,0.0010416666666666,0.0,15.0,0.362674714118942
90.0,649.338105319069,fixed_oddm,ODDM,0.0036458333333333,0.0,12.0,0.285705154363866
90.0,649.338105319069,fixed_otfs,OTFS,0.0010416666666666,0.0,15.0,0.362674714118942
90.0,649.338105319069,oracle,OTFS,0.0010416666666666,0.0,15.0,0.362674714118942
90.0,660.456908492341,ai_adaptive,OTFS,0.0,900000.0,15.0,0.985422843098788
90.0,660.456908492341,fixed_oddm,ODDM,0.0,898245.614035088,15.0,0.950152294102773
90.0,660.456908492341,fixed_otfs,OTFS,0.0,900000.0,15.0,0.985422843098788
90.0,660.456908492341,oracle,OTFS,0.0,900000.0,15.0,0.985422843098788
90.0,662.680669126995,ai_adaptive,OTFS,0.0072916666666666,0.0,11.0,0.280241976368692
90.0,662.680669126995,fixed_oddm,ODDM,0.0104166666666667,0.0,10.0,0.248072829679469
90.0,662.680669126995,fixed_otfs,OTFS,0.0072916666666666,0.0,11.0,0.280241976368692
90.0,662.680669126995,oracle,OTFS,0.0072916666666666,0.0,11.0,0.280241976368692
90.0,667.128190396304,ai_adaptive,OTFS,0.052777777777777764,150000.0,8.833333333333334,0.3471951605826003
90.0,667.128190396304,fixed_oddm,ODDM,0.04470486111111111,149707.60233918132,8.333333333333334,0.31902623240793765
90.0,667.128190396304,fixed_otfs,OTFS,0.052777777777777764,150000.0,8.833333333333334,0.3471951605826003
90.0,667.128190396304,oracle,OTFS,0.052777777777777764,150000.0,8.833333333333334,0.3471951605826003
90.0,670.093204575843,ai_adaptive,OTFS,0.270486111111111,0.0,6.0,0.155526763668882
90.0,670.093204575843,fixed_oddm,ODDM,0.380902777777778,0.0,4.0,0.122421562303764
90.0,670.093204575843,fixed_otfs,OTFS,0.270486111111111,0.0,6.0,0.155526763668882
90.0,670.093204575843,oracle,OTFS,0.270486111111111,0.0,6.0,0.155526763668882
90.0,673.058218755382,ai_adaptive,OTFS,0.0010416666666666,0.0,15.0,0.366732680891252
90.0,673.058218755382,fixed_oddm,ODDM,0.0015625,0.0,14.0,0.313175608126984
90.0,673.058218755382,fixed_otfs,OTFS,0.0010416666666666,0.0,15.0,0.366732680891252
90.0,673.058218755382,oracle,OTFS,0.0010416666666666,0.0,15.0,0.366732680891252
90.0,684.918275473539,ai_adaptive,OTFS,0.0104166666666667,0.0,10.0,0.272155655185501
90.0,684.918275473539,fixed_oddm,ODDM,0.0052083333333333,0.0,12.0,0.272803317125485
90.0,684.918275473539,fixed_otfs,OTFS,0.0104166666666667,0.0,10.0,0.272155655185501
90.0,684.918275473539,oracle,ODDM,0.0052083333333333,0.0,12.0,0.272803317125485
90.0,693.072064467272,ai_adaptive,OTFS,0.04921874999999995,0.0,10.0,0.253133983479718
90.0,693.072064467272,fixed_oddm,ODDM,0.11184895833333351,0.0,8.0,0.19482027369722948
90.0,693.072064467272,fixed_otfs,OTFS,0.04921874999999995,0.0,10.0,0.253133983479718
90.0,693.072064467272,oracle,OTFS,0.04921874999999995,0.0,10.0,0.253133983479718
100.0,704.190867640543,ai_adaptive,OTFS,0.0,900000.0,15.0,0.985453787904977
100.0,704.190867640543,fixed_oddm,ODDM,0.0,898245.614035088,15.0,0.951667979002309
100.0,704.190867640543,fixed_otfs,OTFS,0.0,900000.0,15.0,0.985453787904977
100.0,704.190867640543,oracle,OTFS,0.0,900000.0,15.0,0.985453787904977
100.0,707.155881820082,ai_adaptive,OTFS,0.119791666666667,0.0,5.0,0.172931612007741
100.0,707.155881820082,fixed_oddm,ODDM,0.107291666666667,0.0,5.0,0.14794559008488
100.0,707.155881820082,fixed_otfs,OTFS,0.119791666666667,0.0,5.0,0.172931612007741
100.0,707.155881820082,oracle,OTFS,0.119791666666667,0.0,5.0,0.172931612007741
100.0,708.638388909852,ai_adaptive,OTFS,0.101041666666667,0.0,7.0,0.189508507332404
100.0,708.638388909852,fixed_oddm,ODDM,0.24609375,0.0,5.0,0.144569032193727
100.0,708.638388909852,fixed_otfs,OTFS,0.101041666666667,0.0,7.0,0.189508507332404
100.0,708.638388909852,oracle,OTFS,0.101041666666667,0.0,7.0,0.189508507332404
100.0,728.652234621741,ai_adaptive,OTFS,0.0,900000.0,15.0,0.978060775997322
100.0,728.652234621741,fixed_oddm,ODDM,0.0005208333333333,0.0,15.0,0.3439851898791
100.0,728.652234621741,fixed_otfs,OTFS,0.0,900000.0,15.0,0.978060775997322
100.0,728.652234621741,oracle,OTFS,0.0,900000.0,15.0,0.978060775997322
100.0,741.253544884782,ai_adaptive,OTFS,0.013541666666666648,150000.0,11.5,0.39654733680058535
100.0,741.253544884782,fixed_oddm,ODDM,0.014453124999999983,74853.80116959066,11.333333333333334,0.31912724344362775
100.0,741.253544884782,fixed_otfs,OTFS,0.013541666666666648,150000.0,11.5,0.39654733680058535
100.0,741.253544884782,oracle,ODDM,0.0005208333333333,0.0,15.0,0.339397094529486
100.0,741.253544884782,oracle,OTFS,0.01439393939393938,163636.36363636365,11.454545454545455,0.405350104106366
100.0,750.889840968284,ai_adaptive,OTFS,0.0328125,0.0,8.0,0.222012823812773
100.0,750.889840968284,fixed_oddm,ODDM,0.0291666666666667,0.0,8.0,0.206801565342489
100.0,750.889840968284,fixed_otfs,OTFS,0.0328125,0.0,8.0,0.222012823812773
100.0,750.889840968284,oracle,OTFS,0.0328125,0.0,8.0,0.222012823812773
100.0,753.113601602939,ai_adaptive,OTFS,0.0510416666666667,0.0,7.0,0.210456676945518
100.0,753.113601602939,fixed_oddm,ODDM,0.0411458333333333,0.0,7.0,0.186951972964866
100.0,753.113601602939,fixed_otfs,OTFS,0.0510416666666667,0.0,7.0,0.210456676945518
100.0,753.113601602939,oracle,OTFS,0.0510416666666667,0.0,7.0,0.210456676945518
100.0,762.008644141556,ai_adaptive,OTFS,0.213715277777778,0.0,7.0,0.178405970975705
100.0,762.008644141556,fixed_oddm,ODDM,0.390451388888889,0.0,4.0,0.125422889921545
100.0,762.008644141556,fixed_otfs,OTFS,0.213715277777778,0.0,7.0,0.178405970975705
100.0,762.008644141556,oracle,OTFS,0.213715277777778,0.0,7.0,0.178405970975705
100.0,764.232404776211,ai_adaptive,OTFS,0.0088541666666666,0.0,11.0,0.282014043752287
100.0,764.232404776211,fixed_oddm,ODDM,0.0067708333333333,0.0,11.0,0.262434710352169
100.0,764.232404776211,fixed_otfs,OTFS,0.0088541666666666,0.0,11.0,0.282014043752287
100.0,764.232404776211,oracle,OTFS,0.0088541666666666,0.0,11.0,0.282014043752287
100.0,772.386193769943,ai_adaptive,OTFS,0.0,900000.0,15.0,0.986179730540268
100.0,772.386193769943,fixed_oddm,ODDM,0.0,898245.614035088,15.0,0.953216180005156
100.0,772.386193769943,fixed_otfs,OTFS,0.0,900000.0,15.0,0.986179730540268
100.0,772.386193769943,oracle,OTFS,0.0,900000.0,15.0,0.986179730540268
100.0,775.351207949482,ai_adaptive,OTFS,0.0966145833333333,0.0,8.0,0.204980385104085
100.0,775.351207949482,fixed_oddm,ODDM,0.234375,0.0,5.0,0.140726222869171
100.0,775.351207949482,fixed_otfs,OTFS,0.0966145833333333,0.0,8.0,0.204980385104085
100.0,775.351207949482,oracle,OTFS,0.0966145833333333,0.0,8.0,0.204980385104085
110.0,784.987504032984,ai_adaptive,OTFS,0.0473958333333333,0.0,7.0,0.203765506539748
110.0,784.987504032984,fixed_oddm,ODDM,0.0177083333333333,0.0,9.0,0.227153893803438
110.0,784.987504032984,fixed_otfs,OTFS,0.0473958333333333,0.0,7.0,0.203765506539748
110.0,784.987504032984,oracle,ODDM,0.0177083333333333,0.0,9.0,0.227153893803438
110.0,794.623800116487,ai_adaptive,OTFS,0.078125,0.0,6.0,0.190290124631171
110.0,794.623800116487,fixed_oddm,ODDM,0.0755208333333333,0.0,6.0,0.168787394439827
110.0,794.623800116487,fixed_otfs,OTFS,0.078125,0.0,6.0,0.190290124631171
110.0,794.623800116487,oracle,OTFS,0.078125,0.0,6.0,0.190290124631171
110.0,796.847560751141,ai_adaptive,OTFS,0.0046875,0.0,12.0,0.302387135094372
110.0,796.847560751141,fixed_oddm,ODDM,0.0119791666666667,0.0,10.0,0.243093691262874
110.0,796.847560751141,fixed_otfs,OTFS,0.0046875,0.0,12.0,0.302387135094372
110.0,796.847560751141,oracle,OTFS,0.0046875,0.0,12.0,0.302387135094372
110.0,800.553828475565,ai_adaptive,OTFS,0.160677083333333,0.0,6.0,0.183828148232533
110.0,800.553828475565,fixed_oddm,ODDM,0.297135416666667,0.0,5.0,0.13790382291947
110.0,800.553828475565,fixed_otfs,OTFS,0.160677083333333,0.0,6.0,0.183828148232533
110.0,800.553828475565,oracle,OTFS,0.160677083333333,0.0,6.0,0.183828148232533
110.0,807.966363924413,ai_adaptive,OTFS,0.0072916666666666,0.0,11.0,0.278262260035973
110.0,807.966363924413,fixed_oddm,ODDM,0.0046875,0.0,12.0,0.281393067748892
110.0,807.966363924413,fixed_otfs,OTFS,0.0072916666666666,0.0,11.0,0.278262260035973
110.0,807.966363924413,oracle,ODDM,0.0046875,0.0,12.0,0.281393067748892
110.0,828.721463181187,ai_adaptive,OTFS,0.0,900000.0,15.0,0.976910226444845
110.0,828.721463181187,fixed_oddm,ODDM,0.0,898245.614035088,15.0,0.957222875887149
110.0,828.721463181187,fixed_otfs,OTFS,0.0,900000.0,15.0,0.976910226444845
110.0,828.721463181187,oracle,OTFS,0.0,900000.0,15.0,0.976910226444845
110.0,841.322773444228,ai_adaptive,OTFS,0.0432291666666667,0.0,7.0,0.203742154630527
110.0,841.322773444228,fixed_oddm,ODDM,0.0432291666666667,0.0,7.0,0.183567072243711
110.0,841.322773444228,fixed_otfs,OTFS,0.0432291666666667,0.0,7.0,0.203742154630527
110.0,841.322773444228,oracle,OTFS,0.0432291666666667,0.0,7.0,0.203742154630527
110.0,851.700323072615,ai_adaptive,OTFS,0.123958333333333,0.0,5.0,0.168574055230538
110.0,851.700323072615,fixed_oddm,ODDM,0.0765625,0.0,6.0,0.172302510267531
110.0,851.700323072615,fixed_otfs,OTFS,0.123958333333333,0.0,5.0,0.168574055230538
110.0,851.700323072615,oracle,ODDM,0.0765625,0.0,6.0,0.172302510267531
120.0,853.182830162384,ai_adaptive,OTFS,0.336458333333333,0.0,5.0,0.145966402082887
120.0,853.182830162384,fixed_oddm,ODDM,0.403298611111111,0.0,4.0,0.12195905031728
120.0,853.182830162384,fixed_otfs,OTFS,0.336458333333333,0.0,5.0,0.145966402082887
120.0,853.182830162384,oracle,OTFS,0.336458333333333,0.0,5.0,0.145966402082887
120.0,872.455422329389,ai_adaptive,OTFS,0.0119791666666667,0.0,10.0,0.270426777389735
120.0,872.455422329389,fixed_oddm,ODDM,0.0125,0.0,10.0,0.244409195136645
120.0,872.455422329389,fixed_otfs,OTFS,0.0119791666666667,0.0,10.0,0.270426777389735
120.0,872.455422329389,oracle,OTFS,0.0119791666666667,0.0,10.0,0.270426777389735
130.0,945.098269728098,ai_adaptive,OTFS,0.2078125,0.0,7.0,0.161266474662588
130.0,945.098269728098,fixed_oddm,ODDM,0.396006944444444,0.0,4.0,0.118513476887931
130.0,945.098269728098,fixed_otfs,OTFS,0.2078125,0.0,7.0,0.161266474662588
130.0,945.098269728098,oracle,OTFS,0.2078125,0.0,7.0,0.161266474662588
130.0,963.629608350217,ai_adaptive,OTFS,0.12065972222222228,0.0,5.833333333333333,0.19140643346647168
130.0,963.629608350217,fixed_oddm,ODDM,0.09270833333333321,0.0,6.5,0.1805215817935615
130.0,963.629608350217,fixed_otfs,OTFS,0.12065972222222228,0.0,5.833333333333333,0.19140643346647168
130.0,963.629608350217,oracle,OTFS,0.12065972222222228,0.0,5.833333333333333,0.19140643346647168
140.0,1556.63244425804,ai_adaptive,OTFS,0.10604166666666666,0.0,6.8,0.18350016736855118
140.0,1556.63244425804,fixed_oddm,ODDM,0.07270833333333337,0.0,7.6,0.1561671578591705
140.0,1556.63244425804,fixed_otfs,OTFS,0.10604166666666666,0.0,6.8,0.18350016736855118
140.0,1556.63244425804,oracle,ODDM,0.0833333333333333,0.0,6.0,0.125423244557417
140.0,1556.63244425804,oracle,OTFS,0.08033854166666658,0.0,7.5,0.20003592444764673
140.0,1572.19876870062,ai_adaptive,OTFS,0.0020833333333333,0.0,13.0,0.290769709257386
140.0,1572.19876870062,fixed_oddm,ODDM,0.003125,0.0,13.0,0.254998583255576
140.0,1572.19876870062,fixed_otfs,OTFS,0.0020833333333333,0.0,13.0,0.290769709257386
140.0,1572.19876870062,oracle,OTFS,0.0020833333333333,0.0,13.0,0.290769709257386
150.0,1637.79970742293,ai_adaptive,OTFS,0.18125,0.0,4.0,0.125804607127513
150.0,1637.79970742293,fixed_oddm,ODDM,0.116145833333333,0.0,5.0,0.106301116332358
150.0,1637.79970742293,fixed_otfs,OTFS,0.18125,0.0,4.0,0.125804607127513
150.0,1637.79970742293,oracle,OTFS,0.18125,0.0,4.0,0.125804607127513
150.0,1672.26799726007,ai_adaptive,OTFS,0.0421875,0.0,7.0,0.192803205894587
150.0,1672.26799726007,fixed_oddm,ODDM,0.03125,0.0,8.0,0.162710261145583
150.0,1672.26799726007,fixed_otfs,OTFS,0.0421875,0.0,7.0,0.192803205894587
150.0,1672.26799726007,oracle,OTFS,0.0421875,0.0,7.0,0.192803205894587
160.0,1732.30953439574,ai_adaptive,OTFS,0.105729166666667,0.0,5.0,0.154456316377014
160.0,1732.30953439574,fixed_oddm,ODDM,0.0776041666666667,0.0,6.0,0.121371619910888
160.0,1732.30953439574,fixed_otfs,OTFS,0.105729166666667,0.0,5.0,0.154456316377014
160.0,1732.30953439574,oracle,OTFS,0.105729166666667,0.0,5.0,0.154456316377014
160.0,1765.66594391555,ai_adaptive,OTFS,0.227604166666667,0.0,4.0,0.112651033310687
160.0,1765.66594391555,fixed_oddm,ODDM,0.188541666666667,0.0,4.0,0.0886801892787035
160.0,1765.66594391555,fixed_otfs,OTFS,0.227604166666667,0.0,4.0,0.112651033310687
160.0,1765.66594391555,oracle,OTFS,0.227604166666667,0.0,4.0,0.112651033310687
160.0,1781.23226835813,ai_adaptive,OTFS,0.132291666666667,0.0,5.0,0.147192771985958
160.0,1781.23226835813,fixed_oddm,ODDM,0.1046875,0.0,5.0,0.11126619915375
160.0,1781.23226835813,fixed_otfs,OTFS,0.132291666666667,0.0,5.0,0.147192771985958
160.0,1781.23226835813,oracle,OTFS,0.132291666666667,0.0,5.0,0.147192771985958
160.0,1785.67978962744,ai_adaptive,OTFS,0.0947916666666667,0.0,5.0,0.140867926478411
160.0,1785.67978962744,fixed_oddm,ODDM,0.0723958333333333,0.0,6.0,0.122472281795847
160.0,1785.67978962744,fixed_otfs,OTFS,0.0947916666666667,0.0,5.0,0.140867926478411
160.0,1785.67978962744,oracle,OTFS,0.0947916666666667,0.0,5.0,0.140867926478411
160.0,1791.23919121408,ai_adaptive,OTFS,0.155729166666667,0.0,4.0,0.1140812153899
160.0,1791.23919121408,fixed_oddm,ODDM,0.0432291666666667,0.0,7.0,0.145688743685102
160.0,1791.23919121408,fixed_otfs,OTFS,0.155729166666667,0.0,4.0,0.1140812153899
160.0,1791.23919121408,oracle,ODDM,0.0432291666666667,0.0,7.0,0.145688743685102
160.0,1829.0431220032,ai_adaptive,OTFS,0.209895833333333,0.0,4.0,0.107928626892388
160.0,1829.0431220032,fixed_oddm,ODDM,0.178645833333333,0.0,4.0,0.0908295005657846
160.0,1829.0431220032,fixed_otfs,OTFS,0.209895833333333,0.0,4.0,0.107928626892388
160.0,1829.0431220032,oracle,OTFS,0.209895833333333,0.0,4.0,0.107928626892388
170.0,1842.38568581113,ai_adaptive,OTFS,0.201041666666667,0.0,4.0,0.120506956862096
170.0,1842.38568581113,fixed_oddm,ODDM,0.158854166666667,0.0,4.0,0.0867782650279241
170.0,1842.38568581113,fixed_otfs,OTFS,0.201041666666667,0.0,4.0,0.120506956862096
170.0,1842.38568581113,oracle,OTFS,0.201041666666667,0.0,4.0,0.120506956862096
170.0,1903.53910326412,ai_adaptive,OTFS,0.107291666666667,0.0,5.0,0.153752066030987
170.0,1903.53910326412,fixed_oddm,ODDM,0.1125,0.0,5.0,0.10931734623605
170.0,1903.53910326412,fixed_otfs,OTFS,0.107291666666667,0.0,5.0,0.153752066030987
170.0,1903.53910326412,oracle,OTFS,0.107291666666667,0.0,5.0,0.153752066030987
170.0,1919.1054277067,ai_adaptive,OTFS,0.0494791666666667,0.0,7.0,0.158531232340286
170.0,1919.1054277067,fixed_oddm,ODDM,0.0213541666666667,0.0,9.0,0.17713240118916
170.0,1919.1054277067,fixed_otfs,OTFS,0.0494791666666667,0.0,7.0,0.158531232340286
170.0,1919.1054277067,oracle,ODDM,0.0213541666666667,0.0,9.0,0.17713240118916
170.0,1929.11235056265,ai_adaptive,OTFS,0.102604166666667,0.0,5.0,0.153504745486089
170.0,1929.11235056265,fixed_oddm,ODDM,0.0760416666666667,0.0,6.0,0.122845365393847
170.0,1929.11235056265,fixed_otfs,OTFS,0.102604166666667,0.0,5.0,0.153504745486089
170.0,1929.11235056265,oracle,OTFS,0.102604166666667,0.0,5.0,0.153504745486089
180.0,1983.59448611168,ai_adaptive,OTFS,0.287326388888889,0.0,6.0,0.152130956041477
180.0,1983.59448611168,fixed_oddm,ODDM,0.393923611111111,0.0,4.0,0.118690862707811
180.0,1983.59448611168,fixed_otfs,OTFS,0.287326388888889,0.0,6.0,0.152130956041477
180.0,1983.59448611168,oracle,OTFS,0.287326388888889,0.0,6.0,0.152130956041477
180.0,1993.60140896762,ai_adaptive,OTFS,0.04375,0.0,7.0,0.185522798274132
180.0,1993.60140896762,fixed_oddm,ODDM,0.0328125,0.0,8.0,0.158693224803518
180.0,1993.60140896762,fixed_otfs,OTFS,0.04375,0.0,7.0,0.185522798274132
180.0,1993.60140896762,oracle,OTFS,0.04375,0.0,7.0,0.185522798274132
180.0,2039.18850197804,ai_adaptive,OTFS,0.0380208333333333,0.0,8.0,0.203244059777577
180.0,2039.18850197804,fixed_oddm,ODDM,0.0375,0.0,8.0,0.157603239257766
180.0,2039.18850197804,fixed_otfs,OTFS,0.0380208333333333,0.0,8.0,0.203244059777577
180.0,2039.18850197804,oracle,OTFS,0.0380208333333333,0.0,8.0,0.203244059777577
180.0,2044.74790356467,ai_adaptive,OTFS,0.0953125,0.0,5.0,0.131758182278234
180.0,2044.74790356467,fixed_oddm,ODDM,0.0854166666666667,0.0,6.0,0.121247563119727
180.0,2044.74790356467,fixed_otfs,OTFS,0.0953125,0.0,5.0,0.131758182278234
180.0,2044.74790356467,oracle,OTFS,0.0953125,0.0,5.0,0.131758182278234
190.0,2090.33499657509,ai_adaptive,OTFS,0.228125,0.0,4.0,0.132674485269319
190.0,2090.33499657509,fixed_oddm,ODDM,0.178645833333333,0.0,4.0,0.0906217601320979
190.0,2090.33499657509,fixed_otfs,OTFS,0.228125,0.0,4.0,0.132674485269319
190.0,2090.33499657509,oracle,OTFS,0.228125,0.0,4.0,0.132674485269319
190.0,2154.82405498006,ai_adaptive,OTFS,0.0234375,0.0,8.0,0.195192908263243
190.0,2154.82405498006,fixed_oddm,ODDM,0.03125,0.0,8.0,0.164916234107274
190.0,2154.82405498006,fixed_otfs,OTFS,0.0234375,0.0,8.0,0.195192908263243
190.0,2154.82405498006,oracle,OTFS,0.0234375,0.0,8.0,0.195192908263243
190.0,2164.83097783601,ai_adaptive,OTFS,0.0729166666666667,0.0,6.0,0.177082660242514
190.0,2164.83097783601,fixed_oddm,ODDM,0.0765625,0.0,6.0,0.172802928359704
190.0,2164.83097783601,fixed_otfs,OTFS,0.0729166666666667,0.0,6.0,0.177082660242514
190.0,2164.83097783601,oracle,OTFS,0.0729166666666667,0.0,6.0,0.177082660242514
200.0,2181.50918259591,ai_adaptive,OTFS,0.232291666666667,0.0,4.0,0.10077188417633
200.0,2181.50918259591,fixed_oddm,ODDM,0.156770833333333,0.0,4.0,0.092235198973379
200.0,2181.50918259591,fixed_otfs,OTFS,0.232291666666667,0.0,4.0,0.10077188417633
200.0,2181.50918259591,oracle,OTFS,0.232291666666667,0.0,4.0,0.10077188417633
200.0,2242.66260004891,ai_adaptive,OTFS,0.0067708333333333,0.0,11.0,0.254565108636183
200.0,2242.66260004891,fixed_oddm,ODDM,0.0130208333333333,0.0,10.0,0.19581970374536
200.0,2242.66260004891,fixed_otfs,OTFS,0.0067708333333333,0.0,11.0,0.254565108636183
200.0,2242.66260004891,oracle,OTFS,0.0067708333333333,0.0,11.0,0.254565108636183
200.0,2254.89328353951,ai_adaptive,OTFS,0.0833333333333333,0.0,6.0,0.163736012510537
200.0,2254.89328353951,fixed_oddm,ODDM,0.0697916666666667,0.0,6.0,0.127836995722211
200.0,2254.89328353951,fixed_otfs,OTFS,0.0833333333333333,0.0,6.0,0.163736012510537
200.0,2254.89328353951,oracle,OTFS,0.0833333333333333,0.0,6.0,0.163736012510537
200.0,2268.23584734743,ai_adaptive,OTFS,0.0010416666666666,0.0,15.0,0.355418028343482
200.0,2268.23584734743,fixed_oddm,ODDM,0.0015625,0.0,14.0,0.321365623726814
200.0,2268.23584734743,fixed_otfs,OTFS,0.0010416666666666,0.0,15.0,0.355418028343482
200.0,2268.23584734743,oracle,OTFS,0.0010416666666666,0.0,15.0,0.355418028343482
200.0,2278.24277020338,ai_adaptive,OTFS,0.0177083333333333,0.0,9.0,0.251116179708512
200.0,2278.24277020338,fixed_oddm,ODDM,0.009375,0.0,11.0,0.25378778941565
200.0,2278.24277020338,fixed_otfs,OTFS,0.0177083333333333,0.0,9.0,0.251116179708512
200.0,2278.24277020338,oracle,ODDM,0.009375,0.0,11.0,0.25378778941565
210.0,2292.69721432863,ai_adaptive,OTFS,0.0036458333333333,0.0,12.0,0.305991401531853
210.0,2292.69721432863,fixed_oddm,ODDM,0.0010416666666666,0.0,15.0,0.334935903008685
210.0,2292.69721432863,fixed_otfs,OTFS,0.0036458333333333,0.0,12.0,0.305991401531853
210.0,2292.69721432863,oracle,ODDM,0.0010416666666666,0.0,15.0,0.334935903008685
210.0,2298.25661591527,ai_adaptive,OTFS,0.0104166666666667,0.0,10.0,0.251417476044918
210.0,2298.25661591527,fixed_oddm,ODDM,0.0046875,0.0,12.0,0.236783514241906
210.0,2298.25661591527,fixed_otfs,OTFS,0.0104166666666667,0.0,10.0,0.251417476044918
210.0,2298.25661591527,oracle,OTFS,0.0104166666666667,0.0,10.0,0.251417476044918
210.0,2300.48037654992,ai_adaptive,OTFS,0.331597222222222,0.0,5.0,0.161371275133915
210.0,2300.48037654992,fixed_oddm,ODDM,0.396354166666667,0.0,4.0,0.127597637590767
210.0,2300.48037654992,fixed_otfs,OTFS,0.331597222222222,0.0,5.0,0.161371275133915
210.0,2300.48037654992,oracle,OTFS,0.331597222222222,0.0,5.0,0.161371275133915
210.0,2302.70413718458,ai_adaptive,OTFS,0.184895833333333,0.0,4.0,0.134344415774329
210.0,2302.70413718458,fixed_oddm,ODDM,0.1125,0.0,5.0,0.106580154417305
210.0,2302.70413718458,fixed_otfs,OTFS,0.184895833333333,0.0,4.0,0.134344415774329
210.0,2302.70413718458,oracle,OTFS,0.184895833333333,0.0,4.0,0.134344415774329
210.0,2303.8160175019,ai_adaptive,OTFS,0.222395833333333,0.0,4.0,0.150109242951004
210.0,2303.8160175019,fixed_oddm,ODDM,0.184895833333333,0.0,4.0,0.136327653137209
210.0,2303.8160175019,fixed_otfs,OTFS,0.222395833333333,0.0,4.0,0.150109242951004
210.0,2303.8160175019,oracle,OTFS,0.222395833333333,0.0,4.0,0.150109242951004
210.0,2318.27046162716,ai_adaptive,OTFS,0.0140625,0.0,10.0,0.234051137362879
210.0,2318.27046162716,fixed_oddm,ODDM,0.0140625,0.0,10.0,0.192802918576039
210.0,2318.27046162716,fixed_otfs,OTFS,0.0140625,0.0,10.0,0.234051137362879
210.0,2318.27046162716,oracle,OTFS,0.0140625,0.0,10.0,0.234051137362879
210.0,2346.06746956034,ai_adaptive,OTFS,0.225520833333333,0.0,4.0,0.137583748244076
210.0,2346.06746956034,fixed_oddm,ODDM,0.165104166666667,0.0,4.0,0.126100211918537
210.0,2346.06746956034,fixed_otfs,OTFS,0.225520833333333,0.0,4.0,0.137583748244076
210.0,2346.06746956034,oracle,OTFS,0.225520833333333,0.0,4.0,0.137583748244076
210.0,2351.62687114697,ai_adaptive,OTFS,0.0729166666666667,0.0,6.0,0.183926097510968
210.0,2351.62687114697,fixed_oddm,ODDM,0.0609375,0.0,7.0,0.18750858421485
210.0,2351.62687114697,fixed_otfs,OTFS,0.0729166666666667,0.0,6.0,0.183926097510968
210.0,2351.62687114697,oracle,ODDM,0.0609375,0.0,7.0,0.18750858421485
210.0,2359.41003336826,ai_adaptive,OTFS,0.0572916666666667,0.0,7.0,0.192873735175597
210.0,2359.41003336826,fixed_oddm,ODDM,0.0723958333333333,0.0,6.0,0.174462544693826
210.0,2359.41003336826,fixed_otfs,OTFS,0.0572916666666667,0.0,7.0,0.192873735175597
210.0,2359.41003336826,oracle,OTFS,0.0572916666666667,0.0,7.0,0.192873735175597
210.0,2362.74567432024,ai_adaptive,OTFS,0.0401041666666667,0.0,7.0,0.213940028224023
210.0,2362.74567432024,fixed_oddm,ODDM,0.0427083333333333,0.0,7.0,0.185332749291109
210.0,2362.74567432024,fixed_otfs,OTFS,0.0401041666666667,0.0,7.0,0.213940028224023
210.0,2362.74567432024,oracle,OTFS,0.0401041666666667,0.0,7.0,0.213940028224023
210.0,2382.75952003213,ai_adaptive,OTFS,0.0182291666666667,0.0,9.0,0.241568864969324
210.0,2382.75952003213,fixed_oddm,ODDM,0.0265625,0.0,8.0,0.2037339107085
210.0,2382.75952003213,fixed_otfs,OTFS,0.0182291666666667,0.0,9.0,0.241568864969324
210.0,2382.75952003213,oracle,OTFS,0.0182291666666667,0.0,9.0,0.241568864969324
220.0,2408.33276733066,ai_adaptive,OTFS,0.0927083333333333,0.0,6.0,0.189541369173848
220.0,2408.33276733066,fixed_oddm,ODDM,0.0572916666666667,0.0,7.0,0.179799584052501
220.0,2408.33276733066,fixed_otfs,OTFS,0.0927083333333333,0.0,6.0,0.189541369173848
220.0,2408.33276733066,oracle,OTFS,0.0927083333333333,0.0,6.0,0.189541369173848
220.0,2411.66840828264,ai_adaptive,OTFS,0.01875,0.0,9.0,0.246169544075099
220.0,2411.66840828264,fixed_oddm,ODDM,0.0067708333333333,0.0,11.0,0.263033365224637
220.0,2411.66840828264,fixed_otfs,OTFS,0.01875,0.0,9.0,0.246169544075099
220.0,2411.66840828264,oracle,ODDM,0.0067708333333333,0.0,11.0,0.263033365224637
220.0,2426.12285240789,ai_adaptive,OTFS,0.169270833333333,0.0,4.0,0.151808872499193
220.0,2426.12285240789,fixed_oddm,ODDM,0.109375,0.0,5.0,0.15701206218268
220.0,2426.12285240789,fixed_otfs,OTFS,0.169270833333333,0.0,4.0,0.151808872499193
220.0,2426.12285240789,oracle,ODDM,0.109375,0.0,5.0,0.15701206218268
220.0,2428.34661304255,ai_adaptive,OTFS,0.412152777777778,0.0,3.0,0.138027153183344
220.0,2428.34661304255,fixed_oddm,ODDM,0.417013888888889,0.0,4.0,0.130392021250394
220.0,2428.34661304255,fixed_otfs,OTFS,0.412152777777778,0.0,3.0,0.138027153183344
220.0,2428.34661304255,oracle,OTFS,0.412152777777778,0.0,3.0,0.138027153183344
220.0,2446.13669811978,ai_adaptive,OTFS,0.0875,0.0,6.0,0.184596321769144
220.0,2446.13669811978,fixed_oddm,ODDM,0.04375,0.0,7.0,0.186985766520975
220.0,2446.13669811978,fixed_otfs,OTFS,0.0875,0.0,6.0,0.184596321769144
220.0,2446.13669811978,oracle,ODDM,0.04375,0.0,7.0,0.186985766520975
220.0,2478.38122732227,ai_adaptive,OTFS,0.0713541666666667,0.0,6.0,0.190851758941137
220.0,2478.38122732227,fixed_oddm,ODDM,0.0567708333333333,0.0,7.0,0.185066773233363
220.0,2478.38122732227,fixed_otfs,OTFS,0.0713541666666667,0.0,6.0,0.190851758941137
220.0,2478.38122732227,oracle,OTFS,0.0713541666666667,0.0,6.0,0.190851758941137
220.0,2485.05250922623,ai_adaptive,OTFS,0.207291666666667,0.0,4.0,0.154623708163266
220.0,2485.05250922623,fixed_oddm,ODDM,0.186458333333333,0.0,4.0,0.132551149571275
220.0,2485.05250922623,fixed_otfs,OTFS,0.207291666666667,0.0,4.0,0.154623708163266
220.0,2485.05250922623,oracle,OTFS,0.207291666666667,0.0,4.0,0.154623708163266
230.0,2506.17823525545,ai_adaptive,OTFS,0.110416666666667,0.0,5.0,0.162087575265775
230.0,2506.17823525545,fixed_oddm,ODDM,0.119791666666667,0.0,5.0,0.151908593638733
230.0,2506.17823525545,fixed_otfs,OTFS,0.110416666666667,0.0,5.0,0.162087575265775
230.0,2506.17823525545,oracle,OTFS,0.110416666666667,0.0,5.0,0.162087575265775
230.0,2511.73763684209,ai_adaptive,OTFS,0.0161458333333333,0.0,10.0,0.257360060680556
230.0,2511.73763684209,fixed_oddm,ODDM,0.025,0.0,8.0,0.213013976531973
230.0,2511.73763684209,fixed_otfs,OTFS,0.0161458333333333,0.0,10.0,0.257360060680556
230.0,2511.73763684209,oracle,OTFS,0.0161458333333333,0.0,10.0,0.257360060680556
230.0,2525.08020065001,ai_adaptive,OTFS,0.0203125,0.0,9.0,0.234437381619024
230.0,2525.08020065001,fixed_oddm,ODDM,0.0182291666666667,0.0,9.0,0.220316703330068
230.0,2525.08020065001,fixed_otfs,OTFS,0.0203125,0.0,9.0,0.234437381619024
230.0,2525.08020065001,oracle,OTFS,0.0203125,0.0,9.0,0.234437381619024
230.0,2530.63960223665,ai_adaptive,OTFS,0.1765625,0.0,4.0,0.160026008376002
230.0,2530.63960223665,fixed_oddm,ODDM,0.13125,0.0,5.0,0.151610051122191
230.0,2530.63960223665,fixed_otfs,OTFS,0.1765625,0.0,4.0,0.160026008376002
230.0,2530.63960223665,oracle,OTFS,0.1765625,0.0,4.0,0.160026008376002
230.0,2552.87720858319,ai_adaptive,OTFS,0.0,900000.0,15.0,0.969732434303605
230.0,2552.87720858319,fixed_oddm,ODDM,0.0057291666666666,0.0,12.0,0.277494867049861
230.0,2552.87720858319,fixed_otfs,OTFS,0.0,900000.0,15.0,0.969732434303605
230.0,2552.87720858319,oracle,OTFS,0.0,900000.0,15.0,0.969732434303605
230.0,2556.21284953517,ai_adaptive,OTFS,0.450694444444444,0.0,2.0,0.115765624458063
230.0,2556.21284953517,fixed_oddm,ODDM,0.442708333333333,0.0,4.0,0.121780955012529
230.0,2556.21284953517,fixed_otfs,OTFS,0.450694444444444,0.0,2.0,0.115765624458063
230.0,2556.21284953517,oracle,ODDM,0.442708333333333,0.0,4.0,0.121780955012529
230.0,2558.43661016983,ai_adaptive,OTFS,0.171875,0.0,4.0,0.15252181349543
230.0,2558.43661016983,fixed_oddm,ODDM,0.1171875,0.0,5.0,0.158065696779164
230.0,2558.43661016983,fixed_otfs,OTFS,0.171875,0.0,4.0,0.15252181349543
230.0,2558.43661016983,oracle,ODDM,0.1171875,0.0,5.0,0.158065696779164
230.0,2577.33857556439,ai_adaptive,OTFS,0.0796875,0.0,6.0,0.188311666103798
230.0,2577.33857556439,fixed_oddm,ODDM,0.0588541666666667,0.0,7.0,0.186259732265069
230.0,2577.33857556439,fixed_otfs,OTFS,0.0796875,0.0,6.0,0.188311666103798
230.0,2577.33857556439,oracle,OTFS,0.0796875,0.0,6.0,0.188311666103798
230.0,2584.00985746835,ai_adaptive,OTFS,0.0,900000.0,15.0,0.974050848376822
230.0,2584.00985746835,fixed_oddm,ODDM,0.0041666666666666,0.0,12.0,0.282950846078781
230.0,2584.00985746835,fixed_otfs,OTFS,0.0,900000.0,15.0,0.974050848376822
230.0,2584.00985746835,oracle,OTFS,0.0,900000.0,15.0,0.974050848376822
230.0,2591.79301968964,ai_adaptive,OTFS,0.0473958333333333,0.0,7.0,0.200930503668518
230.0,2591.79301968964,fixed_oddm,ODDM,0.0557291666666667,0.0,7.0,0.186533962413474
230.0,2591.79301968964,fixed_otfs,OTFS,0.0473958333333333,0.0,7.0,0.200930503668518
230.0,2591.79301968964,oracle,OTFS,0.0473958333333333,0.0,7.0,0.200930503668518
240.0,2621.81378825747,ai_adaptive,OTFS,0.0036458333333333,0.0,12.0,0.305002715353409
240.0,2621.81378825747,fixed_oddm,ODDM,0.0,898245.614035088,15.0,0.952909540316712
240.0,2621.81378825747,fixed_otfs,OTFS,0.0036458333333333,0.0,12.0,0.305002715353409
240.0,2621.81378825747,oracle,ODDM,0.0,898245.614035088,15.0,0.952909540316712
240.0,2624.03754889213,ai_adaptive,OTFS,0.0541666666666667,0.0,7.0,0.208937891917096
240.0,2624.03754889213,fixed_oddm,ODDM,0.0734375,0.0,6.0,0.167850742611738
240.0,2624.03754889213,fixed_otfs,OTFS,0.0541666666666667,0.0,7.0,0.208937891917096
240.0,2624.03754889213,oracle,OTFS,0.0541666666666667,0.0,7.0,0.208937891917096
240.0,2650.72267650798,ai_adaptive,OTFS,0.226822916666667,0.0,5.0,0.158701852378757
240.0,2650.72267650798,fixed_oddm,ODDM,0.315885416666667,0.0,5.0,0.140099786342847
240.0,2650.72267650798,fixed_otfs,OTFS,0.226822916666667,0.0,5.0,0.158701852378757
240.0,2650.72267650798,oracle,OTFS,0.226822916666667,0.0,5.0,0.158701852378757
240.0,2657.39395841194,ai_adaptive,OTFS,0.0703125,0.0,6.0,0.195687994688143
240.0,2657.39395841194,fixed_oddm,ODDM,0.0578125,0.0,7.0,0.187180917643733
240.0,2657.39395841194,fixed_otfs,OTFS,0.0703125,0.0,6.0,0.195687994688143
240.0,2657.39395841194,oracle,OTFS,0.0703125,0.0,6.0,0.195687994688143
240.0,2664.06524031591,ai_adaptive,OTFS,0.1515625,0.0,4.0,0.156002968977517
240.0,2664.06524031591,fixed_oddm,ODDM,0.107291666666667,0.0,5.0,0.145842000874203
240.0,2664.06524031591,fixed_otfs,OTFS,0.1515625,0.0,4.0,0.156002968977517
240.0,2664.06524031591,oracle,OTFS,0.1515625,0.0,4.0,0.156002968977517
240.0,2689.63848761443,ai_adaptive,OTFS,0.2390625,0.0,3.0,0.128100889591756
240.0,2689.63848761443,fixed_oddm,ODDM,0.167708333333333,0.0,4.0,0.137885397653807
240.0,2689.63848761443,fixed_otfs,OTFS,0.2390625,0.0,3.0,0.128100889591756
240.0,2689.63848761443,oracle,ODDM,0.167708333333333,0.0,4.0,0.137885397653807
240.0,2704.09293173969,ai_adaptive,OTFS,0.0,900000.0,15.0,0.971692446269272
240.0,2704.09293173969,fixed_oddm,ODDM,0.0046875,0.0,12.0,0.274329793660182
240.0,2704.09293173969,fixed_otfs,OTFS,0.0,900000.0,15.0,0.971692446269272
240.0,2704.09293173969,oracle,OTFS,0.0,900000.0,15.0,0.971692446269272
240.0,2717.43549554761,ai_adaptive,OTFS,0.117708333333333,0.0,5.0,0.168104879290664
240.0,2717.43549554761,fixed_oddm,ODDM,0.0791666666666667,0.0,6.0,0.169627782444832
240.0,2717.43549554761,fixed_otfs,OTFS,0.117708333333333,0.0,5.0,0.168104879290664
240.0,2717.43549554761,oracle,ODDM,0.0791666666666667,0.0,6.0,0.169627782444832
240.0,2721.88301681692,ai_adaptive,OTFS,0.155208333333333,0.0,6.0,0.176958298608764
240.0,2721.88301681692,fixed_oddm,ODDM,0.281770833333333,0.0,5.0,0.141239983016966
240.0,2721.88301681692,fixed_otfs,OTFS,0.155208333333333,0.0,6.0,0.176958298608764
240.0,2721.88301681692,oracle,OTFS,0.155208333333333,0.0,6.0,0.176958298608764
250.0,2736.33746094217,ai_adaptive,OTFS,0.0036458333333333,0.0,12.0,0.303563673328856
250.0,2736.33746094217,fixed_oddm,ODDM,0.0020833333333333,0.0,13.0,0.307816430946053
250.0,2736.33746094217,fixed_otfs,OTFS,0.0036458333333333,0.0,12.0,0.303563673328856
250.0,2736.33746094217,oracle,ODDM,0.0020833333333333,0.0,13.0,0.307816430946053
250.0,2763.02258855803,ai_adaptive,OTFS,0.0911458333333333,0.0,6.0,0.189665021240504
250.0,2763.02258855803,fixed_oddm,ODDM,0.0567708333333333,0.0,7.0,0.17666767896647
250.0,2763.02258855803,fixed_otfs,OTFS,0.0911458333333333,0.0,6.0,0.189665021240504
250.0,2763.02258855803,oracle,OTFS,0.0911458333333333,0.0,6.0,0.189665021240504
250.0,2779.70079331793,ai_adaptive,OTFS,0.0557291666666667,0.0,7.75,0.22078319073594418
250.0,2779.70079331793,fixed_oddm,ODDM,0.04613715277777778,0.0,7.916666666666667,0.20250801080835634
250.0,2779.70079331793,fixed_otfs,OTFS,0.0557291666666667,0.0,7.75,0.22078319073594418
250.0,2779.70079331793,oracle,ODDM,0.0005208333333333,0.0,15.0,0.349492634377269
250.0,2779.70079331793,oracle,OTFS,0.060653409090909126,0.0,7.181818181818182,0.20940524300743693
250.0,2819.72848474171,ai_adaptive,OTFS,0.130208333333333,0.0,5.0,0.172059192907513
250.0,2819.72848474171,fixed_oddm,ODDM,0.111979166666667,0.0,5.0,0.155192128600611
250.0,2819.72848474171,fixed_otfs,OTFS,0.130208333333333,0.0,5.0,0.172059192907513
250.0,2819.72848474171,oracle,OTFS,0.130208333333333,0.0,5.0,0.172059192907513
260.0,2845.30173204024,ai_adaptive,OTFS,0.2421875,0.0,5.0,0.145618668312859
260.0,2845.30173204024,fixed_oddm,ODDM,0.337760416666667,0.0,4.0,0.123958508083563
260.0,2845.30173204024,fixed_otfs,OTFS,0.2421875,0.0,5.0,0.145618668312859
260.0,2845.30173204024,oracle,OTFS,0.2421875,0.0,5.0,0.145618668312859
260.0,2858.64429584816,ai_adaptive,OTFS,0.170833333333333,0.0,4.0,0.157622412025825
260.0,2858.64429584816,fixed_oddm,ODDM,0.111979166666667,0.0,5.0,0.155611688771135
260.0,2858.64429584816,fixed_otfs,OTFS,0.170833333333333,0.0,4.0,0.157622412025825
260.0,2858.64429584816,oracle,OTFS,0.170833333333333,0.0,4.0,0.157622412025825
260.0,2864.2036974348,ai_adaptive,OTFS,0.0515625,0.0,7.0,0.205297025227457
260.0,2864.2036974348,fixed_oddm,ODDM,0.0401041666666667,0.0,7.0,0.192561780459417
260.0,2864.2036974348,fixed_otfs,OTFS,0.0515625,0.0,7.0,0.205297025227457
260.0,2864.2036974348,oracle,OTFS,0.0515625,0.0,7.0,0.205297025227457
260.0,2874.21062029074,ai_adaptive,OTFS,0.375868055555556,0.0,4.0,0.14318811892653
260.0,2874.21062029074,fixed_oddm,ODDM,0.401909722222222,0.0,4.0,0.126005344532185
260.0,2874.21062029074,fixed_otfs,OTFS,0.375868055555556,0.0,4.0,0.14318811892653
260.0,2874.21062029074,oracle,OTFS,0.375868055555556,0.0,4.0,0.14318811892653
260.0,2878.65814156005,ai_adaptive,OTFS,0.0598958333333333,0.0,7.0,0.198275806481994
260.0,2878.65814156005,fixed_oddm,ODDM,0.065625,0.0,6.0,0.1692162897325
260.0,2878.65814156005,fixed_otfs,OTFS,0.0598958333333333,0.0,7.0,0.198275806481994
260.0,2878.65814156005,oracle,OTFS,0.0598958333333333,0.0,7.0,0.198275806481994
260.0,2883.10566282936,ai_adaptive,OTFS,0.207291666666667,0.0,4.0,0.147167731940827
260.0,2883.10566282936,fixed_oddm,ODDM,0.168229166666667,0.0,4.0,0.127120707360105
260.0,2883.10566282936,fixed_otfs,OTFS,0.207291666666667,0.0,4.0,0.147167731940827
260.0,2883.10566282936,oracle,OTFS,0.207291666666667,0.0,4.0,0.147167731940827
260.0,2896.44822663729,ai_adaptive,OTFS,0.1671875,0.0,4.0,0.162406343401521
260.0,2896.44822663729,fixed_oddm,ODDM,0.122395833333333,0.0,5.0,0.149282594734874
260.0,2896.44822663729,fixed_otfs,OTFS,0.1671875,0.0,4.0,0.162406343401521
260.0,2896.44822663729,oracle,OTFS,0.1671875,0.0,4.0,0.162406343401521
260.0,2924.24523457047,ai_adaptive,OTFS,0.0510416666666667,0.0,7.0,0.18906817376893
260.0,2924.24523457047,fixed_oddm,ODDM,0.0703125,0.0,6.0,0.17099046352729
260.0,2924.24523457047,fixed_otfs,OTFS,0.0510416666666667,0.0,7.0,0.18906817376893
260.0,2924.24523457047,oracle,OTFS,0.0510416666666667,0.0,7.0,0.18906817376893
260.0,2929.8046361571,ai_adaptive,OTFS,0.0989583333333333,0.0,5.0,0.149902492835414
260.0,2929.8046361571,fixed_oddm,ODDM,0.053125,0.0,7.0,0.140586039469256
260.0,2929.8046361571,fixed_otfs,OTFS,0.0989583333333333,0.0,5.0,0.149902492835414
260.0,2929.8046361571,oracle,OTFS,0.0989583333333333,0.0,5.0,0.149902492835414
260.0,2938.69967869572,ai_adaptive,OTFS,0.0578125,0.0,7.0,0.198754696337103
260.0,2938.69967869572,fixed_oddm,ODDM,0.0677083333333333,0.0,6.0,0.169147263519489
260.0,2938.69967869572,fixed_otfs,OTFS,0.0578125,0.0,7.0,0.198754696337103
260.0,2938.69967869572,oracle,OTFS,0.0578125,0.0,7.0,0.198754696337103
270.0,2963.16104567692,ai_adaptive,OTFS,0.2234375,0.0,4.0,0.149844434814888
270.0,2963.16104567692,fixed_oddm,ODDM,0.194270833333333,0.0,4.0,0.133319854601223
270.0,2963.16104567692,fixed_otfs,OTFS,0.2234375,0.0,4.0,0.149844434814888
270.0,2963.16104567692,oracle,OTFS,0.2234375,0.0,4.0,0.149844434814888
270.0,2964.27292599425,ai_adaptive,OTFS,0.2546875,0.0,3.0,0.136483282716162
270.0,2964.27292599425,fixed_oddm,ODDM,0.196354166666667,0.0,4.0,0.121060893674244
270.0,2964.27292599425,fixed_otfs,OTFS,0.2546875,0.0,3.0,0.136483282716162
270.0,2964.27292599425,oracle,OTFS,0.2546875,0.0,3.0,0.136483282716162
270.0,2966.4966866289,ai_adaptive,OTFS,0.241666666666667,0.0,3.0,0.141643969331617
270.0,2966.4966866289,fixed_oddm,ODDM,0.159375,0.0,4.0,0.140015600538946
270.0,2966.4966866289,fixed_otfs,OTFS,0.241666666666667,0.0,3.0,0.141643969331617
270.0,2966.4966866289,oracle,OTFS,0.241666666666667,0.0,3.0,0.141643969331617
270.0,2973.16796853286,ai_adaptive,OTFS,0.096875,0.0,5.0,0.173026855603104
270.0,2973.16796853286,fixed_oddm,ODDM,0.05625,0.0,7.0,0.184055032049389
270.0,2973.16796853286,fixed_otfs,OTFS,0.096875,0.0,5.0,0.173026855603104
270.0,2973.16796853286,oracle,ODDM,0.05625,0.0,7.0,0.184055032049389
270.0,2992.06993392742,ai_adaptive,OTFS,0.35234375,0.0,3.0,0.129315839485617
270.0,2992.06993392742,fixed_oddm,ODDM,0.380989583333333,0.0,4.0,0.113445520239416
270.0,2992.06993392742,fixed_otfs,OTFS,0.35234375,0.0,3.0,0.129315839485617
270.0,2992.06993392742,oracle,OTFS,0.35234375,0.0,3.0,0.129315839485617
270.0,2994.29369456208,ai_adaptive,OTFS,0.0135416666666667,0.0,10.0,0.257961080405117
270.0,2994.29369456208,fixed_oddm,ODDM,0.0197916666666667,0.0,9.0,0.226827053899564
270.0,2994.29369456208,fixed_otfs,OTFS,0.0135416666666667,0.0,10.0,0.257961080405117
270.0,2994.29369456208,oracle,OTFS,0.0135416666666667,0.0,10.0,0.257961080405117
270.0,2999.85309614871,ai_adaptive,OTFS,0.131770833333333,0.0,7.0,0.192865835869484
270.0,2999.85309614871,fixed_oddm,ODDM,0.227604166666667,0.0,6.0,0.150250053686136
270.0,2999.85309614871,fixed_otfs,OTFS,0.131770833333333,0.0,7.0,0.192865835869484
270.0,2999.85309614871,oracle,OTFS,0.131770833333333,0.0,7.0,0.192865835869484
270.0,3026.53822376457,ai_adaptive,OTFS,0.110416666666667,0.0,5.0,0.155057077625573
270.0,3026.53822376457,fixed_oddm,ODDM,0.0744791666666667,0.0,6.0,0.173001549004558
270.0,3026.53822376457,fixed_otfs,OTFS,0.110416666666667,0.0,5.0,0.155057077625573
270.0,3026.53822376457,oracle,ODDM,0.0744791666666667,0.0,6.0,0.173001549004558
280.0,3063.23027423636,ai_adaptive,OTFS,0.257291666666667,0.0,3.0,0.138471935764423
280.0,3063.23027423636,fixed_oddm,ODDM,0.204166666666667,0.0,4.0,0.13388521792494
280.0,3063.23027423636,fixed_otfs,OTFS,0.257291666666667,0.0,3.0,0.138471935764423
280.0,3063.23027423636,oracle,OTFS,0.257291666666667,0.0,3.0,0.138471935764423
280.0,3097.69856407351,ai_adaptive,OTFS,0.152604166666667,0.0,4.0,0.156710217830436
280.0,3097.69856407351,fixed_oddm,ODDM,0.117708333333333,0.0,5.0,0.15020492898244
280.0,3097.69856407351,fixed_otfs,OTFS,0.152604166666667,0.0,4.0,0.156710217830436
280.0,3097.69856407351,oracle,OTFS,0.152604166666667,0.0,4.0,0.156710217830436
280.0,3117.71240978539,ai_adaptive,OTFS,0.0963541666666667,0.0,5.0,0.145680231640622
280.0,3117.71240978539,fixed_oddm,ODDM,0.0645833333333333,0.0,6.0,0.127479423667827
280.0,3117.71240978539,fixed_otfs,OTFS,0.0963541666666667,0.0,5.0,0.145680231640622
280.0,3117.71240978539,oracle,OTFS,0.0963541666666667,0.0,5.0,0.145680231640622
280.0,3145.50941771857,ai_adaptive,OTFS,0.322135416666667,0.0,4.0,0.133460464595999
280.0,3145.50941771857,fixed_oddm,ODDM,0.370833333333333,0.0,4.0,0.126928200040202
280.0,3145.50941771857,fixed_otfs,OTFS,0.322135416666667,0.0,4.0,0.133460464595999
280.0,3145.50941771857,oracle,OTFS,0.322135416666667,0.0,4.0,0.133460464595999
290.0,3169.97078469977,ai_adaptive,OTFS,0.0697916666666667,0.0,6.0,0.195552646036116
290.0,3169.97078469977,fixed_oddm,ODDM,0.0572916666666667,0.0,7.0,0.185199551734945
290.0,3169.97078469977,fixed_otfs,OTFS,0.0697916666666667,0.0,6.0,0.195552646036116
290.0,3169.97078469977,oracle,OTFS,0.0697916666666667,0.0,6.0,0.195552646036116
290.0,3171.0826650171,ai_adaptive,OTFS,0.0317708333333333,0.0,8.0,0.195015110022921
290.0,3171.0826650171,fixed_oddm,ODDM,0.0171875,0.0,9.0,0.184135319324624
290.0,3171.0826650171,fixed_otfs,OTFS,0.0317708333333333,0.0,8.0,0.195015110022921
290.0,3171.0826650171,oracle,OTFS,0.0317708333333333,0.0,8.0,0.195015110022921
290.0,3192.20839104632,ai_adaptive,OTFS,0.235243055555556,0.0,7.0,0.161990540191008
290.0,3192.20839104632,fixed_oddm,ODDM,0.386979166666667,0.0,4.0,0.126254740264443
290.0,3192.20839104632,fixed_otfs,OTFS,0.235243055555556,0.0,7.0,0.161990540191008
290.0,3192.20839104632,oracle,OTFS,0.235243055555556,0.0,7.0,0.161990540191008
290.0,3217.78163834484,ai_adaptive,OTFS,0.0171875,0.0,9.0,0.255555954635831
290.0,3217.78163834484,fixed_oddm,ODDM,0.009375,0.0,11.0,0.259271174328101
290.0,3217.78163834484,fixed_otfs,OTFS,0.0171875,0.0,9.0,0.255555954635831
290.0,3217.78163834484,oracle,ODDM,0.009375,0.0,11.0,0.259271174328101
290.0,3247.80240691267,ai_adaptive,OTFS,0.0041666666666666,0.0,12.0,0.30369407326483
290.0,3247.80240691267,fixed_oddm,ODDM,0.0041666666666666,0.0,12.0,0.279811644849016
290.0,3247.80240691267,fixed_otfs,OTFS,0.0041666666666666,0.0,12.0,0.30369407326483
290.0,3247.80240691267,oracle,OTFS,0.0041666666666666,0.0,12.0,0.30369407326483
290.0,3268.92813294189,ai_adaptive,OTFS,0.248697916666667,0.0,5.0,0.155992627548735
290.0,3268.92813294189,fixed_oddm,ODDM,0.336197916666667,0.0,4.0,0.124124373798273
290.0,3268.92813294189,fixed_otfs,OTFS,0.248697916666667,0.0,5.0,0.155992627548735
290.0,3268.92813294189,oracle,OTFS,0.248697916666667,0.0,5.0,0.155992627548735
290.0,3270.04001325922,ai_adaptive,OTFS,0.2546875,0.0,3.0,0.140766530233142
290.0,3270.04001325922,fixed_oddm,ODDM,0.206770833333333,0.0,4.0,0.13734680555894
290.0,3270.04001325922,fixed_otfs,OTFS,0.2546875,0.0,3.0,0.140766530233142
290.0,3270.04001325922,oracle,OTFS,0.2546875,0.0,3.0,0.140766530233142
300.0,3301.17266214438,ai_adaptive,OTFS,0.0505208333333333,0.0,7.0,0.210727030511444
300.0,3301.17266214438,fixed_oddm,ODDM,0.040625,0.0,7.0,0.18753248078794
300.0,3301.17266214438,fixed_otfs,OTFS,0.0505208333333333,0.0,7.0,0.210727030511444
300.0,3301.17266214438,oracle,OTFS,0.0505208333333333,0.0,7.0,0.210727030511444
300.0,3304.50830309636,ai_adaptive,OTFS,0.0729166666666667,0.0,6.0,0.151872961196949
300.0,3304.50830309636,fixed_oddm,ODDM,0.0473958333333333,0.0,7.0,0.141312426391653
300.0,3304.50830309636,fixed_otfs,OTFS,0.0729166666666667,0.0,6.0,0.151872961196949
300.0,3304.50830309636,oracle,OTFS,0.0729166666666667,0.0,6.0,0.151872961196949
300.0,3306.73206373101,ai_adaptive,OTFS,0.0161458333333333,0.0,10.0,0.254038768571158
300.0,3306.73206373101,fixed_oddm,ODDM,0.0104166666666667,0.0,10.0,0.248467736162303
300.0,3306.73206373101,fixed_otfs,OTFS,0.0161458333333333,0.0,10.0,0.254038768571158
300.0,3306.73206373101,oracle,OTFS,0.0161458333333333,0.0,10.0,0.254038768571158
300.0,3318.96274722161,ai_adaptive,OTFS,0.225694444444444,0.0,7.0,0.18295537102197
300.0,3318.96274722161,fixed_oddm,ODDM,0.398263888888889,0.0,4.0,0.121301889227489
300.0,3318.96274722161,fixed_otfs,OTFS,0.225694444444444,0.0,7.0,0.18295537102197
300.0,3318.96274722161,oracle,OTFS,0.225694444444444,0.0,7.0,0.18295537102197
300.0,3323.41026849092,ai_adaptive,OTFS,0.03125,0.0,8.0,0.231316117737505
300.0,3323.41026849092,fixed_oddm,ODDM,0.0140625,0.0,10.0,0.243704787337221
300.0,3323.41026849092,fixed_otfs,OTFS,0.03125,0.0,8.0,0.231316117737505
300.0,3323.41026849092,oracle,ODDM,0.0140625,0.0,10.0,0.243704787337221
300.0,3340.08847325083,ai_adaptive,OTFS,0.0505208333333333,0.0,9.0,0.214599476810734
300.0,3340.08847325083,fixed_oddm,ODDM,0.175260416666667,0.0,6.0,0.153059931792838
300.0,3340.08847325083,fixed_otfs,OTFS,0.0505208333333333,0.0,9.0,0.214599476810734
300.0,3340.08847325083,oracle,OTFS,0.0505208333333333,0.0,9.0,0.214599476810734
300.0,3341.20035356816,ai_adaptive,OTFS,0.200520833333333,0.0,4.0,0.159183897680721
300.0,3341.20035356816,fixed_oddm,ODDM,0.152604166666667,0.0,4.0,0.140911726456374
300.0,3341.20035356816,fixed_otfs,OTFS,0.200520833333333,0.0,4.0,0.159183897680721
300.0,3341.20035356816,oracle,OTFS,0.200520833333333,0.0,4.0,0.159183897680721
300.0,3344.53599452014,ai_adaptive,OTFS,0.06875,0.0,6.0,0.187089779025344
300.0,3344.53599452014,fixed_oddm,ODDM,0.065625,0.0,6.0,0.172464128012913
300.0,3344.53599452014,fixed_otfs,OTFS,0.06875,0.0,6.0,0.187089779025344
300.0,3344.53599452014,oracle,OTFS,0.06875,0.0,6.0,0.187089779025344
300.0,3351.2072764241,ai_adaptive,OTFS,0.0645833333333333,0.0,6.0,0.189138491892524
300.0,3351.2072764241,fixed_oddm,ODDM,0.0604166666666667,0.0,7.0,0.162565382728465
300.0,3351.2072764241,fixed_otfs,OTFS,0.0645833333333333,0.0,6.0,0.189138491892524
300.0,3351.2072764241,oracle,OTFS,0.0645833333333333,0.0,6.0,0.189138491892524
300.0,3357.87855832806,ai_adaptive,OTFS,0.0213541666666667,0.0,9.0,0.18874516398595
300.0,3357.87855832806,fixed_oddm,ODDM,0.0182291666666667,0.0,9.0,0.174194888812493
300.0,3357.87855832806,fixed_otfs,OTFS,0.0213541666666667,0.0,9.0,0.18874516398595
300.0,3357.87855832806,oracle,OTFS,0.0213541666666667,0.0,9.0,0.18874516398595
300.0,3360.10231896272,ai_adaptive,OTFS,0.1859375,0.0,4.0,0.141432734374847
300.0,3360.10231896272,fixed_oddm,ODDM,0.121354166666667,0.0,5.0,0.147315280729229
300.0,3360.10231896272,fixed_otfs,OTFS,0.1859375,0.0,4.0,0.141432734374847
300.0,3360.10231896272,oracle,ODDM,0.121354166666667,0.0,5.0,0.147315280729229
300.0,3368.99736150134,ai_adaptive,OTFS,0.1390625,0.0,5.0,0.16497211382844
300.0,3368.99736150134,fixed_oddm,ODDM,0.133333333333333,0.0,5.0,0.154017649526093
300.0,3368.99736150134,fixed_otfs,OTFS,0.1390625,0.0,5.0,0.16497211382844
300.0,3368.99736150134,oracle,OTFS,0.1390625,0.0,5.0,0.16497211382844
300.0,3379.00428435728,ai_adaptive,OTFS,0.2484375,0.0,3.0,0.147983190285546
300.0,3379.00428435728,fixed_oddm,ODDM,0.194791666666667,0.0,4.0,0.136084959778113
300.0,3379.00428435728,fixed_otfs,OTFS,0.2484375,0.0,3.0,0.147983190285546
300.0,3379.00428435728,oracle,OTFS,0.2484375,0.0,3.0,0.147983190285546
310.0,3421.25573641571,ai_adaptive,OTFS,0.0546875,0.0,7.0,0.202764275100535
310.0,3421.25573641571,fixed_oddm,ODDM,0.0776041666666667,0.0,6.0,0.166104326414881
310.0,3421.25573641571,fixed_otfs,OTFS,0.0546875,0.0,7.0,0.202764275100535
310.0,3421.25573641571,oracle,OTFS,0.0546875,0.0,7.0,0.202764275100535
310.0,3446.82898371424,ai_adaptive,OTFS,0.236805555555556,0.0,7.0,0.186227123386385
310.0,3446.82898371424,fixed_oddm,ODDM,0.377951388888889,0.0,4.0,0.129847252922225
310.0,3446.82898371424,fixed_otfs,OTFS,0.236805555555556,0.0,7.0,0.186227123386385
310.0,3446.82898371424,oracle,OTFS,0.236805555555556,0.0,7.0,0.186227123386385
310.0,3475.73787196474,ai_adaptive,OTFS,0.0651041666666667,0.0,6.0,0.186676692574238
310.0,3475.73787196474,fixed_oddm,ODDM,0.0729166666666667,0.0,6.0,0.170816291906192
310.0,3475.73787196474,fixed_otfs,OTFS,0.0651041666666667,0.0,6.0,0.186676692574238
310.0,3475.73787196474,oracle,OTFS,0.0651041666666667,0.0,6.0,0.186676692574238
320.0,3545.78633195636,ai_adaptive,OTFS,0.09375,0.0,5.0,0.14405812106508
320.0,3545.78633195636,fixed_oddm,ODDM,0.0588541666666667,0.0,7.0,0.140291690253846
320.0,3545.78633195636,fixed_otfs,OTFS,0.09375,0.0,5.0,0.14405812106508
320.0,3545.78633195636,oracle,OTFS,0.09375,0.0,5.0,0.14405812106508
320.0,3575.80710052419,ai_adaptive,OTFS,0.142708333333333,0.0,5.0,0.166593550507275
320.0,3575.80710052419,fixed_oddm,ODDM,0.0932291666666667,0.0,5.0,0.159907479828543
320.0,3575.80710052419,fixed_otfs,OTFS,0.142708333333333,0.0,5.0,0.166593550507275
320.0,3575.80710052419,oracle,OTFS,0.142708333333333,0.0,5.0,0.166593550507275
320.0,3599.15658718806,ai_adaptive,OTFS,0.0333333333333333,0.0,8.0,0.207370631566505
320.0,3599.15658718806,fixed_oddm,ODDM,0.0317708333333333,0.0,8.0,0.160503121138568
320.0,3599.15658718806,fixed_otfs,OTFS,0.0333333333333333,0.0,8.0,0.207370631566505
320.0,3599.15658718806,oracle,OTFS,0.0333333333333333,0.0,8.0,0.207370631566505
330.0,3635.84863765986,ai_adaptive,OTFS,0.0,900000.0,15.0,0.979918457289587
330.0,3635.84863765986,fixed_oddm,ODDM,0.0010416666666666,0.0,15.0,0.334707771739354
330.0,3635.84863765986,fixed_otfs,OTFS,0.0,900000.0,15.0,0.979918457289587
330.0,3635.84863765986,oracle,OTFS,0.0,900000.0,15.0,0.979918457289587
330.0,3641.40803924649,ai_adaptive,OTFS,0.0796875,0.0,6.0,0.189943945616053
330.0,3641.40803924649,fixed_oddm,ODDM,0.0541666666666667,0.0,7.0,0.186036439175602
330.0,3641.40803924649,fixed_otfs,OTFS,0.0796875,0.0,6.0,0.189943945616053
330.0,3641.40803924649,oracle,OTFS,0.0796875,0.0,6.0,0.189943945616053
330.0,3674.76444876631,ai_adaptive,OTFS,0.205729166666667,0.0,4.0,0.154494751647229
330.0,3674.76444876631,fixed_oddm,ODDM,0.159375,0.0,4.0,0.137152580258472
330.0,3674.76444876631,fixed_otfs,OTFS,0.205729166666667,0.0,4.0,0.154494751647229
330.0,3674.76444876631,oracle,OTFS,0.205729166666667,0.0,4.0,0.154494751647229
340.0,3732.58222526732,ai_adaptive,OTFS,0.075,0.0,6.0,0.17200504697224
340.0,3732.58222526732,fixed_oddm,ODDM,0.0489583333333333,0.0,7.0,0.143467961951507
340.0,3732.58222526732,fixed_otfs,OTFS,0.075,0.0,6.0,0.17200504697224
340.0,3732.58222526732,oracle,OTFS,0.075,0.0,6.0,0.17200504697224
340.0,3764.82675446981,ai_adaptive,OTFS,0.286284722222222,0.0,6.0,0.149703264343169
340.0,3764.82675446981,fixed_oddm,ODDM,0.400347222222222,0.0,4.0,0.121736464975584
340.0,3764.82675446981,fixed_otfs,OTFS,0.286284722222222,0.0,6.0,0.149703264343169
340.0,3764.82675446981,oracle,OTFS,0.286284722222222,0.0,6.0,0.149703264343169
340.0,3767.05051510446,ai_adaptive,OTFS,0.0885416666666667,0.0,6.0,0.191300001340877
340.0,3767.05051510446,fixed_oddm,ODDM,0.0875,0.0,6.0,0.168993289298483
340.0,3767.05051510446,fixed_otfs,OTFS,0.0885416666666667,0.0,6.0,0.191300001340877
340.0,3767.05051510446,oracle,OTFS,0.0885416666666667,0.0,6.0,0.191300001340877
340.0,3771.49803637377,ai_adaptive,OTFS,0.0942708333333333,0.0,5.0,0.155876531561811
340.0,3771.49803637377,fixed_oddm,ODDM,0.0677083333333333,0.0,6.0,0.174762126599795
340.0,3771.49803637377,fixed_otfs,OTFS,0.0942708333333333,0.0,5.0,0.155876531561811
340.0,3771.49803637377,oracle,ODDM,0.0677083333333333,0.0,6.0,0.174762126599795
340.0,3787.06436081635,ai_adaptive,OTFS,0.04375,0.0,7.0,0.184573458187711
340.0,3787.06436081635,fixed_oddm,ODDM,0.04375,0.0,7.0,0.148518350210045
340.0,3787.06436081635,fixed_otfs,OTFS,0.04375,0.0,7.0,0.184573458187711
340.0,3787.06436081635,oracle,OTFS,0.04375,0.0,7.0,0.184573458187711
340.0,3789.28812145101,ai_adaptive,OTFS,0.160416666666667,0.0,4.0,0.147447395614684
340.0,3789.28812145101,fixed_oddm,ODDM,0.0942708333333333,0.0,5.0,0.153950282919674
340.0,3789.28812145101,fixed_otfs,OTFS,0.160416666666667,0.0,4.0,0.147447395614684
340.0,3789.28812145101,oracle,ODDM,0.0942708333333333,0.0,5.0,0.153950282919674
340.0,3804.85444589359,ai_adaptive,OTFS,0.0,900000.0,15.0,0.977347673101409
340.0,3804.85444589359,fixed_oddm,ODDM,0.0052083333333333,0.0,12.0,0.278273081222683
340.0,3804.85444589359,fixed_otfs,OTFS,0.0,900000.0,15.0,0.977347673101409
340.0,3804.85444589359,oracle,OTFS,0.0,900000.0,15.0,0.977347673101409
350.0,3891.58111064511,ai_adaptive,OTFS,0.0703124999999999,0.0,8.0,0.21825632531390335
350.0,3891.58111064511,fixed_oddm,ODDM,0.03559027777777777,0.0,9.666666666666666,0.22393022579241664
350.0,3891.58111064511,fixed_otfs,OTFS,0.0703124999999999,0.0,8.0,0.21825632531390335
350.0,3891.58111064511,oracle,ODDM,0.0231770833333333,0.0,11.0,0.266076411336949
350.0,3891.58111064511,oracle,OTFS,0.122395833333333,0.0,5.0,0.15113524743953
