frame,scenario_id,environment,snr_db,speed_kmph,predicted_OTFS_BER,actual_BER_OTFS,predicted_ODDM_BER,actual_BER_ODDM,predicted_OTFS_throughput,actual_TP_OTFS,predicted_ODDM_throughput,actual_TP_ODDM,predicted_OTFS_CQI,CQI_OTFS_from_trace,predicted_OTFS_ACS,actual_ACS_OTFS,predicted_ODDM_ACS,actual_ACS_ODDM
1,A,Urban,12.48,21.3,0.0145797654576751,0.0,0.0098113511034688,0.0,310186.850361867,900000,413614.079122941,898245.614035088,11.9611111111111,15,0.513281730591352,0.972769620784313,0.562569180503778,0.956894467248858
2,A,Urban,12.81,23.3,1.60050362889454e-11,0.0,4.697581314654879e-11,0.0,844728.265107213,900000,773969.24481495,898245.614035088,14.7355555555556,15,0.921752484106741,0.976876303993106,0.849949596070165,0.95981461616372
3,A,Urban,13.49,24.9,1.60050362889454e-11,0.0130208333333333,4.6975813146549e-11,0.0140625,844728.265107213,0,773969.24481495,0.0,14.7355555555556,10,0.921752484106741,0.265343487092863,0.849949596070165,0.238523755998537
4,A,Urban,14.48,26.1,1.60050362889454e-11,0.003125,4.6975813146549e-11,0.0072916666666666,844728.265107213,0,773969.24481495,0.0,14.7355555555556,11,0.921752484106741,0.323237169492676,0.849949596070166,0.260681096894572
5,A,Urban,15.69,26.5,1.60050362889453e-11,0.0140625,4.697581314654879e-11,0.0098958333333333,844728.265107213,0,773969.24481495,0.0,14.7355555555556,10,0.921752484106741,0.257299098970032,0.849949596070165,0.24341007131326
6,A,Urban,16.98,26.2,1.60050362889454e-11,0.0,4.697581314654879e-11,0.0,844728.265107213,900000,773969.24481495,898245.614035088,14.7355555555556,15,0.921752484106741,0.981001450535067,0.849949596070165,0.95015288824884
7,A,Urban,17.99,25.1,1.2093249352128999e-12,0.0,1.13508575077838e-12,0.0,892380.701754386,900000,896729.957805912,898245.614035088,15.0,15,0.984908457255531,0.97310648625598,0.962899811389603,0.95860563983944
8,A,Urban,17.95,23.2,1.2093249352128999e-12,0.0,1.13508575077838e-12,0.0020833333333333,892380.701754386,900000,896729.957805912,0.0,15.0,15,0.98490845725553,0.970232096899639,0.962899811389603,0.306742856542132
9,A,Urban,17.71,20.7,1.2093249352128999e-12,0.0,1.13508575077838e-12,0.0,892380.701754386,900000,896729.957805912,898245.614035088,15.0,15,0.984908457255531,0.985418992920233,0.962899811389603,0.949237100250932
10,A,Urban,17.31,17.9,5.2360438190589394e-11,0.0,1.03730753347302e-10,0.0,834261.798876722,900000,771636.713226322,898245.614035088,14.4244444444445,15,0.910620191598478,0.977244410207071,0.839256547557364,0.956271310687877
11,A,Urban,16.76,14.9,5.2360438190589394e-11,0.0182291666666667,1.03730753347302e-10,0.0234375,834261.798876723,0,771636.713226322,0.0,14.4244444444445,9,0.910620191598478,0.24432565210682,0.839256547557364,0.210162934067888
12,A,Urban,16.1,12.1,5.2360438190589594e-11,0.0,1.03730753347302e-10,0.0,834261.798876723,900000,771636.713226322,898245.614035088,14.4244444444444,15,0.910620191598478,0.979013689676581,0.839256547557364,0.956586025713417
13,A,Urban,15.38,10.0,1.4499379098689198e-11,0.0010416666666666,2.5831039516042798e-11,0.0020833333333333,844255.950923506,0,796587.980282853,0.0,14.5022222222222,15,0.935420416458171,0.358155518559951,0.862322948000425,0.308778750029991
14,A,Urban,14.62,10.0,1.4499379098689399e-11,0.0098958333333333,2.5831039516042798e-11,0.0229166666666667,844255.950923506,0,796587.980282853,0.0,14.5022222222222,10,0.935420416458171,0.260479499350868,0.862322948000425,0.224317647976432
15,A,Urban,13.9,10.0,1.4499379098689399e-11,0.0,2.5831039516042798e-11,0.0,844255.950923506,900000,796587.980282853,898245.614035088,14.5022222222222,15,0.935420416458171,0.979221004176704,0.862322948000425,0.960036351991687
16,A,Urban,12.46,10.0,0.0061324526706133,0.0005208333333333,0.0043334822059102,0.0,337410.431602104,0,457790.475865094,898245.614035088,13.1477777777778,15,0.527448940131215,0.372660150186243,0.581100923659027,0.959540787070665
17,A,Urban,10.92,10.0,0.0061324526706133,0.0046875,0.0043334822059102,0.00625,337410.431602104,0,457790.475865093,0.0,13.1477777777778,11,0.527448940131215,0.305930160961986,0.581100923659027,0.266711214119824
18,A,Urban,9.76,10.0,0.0061324526706133,0.0026041666666666,0.0043334822059102,0.0057291666666666,337410.431602104,0,457790.475865093,0.0,13.1477777777778,12,0.527448940131215,0.324240543066245,0.581100923659027,0.279826477977323
19,A,Urban,9.11,10.0,0.0061324526706133,0.0010416666666666,0.0043334822059102,0.0010416666666666,337410.431602104,0,457790.475865093,0.0,13.1477777777778,15,0.527448940131215,0.361500537563665,0.581100923659027,0.339405007045208
20,A,Urban,9.05,11.5,0.0146356717678279,0.0,0.0098890781563627,0.0,328355.46084187,900000,441721.865385091,898245.614035088,11.9611111111111,15,0.513246478085519,0.976423505838167,0.562521520584469,0.961081670199167
21,A,Highway,6.57,107.2,0.115905396534928,0.078125,0.0718286999315828,0.0755208333333333,0.0,0,0.0,0.0,5.92111111111111,6,0.191045833092901,0.190290124631171,0.183940396529006,0.168787394439827
22,A,Highway,7.62,114.9,0.035115937512543,0.123958333333333,0.0159947208320513,0.0765625,42753.0214424951,0,29909.2620114606,0.0,10.5911111111111,5,0.282693574239715,0.168574055230538,0.274929722572643,0.172302510267531
23,A,Highway,9.08,117.7,0.0351344254206609,0.0119791666666667,0.0159947208320513,0.0125,42786.3547758285,0,29909.2620114606,0.0,10.5911111111111,10,0.283173395388683,0.270426777389735,0.275059660007022,0.244409195136645
24,A,Highway,10.55,113.5,0.035115937512543,0.0432291666666667,0.0159947208320513,0.0432291666666667,42753.0214424951,0,29909.2620114606,0.0,10.5911111111111,7,0.282693574239715,0.203742154630527,0.274929722572643,0.183567072243711
25,A,Highway,11.25,104.2,0.0352042533867221,0.0,0.0162435694942628,0.0,61886.3547758285,900000,33901.4647405054,898245.614035088,10.5877777777778,15,0.291545002357323,0.986179730540268,0.276884469335508,0.953216180005156
26,A,Highway,12.0,95.0,0.0359391741671502,0.0,0.0163583193773473,0.0,52117.738791423,900000,34899.5154227666,898245.614035088,10.4666666666667,15,0.287183560066303,0.985453787904977,0.277868591745459,0.951667979002309
27,A,Highway,12.75,90.8,0.0013203734171181,0.0010416666666666,0.0009678507842818,0.0015625,603735.204450594,0,507378.649940876,0.0,13.2844444444444,15,0.671270419409611,0.366732680891252,0.616589954255022,0.313175608126984
28,A,Highway,13.45,93.5,0.0013203734171181,0.0057291666666666,0.0009678507842818,0.0125,603735.204450594,0,502217.357658997,0.0,13.2888888888889,12,0.67226103676767,0.300063953828474,0.615443930566442,0.239195247258817
29,A,Highway,14.05,101.3,0.0008711377510194,0.0328125,0.0008863819417465,0.0291666666666667,607564.839584626,0,515196.589168475,0.0,13.3122222222222,8,0.675394006347358,0.222012823812773,0.622922282077125,0.206801565342489
30,A,Highway,14.53,109.0,0.0013270971886565,0.0072916666666666,0.0010322474330465,0.0046875,614185.680771224,0,567711.783976873,0.0,13.2533333333333,11,0.670609809543005,0.278262260035973,0.647640096181935,0.281393067748892
31,A,Highway,14.85,111.8,0.0013266270325574,0.0,0.0010270851179558,0.0,614185.680771224,900000,566747.941068727,898245.614035088,13.2533333333333,15,0.670576485008735,0.976910226444845,0.646251448518855,0.957222875887149
32,A,Highway,14.99,107.5,0.0013306111234799,0.0046875,0.0010172220050978,0.0119791666666667,614185.680771224,0,567711.783976873,0.0,13.2533333333333,12,0.670502759328568,0.302387135094372,0.648262939935292,0.243093691262874
33,A,Highway,14.17,98.3,0.0013460720799943,0.0,0.0010246430572806,0.0005208333333333,614285.680771224,900000,563753.789021943,0.0,13.2544444444444,15,0.670228564283132,0.978060775997322,0.647169256470321,0.3439851898791
34,A,Highway,12.95,89.1,0.0013203734171181,0.0,0.0009678507842818,0.0,603735.204450594,900000,507378.649940876,898245.614035088,13.2888888888889,15,0.671270419409611,0.985422843098788,0.616589954255022,0.950152294102773
35,A,Highway,11.79,84.8,0.0359345234981924,0.194270833333333,0.0161929217562594,0.1046875,51119.6881091618,0,33901.4647405054,0.0,10.4644444444444,4,0.287123934035524,0.149716555242709,0.277187374006456,0.153073346756239
36,A,Highway,10.82,87.6,0.0352431737892935,0.0010416666666666,0.0162435694942628,0.0036458333333333,59886.3547758285,0,33901.4647405054,0.0,10.5877777777778,15,0.291545002357323,0.362674714118942,0.276884469335508,0.285705154363866
37,A,Highway,10.15,95.4,0.0352431737892935,0.119791666666667,0.0162435694942628,0.107291666666667,59886.3547758285,0,33901.4647405054,0.0,10.5877777777778,5,0.291545002357323,0.172931612007741,0.276884469335508,0.14794559008488
38,A,Highway,9.8,103.1,0.0351799537753901,0.0088541666666666,0.0159762378397604,0.0067708333333333,39753.0214424951,0,29909.2620114606,0.0,10.5788888888889,11,0.280743850698566,0.282014043752287,0.274678304115675,0.262434710352169
39,A,Highway,9.78,105.9,0.0355868941090686,0.0473958333333333,0.0162161175689901,0.0177083333333333,55117.738791423,0,34899.5154227666,0.0,10.4666666666667,7,0.287183560066303,0.203765506539748,0.277871121245463,0.227153893803438
40,A,Highway,10.03,101.6,0.0352042533867221,0.0510416666666667,0.0162435694942628,0.0411458333333333,61886.3547758285,0,33901.4647405054,0.0,10.5877777777778,7,0.291545002357323,0.210456676945518,0.276884469335508,0.186951972964866
41,A,Highway,10.24,92.4,0.0352431737892935,0.0104166666666667,0.0162435694942628,0.0052083333333333,59886.3547758285,0,33901.4647405054,0.0,10.5877777777778,10,0.291545002357323,0.272155655185501,0.276884469335508,0.272803317125485
42,A,Highway,9.69,83.2,0.0361170327925943,0.0010416666666666,0.0162358421631866,0.0,44351.0721247563,0,34899.5154227666,898245.614035088,10.3822222222222,15,0.283774809384852,0.365338336296619,0.278506824188756,0.949749940543391
43,A,Highway,9.29,78.9,0.0371491376618519,0.0,0.0176605188996602,0.0,79168.8109161793,900000,72761.7988767223,898245.614035088,10.9066666666667,15,0.323497900765173,0.983358321180617,0.320295178549157,0.956698046501503
44,A,Highway,9.05,81.7,0.0361170327925943,0.0119791666666667,0.0162221147767749,0.0098958333333333,46286.3547758285,0,33901.4647405054,0.0,10.3822222222222,10,0.284550002694428,0.261273876486862,0.277079057653751,0.247992217395071
45,A,Highway,9.01,89.4,0.0352431737892935,0.0072916666666666,0.0162435694942628,0.0104166666666667,59886.3547758285,0,33901.4647405054,0.0,10.5877777777778,11,0.291545002357323,0.280241976368692,0.276884469335508,0.248072829679469
46,A,Urban,12.15,53.4,0.129376797254301,0.121354166666667,0.219208410388934,0.294791666666667,1000.0,0,0.0,0.0,7.88111111111111,7,0.207175155548603,0.18800175745338,0.155686571523078,0.139591896430392
47,A,Urban,12.47,54.4,0.128999229035987,0.107552083333333,0.219208410388934,0.252604166666667,1000.0,0,0.0,0.0,7.87111111111111,7,0.207156761795423,0.186517349509618,0.155637374648826,0.13934376572597
48,A,Urban,12.95,54.6,0.0475124591175533,0.04765625,0.102564931967235,0.187239583333333,317598.050682261,0,45163.9651438452,0.0,11.13,9,0.373946837865548,0.22076108324395,0.228922053050531,0.155715451189333
49,A,Urban,13.55,53.7,0.0475124591175533,0.113802083333333,0.102564931967235,0.24921875,317598.050682261,0,45163.9651438452,0.0,11.13,7,0.373946837865548,0.197952535426739,0.228922053050531,0.142773519521707
50,A,Urban,13.48,51.4,0.0475124591175534,0.0153645833333333,0.102564931967235,0.129427083333333,317598.050682261,0,45163.9651438452,0.0,11.13,11,0.373946837865548,0.261434125220195,0.228922053050531,0.174084770862307
51,A,Urban,13.23,47.6,0.0473301370137475,0.00234375,0.102564931967235,0.0322916666666667,317598.050682261,0,45163.9651438452,0.0,11.13,15,0.373946837865548,0.344180086052854,0.228922053050531,0.220068021398021
52,A,Urban,13.22,42.7,0.0473301370137475,0.270833333333333,0.102564931967235,0.36875,317598.050682261,0,45163.9651438452,0.0,11.13,5,0.373946837865548,0.156510608328816,0.228922053050531,0.125085708150862
53,A,Urban,13.51,37.1,0.0537883057767886,0.158854166666667,0.0962131443880103,0.267708333333333,514439.5766545,0,115077.248026482,0.0,11.5033333333333,6,0.413391931463622,0.164766935249398,0.241870571626388,0.132692410507958
54,A,Urban,14.1,31.5,0.0537883057767886,0.0635416666666667,0.0962131443880103,0.208072916666667,514439.5766545,0,115077.248026482,0.0,11.5033333333333,8,0.413391931463622,0.198325887346815,0.241870571626388,0.15466942715031
55,A,Urban,14.96,26.5,0.0534494934233632,0.15234375,0.095220780534493,0.26171875,514439.5766545,0,115077.248026482,0.0,11.5211111111111,7,0.413893777827318,0.181880158233967,0.241870571626388,0.138339982247714
56,A,Urban,16.01,22.7,0.0534494934233632,0.0182291666666667,0.095220780534493,0.120052083333333,514439.5766545,0,115077.248026482,0.0,11.5211111111111,11,0.413893777827318,0.263493206290428,0.241870571626388,0.173300954305166
57,A,Urban,17.13,20.4,0.0534494934233632,0.0072916666666666,0.095220780534493,0.07421875,514439.5766545,0,115077.248026482,0.0,11.5211111111111,13,0.413893777827318,0.305261685410377,0.241870571626388,0.189333514591456
58,A,Urban,17.95,19.5,0.0019137057552476,0.0010416666666666,0.0131587872304127,0.0174479166666667,1246720.12200793,0,1157901.29391422,0.0,12.6466666666667,15,0.636582893306475,0.360417997474535,0.587826470546055,0.241213675472235
59,A,Urban,17.71,19.8,0.0199832587714523,0.0002604166666666,0.0461710647427336,0.0057291666666666,1217789.48469302,0,1151410.62539503,0.0,12.6466666666667,15,0.608666368934223,0.381982867026471,0.552695227390069,0.28581294400335
60,A,Urban,17.31,20.7,0.0534494934233632,0.0002604166666666,0.095220780534493,0.00703125,514439.5766545,0,115077.248026482,0.0,11.5211111111111,15,0.413893777827318,0.3880781667407,0.241870571626388,0.275574693730394
1,B,HighSpeedRail,5.48,211.5,0.116015264023397,0.0729166666666667,0.0718769044928024,0.0609375,0.0,0,0.0,0.0,5.55666666666667,6,0.186812465046837,0.183926097510968,0.181565685194028,0.18750858421485
2,B,HighSpeedRail,5.81,220.0,0.116015264023397,0.0875,0.0718769044928024,0.04375,0.0,0,0.0,0.0,5.55666666666667,6,0.186812465046837,0.184596321769144,0.181565685194028,0.186985766520975
3,B,HighSpeedRail,6.49,227.6,0.115349853256272,0.1765625,0.0717852936542416,0.13125,0.0,0,0.0,0.0,5.56333333333334,4,0.186952985350039,0.160026008376002,0.181679967202261,0.151610051122191
4,B,HighSpeedRail,7.48,233.1,0.115349853256272,0.0473958333333333,0.0717852936542415,0.0557291666666667,0.0,0,0.0,0.0,5.56333333333334,7,0.186952985350039,0.200930503668518,0.181679967202261,0.186533962413474
5,B,HighSpeedRail,8.69,236.0,0.0319129009491968,0.0541666666666667,0.0146320648179593,0.0734375,153900.0,0,26000.0,0.0,10.3511111111111,7,0.343828912897201,0.208937891917096,0.264758957099573,0.167850742611738
6,B,HighSpeedRail,9.98,235.8,0.0319129009491968,0.0036458333333333,0.0146320648179593,0.0,153900.0,0,26000.0,898245.614035088,10.3511111111111,12,0.343828912897201,0.305002715353409,0.264758957099573,0.952909540316712
7,B,HighSpeedRail,10.99,232.4,0.0319129009491968,0.0,0.0146320648179593,0.0041666666666666,153900.0,900000,26000.0,0.0,10.3511111111111,15,0.343828912897201,0.974050848376822,0.264758957099573,0.282950846078781
8,B,HighSpeedRail,10.95,225.9,0.0319129009491968,0.0161458333333333,0.0146320648179593,0.025,153900.0,0,26000.0,0.0,10.3511111111111,10,0.343828912897201,0.257360060680556,0.264758957099573,0.213013976531973
9,B,HighSpeedRail,10.71,216.9,0.0319660447287724,0.01875,0.0146320648179593,0.0067708333333333,150900.0,0,26000.0,0.0,10.3511111111111,9,0.341994644673874,0.246169544075099,0.264692258827805,0.263033365224637
10,B,HighSpeedRail,10.31,206.2,0.0319660447287724,0.0036458333333333,0.0146320648179593,0.0010416666666666,150900.0,0,26000.0,0.0,10.3511111111111,12,0.341994644673874,0.305991401531853,0.264692258827805,0.334935903008685
11,B,HighSpeedRail,9.76,194.7,0.0320367645390459,0.0729166666666667,0.0146482414386338,0.0765625,149900.0,0,26000.0,0.0,10.3511111111111,6,0.340898301242098,0.177082660242514,0.264666269612664,0.172802928359704
12,B,HighSpeedRail,9.1,183.4,0.032036764539046,0.0380208333333333,0.0146482414386338,0.0375,149900.0,0,26000.0,0.0,10.3511111111111,8,0.340898301242098,0.203244059777577,0.264666269612664,0.157603239257766
13,B,HighSpeedRail,8.38,173.5,0.0325353934320596,0.102604166666667,0.0146572985704654,0.0760416666666667,144900.0,0,27996.1013645224,0.0,10.1577777777778,5,0.333547471051641,0.153504745486089,0.264082689986401,0.122845365393847
14,B,HighSpeedRail,7.62,165.7,0.0325353934320596,0.201041666666667,0.0146572985704654,0.158854166666667,144900.0,0,27996.1013645224,0.0,10.1577777777778,4,0.333547471051641,0.120506956862096,0.264082689986401,0.0867782650279241
15,B,HighSpeedRail,6.9,160.6,0.116024648489115,0.0947916666666667,0.0717270549631761,0.0723958333333333,0.0,0,0.0,0.0,5.56,5,0.186837428130109,0.140867926478411,0.181630545762428,0.122472281795847
16,B,HighSpeedRail,5.46,158.8,0.116024648489115,0.227604166666667,0.0717270549631762,0.188541666666667,0.0,0,0.0,0.0,5.56,4,0.186837428130109,0.112651033310687,0.181630545762428,0.0886801892787035
17,B,HighSpeedRail,3.92,160.2,0.116024648489116,0.132291666666667,0.0717270549631761,0.1046875,0.0,0,0.0,0.0,5.56,5,0.186837428130109,0.147192771985958,0.181630545762428,0.11126619915375
18,B,HighSpeedRail,2.76,164.5,0.116024648489115,0.209895833333333,0.0717270549631762,0.178645833333333,0.0,0,0.0,0.0,5.56,4,0.186837428130109,0.107928626892388,0.181630545762428,0.0908295005657846
19,B,HighSpeedRail,2.11,171.2,0.253740339343441,0.107291666666667,0.198077410130053,0.1125,0.0,0,0.0,0.0,3.52333333333333,5,0.152550565066091,0.153752066030987,0.141730693904966,0.10931734623605
20,B,HighSpeedRail,2.05,179.3,0.254057929186951,0.04375,0.198896983456365,0.0328125,0.0,0,0.0,0.0,3.52111111111111,7,0.152237865569442,0.185522798274132,0.141417799634665,0.158693224803518
21,B,HighSpeedRail,2.57,188.0,0.116015264023397,0.228125,0.0719019069027552,0.178645833333333,0.0,0,0.0,0.0,5.55666666666667,4,0.186837428130109,0.132674485269319,0.181565685194028,0.0906217601320979
22,B,HighSpeedRail,3.62,196.2,0.116015264023397,0.232291666666667,0.0719019069027552,0.156770833333333,0.0,0,0.0,0.0,5.55666666666667,4,0.186837428130109,0.10077188417633,0.181565685194028,0.092235198973379
23,B,HighSpeedRail,5.08,202.8,0.116015264023397,0.0833333333333333,0.0718769044928025,0.0697916666666667,0.0,0,0.0,0.0,5.55666666666667,6,0.186836246871574,0.163736012510537,0.181565685194028,0.127836995722211
24,B,HighSpeedRail,6.55,207.1,0.116015264023397,0.184895833333333,0.0718769044928025,0.1125,0.0,0,0.0,0.0,5.55666666666667,4,0.186812465046837,0.134344415774329,0.181565685194028,0.106580154417305
25,B,HighSpeedRail,7.25,208.5,0.116015264023397,0.0140625,0.0718769044928024,0.0140625,0.0,0,0.0,0.0,5.55666666666667,10,0.186812465046837,0.234051137362879,0.181565685194028,0.192802918576039
26,B,HighSpeedRail,8.0,206.7,0.0319660447287724,0.0104166666666667,0.0146320648179593,0.0046875,150900.0,0,26000.0,0.0,10.3511111111111,10,0.341994644673874,0.251417476044918,0.264692258827805,0.236783514241906
27,B,HighSpeedRail,8.75,201.7,0.0319660447287724,0.0067708333333333,0.0146320648179593,0.0130208333333333,150900.0,0,26000.0,0.0,10.3511111111111,11,0.341994644673874,0.254565108636183,0.264692258827805,0.19581970374536
28,B,HighSpeedRail,9.45,193.8,0.032036764539046,0.0234375,0.0146482414386338,0.03125,149900.0,0,26000.0,0.0,10.3511111111111,8,0.340898301242098,0.195192908263243,0.264666269612664,0.164916234107274
29,B,HighSpeedRail,10.05,183.9,0.032036764539046,0.0953125,0.0146482414386338,0.0854166666666667,149900.0,0,26000.0,0.0,10.3511111111111,5,0.340898301242098,0.131758182278234,0.264666269612664,0.121247563119727
30,B,HighSpeedRail,10.53,172.6,0.0325353934320595,0.0494791666666667,0.0146572985704654,0.0213541666666667,144900.0,0,27996.1013645224,0.0,10.1577777777778,7,0.333547471051641,0.158531232340286,0.264082689986401,0.17713240118916
31,B,HighSpeedRail,10.85,161.1,0.0325353934320596,0.155729166666667,0.0146572985704654,0.0432291666666667,144900.0,0,27996.1013645224,0.0,10.1577777777778,4,0.333547471051641,0.1140812153899,0.264082689986401,0.145688743685102
32,B,HighSpeedRail,10.99,150.4,0.0325353934320596,0.0421875,0.0146572985704654,0.03125,144900.0,0,27996.1013645224,0.0,10.1577777777778,7,0.333547471051641,0.192803205894587,0.264082689986401,0.162710261145583
33,B,HighSpeedRail,10.17,141.4,0.0327918413068121,0.0020833333333333,0.0147563412689489,0.003125,143900.0,0,27996.1013645224,0.0,10.1666666666667,13,0.333607616299916,0.290769709257386,0.26405670077126,0.254998583255576
34,B,HighSpeedRail,8.95,140.0,0.0327918413068121,0.0015625,0.0147563412689489,0.0010416666666666,143900.0,0,27996.1013645224,0.0,10.1666666666667,14,0.333607616299916,0.326070959024727,0.26405670077126,0.293952567353152
35,B,HighSpeedRail,7.79,140.0,0.0327918413068121,0.208854166666667,0.0147563412689489,0.0833333333333333,143900.0,0,27996.1013645224,0.0,10.1666666666667,4,0.333607616299916,0.117357139052169,0.26405670077126,0.125423244557417
36,B,HighSpeedRail,6.82,140.0,0.116024648489115,0.0739583333333333,0.0717270549631762,0.0557291666666667,0.0,0,0.0,0.0,5.56,6,0.186837428130109,0.175201840320346,0.181630545762428,0.141103748808342
37,B,HighSpeedRail,6.15,140.0,0.116024648489116,0.177083333333333,0.0717270549631762,0.157291666666667,0.0,0,0.0,0.0,5.56,4,0.186837428130109,0.124149826809388,0.181630545762428,0.0926625599348356
38,B,HighSpeedRail,5.8,140.0,0.116024648489115,0.06875,0.0717270549631761,0.0661458333333333,0.0,0,0.0,0.0,5.56,6,0.186837428130109,0.174721071636126,0.181630545762428,0.127693668642106
39,B,HighSpeedRail,5.78,147.3,0.116159474734435,0.18125,0.0705660110174467,0.116145833333333,0.0,0,0.0,0.0,5.59777777777779,4,0.187521092793653,0.125804607127513,0.182804530362053,0.106301116332358
40,B,HighSpeedRail,6.03,155.8,0.116024648489115,0.105729166666667,0.0717270549631762,0.0776041666666667,0.0,0,0.0,0.0,5.56,5,0.186837428130109,0.154456316377014,0.181630545762428,0.121371619910888
41,B,Urban,13.24,26.1,0.0534494934233632,0.154166666666667,0.0952207805344929,0.311979166666667,514439.5766545,0,115077.248026482,0.0,11.5211111111111,7,0.413893777827318,0.140299706795954,0.241870571626388,0.0860281284610832
42,B,Urban,12.69,34.1,0.0537883057767886,0.0013020833333333,0.0962131443880103,0.0125,514439.5766545,0,115077.248026482,0.0,11.5033333333333,15,0.413391931463622,0.319786116447791,0.241870571626388,0.213177036444256
43,B,Urban,12.29,40.0,0.126849490583341,0.0190104166666667,0.20750084576063,0.119270833333333,1996.10136452242,0,1996.10136452242,0.0,8.27888888888888,11,0.212053370064481,0.206802817659012,0.158978138730957,0.125943460886212
44,B,Urban,12.05,42.3,0.129576864204684,0.0052083333333333,0.219138446720344,0.0630208333333333,1000.0,0,0.0,0.0,7.88444444444445,13,0.207193549301783,0.265199288064994,0.155743181880872,0.150251444228699
45,B,Urban,12.01,41.7,0.129576864204684,0.05859375,0.219138446720344,0.225,1000.0,0,0.0,0.0,7.88444444444444,9,0.207193549301783,0.18505146482279,0.155743181880872,0.10129658056783
46,B,Urban,12.15,39.8,0.126037404260435,0.146614583333333,0.20766727498263,0.320572916666667,1996.10136452242,0,1996.10136452242,0.0,8.24555555555555,7,0.211848836113785,0.152033437407733,0.158890630365373,0.0873084317784968
47,B,Urban,12.47,39.1,0.125348442272147,0.0533854166666667,0.207659677207081,0.214322916666667,1000.0,0,0.0,0.0,8.26111111111111,9,0.212209351356745,0.189131582597812,0.158819248903182,0.109048325892844
48,B,Urban,12.95,41.5,0.0473301370137475,0.01015625,0.102564931967235,0.0955729166666667,317598.050682261,0,45163.9651438452,0.0,11.13,12,0.373946837865548,0.254473237689629,0.228922053050531,0.130679963128349
49,B,Urban,13.55,47.3,0.0473301370137475,0.10859375,0.102564931967235,0.252864583333333,317598.050682261,0,45163.9651438452,0.0,11.13,7,0.373946837865548,0.156622532982829,0.228922053050531,0.0942723757325394
50,B,Urban,13.48,55.4,0.0475124591175533,0.01796875,0.102564931967235,0.138802083333333,317598.050682261,0,45163.9651438452,0.0,11.13,11,0.373946837865548,0.234417613125993,0.228922053050531,0.124080144941871
51,B,HighSpeedRail,6.23,335.7,0.11526739249948,0.075,0.0712410620417112,0.0489583333333333,0.0,0,0.0,0.0,5.45444444444444,6,0.185793334807399,0.17200504697224,0.181549099754393,0.143467961951507
52,B,HighSpeedRail,6.22,350.0,0.11526739249948,0.122395833333333,0.0712410620417112,0.0604166666666667,0.0,0,0.0,0.0,5.45444444444444,5,0.185793334807399,0.15113524743953,0.181549099754393,0.139637854703352
53,B,HighSpeedRail,6.51,297.2,0.115275938764658,0.0729166666666667,0.0708824019015146,0.0473958333333333,0.0,0,0.0,0.0,5.54,6,0.186768291044413,0.151872961196949,0.181778411669823,0.141312426391653
54,B,HighSpeedRail,7.1,318.9,0.115275938764658,0.09375,0.0708824019015146,0.0588541666666667,0.0,0,0.0,0.0,5.54,5,0.186768291044413,0.14405812106508,0.181778411669823,0.140291690253846
55,B,HighSpeedRail,7.96,340.6,0.0320453551200762,0.04375,0.0146412316919288,0.04375,177966.666666667,0,29000.0,0.0,10.4766666666667,7,0.35724783775085,0.184573458187711,0.267076124285522,0.148518350210045
56,B,HighSpeedRail,9.01,280.4,0.0320453551200762,0.0963541666666667,0.0146412316919288,0.0645833333333333,177966.666666667,0,29000.0,0.0,10.4766666666667,5,0.35724783775085,0.145680231640622,0.267076124285522,0.127479423667827
57,B,HighSpeedRail,10.13,302.0,0.0320453551200762,0.0213541666666667,0.0146412316919288,0.0182291666666667,177966.666666667,0,29000.0,0.0,10.4766666666667,9,0.35724783775085,0.18874516398595,0.267076124285522,0.174194888812493
58,B,HighSpeedRail,10.95,323.7,0.0320453551200762,0.0333333333333333,0.0146412316919288,0.0317708333333333,177966.666666667,0,29000.0,0.0,10.4766666666667,8,0.35724783775085,0.207370631566505,0.267076124285522,0.160503121138568
59,B,HighSpeedRail,10.71,263.5,0.0320453551200762,0.0989583333333333,0.0146412316919288,0.053125,177966.666666667,0,29000.0,0.0,10.4766666666667,5,0.35724783775085,0.149902492835414,0.267076124285522,0.140586039469256
60,B,HighSpeedRail,10.31,285.2,0.0320453551200762,0.0317708333333333,0.0146412316919288,0.0171875,177966.666666667,0,29000.0,0.0,10.4766666666667,8,0.35724783775085,0.195015110022921,0.267076124285522,0.184135319324624
1,C,Pedestrian,17.48,2.2,0.001068673331553,0.0,0.0017890732755805,0.0,630102.734549237,900000,613733.220967597,898245.614035088,13.0166666666666,15,0.68706773840058,0.975042940981484,0.651315705136593,0.957253119491038
2,C,Pedestrian,17.81,3.1,1.1105670004288299e-11,0.0,1.4593135997569101e-09,0.0,866094.786381729,900000,800112.335555978,898245.614035088,15.0,15,0.94955380228353,0.988535143797917,0.862538013348054,0.968112006664641
3,C,Pedestrian,18.49,3.6,1.1105670004288299e-11,0.0,1.4593135997569101e-09,0.0,866094.786381729,900000,800112.335555978,898245.614035088,15.0,15,0.94955380228353,0.989334883578221,0.862538013348054,0.968097248264241
4,C,Pedestrian,19.48,3.5,1.1105670004288299e-11,0.0,1.4593135997569101e-09,0.0,866094.786381729,900000,800112.335555978,898245.614035088,15.0,15,0.94955380228353,0.987972658239618,0.862538013348054,0.966190905792468
5,C,Pedestrian,20.69,2.8,1.1105670004288299e-11,0.0015625,1.4593135997569101e-09,0.0005208333333333,866094.786381729,0,800112.335555978,0.0,15.0,14,0.94955380228353,0.344191017357868,0.862538013348054,0.353675638860044
6,C,Pedestrian,21.98,1.8,1.1105670004288299e-11,0.0,1.4593135997569101e-09,0.0,866094.786381729,900000,800112.335555978,898245.614035088,15.0,15,0.94955380228353,0.981640716606262,0.862538013348054,0.958437408367342
7,C,Pedestrian,22.99,0.9,1.1105670004288399e-11,0.0,1.4593135997569101e-09,0.0,866094.786381729,900000,800112.335555978,898245.614035088,15.0,15,0.94955380228353,0.978753181566853,0.862538013348054,0.958450870321529
8,C,Pedestrian,22.95,0.4,1.1105670004288299e-11,0.0,1.4593135997569101e-09,0.0,866094.786381729,900000,800112.335555978,898245.614035088,15.0,15,0.94955380228353,0.980097312950302,0.862538013348054,0.958725420638596
9,C,Pedestrian,22.71,0.6,1.1105670004288299e-11,0.0,1.4593135997569101e-09,0.0,866094.786381729,900000,800112.335555978,898245.614035088,15.0,15,0.94955380228353,0.983179909642657,0.862538013348054,0.962214303266888
10,C,Pedestrian,22.31,1.2,1.1105670004288299e-11,0.0,1.4593135997569101e-09,0.0,866094.786381729,900000,800112.335555978,898245.614035088,15.0,15,0.94955380228353,0.980978070279418,0.862538013348054,0.961971277697478
11,C,Pedestrian,21.76,2.1,1.1105670004288399e-11,0.0,1.4593135997569101e-09,0.0,866094.786381729,900000,800112.335555978,898245.614035088,15.0,15,0.94955380228353,0.979118841960891,0.862538013348054,0.961025926314684
12,C,Pedestrian,21.1,2.9,1.1105670004288299e-11,0.0,1.4593135997569101e-09,0.0,866094.786381729,900000,800112.335555978,898245.614035088,15.0,15,0.94955380228353,0.981645067304412,0.862538013348054,0.962156012358949
13,C,Pedestrian,20.38,3.2,1.1105670004288299e-11,0.0,1.4593135997569101e-09,0.0,866094.786381729,900000,800112.335555978,898245.614035088,15.0,15,0.94955380228353,0.981736041799983,0.862538013348054,0.962690884607816
14,C,Pedestrian,19.62,2.9,1.1105670004288299e-11,0.0,1.4593135997569101e-09,0.0,866094.786381729,900000,800112.335555978,898245.614035088,15.0,15,0.94955380228353,0.981615012331088,0.862538013348054,0.959408017160574
15,C,Pedestrian,18.9,2.1,1.1105670004288299e-11,0.0,1.4593135997569101e-09,0.0,866094.786381729,900000,800112.335555978,898245.614035088,15.0,15,0.94955380228353,0.981659351413402,0.862538013348054,0.958399049015429
16,C,Pedestrian,17.46,1.1,0.001068673331553,0.0,0.0017890732755805,0.0,630102.734549236,900000,613733.220967597,898245.614035088,13.0166666666666,15,0.68706773840058,0.980289692886645,0.651315705136594,0.95832741706509
17,C,Pedestrian,15.92,0.3,0.001068673331553,0.0010416666666666,0.0017890732755805,0.0,630102.734549237,0,613733.220967597,898245.614035088,13.0166666666666,15,0.68706773840058,0.361711955900676,0.651315705136594,0.960735905839332
18,C,Pedestrian,14.76,0.0,0.001068673331553,0.0,0.0017890732755805,0.0,630102.734549236,900000,613733.220967597,898245.614035088,13.0166666666666,15,0.68706773840058,0.988277253144707,0.651315705136593,0.964772404219428
19,C,Pedestrian,14.11,0.3,0.001068673331553,0.0,0.0017890732755805,0.0,630102.734549237,900000,613733.220967597,898245.614035088,13.0166666666666,15,0.68706773840058,0.981178619735588,0.651315705136594,0.962284118472615
20,C,Pedestrian,14.05,1.1,0.001068673331553,0.0,0.0017890732755805,0.0,630102.734549237,900000,613733.220967597,898245.614035088,13.0166666666666,15,0.68706773840058,0.981202840817719,0.651315705136594,0.959387576776358
21,C,Pedestrian,14.57,2.0,0.001068673331553,0.0015625,0.0017890732755805,0.0005208333333333,630102.734549237,0,613733.220967597,0.0,13.0166666666666,14,0.68706773840058,0.344958921137069,0.651315705136594,0.352480357361136
22,C,Pedestrian,15.62,2.7,0.001068673331553,0.0,0.0017890732755805,0.0,630102.734549237,900000,613733.220967597,898245.614035088,13.0166666666666,15,0.68706773840058,0.980780113068289,0.651315705136594,0.961099057400498
23,C,Pedestrian,17.08,2.8,0.001068673331553,0.0,0.0017890732755805,0.0,630102.734549236,900000,613733.220967597,898245.614035088,13.0166666666666,15,0.68706773840058,0.980424020094133,0.651315705136593,0.955522336397372
24,C,Pedestrian,18.55,2.3,1.1105670004288399e-11,0.0,1.4593135997569101e-09,0.0,866094.786381729,900000,800112.335555978,898245.614035088,15.0,15,0.94955380228353,0.989266899121893,0.862538013348054,0.963138207781436
25,C,Pedestrian,19.25,1.4,1.1105670004288299e-11,0.0,1.4593135997569101e-09,0.0,866094.786381729,900000,800112.335555978,898245.614035088,15.0,15,0.94955380228353,0.989467743231179,0.862538013348054,0.962941669680231
26,C,Pedestrian,20.0,0.4,1.1105670004288299e-11,0.0,1.4593135997569101e-09,0.0,866094.786381729,900000,800112.335555978,898245.614035088,15.0,15,0.94955380228353,0.981234285765884,0.862538013348054,0.960311036572572
27,C,Pedestrian,20.75,0.0,1.1105670004288299e-11,0.0,1.4593135997569101e-09,0.0,866094.786381729,900000,800112.335555978,898245.614035088,15.0,15,0.94955380228353,0.98381802210185,0.862538013348054,0.961563034287978
28,C,Pedestrian,21.45,0.0,1.1105670004288399e-11,0.0,1.4593135997569101e-09,0.0,866094.786381729,900000,800112.335555978,898245.614035088,15.0,15,0.94955380228353,0.982219661558025,0.862538013348054,0.95897695934256
29,C,Pedestrian,22.05,0.2,1.1105670004288399e-11,0.0,1.4593135997569101e-09,0.0,866094.786381729,900000,800112.335555978,898245.614035088,15.0,15,0.94955380228353,0.986748436946775,0.862538013348054,0.957778517964214
30,C,Pedestrian,22.53,1.0,1.1105670004288299e-11,0.0,1.45931359975692e-09,0.0,866094.786381729,900000,800112.335555978,898245.614035088,15.0,15,0.94955380228353,0.982679612495176,0.862538013348054,0.9587715363548
31,C,Urban,17.85,42.8,0.0063598208250886,0.0010416666666666,0.0249945485064479,0.0106770833333333,1077985.19619399,0,734724.875154455,0.0,13.0455555555556,15,0.590223766471399,0.353422256467895,0.474931906841588,0.267030841894924
32,C,Urban,17.99,44.9,0.0055513800781085,0.0005208333333333,0.0231958808176459,0.0276041666666667,1020396.89210042,0,684822.341041395,0.0,13.0966666666667,15,0.57190119912918,0.376836940219036,0.458294717736087,0.229500745275816
33,C,Urban,17.17,46.7,0.0473301370137475,0.0020833333333333,0.102564931967235,0.0471354166666667,317598.050682261,0,45163.9651438452,0.0,11.13,15,0.373946837865548,0.34341790973481,0.228922053050531,0.211990116976424
34,C,Urban,15.95,48.0,0.0473301370137475,0.0,0.102564931967235,0.0,317598.050682261,1800000,45163.9651438452,1796491.22807018,11.13,15,0.373946837865548,0.98176323368783,0.228922053050531,0.957069174276779
35,C,Urban,14.79,48.7,0.0473301370137475,0.377604166666667,0.102564931967235,0.3703125,317598.050682261,0,45163.9651438452,0.0,11.13,3,0.373946837865548,0.136942106274552,0.228922053050531,0.121129780895841
36,C,Urban,13.82,48.5,0.0473301370137475,0.003125,0.102564931967235,0.0393229166666667,317598.050682261,0,45163.9651438452,0.0,11.13,15,0.373946837865548,0.347772221559325,0.228922053050531,0.223757322569583
37,C,Urban,13.15,47.6,0.0473301370137475,0.11328125,0.102564931967235,0.26875,317598.050682261,0,45163.9651438452,0.0,11.13,7,0.373946837865548,0.193295994042449,0.228922053050531,0.142078609922977
38,C,Urban,12.8,45.9,0.0473301370137475,0.0869791666666667,0.102564931967235,0.183854166666667,317598.050682261,0,45163.9651438452,0.0,11.13,8,0.373946837865548,0.206278444098267,0.228922053050531,0.150987207121285
39,C,Urban,12.78,43.6,0.049696398866459,0.0255208333333333,0.100728958287548,0.149479166666667,383327.685816293,0,56150.7207920266,0.0,11.2577777777778,10,0.389155272305874,0.241698513679028,0.231784653522948,0.165465522001199
40,C,Urban,13.03,40.9,0.0498484187379076,0.16953125,0.100976041650189,0.279427083333333,383327.685816293,0,54223.0349757332,0.0,11.2533333333333,6,0.388843031861689,0.159475759577803,0.230651897032242,0.138482965788456
41,C,Urban,13.24,38.0,0.0539528426751581,0.125520833333333,0.0964491506730932,0.26875,514439.5766545,0,113149.562210188,0.0,11.4988888888889,7,0.413079691019437,0.189206803752458,0.240737815135681,0.139214921626661
42,C,Urban,12.69,35.4,0.0537883057767886,0.0020833333333333,0.0962131443880103,0.0151041666666667,514439.5766545,0,115077.248026482,0.0,11.5033333333333,15,0.413391931463622,0.343455500161373,0.241870571626388,0.253354505905316
43,C,Urban,12.29,33.1,0.126849490583341,0.0247395833333333,0.20750084576063,0.143229166666667,1996.10136452242,0,1996.10136452242,0.0,8.27888888888888,10,0.212053370064481,0.251948735903731,0.158978138730957,0.168572667617486
44,C,Urban,12.05,31.3,0.126037404260435,0.0065104166666666,0.20766727498263,0.0661458333333333,1996.10136452242,0,1996.10136452242,0.0,8.24555555555555,13,0.211848836113785,0.307721578645605,0.158890630365373,0.194338148282292
45,C,Urban,12.01,30.4,0.126037404260435,0.0783854166666667,0.20766727498263,0.24921875,1996.10136452242,0,1996.10136452242,0.0,8.24555555555555,8,0.211848836113785,0.204902036623453,0.158890630365373,0.135087902529283
46,C,Urban,12.15,30.2,0.126849490583341,0.163802083333333,0.20750084576063,0.3296875,1996.10136452242,0,1996.10136452242,0.0,8.27888888888888,6,0.212053370064481,0.167246194659466,0.158978138730957,0.140117009635773
47,C,Urban,12.47,30.9,0.126037404260435,0.0427083333333333,0.20766727498263,0.20078125,1996.10136452242,0,1996.10136452242,0.0,8.24555555555555,9,0.211848836113785,0.212702001566786,0.158890630365373,0.158024964725226
48,C,Urban,12.95,32.2,0.0537883057767886,0.00703125,0.0962131443880103,0.0653645833333333,514439.5766545,0,115077.248026482,0.0,11.5033333333333,13,0.413391931463622,0.30309312396981,0.241870571626388,0.196472046120059
49,C,Urban,13.55,34.0,0.0537883057767886,0.13515625,0.0962131443880103,0.272395833333333,514439.5766545,0,115077.248026482,0.0,11.5033333333333,7,0.413391931463622,0.180007003289242,0.241870571626388,0.135316248686722
50,C,Urban,13.48,36.1,0.0537883057767885,0.0020833333333333,0.0962131443880103,0.0489583333333333,514439.5766545,0,115077.248026482,0.0,11.5033333333333,15,0.413391931463622,0.34681256853921,0.241870571626388,0.214831732888916
51,C,Pedestrian,18.23,9.0,1.1105670004288399e-11,0.0015625,1.4593135997569101e-09,0.003125,866094.786381729,0,800112.335555978,0.0,15.0,14,0.94955380228353,0.345255215411359,0.862538013348054,0.299271745984332
52,C,Pedestrian,18.22,9.9,1.1105670004288299e-11,0.0020833333333333,1.4593135997569101e-09,0.0010416666666666,866094.786381729,0,800112.335555978,0.0,15.0,13,0.949553802283531,0.332145230316438,0.862538013348054,0.344750478777409
53,C,Pedestrian,18.51,6.9,1.1105670004288299e-11,0.0,1.4593135997569101e-09,0.0,866094.786381729,900000,800112.335555978,898245.614035088,15.0,15,0.94955380228353,0.988411482530145,0.862538013348054,0.959567973767411
54,C,Pedestrian,19.1,7.8,1.1105670004288299e-11,0.0,1.4593135997569101e-09,0.0,866094.786381729,900000,800112.335555978,898245.614035088,15.0,15,0.94955380228353,0.980005143247453,0.862538013348054,0.961509576629765
55,C,Pedestrian,19.96,8.7,1.1105670004288299e-11,0.0,1.4593135997569101e-09,0.0,866094.786381729,900000,800112.335555978,898245.614035088,15.0,15,0.94955380228353,0.980924746619813,0.862538013348054,0.960697630615812
56,C,Pedestrian,21.01,5.7,1.1105670004288299e-11,0.0,1.4593135997569101e-09,0.0,866094.786381729,900000,800112.335555978,898245.614035088,15.0,15,0.94955380228353,0.980842971499087,0.862538013348054,0.959800076462958
57,C,Pedestrian,22.13,6.6,1.1105670004288299e-11,0.0,1.4593135997569101e-09,0.0,866094.786381729,900000,800112.335555978,898245.614035088,15.0,15,0.94955380228353,0.981149860450856,0.862538013348054,0.959933570606226
58,C,Pedestrian,22.95,7.6,1.1105670004288299e-11,0.0,1.4593135997569101e-09,0.0,866094.786381729,900000,800112.335555978,898245.614035088,15.0,15,0.94955380228353,0.988425493466343,0.862538013348054,0.95981627236854
59,C,Pedestrian,22.71,4.6,1.1105670004288299e-11,0.0,1.4593135997569101e-09,0.0,866094.786381729,900000,800112.335555978,898245.614035088,15.0,15,0.94955380228353,0.983448108867959,0.862538013348054,0.95693637206059
60,C,Pedestrian,22.31,5.5,1.1105670004288299e-11,0.0,1.4593135997569101e-09,0.0,866094.786381729,900000,800112.335555978,898245.614035088,15.0,15,0.94955380228353,0.988760811081926,0.862538013348054,0.958237236622139
1,D,Urban,12.48,20.8,0.0146356717678278,0.0,0.0098890781563627,0.0,328355.46084187,900000,441721.865385091,898245.614035088,11.9611111111111,15,0.513246478085519,0.980492909965976,0.562521520584469,0.962357134550055
2,D,Urban,12.81,27.5,1.60050362889453e-11,0.0,4.697581314654879e-11,0.0,844728.265107213,900000,773969.24481495,898245.614035088,14.7355555555556,15,0.921752484106741,0.981936526095703,0.849949596070166,0.959216961633587
3,D,Urban,13.49,21.7,1.60050362889453e-11,0.0177083333333333,4.6975813146549e-11,0.0203125,844728.265107213,0,773969.24481495,0.0,14.7355555555556,9,0.921752484106741,0.250206144333949,0.849949596070166,0.222159609947735
4,D,Urban,14.48,38.3,1.69864125615421e-11,0.0072916666666666,5.3419709590487e-11,0.0098958333333333,837728.265107213,0,770975.092768166,0.0,14.7,10,0.914662770047509,0.281341482819954,0.845094754914194,0.247354119120557
5,D,Urban,15.69,27.1,1.60050362889453e-11,0.0130208333333333,4.6975813146549e-11,0.0098958333333333,844728.265107213,0,773969.24481495,0.0,14.7355555555556,10,0.921752484106741,0.263284298983877,0.849949596070165,0.245813240569297
6,D,Urban,12.45,43.7,0.0139294760935018,0.0015625,0.0081712262278344,0.0020833333333333,304121.258572158,0,400603.263161692,0.0,11.91,14,0.513345400568448,0.342865824897369,0.562941913175723,0.306155751132129
7,D,Urban,17.99,37.9,1.2093249352128999e-12,0.0,1.13508575077838e-12,0.0,892380.701754386,900000,896729.957805912,898245.614035088,15.0,15,0.98491102130783,0.979975476581135,0.962898027680161,0.957178332542041
8,D,Urban,17.95,44.6,1e-12,0.0,1e-12,0.0005208333333333,894123.903912112,900000,891363.11708624,0.0,15.0,15,0.986759972569493,0.978936475756921,0.964089945578419,0.349537221690322
9,D,Highway,11.7,104.6,0.126929652370521,0.0966145833333333,0.259663071686698,0.234375,0.0,0,0.0,0.0,6.84222222222223,8,0.198069569036026,0.204980385104085,0.146991749256956,0.140726222869171
10,D,Highway,14.31,93.5,0.0375282403271208,0.0927083333333333,0.125097337702666,0.211197916666667,17400.0,0,3866.66666666667,0.0,10.2355555555555,8,0.257607811484856,0.206204013130962,0.184084327178241,0.150445300135642
11,D,Highway,13.76,108.0,0.0373329045185863,0.160677083333333,0.125427409620272,0.297135416666667,7733.33333333333,0,1933.33333333333,0.0,10.1544444444444,6,0.257410508627022,0.183828148232533,0.182023893383569,0.13790382291947
12,D,Highway,13.1,81.1,0.0395453766351089,0.0325520833333333,0.123084394213407,0.142447916666667,1933.33333333333,0,0.0,0.0,10.2166666666667,10,0.253771663961607,0.245151579492203,0.184648421935881,0.169133078421139
13,D,Highway,12.31,95.6,0.128110315008849,0.101041666666667,0.259681321846306,0.24609375,966.666666666667,0,0.0,0.0,6.82555555555556,7,0.197396508903383,0.189508507332404,0.146946696399945,0.144569032193727
14,D,Highway,11.62,84.6,0.12963755844021,0.191145833333333,0.25542453843171,0.33203125,0.0,0,0.0,0.0,6.69777777777778,6,0.19684036646203,0.150889586497468,0.147492042873733,0.133973031051744
15,D,Pedestrian,18.9,4.7,1.1105670004288299e-11,0.0,1.4593135997569101e-09,0.0,866094.786381729,900000,800112.335555978,898245.614035088,15.0,15,0.94955380228353,0.980951862182263,0.862538013348054,0.960182345294339
16,D,Pedestrian,17.46,2.2,0.001068673331553,0.0,0.0017890732755805,0.0,630102.734549237,900000,613733.220967597,898245.614035088,13.0166666666666,15,0.68706773840058,0.983856489359463,0.651315705136593,0.9555487038953
17,D,Pedestrian,15.92,2.6,0.001068673331553,0.0010416666666666,0.0017890732755805,0.0,630102.734549237,0,613733.220967597,898245.614035088,13.0166666666666,15,0.68706773840058,0.362469788651403,0.651315705136594,0.963634479800255
18,D,Pedestrian,14.76,3.1,0.001068673331553,0.0,0.0017890732755805,0.0,630102.734549237,900000,613733.220967597,898245.614035088,13.0166666666666,15,0.68706773840058,0.981722405020382,0.651315705136593,0.961919378739711
19,D,Pedestrian,14.11,0.6,0.001068673331553,0.0,0.0017890732755805,0.0,630102.734549236,900000,613733.220967597,898245.614035088,13.0166666666666,15,0.68706773840058,0.988747557998204,0.651315705136593,0.961539919651528
20,D,HighSpeedRail,2.05,178.4,0.40230758279124,0.287326388888889,0.415695623742984,0.393923611111111,0.0,0,0.0,0.0,3.34222222222221,6,0.13882002302724,0.152130956041477,0.126689240847764,0.118690862707811
21,D,HighSpeedRail,-2.15,229.9,0.400472719782117,0.450694444444444,0.414067854166126,0.442708333333333,0.0,0,0.0,0.0,3.40888888888888,2,0.140508473935688,0.115765624458063,0.126703475398938,0.121780955012529
22,D,HighSpeedRail,3.62,218.4,0.232677475590438,0.412152777777778,0.390158890097082,0.417013888888889,0.0,0,0.0,0.0,5.08111111111111,3,0.169139468084215,0.138027153183344,0.138320765552142,0.130392021250394
23,D,HighSpeedRail,5.08,206.9,0.232677475590438,0.331597222222222,0.390158890097082,0.396354166666667,0.0,0,0.0,0.0,5.08111111111111,5,0.169139468084215,0.161371275133915,0.138320765552142,0.127597637590767
24,D,HighSpeedRail,6.55,258.5,0.22769454952477,0.375868055555556,0.390319353664915,0.401909722222222,0.0,0,0.0,0.0,5.15444444444443,4,0.169909748398557,0.14318811892653,0.137994692552649,0.126005344532185
25,D,HighSpeedRail,7.25,310.0,0.22769454952477,0.236805555555556,0.390319353664915,0.377951388888889,0.0,0,0.0,0.0,5.15444444444443,7,0.169909748398557,0.186227123386385,0.137994692552649,0.129847252922225
26,D,HighSpeedRail,8.0,298.5,0.221887538081769,0.225694444444444,0.392422855962341,0.398263888888889,0.0,0,0.0,0.0,7.05444444444444,7,0.187107202262949,0.18295537102197,0.128982462408096,0.121301889227489
27,D,HighSpeedRail,8.75,287.1,0.221887538081769,0.235243055555556,0.392422855962341,0.386979166666667,0.0,0,0.0,0.0,7.05444444444444,7,0.187107202262949,0.161990540191008,0.128982462408096,0.126254740264443
28,D,HighSpeedRail,9.45,338.6,0.221887538081769,0.286284722222222,0.392422855962341,0.400347222222222,0.0,0,0.0,0.0,7.05444444444444,6,0.187107202262949,0.149703264343169,0.128982462408096,0.121736464975584
29,D,Urban,17.05,42.8,0.0473301370137475,0.13671875,0.102564931967235,0.291927083333333,317598.050682261,0,45163.9651438452,0.0,11.13,7,0.373946837865548,0.175441581707505,0.228922053050531,0.141754032636469
30,D,Urban,17.53,51.7,0.0055513800781085,0.0356770833333333,0.0231958808176459,0.126302083333333,1020396.89210042,0,684822.341041395,0.0,13.0966666666667,10,0.57190119912918,0.23478058194033,0.458294717736086,0.173222270880855
31,D,Urban,17.85,54.1,0.0055513800781085,0.0010416666666666,0.0231958808176459,0.01171875,1020396.89210042,0,684822.341041395,0.0,13.0966666666667,15,0.57190119912918,0.348744396309826,0.458294717736086,0.264958568841063
32,D,Urban,17.99,50.0,0.0055513800781085,0.0005208333333333,0.0231958808176459,0.02578125,1020396.89210042,0,684822.341041395,0.0,13.0966666666667,15,0.57190119912918,0.368198512979109,0.458294717736087,0.232333384690147
33,D,Urban,17.17,46.0,0.0473301370137475,0.0020833333333333,0.102564931967235,0.0484375,317598.050682261,0,45163.9651438452,0.0,11.13,15,0.373946837865548,0.354644218413496,0.228922053050531,0.210235023986053
34,D,Urban,15.95,48.4,0.0473301370137475,0.0,0.102564931967235,0.0,317598.050682261,1800000,45163.9651438452,1796491.22807018,11.13,15,0.373946837865548,0.979743454766257,0.228922053050531,0.951129772873663
35,D,Urban,14.79,57.3,0.0475124591175533,0.359635416666667,0.102564931967235,0.366927083333333,315598.050682261,0,45163.9651438452,0.0,11.13,3,0.373585889170869,0.118839123570898,0.228922053050531,0.123176833240961
36,D,Highway,10.82,127.5,0.204340340266421,0.2078125,0.391474273960087,0.396006944444444,0.0,0,0.0,0.0,6.90333333333334,7,0.186080801458798,0.161266474662588,0.130556141488192,0.118513476887931
37,D,Highway,10.15,115.1,0.203152984696578,0.336458333333333,0.391474273960087,0.403298611111111,0.0,0,0.0,0.0,6.89555555555556,5,0.186659459197292,0.145966402082887,0.130556141488192,0.12195905031728
38,D,Highway,9.8,102.8,0.194039213397216,0.213715277777778,0.390405478717967,0.390451388888889,0.0,0,0.0,0.0,6.84111111111112,7,0.183799609128337,0.178405970975705,0.131558120024796,0.125422889921545
39,D,Highway,9.78,90.4,0.19224191462101,0.270486111111111,0.390293225508513,0.380902777777778,0.0,0,0.0,0.0,6.92555555555557,6,0.186619077861619,0.155526763668882,0.132558510309942,0.122421562303764
40,D,Highway,10.03,78.0,0.192463705684951,0.302777777777778,0.390225963993821,0.388888888888889,0.0,0,0.0,0.0,6.97777777777779,5,0.187299836128051,0.144543460303376,0.132574728032679,0.12377951362948
41,D,Pedestrian,18.24,9.7,1.1105670004288299e-11,0.0,1.4593135997569101e-09,0.0,866094.786381729,900000,800112.335555978,898245.614035088,15.0,15,0.94955380228353,0.980108366113747,0.862538013348054,0.958401318168054
42,D,Pedestrian,17.69,10.0,1.1105670004288299e-11,0.0,1.4593135997569101e-09,0.0,866094.786381729,900000,800112.335555978,898245.614035088,15.0,15,0.94955380228353,0.989459416149751,0.862538013348054,0.967236663967693
43,D,Pedestrian,17.29,8.3,0.001068673331553,0.0,0.0017890732755805,0.0,630102.734549237,900000,613733.220967597,898245.614035088,13.0166666666666,15,0.68706773840058,0.981978380531515,0.651315705136594,0.957122474746442
44,D,Pedestrian,17.05,5.4,0.001068673331553,0.0,0.0017890732755805,0.0,630102.734549236,900000,613733.220967597,898245.614035088,13.0166666666666,15,0.68706773840058,0.978264210006994,0.651315705136594,0.960239392227263
45,D,Pedestrian,17.01,3.8,0.001068673331553,0.0005208333333333,0.0017890732755805,0.0005208333333333,630102.734549237,0,613733.220967597,0.0,13.0166666666666,15,0.68706773840058,0.370805300389785,0.651315705136594,0.352192082548804
46,D,Pedestrian,17.15,4.1,0.001068673331553,0.0,0.0017890732755805,0.0,630102.734549237,900000,613733.220967597,898245.614035088,13.0166666666666,15,0.68706773840058,0.983523352273634,0.651315705136593,0.960662329321431
47,D,Urban,12.47,21.5,0.0145797654576751,0.0,0.0098113511034688,0.0,310186.850361867,900000,413614.079122941,898245.614035088,11.9611111111111,15,0.513281730591352,0.98782211659921,0.562569180503778,0.95531386830181
48,D,Urban,12.95,24.7,1.60050362889453e-11,0.0,4.6975813146549e-11,0.0,844728.265107213,900000,773969.24481495,898245.614035088,14.7355555555556,15,0.921752484106741,0.97730809897311,0.849949596070165,0.959010490409451
49,D,Urban,13.55,27.1,1.60050362889453e-11,0.0119791666666667,4.697581314654879e-11,0.021875,844728.265107213,0,773969.24481495,0.0,14.7355555555556,9,0.921752484106741,0.26522205342289,0.849949596070166,0.220540921648912
50,D,Urban,13.48,28.1,1.60050362889454e-11,0.0,4.6975813146549e-11,0.0,844728.265107213,900000,773969.24481495,898245.614035088,14.7355555555556,15,0.921752484106741,0.981011223244789,0.849949596070165,0.956545486177181
51,D,Urban,13.23,27.4,1.60050362889453e-11,0.0,4.6975813146549e-11,0.0,844728.265107213,900000,773969.24481495,898245.614035088,14.7355555555556,15,0.921752484106741,0.980271434937727,0.849949596070166,0.962733858298508
52,D,Urban,13.22,25.0,1.60050362889453e-11,0.0588541666666667,4.697581314654879e-11,0.0494791666666667,844728.265107213,0,773969.24481495,0.0,14.7355555555556,7,0.921752484106741,0.199626969655081,0.849949596070165,0.186920141772291
53,D,Urban,13.51,21.6,1.60050362889453e-11,0.0,4.697581314654879e-11,0.0,844728.265107213,900000,773969.24481495,898245.614035088,14.7355555555556,15,0.921752484106741,0.979458944151639,0.849949596070165,0.961265762489292
54,D,Urban,14.1,17.7,5.2360438190589394e-11,0.0,1.03730753347302e-10,0.0,834261.798876722,900000,771636.713226322,898245.614035088,14.4244444444444,15,0.910620191598478,0.979256738524408,0.839256547557364,0.958947041245491
55,D,Urban,14.96,14.2,5.2360438190589594e-11,0.0088541666666666,1.03730753347302e-10,0.0145833333333333,834261.798876722,0,771636.713226322,0.0,14.4244444444444,11,0.910620191598478,0.291564988803418,0.839256547557364,0.24728028393444
56,D,Urban,10.35,11.9,0.0146356717678279,0.0005208333333333,0.0098890781563627,0.0,328355.46084187,0,441721.865385091,898245.614035088,11.9611111111111,15,0.513246478085519,0.378998184070325,0.562521520584469,0.966003850699172
57,D,Urban,14.28,11.2,5.2360438190589394e-11,0.0,1.03730753347302e-10,0.0,834261.798876723,900000,771636.713226322,898245.614035088,14.4244444444445,15,0.910620191598478,0.987619421728712,0.839256547557364,0.965351615837947
58,D,Urban,17.95,12.2,5.1812595458289e-09,0.0,1.62066552716704e-08,0.0,815414.468986488,900000,826200.942581493,898245.614035088,15.0,15,0.867692255287395,0.988721959605862,0.836086885892873,0.963618366190873
59,D,Urban,17.71,14.6,5.181259545828871e-09,0.0,1.62066552716704e-08,0.0,815414.468986488,900000,826200.942581493,898245.614035088,15.0,15,0.867692255287395,0.98813835297034,0.836086885892873,0.963688557524718
60,D,Urban,17.31,17.8,5.2360438190589394e-11,0.0,1.03730753347302e-10,0.0,834261.798876723,900000,771636.713226322,898245.614035088,14.4244444444444,15,0.910620191598478,0.989459081167381,0.839256547557364,0.960834447299891
1,E,Urban,13.0,11.0,5.2360438190589394e-11,0.0,1.03730753347302e-10,0.0,834261.798876723,900000,771636.713226322,898245.614035088,14.4244444444445,15,0.910620191598478,0.896419046215645,0.839256547557364,0.909899191238352
2,E,Urban,13.0,11.0,5.2360438190589594e-11,0.0,1.03730753347302e-10,0.0,834261.798876722,900000,771636.713226322,898245.614035088,14.4244444444444,15,0.910620191598478,0.934392697883199,0.839256547557364,0.91073511412025
3,E,Urban,13.0,11.0,5.2360438190589594e-11,0.0557291666666667,1.03730753347302e-10,0.0578125,834261.798876723,0,771636.713226322,0.0,14.4244444444444,7,0.910620191598478,0.168574104411503,0.839256547557364,0.140644986776479
4,E,Urban,9.0,11.0,0.0146356717678278,0.0354166666666667,0.0098890781563627,0.0473958333333333,328355.46084187,0,441721.865385091,0.0,11.9611111111111,7,0.513246478085519,0.196088974263119,0.562521520584469,0.13896336361583
5,E,Urban,9.0,11.0,0.0146356717678279,0.1328125,0.0098890781563627,0.134375,328355.46084187,0,441721.865385091,0.0,11.9611111111111,5,0.513246478085519,0.131548799918584,0.562521520584469,0.102529250540296
6,E,Urban,9.0,11.0,0.0146356717678279,0.0,0.0098890781563627,0.0,328355.46084187,900000,441721.865385091,898245.614035088,11.9611111111111,15,0.513246478085519,0.951848113066408,0.562521520584469,0.907582286518752
7,E,Urban,13.0,15.0,5.2360438190589394e-11,0.0,1.03730753347302e-10,0.0020833333333333,834261.798876723,900000,771636.713226322,0.0,14.4244444444444,13,0.910620191598478,0.945221316224316,0.839256547557364,0.251069369896658
8,E,Urban,13.0,15.0,5.2360438190589394e-11,0.0296875,1.03730753347302e-10,0.0333333333333333,834261.798876723,0,771636.713226322,0.0,14.4244444444444,8,0.910620191598478,0.184091958269478,0.839256547557364,0.155845512774252
9,E,Urban,13.0,15.0,5.2360438190589594e-11,0.0,1.03730753347302e-10,0.0,834261.798876723,900000,771636.713226322,898245.614035088,14.4244444444444,15,0.910620191598478,0.952024737825227,0.839256547557364,0.913522849073048
10,E,Urban,9.0,15.0,0.0146356717678278,0.0265625,0.0098890781563627,0.0375,328355.46084187,0,441721.865385091,0.0,11.9611111111111,8,0.513246478085519,0.187795430083817,0.562521520584469,0.160041864445716
11,E,Urban,9.0,15.0,0.0146356717678278,0.191145833333333,0.0098890781563627,0.1734375,328355.46084187,0,441721.865385091,0.0,11.9611111111111,4,0.513246478085519,0.12162606872982,0.562521520584469,0.0921330546635459
12,E,Urban,9.0,15.0,0.0146356717678278,0.0026041666666666,0.0098890781563627,0.0026041666666666,328355.46084187,0,441721.865385091,0.0,11.9611111111111,13,0.513246478085519,0.30022793127306,0.562521520584469,0.260262581884632
13,E,Urban,13.0,19.0,5.2360438190589594e-11,0.0203125,1.03730753347302e-10,0.0375,834261.798876723,0,771636.713226322,0.0,14.4244444444444,8,0.910620191598478,0.202239917299065,0.839256547557364,0.150801456703116
14,E,Urban,13.0,19.0,5.2360438190589594e-11,0.0239583333333333,1.03730753347302e-10,0.0317708333333333,834261.798876723,0,771636.713226322,0.0,14.4244444444444,8,0.910620191598478,0.198406954668118,0.839256547557364,0.152517740038823
15,E,Urban,13.0,19.0,5.2360438190589594e-11,0.0,1.03730753347302e-10,0.0,834261.798876723,900000,771636.713226322,898245.614035088,14.4244444444444,15,0.910620191598478,0.957710338862406,0.839256547557364,0.907581137332994
16,E,Urban,9.0,19.0,0.0146356717678279,0.0328125,0.0098890781563627,0.0302083333333333,328355.46084187,0,441721.865385091,0.0,11.9611111111111,8,0.513246478085519,0.192285147843962,0.562521520584469,0.158958169339137
17,E,Urban,9.0,19.0,0.0146356717678278,0.0177083333333333,0.0098890781563627,0.0203125,328355.46084187,0,441721.865385091,0.0,11.9611111111111,9,0.513246478085519,0.2112748312405,0.562521520584469,0.178875070558607
18,E,Urban,9.0,19.0,0.0146356717678279,0.0177083333333333,0.0098890781563627,0.01875,328355.46084187,0,441721.865385091,0.0,11.9611111111111,9,0.513246478085519,0.22930110241202,0.562521520584469,0.179429495618328
19,E,Urban,13.0,23.0,1.60050362889454e-11,0.0,4.697581314654879e-11,0.0005208333333333,844728.265107213,900000,773969.24481495,0.0,14.7355555555556,15,0.921752484106741,0.948588318153952,0.849949596070165,0.300013294086015
20,E,Urban,13.0,23.0,1.60050362889454e-11,0.0,4.697581314654879e-11,0.0,844728.265107213,900000,773969.24481495,898245.614035088,14.7355555555556,15,0.921752484106741,0.949592134666298,0.849949596070165,0.909747943565899
21,E,Urban,13.0,23.0,1.60050362889453e-11,0.0072916666666666,4.697581314654879e-11,0.00625,844728.265107213,0,773969.24481495,0.0,14.7355555555556,11,0.921752484106741,0.263002378514997,0.849949596070165,0.216344460685383
22,E,Urban,9.0,23.0,0.0145797654576751,0.0052083333333333,0.0098113511034688,0.0036458333333333,310186.850361867,0,413614.079122941,0.0,11.9611111111111,12,0.513281730591352,0.279201301493916,0.562569180503779,0.237516456898545
23,E,Urban,9.0,23.0,0.0145797654576751,0.0015625,0.0098113511034688,0.0,310186.850361867,0,413614.079122941,898245.614035088,11.9611111111111,15,0.513281730591352,0.316451504581058,0.562569180503778,0.907430989900337
24,E,Urban,9.0,23.0,0.0145797654576751,0.0546875,0.0098113511034688,0.0588541666666667,310186.850361867,0,413614.079122941,0.0,11.9611111111111,7,0.513281730591352,0.170644150291995,0.562569180503778,0.141384430892056
1,F,UrbanFast,12.48,20.2,0.0305347845139391,0.0026939655172413,0.030168637709527,0.005926724137931,290024.632960742,0,288276.88872186,0.0,11.6844444444444,13,0.438417207296351,0.267815743819257,0.416075085019815,0.256925171746941
2,F,UrbanFast,12.81,27.0,2.46057178807407e-05,0.0,0.0012521856882268,0.0,635572.006886198,870000,590974.331262541,867458.617332035,14.4655555555556,15,0.730773859069615,0.965597035648546,0.654002291438154,0.956173029050933
3,F,UrbanFast,13.49,21.6,2.46057178807408e-05,0.0317887931034483,0.0012521856882268,0.0581896551724138,635572.006886198,0,590974.331262541,0.0,14.4655555555556,8,0.730773859069615,0.212643263154501,0.654002291438154,0.186406994245175
4,F,UrbanFast,14.48,11.9,7.91115159920145e-05,0.0086206896551724,0.0028717382386436,0.0064655172413793,621742.772624518,0,588022.161104375,0.0,14.1622222222222,11,0.718629488607288,0.277144529962628,0.639498478924121,0.265229606320409
5,F,UrbanFast,15.69,13.0,7.9111515992015e-05,0.0016163793103448,0.0028717382386436,0.0086206896551724,621742.772624518,0,588022.161104375,0.0,14.1622222222222,14,0.718629488607288,0.339347770816023,0.639498478924121,0.258474794161658
6,F,UrbanFast,16.98,22.0,2.46057178807408e-05,0.0,0.0012521856882268,0.0,635572.006886198,870000,590974.331262541,867458.617332035,14.4655555555555,15,0.730773859069615,0.975895894762769,0.654002291438154,0.955142298486455
7,F,UrbanFast,17.99,23.1,2.13880913796581e-12,0.0,2.00750989700893e-12,0.0,818720.382992535,870000,758712.361559534,867458.617332035,15.0,15,0.975648157264951,0.979827064682965,0.951456888291532,0.958445392564565
8,F,UrbanFast,17.95,13.4,2.04299277558157e-07,0.0,4.27518541287147e-06,0.0016163793103448,712236.773774749,870000,629352.397546937,0.0,15.0,15,0.822667745534954,0.979053974872364,0.761960772853547,0.322749494077932
9,F,UrbanFast,17.71,10.0,4.8631874778298e-09,0.0,1.36677462803499e-06,0.0,762991.944971159,870000,642030.158811507,867458.617332035,15.0,15,0.869862360770031,0.978222563706687,0.769187591038108,0.959589295900215
10,F,UrbanFast,17.31,14.8,7.91115159920148e-05,0.0,0.0028717382386436,0.0,621742.772624518,870000,588022.161104375,867458.617332035,14.1622222222222,15,0.718629488607289,0.976425315701181,0.639498478924121,0.955971260905436
11,F,Urban,16.76,21.1,0.0534494934233632,0.145833333333333,0.095220780534493,0.30625,514439.5766545,0,115077.248026482,0.0,11.5211111111111,7,0.413893777827318,0.17057703963993,0.241870571626388,0.138529309384793
12,F,Urban,16.1,23.7,0.0534494934233632,0.0028645833333333,0.0952207805344929,0.0388020833333333,514439.5766545,0,115077.248026482,0.0,11.5211111111111,15,0.413893777827318,0.334355165546131,0.241870571626388,0.222642892613697
13,F,Urban,15.38,13.9,0.0291861897993495,0.09765625,0.0749565240367968,0.272135416666667,547860.105039186,0,387877.94385889,0.0,11.7544444444444,7,0.441903213597251,0.17862198701769,0.336553735660399,0.138070166268106
14,F,Urban,14.62,26.4,0.0534494934233632,0.138020833333333,0.0952207805344929,0.3015625,514439.5766545,0,115077.248026482,0.0,11.5211111111111,7,0.413893777827318,0.192829251374525,0.241870571626388,0.138958057954219
15,F,Urban,13.9,11.0,0.0291861897993495,0.0052083333333333,0.0749565240367968,0.0546875,547860.105039186,0,387877.94385889,0.0,11.7544444444444,13,0.441903213597251,0.311368072115042,0.336553735660399,0.207420118781306
16,F,Urban,12.46,23.5,0.128375081736056,0.108333333333333,0.207376266120115,0.277864583333333,1996.10136452242,0,1996.10136452242,0.0,8.34,7,0.21250538140046,0.183378125770602,0.159075064751513,0.138488124859823
17,F,Urban,10.92,13.7,0.128375081736056,0.0856770833333333,0.207376266120115,0.288802083333333,6988.30409356725,0,7984.40545808967,0.0,8.34,8,0.21250538140046,0.206326772815646,0.159075064751513,0.141285131284443
18,F,Urban,9.76,16.2,0.128375081736056,0.10703125,0.207376266120115,0.280208333333333,6988.30409356725,0,7984.40545808967,0.0,8.34,7,0.21250538140046,0.181125225172688,0.159075064751513,0.141597970497904
19,F,UrbanFast,9.11,58.5,0.0201192615333799,0.0016163793103448,0.0207403349189951,0.0070043103448275,286452.99278164,0,280887.259775535,0.0,11.5877777777778,14,0.440874073432072,0.340657017028344,0.420924093743906,0.2631759241606
20,F,UrbanFast,9.05,56.0,0.0217698398319194,0.0,0.021944824903513,0.0,286483.502356454,870000,280917.769350349,867458.617332035,11.5944444444444,15,0.440314728465503,0.980140937852212,0.420790013730544,0.957655154623778
21,F,UrbanFast,9.57,43.5,0.0227353717857452,0.015625,0.0223647883723499,0.0183189655172414,286483.502356454,0,280917.769350349,0.0,11.5977777777778,10,0.439640220307976,0.260756755928103,0.421027639882277,0.227298993766905
22,F,UrbanFast,10.62,25.0,0.0304427724090142,0.0010775862068965,0.0299018175409709,0.0016163793103448,287423.558083785,0,283777.039618413,0.0,11.6844444444444,15,0.438967964773721,0.358828004533402,0.416764430627844,0.319779003995581
23,F,UrbanFast,12.08,12.6,0.0305347845139391,0.0,0.030168637709527,0.0,290024.632960742,870000,288276.88872186,867458.617332035,11.6844444444444,15,0.438417207296351,0.976517729473822,0.416075085019815,0.956049975660434
24,F,UrbanFast,13.55,10.0,6.44337114347699e-05,0.0021551724137931,0.0016137631621106,0.0032327586206896,620981.001269809,0,594242.523218142,0.0,14.3122222222222,13,0.730633677433959,0.323949111764038,0.653263713373239,0.298640466953274
1,G,HighSpeedRail,5.48,339.2,0.11526739249948,0.0942708333333333,0.0712410620417112,0.0677083333333333,0.0,0,0.0,0.0,5.45444444444444,5,0.185793334807399,0.155876531561811,0.181549099754393,0.174762126599795
2,G,HighSpeedRail,5.81,350.0,0.11526739249948,0.0854166666666667,0.0712410620417112,0.0453125,0.0,0,0.0,0.0,5.45444444444444,6,0.185793334807399,0.187175245080175,0.181549099754393,0.192192949567037
3,G,HighSpeedRail,6.49,340.8,0.11526739249948,0.160416666666667,0.0712410620417112,0.0942708333333333,0.0,0,0.0,0.0,5.45444444444444,4,0.185793334807399,0.147447395614684,0.181549099754393,0.153950282919674
4,G,HighSpeedRail,7.48,300.8,0.115275938764658,0.06875,0.0708824019015146,0.065625,0.0,0,0.0,0.0,5.54,6,0.186768291044413,0.187089779025344,0.181778411669823,0.172464128012913
5,G,HighSpeedRail,8.69,312.6,0.0320453551200762,0.0651041666666667,0.0146412316919288,0.0729166666666667,177966.666666667,0,29000.0,0.0,10.4766666666667,6,0.35724783775085,0.186676692574238,0.267076124285522,0.170816291906192
6,G,HighSpeedRail,9.98,350.0,0.0320453551200762,0.003125,0.0146412316919288,0.0010416666666666,177966.666666667,0,29000.0,0.0,10.4766666666667,13,0.35724783775085,0.316458483422005,0.267076124285522,0.339959873106861
7,G,HighSpeedRail,10.99,342.2,0.0320453551200762,0.0,0.0146412316919288,0.0052083333333333,177966.666666667,900000,29000.0,0.0,10.4766666666667,15,0.35724783775085,0.977347673101409,0.267076124285522,0.278273081222683
8,G,HighSpeedRail,10.95,297.4,0.0320453551200762,0.0161458333333333,0.0146412316919288,0.0104166666666667,177966.666666667,0,29000.0,0.0,10.4766666666667,10,0.35724783775085,0.254038768571158,0.267076124285522,0.248467736162303
9,G,HighSpeedRail,10.71,289.4,0.0320453551200762,0.0171875,0.0146412316919288,0.009375,177966.666666667,0,29000.0,0.0,10.4766666666667,9,0.35724783775085,0.255555954635831,0.267076124285522,0.259271174328101
10,G,HighSpeedRail,10.31,327.0,0.0320453551200762,0.0,0.0146412316919288,0.0010416666666666,177966.666666667,900000,29000.0,0.0,10.4766666666667,15,0.35724783775085,0.979918457289587,0.267076124285522,0.334707771739354
11,G,HighSpeedRail,9.76,338.8,0.0320453551200762,0.0885416666666667,0.0146412316919288,0.0875,177966.666666667,0,29000.0,0.0,10.4766666666667,6,0.35724783775085,0.191300001340877,0.267076124285522,0.168993289298483
12,G,HighSpeedRail,9.1,298.9,0.0320453551200762,0.03125,0.0146412316919288,0.0140625,177966.666666667,0,29000.0,0.0,10.4766666666667,8,0.35724783775085,0.231316117737505,0.267076124285522,0.243704787337221
13,G,HighSpeedRail,8.38,272.2,0.0320453551200762,0.110416666666667,0.0146412316919288,0.0744791666666667,177966.666666667,0,29000.0,0.0,10.4766666666667,5,0.35724783775085,0.155057077625573,0.267076124285522,0.173001549004558
14,G,HighSpeedRail,7.62,300.5,0.0320453551200762,0.200520833333333,0.0146412316919288,0.152604166666667,177966.666666667,0,29000.0,0.0,10.4766666666667,4,0.35724783775085,0.159183897680721,0.267076124285522,0.140911726456374
15,G,HighSpeedRail,6.9,239.0,0.115349853256272,0.0703125,0.0717852936542416,0.0578125,0.0,0,0.0,0.0,5.56333333333334,6,0.186952985350039,0.195687994688143,0.181679967202261,0.187180917643733
16,G,HighSpeedRail,5.46,275.5,0.115275938764658,0.257291666666667,0.0708824019015145,0.204166666666667,0.0,0,0.0,0.0,5.54,3,0.186768291044413,0.138471935764423,0.181778411669823,0.13388521792494
17,G,HighSpeedRail,3.92,230.1,0.115349853256272,0.171875,0.0717852936542415,0.1171875,0.0,0,0.0,0.0,5.56333333333334,4,0.186952985350039,0.15252181349543,0.181679967202261,0.158065696779164
18,G,HighSpeedRail,2.76,266.5,0.115275938764658,0.2234375,0.0710671424947032,0.194270833333333,0.0,0,0.0,0.0,5.54111111111111,4,0.186768291044413,0.149844434814888,0.181810625070106,0.133319854601223
19,G,HighSpeedRail,2.11,303.0,0.254770054461528,0.1390625,0.202901643592557,0.133333333333333,0.0,0,0.0,0.0,3.56555555555555,5,0.152234158727715,0.16497211382844,0.140736823814928,0.154017649526093
20,G,HighSpeedRail,2.05,257.6,0.254770054461528,0.0515625,0.202901643592557,0.0401041666666667,0.0,0,0.0,0.0,3.56555555555555,7,0.152234158727715,0.205297025227457,0.140736823814928,0.192561780459417
21,G,HighSpeedRail,2.57,294.1,0.115275938764658,0.2546875,0.0708824019015145,0.206770833333333,0.0,0,0.0,0.0,5.54,3,0.186768291044413,0.140766530233142,0.181778411669823,0.13734680555894
22,G,HighSpeedRail,3.62,330.5,0.11526739249948,0.205729166666667,0.0712410620417112,0.159375,0.0,0,0.0,0.0,5.45444444444444,4,0.185793334807399,0.154494751647229,0.181549099754393,0.137152580258472
23,G,HighSpeedRail,5.08,285.1,0.115275938764658,0.0697916666666667,0.0708824019015146,0.0572916666666667,0.0,0,0.0,0.0,5.54,6,0.186768291044413,0.195552646036116,0.181778411669823,0.185199551734945
24,G,HighSpeedRail,6.55,321.6,0.115275938764658,0.142708333333333,0.0708824019015146,0.0932291666666667,0.0,0,0.0,0.0,5.54,5,0.186768291044413,0.166593550507275,0.181778411669823,0.159907479828543
1,H,Pedestrian,16.0,3.0,0.001068673331553,0.0,0.0017890732755805,0.0,630102.734549237,900000,613733.220967597,898245.614035088,13.0166666666666,15,0.68706773840058,0.971421561458931,0.651315705136593,0.960083827876339
2,H,Pedestrian,16.0,3.0,0.001068673331553,0.0,0.0017890732755805,0.0,630102.734549237,900000,613733.220967597,898245.614035088,13.0166666666666,15,0.68706773840058,0.979720712505268,0.651315705136594,0.956766675386203
3,H,Pedestrian,16.0,3.0,0.001068673331553,0.0,0.0017890732755805,0.0,630102.734549237,900000,613733.220967597,898245.614035088,13.0166666666666,15,0.68706773840058,0.97811854866376,0.651315705136594,0.956669707137193
4,H,Pedestrian,16.0,3.0,0.001068673331553,0.0,0.0017890732755805,0.0,630102.734549236,900000,613733.220967597,898245.614035088,13.0166666666666,15,0.68706773840058,0.980394945837871,0.651315705136594,0.962423858681005
5,H,Pedestrian,16.0,3.0,0.001068673331553,0.0510416666666667,0.0017890732755805,0.0541666666666667,630102.734549236,0,613733.220967597,0.0,13.0166666666666,7,0.68706773840058,0.208424403247882,0.651315705136594,0.190936247772044
6,H,Pedestrian,16.0,3.0,0.001068673331553,0.0,0.0017890732755805,0.0,630102.734549237,900000,613733.220967597,898245.614035088,13.0166666666666,15,0.68706773840058,0.978781194730094,0.651315705136594,0.95962049823084
7,H,Pedestrian,9.0,6.0,0.0289946607281385,0.154166666666667,0.0260503091232327,0.154166666666667,302820.957917893,0,308294.842564595,0.0,11.9344444444444,4,0.440038877049382,0.165542745071722,0.424374109579745,0.138626737233596
8,H,Pedestrian,9.0,6.0,0.0289946607281385,0.0354166666666667,0.0260503091232327,0.0364583333333333,302820.957917893,0,308294.842564595,0.0,11.9344444444444,8,0.440038877049382,0.229334660866359,0.424374109579745,0.208504943509734
9,H,Pedestrian,9.0,6.0,0.0289946607281385,0.0119791666666667,0.0260503091232328,0.0130208333333333,302820.957917893,0,308294.842564595,0.0,11.9344444444444,10,0.440038877049383,0.266203387875952,0.424374109579745,0.243826565640454
10,H,Pedestrian,9.0,6.0,0.0289946607281385,0.028125,0.0260503091232328,0.0276041666666667,302820.957917893,0,308294.842564595,0.0,11.9344444444444,8,0.440038877049382,0.230293498781678,0.424374109579745,0.213028069317243
11,H,Pedestrian,9.0,6.0,0.0289946607281385,0.034375,0.0260503091232328,0.0255208333333333,302820.957917893,0,308294.842564595,0.0,11.9344444444444,8,0.440038877049382,0.226666139640858,0.424374109579745,0.204278038011963
12,H,Pedestrian,9.0,6.0,0.0289946607281385,0.0005208333333333,0.0260503091232328,0.0005208333333333,302820.957917893,0,308294.842564595,0.0,11.9344444444444,15,0.440038877049382,0.376370970426902,0.424374109579745,0.353104402760099
13,H,Pedestrian,4.0,9.0,0.0898335762577667,0.140625,0.0863222866084323,0.136458333333333,0.0,0,0.0,0.0,8.53111111111111,5,0.222408591035528,0.180485738038003,0.200450986089687,0.152849754391299
14,H,Pedestrian,4.0,9.0,0.0898335762577667,0.109895833333333,0.0863222866084323,0.11875,0.0,0,0.0,0.0,8.53111111111111,5,0.222408591035528,0.179081692038008,0.200450986089687,0.151401040719467
15,H,Pedestrian,4.0,9.0,0.0898335762577667,0.0984375,0.0863222866084323,0.101041666666667,0.0,0,0.0,0.0,8.53111111111111,5,0.222408591035528,0.177947849289601,0.200450986089687,0.15624319711183
16,H,Pedestrian,4.0,9.0,0.0898335762577667,0.0302083333333333,0.0863222866084324,0.0333333333333333,0.0,0,0.0,0.0,8.53111111111111,8,0.222408591035528,0.232324742172498,0.200450986089687,0.202501950513369
17,H,Pedestrian,4.0,9.0,0.0898335762577667,0.2140625,0.0863222866084324,0.21875,0.0,0,0.0,0.0,8.53111111111111,4,0.222408591035528,0.155214723007109,0.200450986089687,0.134402345987642
18,H,Pedestrian,4.0,9.0,0.0898335762577667,0.0890625,0.0863222866084323,0.0927083333333333,0.0,0,0.0,0.0,8.53111111111111,6,0.222408591035528,0.197986125286874,0.200450986089687,0.166586952161686
19,H,Highway,8.0,90.0,0.0352431737892935,0.003125,0.0162435694942628,0.0171875,59886.3547758285,0,33901.4647405054,0.0,10.5877777777778,13,0.291545002357323,0.3164888986714,0.276884469335508,0.228956739740361
20,H,Highway,8.0,90.0,0.0352431737892935,0.0,0.0162435694942628,0.0,59886.3547758285,900000,33901.4647405054,898245.614035088,10.5877777777778,15,0.291545002357323,0.977959705850452,0.276884469335508,0.960362783055205
21,H,Highway,8.0,90.0,0.0352431737892935,0.0458333333333333,0.0162435694942628,0.0369791666666667,59886.3547758285,0,33901.4647405054,0.0,10.5877777777778,7,0.291545002357323,0.210365320588333,0.276884469335508,0.206098514734691
22,H,Highway,8.0,90.0,0.0352431737892935,0.136979166666667,0.0162435694942628,0.0942708333333333,59886.3547758285,0,33901.4647405054,0.0,10.5877777777778,5,0.291545002357323,0.172553277605275,0.276884469335508,0.156749261565184
23,H,Highway,8.0,90.0,0.0352431737892935,0.0302083333333333,0.0162435694942628,0.0265625,59886.3547758285,0,33901.4647405054,0.0,10.5877777777778,8,0.291545002357323,0.232370097539713,0.276884469335508,0.205931470858481
24,H,Highway,8.0,90.0,0.0352431737892935,0.100520833333333,0.0162435694942628,0.0932291666666667,59886.3547758285,0,33901.4647405054,0.0,10.5877777777778,5,0.291545002357323,0.173433663240429,0.276884469335508,0.156058624493704
25,H,Highway,5.0,130.0,0.114599339108552,0.034375,0.070094123710318,0.0369791666666667,0.0,0,0.0,0.0,5.82333333333334,8,0.190994137631346,0.224166248308856,0.184294519720314,0.205994168715626
26,H,Highway,5.0,130.0,0.115159707409246,0.0114583333333333,0.0718530080070302,0.0088541666666666,0.0,0,0.0,0.0,5.8288888888889,10,0.190892441985435,0.268846743245656,0.183984062440481,0.259830661858285
27,H,Highway,5.0,130.0,0.114140939537211,0.0739583333333333,0.0697876076246948,0.04375,0.0,0,0.0,0.0,5.82333333333334,6,0.190934048452125,0.196365966665379,0.184346566335378,0.191680954612973
28,H,Highway,5.0,130.0,0.114599339108552,0.160416666666667,0.070094123710318,0.1515625,0.0,0,0.0,0.0,5.82333333333334,4,0.190994137631346,0.156417489971812,0.184294519720314,0.14021292836407
29,H,Highway,5.0,130.0,0.114140939537211,0.2546875,0.0697493545254532,0.192708333333333,0.0,0,0.0,0.0,5.82333333333334,3,0.190949822801508,0.145586227372841,0.184373106780496,0.133116094529572
30,H,Highway,5.0,130.0,0.114140939537211,0.1890625,0.0697876076246947,0.122395833333333,0.0,0,0.0,0.0,5.82333333333334,4,0.190934048452125,0.157055925234286,0.184346566335378,0.152294682680843
1,I,Urban,12.48,58.4,0.128999229035987,0.0434895833333333,0.219208410388934,0.213541666666667,1000.0,0,0.0,0.0,7.87111111111111,9,0.207156761795423,0.223453622406801,0.155637374648826,0.153777804408128
2,I,Urban,12.81,60.0,0.0493263606030403,0.0010416666666666,0.11200325921033,0.0125,16931.3840155945,0,998.05068226121,0.0,10.7011111111111,15,0.268856352445062,0.364894691176177,0.195505158570208,0.261038667865568
3,I,Urban,13.49,60.0,0.0493263606030403,0.10390625,0.11200325921033,0.240885416666667,16931.3840155945,0,998.05068226121,0.0,10.7011111111111,7,0.268856352445062,0.190403585811584,0.195505158570208,0.141584013242382
4,I,Urban,14.48,60.0,0.0493263606030403,0.132291666666667,0.11200325921033,0.2765625,16931.3840155945,0,998.05068226121,0.0,10.7011111111111,7,0.268856352445062,0.176120950242192,0.195505158570208,0.137205585365999
5,I,Urban,15.69,59.7,0.0502282772873295,0.128125,0.11180233813525,0.23359375,16931.3840155945,0,998.05068226121,0.0,10.72,7,0.270636197057074,0.188835013597452,0.195602601408642,0.129717290079984
6,I,Urban,16.98,55.1,0.0475124591175533,0.0083333333333333,0.102564931967235,0.09375,317598.050682261,0,45163.9651438452,0.0,11.13,13,0.373946837865548,0.298170064056803,0.228922053050531,0.187792028597326
7,I,Urban,17.99,49.8,0.0055513800781084,0.0015625,0.0231958808176459,0.03515625,1020396.89210042,0,684822.341041395,0.0,13.0966666666667,15,0.57190119912918,0.350471528029891,0.458294717736087,0.223421962534977
8,I,Urban,17.95,45.2,0.0055513800781084,0.0606770833333333,0.0231958808176459,0.163541666666667,1020396.89210042,0,684822.341041395,0.0,13.0966666666667,8,0.57190119912918,0.193338136629729,0.458294717736087,0.154185646577793
9,I,Urban,17.71,42.3,0.0055513800781085,0.0028645833333333,0.0231958808176459,0.0223958333333333,1020396.89210042,0,684822.341041395,0.0,13.0966666666667,15,0.57190119912918,0.334857504983027,0.458294717736086,0.243764480297347
10,I,Urban,17.31,41.9,0.0473301370137475,0.0942708333333333,0.102564931967235,0.18203125,317598.050682261,0,45163.9651438452,0.0,11.13,7,0.373946837865548,0.185964900646526,0.228922053050531,0.154812156374711
11,I,Urban,16.76,43.6,0.0473301370137475,0.13125,0.102564931967235,0.28125,317598.050682261,0,45163.9651438452,0.0,11.13,7,0.373946837865548,0.184802850830662,0.228922053050531,0.134623034622958
12,I,Urban,16.1,46.5,0.0473301370137475,0.0395833333333333,0.102564931967235,0.177864583333333,317598.050682261,0,45163.9651438452,0.0,11.13,10,0.373946837865548,0.238561806232271,0.228922053050531,0.156377536104205
13,I,Urban,15.38,51.0,0.0475124591175533,0.0640625,0.102564931967235,0.226822916666667,317598.050682261,0,45163.9651438452,0.0,11.13,8,0.373946837865548,0.192430026128452,0.228922053050531,0.148716054709503
14,I,Urban,14.62,55.4,0.0475124591175533,0.134635416666667,0.102564931967235,0.308333333333333,317598.050682261,0,45163.9651438452,0.0,11.13,7,0.373946837865548,0.180608305337622,0.228922053050531,0.138984958030021
15,I,Urban,13.9,58.5,0.0502282772873295,0.0013020833333333,0.11180233813525,0.01796875,16931.3840155945,0,998.05068226121,0.0,10.72,15,0.270636197057074,0.355123307135765,0.195602601408642,0.245806998149856
16,I,Urban,12.46,59.4,0.13526988490606,0.164322916666667,0.2396989043428,0.3015625,1000.0,0,0.0,0.0,7.28000000000001,6,0.202864517267892,0.163296369885996,0.150356927911359,0.135402142764953
17,I,Urban,10.92,57.9,0.128999229035987,0.0640625,0.219208410388934,0.259114583333333,1000.0,0,0.0,0.0,7.87111111111111,8,0.207156761795423,0.211724382195962,0.155637374648826,0.140782692429887
18,I,Urban,9.76,54.7,0.128999229035987,0.213020833333333,0.219208410388934,0.326822916666667,1000.0,0,0.0,0.0,7.87111111111111,5,0.207156761795423,0.157483022678738,0.155637374648826,0.131697632385644
19,I,Urban,9.11,50.8,0.128999229035987,0.123177083333333,0.219208410388934,0.296614583333333,1000.0,0,0.0,0.0,7.87111111111111,7,0.207156761795423,0.186337229087133,0.155637374648826,0.141504520432587
20,I,Urban,9.05,47.5,0.129576864204684,0.0083333333333333,0.219138446720344,0.08515625,1000.0,0,0.0,0.0,7.88444444444445,13,0.207193549301783,0.302175125273373,0.155743181880872,0.189645747593338
21,I,Urban,9.57,46.1,0.129576864204684,0.142447916666667,0.219138446720344,0.294270833333333,1000.0,0,0.0,0.0,7.88444444444444,7,0.207193549301783,0.190634024738334,0.155743181880872,0.134346367864805
22,I,Urban,10.62,47.0,0.129576864204684,0.0427083333333333,0.219138446720344,0.195052083333333,1000.0,0,0.0,0.0,7.88444444444445,10,0.207193549301783,0.245878140280612,0.155743181880872,0.155808360274683
23,I,Urban,12.08,50.0,0.129576864204684,0.103645833333333,0.219138446720344,0.252864583333333,1000.0,0,0.0,0.0,7.88444444444445,7,0.207193549301783,0.192815028280078,0.155743181880872,0.138046740537241
24,I,Urban,13.55,54.4,0.0475124591175533,0.183333333333333,0.102564931967235,0.313020833333333,317598.050682261,0,45163.9651438452,0.0,11.13,6,0.373946837865548,0.16006447138781,0.228922053050531,0.134976681300172
1,J,Urban,14.0,12.0,5.2360438190589394e-11,0.0,1.03730753347302e-10,0.0,834261.798876723,900000,771636.713226322,898245.614035088,14.4244444444444,15,0.910620191598478,0.980735956491586,0.839256547557364,0.960242459216279
2,J,Urban,14.0,12.0,5.2360438190589394e-11,0.0,1.03730753347302e-10,0.0,834261.798876723,900000,771636.713226322,898245.614035088,14.4244444444444,15,0.910620191598478,0.979111201791439,0.839256547557364,0.9558387719336
3,J,Urban,14.0,12.0,5.2360438190589594e-11,0.0354166666666667,1.03730753347302e-10,0.0395833333333333,834261.798876723,0,771636.713226322,0.0,14.4244444444444,8,0.910620191598478,0.225811564517006,0.839256547557364,0.193441919584268
4,J,Urban,10.0,12.0,0.0146356717678279,0.0203125,0.0098890781563627,0.0385416666666667,328355.46084187,0,441721.865385091,0.0,11.9611111111111,8,0.513246478085519,0.242758773242893,0.562521520584469,0.204985063656509
5,J,Urban,10.0,12.0,0.0146356717678279,0.103125,0.0098890781563627,0.109895833333333,328355.46084187,0,441721.865385091,0.0,11.9611111111111,5,0.513246478085519,0.172515241131142,0.562521520584469,0.154077022603517
6,J,Urban,10.0,12.0,0.0146356717678278,0.0,0.0098890781563627,0.0,328355.46084187,900000,441721.865385091,898245.614035088,11.9611111111111,15,0.513246478085519,0.984802584018775,0.562521520584469,0.954934923716694
7,J,Urban,12.0,16.0,0.0146356717678278,0.0005208333333333,0.0098890781563627,0.0036458333333333,328355.46084187,0,441721.865385091,0.0,11.9611111111111,12,0.513246478085519,0.36893728368789,0.562521520584469,0.285846616031416
8,J,Urban,12.0,16.0,0.0146356717678278,0.0427083333333333,0.0098890781563627,0.0453125,328355.46084187,0,441721.865385091,0.0,11.9611111111111,7,0.513246478085519,0.208622238291141,0.562521520584469,0.18949801410261
9,J,Urban,12.0,16.0,0.0146356717678278,0.0010416666666666,0.0098890781563627,0.0005208333333333,328355.46084187,0,441721.865385091,0.0,11.9611111111111,15,0.513246478085519,0.366807659325255,0.562521520584469,0.350039580874082
10,J,Urban,8.0,16.0,0.0146356717678279,0.0484375,0.0098890781563627,0.0572916666666667,328355.46084187,0,441721.865385091,0.0,11.9611111111111,7,0.513246478085519,0.210543836754585,0.562521520584469,0.183910943488554
11,J,Urban,8.0,16.0,0.0146356717678278,0.210416666666667,0.0098890781563627,0.197395833333333,328355.46084187,0,441721.865385091,0.0,11.9611111111111,4,0.513246478085519,0.153156212327174,0.562521520584469,0.133109323841514
12,J,Urban,8.0,16.0,0.0146356717678278,0.0088541666666666,0.0098890781563627,0.0088541666666666,328355.46084187,0,441721.865385091,0.0,11.9611111111111,11,0.513246478085519,0.283350061183882,0.562521520584469,0.262626162535654
13,J,Urban,11.0,21.0,0.0145797654576751,0.0572916666666667,0.0098113511034688,0.0760416666666667,310186.850361867,0,413614.079122941,0.0,11.9611111111111,6,0.513281730591352,0.209058169716707,0.562569180503778,0.169088179069007
14,J,Urban,11.0,21.0,0.0145797654576751,0.0526041666666667,0.0098113511034688,0.0614583333333333,310186.850361867,0,413614.079122941,0.0,11.9611111111111,7,0.513281730591352,0.218084881308579,0.562569180503778,0.18591007472941
15,J,Urban,11.0,21.0,0.0145797654576751,0.0,0.0098113511034688,0.0,310186.850361867,900000,413614.079122941,898245.614035088,11.9611111111111,15,0.513281730591352,0.977670564103748,0.562569180503778,0.952735271033782
16,J,Urban,8.0,21.0,0.0145797654576751,0.0578125,0.0098113511034689,0.05625,310186.850361867,0,413614.079122941,0.0,11.9611111111111,7,0.513281730591352,0.209551225305586,0.562569180503778,0.188850485456911
17,J,Urban,8.0,21.0,0.0145797654576751,0.0296875,0.0098113511034688,0.0317708333333333,310186.850361867,0,413614.079122941,0.0,11.9611111111111,8,0.513281730591352,0.229418288535623,0.562569180503778,0.207334756942911
18,J,Urban,8.0,21.0,0.0145797654576751,0.0380208333333333,0.0098113511034688,0.0375,310186.850361867,0,413614.079122941,0.0,11.9611111111111,8,0.513281730591352,0.225578554383445,0.562569180503778,0.201127350547115
19,J,Urban,14.0,24.0,1.60050362889453e-11,0.0,4.6975813146549e-11,0.0,844728.265107213,900000,773969.24481495,898245.614035088,14.7355555555556,15,0.921752484106741,0.981230436541994,0.849949596070165,0.955396478741298
20,J,Urban,14.0,24.0,1.60050362889453e-11,0.0,4.6975813146549e-11,0.0,844728.265107213,900000,773969.24481495,898245.614035088,14.7355555555556,15,0.921752484106741,0.982285374674708,0.849949596070166,0.959220966388051
21,J,Urban,14.0,24.0,1.60050362889453e-11,0.0036458333333333,4.697581314654879e-11,0.0036458333333333,844728.265107213,0,773969.24481495,0.0,14.7355555555556,12,0.921752484106741,0.309363022119275,0.849949596070165,0.283515883702682
22,J,Urban,8.0,24.0,0.0145797654576751,0.0098958333333333,0.0098113511034688,0.0083333333333333,310186.850361867,0,413614.079122941,0.0,11.9611111111111,10,0.513281730591352,0.270441342855201,0.562569180503778,0.262185598476719
23,J,Urban,8.0,24.0,0.0145797654576751,0.0026041666666666,0.0098113511034688,0.0010416666666666,310186.850361867,0,413614.079122941,0.0,11.9611111111111,15,0.513281730591352,0.327012058509292,0.562569180503778,0.342758488873703
24,J,Urban,8.0,24.0,0.0145797654576751,0.0802083333333333,0.0098113511034688,0.0958333333333333,310186.850361867,0,413614.079122941,0.0,11.9611111111111,5,0.513281730591352,0.180029384247629,0.562569180503778,0.159915454146557
1,K,HighSpeedRail,5.48,301.4,0.115275938764658,0.0645833333333333,0.0708824019015145,0.0604166666666667,0.0,0,0.0,0.0,5.54,6,0.186768291044413,0.189138491892524,0.181778411669823,0.162565382728465
2,K,HighSpeedRail,5.81,327.5,0.11526739249948,0.0796875,0.0712410620417112,0.0541666666666667,0.0,0,0.0,0.0,5.45444444444444,6,0.185793334807399,0.189943945616053,0.181549099754393,0.186036439175602
3,K,HighSpeedRail,6.49,278.6,0.115275938764658,0.152604166666667,0.0708824019015146,0.117708333333333,0.0,0,0.0,0.0,5.54,4,0.186768291044413,0.156710217830436,0.181778411669823,0.15020492898244
4,K,HighSpeedRail,7.48,263.0,0.115275938764658,0.0510416666666667,0.0710671424947032,0.0703125,0.0,0,0.0,0.0,5.54111111111111,7,0.186768291044413,0.18906817376893,0.181810625070106,0.17099046352729
5,K,HighSpeedRail,8.69,307.7,0.0320453551200762,0.0546875,0.0146412316919288,0.0776041666666667,177966.666666667,0,29000.0,0.0,10.4766666666667,7,0.35724783775085,0.202764275100535,0.267076124285522,0.166104326414881
6,K,HighSpeedRail,9.98,292.1,0.0320453551200762,0.0041666666666666,0.0146412316919288,0.0041666666666666,177966.666666667,0,29000.0,0.0,10.4766666666667,12,0.35724783775085,0.30369407326483,0.267076124285522,0.279811644849016
7,K,HighSpeedRail,10.99,243.2,0.0319129009491968,0.0,0.0146320648179593,0.0046875,153900.0,900000,26000.0,0.0,10.3511111111111,15,0.343828912897201,0.971692446269272,0.264758957099573,0.274329793660182
8,K,HighSpeedRail,10.95,269.3,0.0320453551200762,0.0135416666666667,0.0146412316919288,0.0197916666666667,177966.666666667,0,29000.0,0.0,10.4766666666667,10,0.35724783775085,0.257961080405117,0.267076124285522,0.226827053899564
9,K,HighSpeedRail,10.71,269.8,0.118999983127499,0.131770833333333,0.261859762917056,0.227604166666667,0.0,0,0.0,0.0,7.18888888888888,7,0.201758032083306,0.192865835869484,0.147592445462981,0.150250053686136
10,K,HighSpeedRail,10.31,300.4,0.118999983127499,0.0505208333333333,0.261859762917056,0.175260416666667,0.0,0,0.0,0.0,7.18888888888888,9,0.201758032083306,0.214599476810734,0.147592445462981,0.153059931792838
11,K,HighSpeedRail,9.76,255.9,0.118999983127499,0.2421875,0.261859762917056,0.337760416666667,0.0,0,0.0,0.0,7.18888888888888,5,0.201758032083306,0.145618668312859,0.147592445462981,0.123958508083563
12,K,HighSpeedRail,9.1,244.8,0.124053075989316,0.155208333333333,0.263366420627197,0.281770833333333,0.0,0,0.0,0.0,7.14888888888888,6,0.200729001456036,0.176958298608764,0.147153212638512,0.141239983016966
13,K,HighSpeedRail,8.38,294.0,0.118999983127499,0.248697916666667,0.261859762917056,0.336197916666667,0.0,0,0.0,0.0,7.18888888888888,5,0.201758032083306,0.155992627548735,0.147592445462981,0.124124373798273
14,K,HighSpeedRail,7.62,282.9,0.118999983127499,0.322135416666667,0.261859762917056,0.370833333333333,0.0,0,0.0,0.0,7.18888888888888,4,0.201758032083306,0.133460464595999,0.147592445462981,0.126928200040202
15,K,HighSpeedRail,6.9,238.4,0.225405810769851,0.226822916666667,0.325380283662384,0.315885416666667,0.0,0,0.0,0.0,5.1611111111111,5,0.169878366816824,0.158701852378757,0.139143011989916,0.140099786342847
16,K,HighSpeedRail,5.46,269.1,0.225422707794127,0.35234375,0.325454953688043,0.380989583333333,0.0,0,0.0,0.0,5.15444444444443,3,0.169909748398557,0.129315839485617,0.139029174236911,0.113445520239416
17,K,HighSpeedRail,3.92,302.2,0.115275938764658,0.1859375,0.0708824019015145,0.121354166666667,0.0,0,0.0,0.0,5.54,4,0.186768291044413,0.141432734374847,0.181778411669823,0.147315280729229
18,K,HighSpeedRail,2.76,303.9,0.115275938764658,0.2484375,0.0708824019015146,0.194791666666667,0.0,0,0.0,0.0,5.54,3,0.186768291044413,0.147983190285546,0.181778411669823,0.136084959778113
19,K,HighSpeedRail,2.11,253.6,0.254770054461528,0.130208333333333,0.202901643592557,0.111979166666667,0.0,0,0.0,0.0,3.56555555555555,5,0.152234158727715,0.172059192907513,0.140736823814928,0.155192128600611
20,K,HighSpeedRail,2.05,296.9,0.254770054461528,0.0505208333333333,0.202901643592557,0.040625,0.0,0,0.0,0.0,3.56555555555555,7,0.152234158727715,0.210727030511444,0.140736823814928,0.18753248078794
21,K,HighSpeedRail,2.57,223.5,0.116015264023397,0.207291666666667,0.0718769044928024,0.186458333333333,0.0,0,0.0,0.0,5.55666666666667,4,0.186812465046837,0.154623708163266,0.181565685194028,0.132551149571275
22,K,HighSpeedRail,3.62,266.8,0.115275938764658,0.241666666666667,0.0710671424947032,0.159375,0.0,0,0.0,0.0,5.54111111111111,3,0.186768291044413,0.141643969331617,0.181810625070106,0.140015600538946
23,K,HighSpeedRail,5.08,216.6,0.116015264023397,0.0927083333333333,0.0718769044928024,0.0572916666666667,0.0,0,0.0,0.0,5.55666666666667,6,0.186812465046837,0.189541369173848,0.181565685194028,0.179799584052501
24,K,HighSpeedRail,6.55,218.2,0.116015264023397,0.169270833333333,0.0718769044928024,0.109375,0.0,0,0.0,0.0,5.55666666666667,4,0.186812465046837,0.151808872499193,0.181565685194028,0.15701206218268
1,L,Urban,15.0,25.0,0.0526015877707585,0.0925347222222222,0.1275526311681,0.388541666666667,351039.5766545,0,86321.4810259447,0.0,11.5177777777778,10,0.400395319981834,0.203179973359655,0.234561614525877,0.120293989061552
2,L,Urban,15.0,25.0,0.0526015877707586,0.0026041666666666,0.1275526311681,0.155381944444444,351039.5766545,0,86321.4810259447,0.0,11.5177777777778,15,0.400395319981834,0.340570364764548,0.234561614525877,0.192442980833238
3,L,Urban,15.0,25.0,0.0526015877707585,0.211458333333333,0.1275526311681,0.379166666666667,351039.5766545,0,86321.4810259447,0.0,11.5177777777778,7,0.400395319981834,0.165499638856222,0.234561614525877,0.125625557772454
4,L,Urban,15.0,25.0,0.0526015877707585,0.169444444444444,0.1275526311681,0.390451388888889,351039.5766545,0,86321.4810259447,0.0,11.5177777777778,8,0.400395319981834,0.156271311878904,0.234561614525877,0.121156631237468
5,L,Urban,15.0,25.0,0.0526015877707585,0.221006944444444,0.1275526311681,0.389583333333333,351039.5766545,0,86321.4810259447,0.0,11.5177777777778,7,0.400395319981834,0.124075268016677,0.234561614525877,0.108063650446841
6,L,Urban,15.0,25.0,0.0526015877707585,0.0102430555555556,0.1275526311681,0.219965277777778,351039.5766545,0,86321.4810259447,0.0,11.5177777777778,14,0.400395319981834,0.292510750146429,0.234561614525877,0.174997700039018
7,L,Urban,10.0,40.0,0.148400885381869,0.186284722222222,0.38418028057262,0.384895833333333,1996.10136452242,0,1996.10136452242,0.0,8.32666666666666,8,0.204498548057572,0.179248814625115,0.136014509128077,0.123132816089419
8,L,Urban,10.0,40.0,0.14812998846129,0.309895833333333,0.38418028057262,0.404340277777778,1000.0,0,0.0,0.0,8.33777777777778,5,0.204630461230238,0.146748475264322,0.135856127829567,0.123720240136035
9,L,Urban,10.0,40.0,0.14812998846129,0.185069444444444,0.38418028057262,0.371701388888889,1000.0,0,0.0,0.0,8.33777777777778,8,0.204630461230238,0.182428217587589,0.135856127829567,0.116116365172051
10,L,Urban,10.0,40.0,0.14812998846129,0.294618055555556,0.38418028057262,0.386979166666667,1000.0,0,0.0,0.0,8.33777777777778,6,0.204630461230238,0.142776297330803,0.135856127829567,0.123307414697753
11,L,Urban,10.0,40.0,0.14812998846129,0.346701388888889,0.38418028057262,0.393229166666667,1000.0,0,0.0,0.0,8.33777777777778,4,0.204630461230238,0.0997706741438132,0.135856127829567,0.124209076006176
12,L,Urban,10.0,40.0,0.14812998846129,0.259895833333333,0.38418028057262,0.384375,1000.0,0,0.0,0.0,8.33777777777778,7,0.204630461230238,0.169975492456479,0.135856127829567,0.120479524925859
13,L,Urban,6.0,55.0,0.224150413029866,0.358506944444444,0.383358782142573,0.403993055555556,0.0,0,0.0,0.0,5.48444444444445,4,0.173836867440873,0.130819671801336,0.141193951031884,0.117683701800307
14,L,Urban,6.0,55.0,0.224150413029866,0.3953125,0.383358782142573,0.419270833333333,0.0,0,0.0,0.0,5.48444444444445,4,0.173836867440873,0.114174739212544,0.141193951031884,0.11873726246046
15,L,Urban,6.0,55.0,0.224150413029866,0.189930555555556,0.383358782142573,0.370659722222222,0.0,0,0.0,0.0,5.48444444444445,8,0.173836867440873,0.186271291873332,0.141193951031884,0.121670514840645
16,L,Urban,6.0,55.0,0.224150413029866,0.377951388888889,0.383358782142573,0.417013888888889,0.0,0,0.0,0.0,5.48444444444445,4,0.173836867440873,0.10953896623385,0.141193951031884,0.119540830230528
17,L,Urban,6.0,55.0,0.224150413029866,0.263368055555556,0.383358782142573,0.387152777777778,0.0,0,0.0,0.0,5.48444444444445,7,0.173836867440873,0.169823602448549,0.141193951031884,0.120739598467901
18,L,Urban,6.0,55.0,0.224150413029866,0.378125,0.383358782142573,0.419444444444444,0.0,0,0.0,0.0,5.48444444444445,4,0.173836867440873,0.122453439543045,0.141193951031884,0.121456449608232
19,L,Pedestrian,20.0,4.0,0.0015286735778222,0.0,0.0078441477827056,0.0,1211824.18254877,1800000,1188898.66622631,1796491.22807018,14.1588888888889,15,0.694671871672975,0.979111756641053,0.634355278923439,0.951212751436718
20,L,Pedestrian,20.0,4.0,0.0015286735778222,0.0,0.0078441477827056,0.0,1211824.18254877,1800000,1188898.66622631,1796491.22807018,14.1588888888889,15,0.694671871672975,0.975064079894079,0.634355278923439,0.946517363395265
21,L,Pedestrian,20.0,4.0,0.0015286735778222,0.0075520833333333,0.0078441477827056,0.0625,1211824.18254877,0,1188898.66622631,0.0,14.1588888888889,13,0.694671871672975,0.305468717566674,0.63435527892344,0.197265804478925
22,L,Pedestrian,10.0,8.0,0.0732758262460386,0.04765625,0.202257075885248,0.2453125,1000.0,0,1000.0,0.0,9.23555555555554,9,0.235292368743524,0.231112951423773,0.164600713255446,0.136103039376285
23,L,Pedestrian,10.0,8.0,0.0732758262460386,0.105208333333333,0.202257075885248,0.285677083333333,1000.0,0,1000.0,0.0,9.23555555555554,7,0.235292368743524,0.198822114763051,0.164600713255446,0.142577907380143
24,L,Pedestrian,10.0,8.0,0.0732758262460386,0.08671875,0.202257075885248,0.26953125,1000.0,0,1000.0,0.0,9.23555555555554,8,0.235292368743524,0.207724172976853,0.164600713255446,0.131799875730289
1,M,Pedestrian,20.0,5.0,1.1105670004288299e-11,0.0,1.45931359975692e-09,0.0,866094.786381729,900000,800112.335555978,898245.614035088,15.0,15,0.94955380228353,0.97926028712769,0.862538013348054,0.953616869392803
2,M,Pedestrian,20.0,5.0,1.1105670004288299e-11,0.0,1.4593135997569101e-09,0.0,866094.786381729,900000,800112.335555978,898245.614035088,15.0,15,0.949553802283531,0.979343657518121,0.862538013348054,0.95983180958561
3,M,Pedestrian,20.0,5.0,1.1105670004288299e-11,0.0,1.4593135997569101e-09,0.0,866094.786381729,900000,800112.335555978,898245.614035088,15.0,15,0.94955380228353,0.980961585731974,0.862538013348054,0.94653870659074
4,M,Pedestrian,20.0,5.0,1.1105670004288299e-11,0.0,1.4593135997569101e-09,0.0,866094.786381729,900000,800112.335555978,898245.614035088,15.0,15,0.94955380228353,0.983434700003021,0.862538013348054,0.961420935797151
5,M,Pedestrian,20.0,5.0,1.1105670004288299e-11,0.0041666666666666,1.4593135997569101e-09,0.0041666666666666,866094.786381729,0,800112.335555978,0.0,15.0,12,0.949553802283531,0.307431336357645,0.862538013348054,0.274490057222193
6,M,Pedestrian,20.0,5.0,1.1105670004288399e-11,0.0,1.4593135997569101e-09,0.0,866094.786381729,900000,800112.335555978,898245.614035088,15.0,15,0.94955380228353,0.979681046175157,0.862538013348054,0.959512259686006
7,M,Urban,15.0,30.0,1.60050362889453e-11,0.0,4.697581314654879e-11,0.0,844728.265107213,900000,773969.24481495,898245.614035088,14.7355555555556,15,0.921752484106741,0.981694434243175,0.849949596070166,0.949404639748564
8,M,Urban,15.0,30.0,1.60050362889454e-11,0.0026041666666666,5.0512908499451e-11,0.0171875,844728.265107213,0,773969.24481495,0.0,14.7355555555556,13,0.920747440241924,0.323915688292497,0.848928517380414,0.222132510080945
9,M,Urban,15.0,30.0,1.60050362889453e-11,0.0,5.0512908499451195e-11,0.0,844728.265107213,900000,773969.24481495,898245.614035088,14.7355555555556,15,0.920747440241924,0.978134158289108,0.848928517380414,0.948439250682316
10,M,Urban,15.0,30.0,1.60050362889453e-11,0.0,5.0512908499451e-11,0.00625,844728.265107213,900000,773969.24481495,0.0,14.7355555555556,15,0.920747440241924,0.97824574566941,0.848928517380414,0.263565594920087
11,M,Urban,15.0,30.0,1.60050362889454e-11,0.0348958333333333,5.0512908499451e-11,0.0291666666666667,844728.265107213,0,773969.24481495,0.0,14.7355555555556,8,0.920747440241924,0.227946405013831,0.848928517380414,0.210799005187436
12,M,Urban,15.0,30.0,1.60050362889453e-11,0.0,5.0512908499451e-11,0.0,844728.265107213,900000,773969.24481495,898245.614035088,14.7355555555556,15,0.920747440241924,0.978383839945376,0.848928517380414,0.948314558774914
13,M,Highway,12.0,100.0,0.0353357861119603,0.0041666666666666,0.0160234625903508,0.0036458333333333,36753.0214424951,0,29909.2620114606,0.0,10.5788888888889,12,0.280743850698566,0.299751214394545,0.274678304115675,0.286989767420423
14,M,Highway,12.0,100.0,0.0353357861119603,0.0473958333333333,0.0160234625903508,0.0604166666666667,36753.0214424951,0,29909.2620114606,0.0,10.5788888888889,7,0.280743850698566,0.209746866706766,0.274678304115675,0.177555627108412
15,M,Highway,12.0,100.0,0.0353357861119603,0.0302083333333333,0.0160234625903508,0.0130208333333333,36753.0214424951,0,29909.2620114606,0.0,10.5788888888889,8,0.280743850698566,0.229117471217187,0.274678304115675,0.22769899366453
16,M,Highway,12.0,100.0,0.0353357861119603,0.009375,0.0160234625903508,0.0192708333333333,36753.0214424951,0,29909.2620114606,0.0,10.5788888888889,11,0.280743850698566,0.280034061640293,0.274678304115675,0.225478359897995
17,M,Highway,12.0,100.0,0.0353357861119603,0.0015625,0.0160234625903508,0.0015625,36753.0214424951,0,29909.2620114606,0.0,10.5788888888889,14,0.280743850698566,0.34141741866434,0.274678304115675,0.317146915467361
18,M,Highway,12.0,100.0,0.0353357861119603,0.0244791666666667,0.0160234625903508,0.0171875,36753.0214424951,0,29909.2620114606,0.0,10.5788888888889,8,0.280743850698567,0.234380212865942,0.274678304115675,0.225436518202333
19,M,HighSpeedRail,8.0,250.0,0.0319129009491968,0.0135416666666667,0.0146320648179593,0.0234375,153900.0,0,26000.0,0.0,10.3511111111111,10,0.343828912897201,0.264775646660814,0.264758957099572,0.210630034612343
20,M,HighSpeedRail,8.0,250.0,0.0319129009491968,0.0015625,0.0146320648179593,0.0005208333333333,153900.0,0,26000.0,0.0,10.3511111111111,14,0.343828912897201,0.345940615749524,0.264758957099573,0.349492634377269
21,M,HighSpeedRail,8.0,250.0,0.0319129009491968,0.0776041666666667,0.0146320648179593,0.0661458333333333,153900.0,0,26000.0,0.0,10.3511111111111,6,0.343828912897201,0.178269628362918,0.264758957099572,0.161489931978485
22,M,HighSpeedRail,8.0,250.0,0.0319129009491968,0.116145833333333,0.0146320648179593,0.0765625,153900.0,0,26000.0,0.0,10.3511111111111,5,0.343828912897201,0.166280465323045,0.264758957099573,0.159538843076492
23,M,HighSpeedRail,8.0,250.0,0.0319129009491968,0.015625,0.0146320648179593,0.0182291666666667,153900.0,0,26000.0,0.0,10.3511111111111,10,0.343828912897201,0.257835778423398,0.264758957099573,0.224258182006086
24,M,HighSpeedRail,8.0,250.0,0.0319129009491968,0.122916666666667,0.0146320648179593,0.0729166666666667,153900.0,0,26000.0,0.0,10.3511111111111,5,0.343828912897201,0.176651362244785,0.264758957099573,0.170507014274909
1,N,HighSpeedRail,8.0,250.0,0.0319129009491968,0.0276041666666667,0.0146320648179593,0.0270833333333333,153900.0,0,26000.0,0.0,10.3511111111111,8,0.343828912897201,0.230549709393186,0.264758957099573,0.20261720531582
2,N,HighSpeedRail,8.0,250.0,0.0319129009491968,0.0447916666666667,0.0146320648179593,0.0244791666666667,153900.0,0,26000.0,0.0,10.3511111111111,7,0.343828912897201,0.211269923384472,0.264758957099573,0.197944413795121
3,N,HighSpeedRail,8.0,250.0,0.0319129009491968,0.126041666666667,0.0146320648179593,0.0838541666666667,153900.0,0,26000.0,0.0,10.3511111111111,5,0.343828912897201,0.179690431185603,0.264758957099573,0.166454514341627
4,N,HighSpeedRail,8.0,250.0,0.0319129009491968,0.0442708333333333,0.0146320648179593,0.0713541666666667,153900.0,0,26000.0,0.0,10.3511111111111,7,0.343828912897201,0.190464366799676,0.264758957099572,0.164021980550516
5,N,HighSpeedRail,8.0,250.0,0.0319129009491968,0.0671875,0.0146320648179593,0.0796875,153900.0,0,26000.0,0.0,10.3511111111111,6,0.343828912897201,0.185370549612401,0.264758957099572,0.166677875431701
6,N,HighSpeedRail,8.0,250.0,0.0319129009491968,0.0114583333333333,0.0146320648179593,0.009375,153900.0,0,26000.0,0.0,10.3511111111111,10,0.343828912897201,0.262299811691508,0.264758957099573,0.256463499939907
7,N,Highway,12.0,100.0,0.0354462083726869,0.0,0.0161673092534138,0.0005208333333333,59886.3547758285,900000,33901.4647405054,0.0,10.5455555555555,15,0.290587350437871,0.975378313910975,0.276599477608861,0.337723347764341
8,N,Highway,12.0,100.0,0.0353357861119603,0.0005208333333333,0.0160234625903508,0.0020833333333333,36753.0214424951,0,29909.2620114606,0.0,10.5788888888889,15,0.280743850698566,0.372601702200129,0.274678304115675,0.305327430448676
9,N,Highway,12.0,100.0,0.0353357861119603,0.0041666666666666,0.0160234625903508,0.0005208333333333,36753.0214424951,0,29909.2620114606,0.0,10.5788888888889,12,0.280743850698566,0.299716896436998,0.274678304115675,0.339397094529486
10,N,Highway,12.0,100.0,0.0352431737892935,0.0015625,0.0162435694942628,0.0109375,59886.3547758285,0,33901.4647405054,0.0,10.5877777777778,14,0.291545002357323,0.329863472700268,0.276884469335508,0.240564563422899
11,N,Highway,12.0,100.0,0.0353357861119603,0.0390625,0.0160234625903508,0.0442708333333333,36753.0214424951,0,29909.2620114606,0.0,10.5788888888889,7,0.280743850698566,0.210739578318843,0.274678304115675,0.192213891134797
12,N,Highway,12.0,100.0,0.0353357861119603,0.0,0.0160234625903508,0.0,36753.0214424951,900000,29909.2620114606,898245.614035088,10.5788888888889,15,0.280743850698566,0.975820832550738,0.274678304115675,0.95399441226228
13,N,Urban,15.0,30.0,1.60050362889453e-11,0.0015625,5.0512908499451e-11,0.0083333333333333,844728.265107213,0,773969.24481495,0.0,14.7355555555556,14,0.920747440241923,0.338247312502127,0.848928517380414,0.247380576161471
14,N,Urban,15.0,30.0,1.60050362889454e-11,0.0046875,5.0512908499451e-11,0.0109375,844728.265107213,0,773969.24481495,0.0,14.7355555555556,12,0.920747440241924,0.298981607113459,0.848928517380414,0.249409242805989
15,N,Urban,15.0,30.0,1.60050362889453e-11,0.0,5.0512908499451e-11,0.0,844728.265107213,900000,773969.24481495,898245.614035088,14.7355555555556,15,0.920747440241924,0.981892576067899,0.848928517380414,0.960907673836976
16,N,Urban,15.0,30.0,1.60050362889453e-11,0.0020833333333333,5.0512908499451e-11,0.0052083333333333,844728.265107213,0,773969.24481495,0.0,14.7355555555556,13,0.920747440241924,0.32879202389605,0.848928517380414,0.272064092406474
17,N,Urban,15.0,30.0,1.60050362889454e-11,0.0,5.0512908499451195e-11,0.0,844728.265107213,900000,773969.24481495,898245.614035088,14.7355555555556,15,0.920747440241924,0.977867799041914,0.848928517380414,0.959849570867092
18,N,Urban,15.0,30.0,1.60050362889454e-11,0.0005208333333333,5.0512908499451195e-11,0.00625,844728.265107213,0,773969.24481495,0.0,14.7355555555556,15,0.920747440241924,0.366992402956481,0.848928517380414,0.262504713391154
19,N,Pedestrian,20.0,5.0,1.1105670004288299e-11,0.0,1.45931359975692e-09,0.0,866094.786381729,900000,800112.335555978,898245.614035088,15.0,15,0.94955380228353,0.986780154821364,0.862538013348054,0.952901203310816
20,N,Pedestrian,20.0,5.0,1.1105670004288299e-11,0.0,1.4593135997569101e-09,0.0,866094.786381729,900000,800112.335555978,898245.614035088,15.0,15,0.94955380228353,0.980495078565832,0.862538013348054,0.962009594679923
21,N,Pedestrian,20.0,5.0,1.1105670004288299e-11,0.0,1.4593135997569101e-09,0.0,866094.786381729,900000,800112.335555978,898245.614035088,15.0,15,0.94955380228353,0.977853584335053,0.862538013348054,0.953549561496251
22,N,Pedestrian,20.0,5.0,1.1105670004288299e-11,0.0,1.4593135997569101e-09,0.0,866094.786381729,900000,800112.335555978,898245.614035088,15.0,15,0.94955380228353,0.981019251646628,0.862538013348054,0.962619689393494
23,N,Pedestrian,20.0,5.0,1.1105670004288299e-11,0.0,1.4593135997569101e-09,0.0,866094.786381729,900000,800112.335555978,898245.614035088,15.0,15,0.94955380228353,0.98618481431525,0.862538013348054,0.954577062381574
24,N,Pedestrian,20.0,5.0,1.1105670004288399e-11,0.0,1.45931359975692e-09,0.0,866094.786381729,900000,800112.335555978,898245.614035088,15.0,15,0.94955380228353,0.974954298746006,0.862538013348054,0.949276584169118
1,O,Urban,20.0,40.0,1.2093249352128999e-12,0.0,1.13508575077838e-12,0.0,892380.701754386,900000,896729.957805912,898245.614035088,15.0,15,0.984911021307831,0.980617084493338,0.96289802768016,0.957961394733648
2,O,Urban,20.0,40.0,1.13508575077838e-12,0.0,1.13508575077838e-12,0.0,893253.216374269,900000,898549.172346645,898245.614035088,15.0,15,0.986640138505031,0.978317682153607,0.964540355638242,0.953033695397284
3,O,Urban,20.0,40.0,1.13508575077838e-12,0.0,1.13508575077838e-12,0.0,893253.216374269,900000,898549.172346646,898245.614035088,15.0,15,0.986640138505031,0.976211019105469,0.964540355638243,0.948423394965803
4,O,Urban,20.0,40.0,1.2093249352128999e-12,0.0,1.13508575077838e-12,0.0,893253.216374269,900000,898549.172346645,898245.614035088,15.0,15,0.986640138505031,0.980059846347322,0.964540355638243,0.955660060515084
5,O,Urban,20.0,40.0,1.13508575077838e-12,0.0,1.13508575077838e-12,0.0005208333333333,893253.216374269,900000,898549.172346645,0.0,15.0,15,0.986640138505031,0.981785107694134,0.964540355638242,0.345106584461106
6,O,Urban,15.0,40.0,3.37348026045336e-10,0.0,1.0887654284625902e-09,0.0,812738.011695907,900000,716869.261328156,898245.614035088,14.6788888888889,15,0.887619829237877,0.980036977268327,0.799528996174252,0.950006859713504
7,O,Urban,15.0,40.0,1.6986412561542e-11,0.0,5.3419709590487e-11,0.0,837728.265107213,900000,770975.092768166,898245.614035088,14.7,15,0.914662770047509,0.984479920412274,0.845094754914194,0.958007936313283
8,O,Urban,15.0,40.0,3.37348026045336e-10,0.0010416666666666,1.0887654284626e-09,0.0057291666666666,812738.011695907,0,716869.261328156,0.0,14.6788888888889,15,0.887619829237877,0.361685549790533,0.799528996174252,0.27679056367726
9,O,Urban,15.0,40.0,3.37348026045336e-10,0.0,1.0887654284625902e-09,0.0,812738.011695907,900000,716869.261328156,898245.614035088,14.6788888888889,15,0.887619829237877,0.97899135351605,0.799528996174252,0.95754102340598
10,O,Urban,15.0,40.0,3.37348026045335e-10,0.0,1.0887654284625902e-09,0.0046875,812738.011695907,900000,716869.261328156,0.0,14.6788888888889,15,0.887619829237877,0.980871237754291,0.799719730595515,0.274319970008403
11,O,Urban,10.0,40.0,0.0145229943684205,0.128645833333333,0.0097410432874125,0.116145833333333,307161.314299489,0,407591.567255259,0.0,11.9611111111111,5,0.513281730591352,0.163962562808481,0.562569180503778,0.153063330753228
12,O,Urban,10.0,40.0,0.0145229943684205,0.0348958333333333,0.0097410432874125,0.0255208333333333,307161.314299489,0,407591.567255259,0.0,11.9611111111111,8,0.513281730591352,0.222726127151534,0.562569180503778,0.198277196033659
13,O,Urban,10.0,40.0,0.0145229943684205,0.04375,0.0097410432874125,0.0572916666666667,307161.314299489,0,407591.567255259,0.0,11.9611111111111,7,0.513281730591352,0.205879383381196,0.562569180503778,0.18372290034795
14,O,Urban,10.0,40.0,0.0145229943684205,0.0734375,0.0097410432874125,0.0833333333333333,307161.314299489,0,407591.567255259,0.0,11.9611111111111,6,0.513281730591352,0.193954921615863,0.562569180503778,0.160728529427994
15,O,Urban,10.0,40.0,0.0145229943684205,0.0,0.0097410432874125,0.0,307161.314299489,900000,407591.567255259,898245.614035088,11.9611111111111,15,0.513281730591352,0.979234167724914,0.562569180503778,0.958354945984952
16,O,Urban,5.0,40.0,0.043590260364533,0.202604166666667,0.0327276764227847,0.1921875,0.0,0,0.0,0.0,9.03888888888888,4,0.246971235320455,0.150388564405903,0.230079993281554,0.140022211491736
17,O,Urban,5.0,40.0,0.043590260364533,0.0744791666666667,0.0327276764227847,0.0760416666666667,0.0,0,0.0,0.0,9.03888888888888,6,0.246971235320455,0.190526907219094,0.230079993281554,0.169397458471631
18,O,Urban,5.0,40.0,0.043590260364533,0.209375,0.0327276764227847,0.177083333333333,0.0,0,0.0,0.0,9.03888888888888,4,0.246971235320455,0.140306036683009,0.230079993281555,0.136449606711177
19,O,Urban,5.0,40.0,0.043590260364533,0.0848958333333333,0.0327276764227847,0.0791666666666667,0.0,0,0.0,0.0,9.03888888888888,6,0.246971235320455,0.192391390394494,0.230079993281555,0.166150281280706
20,O,Urban,5.0,40.0,0.043590260364533,0.0005208333333333,0.0327276764227847,0.0,0.0,0,0.0,898245.614035088,9.03888888888888,15,0.246971235320455,0.372894082298401,0.230079993281554,0.950345919131699
21,O,Urban,0.0,40.0,0.131246905623069,0.2609375,0.126351077119542,0.2359375,0.0,0,0.0,0.0,5.28277777777779,3,0.182732915840681,0.136844843626624,0.157508219676751,0.132481198621641
22,O,Urban,0.0,40.0,0.131246905623069,0.156770833333333,0.12634889729704,0.1359375,0.0,0,0.0,0.0,5.28277777777779,4,0.182732915840681,0.158438772539309,0.157452356725489,0.151531332052787
23,O,Urban,0.0,40.0,0.131246905623069,0.189583333333333,0.12634889729704,0.16875,0.0,0,0.0,0.0,5.28277777777779,4,0.182732915840681,0.156196763900996,0.157452356725489,0.126676624428313
24,O,Urban,0.0,40.0,0.131246905623069,0.357291666666667,0.12634889729704,0.300520833333333,0.0,0,0.0,0.0,5.28277777777779,3,0.182732915840681,0.130816474782318,0.157452356725489,0.114347896110365
25,O,Urban,0.0,40.0,0.113137994206866,0.1265625,0.113345997020864,0.117708333333333,0.0,0,0.0,0.0,5.45500000000001,5,0.183613114263785,0.168704539339818,0.160515498729375,0.142457230528168
1,P,Urban,0.0,40.0,0.113137994206865,0.176041666666667,0.113345997020864,0.170833333333333,0.0,0,0.0,0.0,5.45500000000001,4,0.183613114263785,0.156721108416684,0.160515498729375,0.14122555525256
2,P,Urban,0.0,40.0,0.131246905623069,0.0182291666666667,0.12634889729704,0.0151041666666667,0.0,0,0.0,0.0,5.28277777777779,9,0.182732915840681,0.247848160739849,0.157452356725489,0.228654127187042
3,P,Urban,0.0,40.0,0.131246905623069,0.28125,0.12634889729704,0.236979166666667,0.0,0,0.0,0.0,5.28277777777779,3,0.182732915840681,0.129578887226243,0.157452356725489,0.135556692187012
4,P,Urban,0.0,40.0,0.131246905623069,0.2984375,0.126351077119542,0.273958333333333,0.0,0,0.0,0.0,5.28277777777779,3,0.182732915840681,0.127515015467279,0.157508219676751,0.122929146981928
5,P,Urban,0.0,40.0,0.131246905623069,0.260416666666667,0.12634889729704,0.284375,0.0,0,0.0,0.0,5.28277777777779,3,0.182732915840681,0.122088241134349,0.157452356725489,0.112715664432166
6,P,Urban,5.0,40.0,0.043590260364533,0.0552083333333333,0.0327276764227847,0.0463541666666667,0.0,0,0.0,0.0,9.03888888888888,7,0.246971235320455,0.195019360411837,0.230079993281554,0.183544333175232
7,P,Urban,5.0,40.0,0.0320341209145376,0.0520833333333333,0.0253105751252077,0.0734375,0.0,0,0.0,0.0,10.05,7,0.258298996165178,0.199027533015533,0.239670232511225,0.166254232290438
8,P,Urban,5.0,40.0,0.043590260364533,0.171354166666667,0.0327276764227847,0.153125,0.0,0,0.0,0.0,9.03888888888888,4,0.246971235320455,0.137357946709218,0.230079993281555,0.131784649439774
9,P,Urban,5.0,40.0,0.043590260364533,0.0786458333333333,0.0327276764227847,0.0703125,0.0,0,0.0,0.0,9.03888888888888,6,0.246971235320455,0.185419134852698,0.230079993281555,0.167415484433003
10,P,Urban,5.0,40.0,0.043590260364533,0.1375,0.0327655452790251,0.147395833333333,0.0,0,0.0,0.0,9.03888888888888,5,0.246971235320455,0.166647208861978,0.230079993281555,0.142797610173357
11,P,Urban,10.0,40.0,0.0145229943684205,0.128645833333333,0.0097410432874125,0.116145833333333,307161.314299489,0,407591.567255259,0.0,11.9611111111111,5,0.513281730591352,0.164152626947852,0.562569180503778,0.149817332395099
12,P,Urban,10.0,40.0,0.0145229943684205,0.0348958333333333,0.0097410432874125,0.0255208333333333,307161.314299489,0,407591.567255259,0.0,11.9611111111111,8,0.513281730591352,0.227001207324896,0.562569180503778,0.209340677043227
13,P,Urban,10.0,40.0,0.0145229943684205,0.04375,0.0097410432874125,0.0572916666666667,307161.314299489,0,407591.567255259,0.0,11.9611111111111,7,0.513281730591352,0.204582508383883,0.562569180503778,0.183510282919622
14,P,Urban,10.0,40.0,0.0145229943684205,0.0734375,0.0097410432874125,0.0833333333333333,307161.314299489,0,407591.567255259,0.0,11.9611111111111,6,0.513281730591352,0.189667574840971,0.562569180503778,0.161644143568411
15,P,Urban,10.0,40.0,0.0145229943684206,0.0,0.0097410432874125,0.0,307161.314299489,900000,407591.567255259,898245.614035088,11.9611111111111,15,0.513281730591352,0.979179987939383,0.562569180503778,0.960459840613813
16,P,Urban,15.0,40.0,3.37348026045335e-10,0.0041666666666666,1.0887654284625902e-09,0.0135416666666667,812738.011695907,0,716869.261328156,0.0,14.6788888888889,12,0.887619829237877,0.298857187336863,0.799528996174252,0.236207401353728
17,P,Urban,15.0,40.0,3.37348026045336e-10,0.0,1.0887654284625902e-09,0.0,812738.011695907,900000,716869.261328156,898245.614035088,14.6788888888889,15,0.887619829237877,0.975783908984515,0.799528996174252,0.961530064329168
18,P,Urban,15.0,40.0,3.37348026045336e-10,0.0036458333333333,1.0887654284626e-09,0.0098958333333333,812738.011695907,0,716869.261328156,0.0,14.6788888888889,12,0.887619829237877,0.293528004629837,0.799528996174252,0.236960581766967
19,P,Urban,15.0,40.0,3.3734802604533303e-10,0.0,1.0887654284625902e-09,0.0005208333333333,812738.011695907,900000,716869.261328156,0.0,14.6788888888889,15,0.887619829237877,0.978498342283121,0.799528996174252,0.348741895864954
20,P,Urban,15.0,40.0,3.37348026045336e-10,0.0,1.0887654284626e-09,0.0,812738.011695907,900000,716869.261328156,898245.614035088,14.6788888888889,15,0.887619829237877,0.97695664280016,0.799528996174252,0.952329063335861
21,P,Urban,20.0,40.0,1.2093249352128999e-12,0.0,1.13508575077838e-12,0.0,893253.216374269,900000,898549.172346645,898245.614035088,15.0,15,0.986640138505031,0.980798739505444,0.964540355638243,0.955385412300091
22,P,Urban,20.0,40.0,1.13508575077838e-12,0.0,1.13508575077838e-12,0.0,893253.216374269,900000,898549.172346645,898245.614035088,15.0,15,0.986640138505031,0.980221137348752,0.964540355638242,0.955540027099349
23,P,Urban,20.0,40.0,1.13508575077838e-12,0.0,1.13508575077838e-12,0.0,893253.216374269,900000,898549.172346645,898245.614035088,15.0,15,0.986640138505031,0.980170436896058,0.964540355638243,0.957587741309459
24,P,Urban,20.0,40.0,1.13508575077838e-12,0.0,1.13508575077838e-12,0.0020833333333333,893253.216374269,900000,898549.172346645,0.0,15.0,15,0.986640138505031,0.986762015709795,0.964540355638243,0.30024860395041
25,P,Urban,20.0,40.0,1.2093249352128999e-12,0.0,1.13508575077838e-12,0.0,892380.701754386,900000,896729.957805912,898245.614035088,15.0,15,0.98491102130783,0.985243386043207,0.96289802768016,0.957920002608519
1,Q,HighSpeedRail,5.48,231.8,0.115349853256272,0.0796875,0.0717852936542416,0.0588541666666667,0.0,0,0.0,0.0,5.56333333333334,6,0.186952985350039,0.188311666103798,0.181679967202261,0.186259732265069
2,Q,HighSpeedRail,5.81,248.5,0.115349853256272,0.0911458333333333,0.0717852936542416,0.0567708333333333,0.0,0,0.0,0.0,5.56333333333334,6,0.186952985350039,0.189665021240504,0.181679967202261,0.17666767896647
3,Q,HighSpeedRail,6.49,260.5,0.115275938764658,0.1671875,0.0710671424947032,0.122395833333333,0.0,0,0.0,0.0,5.54111111111111,4,0.186768291044413,0.162406343401521,0.181810625070106,0.149282594734874
4,Q,HighSpeedRail,7.48,264.3,0.115275938764658,0.0578125,0.0710671424947032,0.0677083333333333,0.0,0,0.0,0.0,5.54111111111111,7,0.186768291044413,0.198754696337103,0.181810625070106,0.169147263519489
5,Q,HighSpeedRail,8.69,258.9,0.0320453551200762,0.0598958333333333,0.0146412316919288,0.065625,177966.666666667,0,29000.0,0.0,10.4766666666667,7,0.35724783775085,0.198275806481994,0.267076124285522,0.1692162897325
6,Q,HighSpeedRail,9.98,246.1,0.0319129009491968,0.0036458333333333,0.0146320648179593,0.0020833333333333,153900.0,0,26000.0,0.0,10.3511111111111,12,0.343828912897201,0.303563673328856,0.264758957099573,0.307816430946053
7,Q,HighSpeedRail,10.99,229.6,0.0319129009491968,0.0,0.0146320648179593,0.0057291666666666,153900.0,900000,26000.0,0.0,10.3511111111111,15,0.343828912897201,0.969732434303605,0.264758957099573,0.277494867049861
8,Q,HighSpeedRail,10.95,214.3,0.0319660447287724,0.0182291666666667,0.0146320648179593,0.0265625,150900.0,0,26000.0,0.0,10.3511111111111,9,0.341994644673874,0.241568864969324,0.264692258827805,0.2037339107085
9,Q,HighSpeedRail,10.71,204.9,0.0319660447287724,0.0177083333333333,0.0146320648179593,0.009375,150900.0,0,26000.0,0.0,10.3511111111111,9,0.341994644673874,0.251116179708512,0.264692258827805,0.25378778941565
10,Q,HighSpeedRail,10.31,204.0,0.0319660447287724,0.0010416666666666,0.0146320648179593,0.0015625,150900.0,0,26000.0,0.0,10.3511111111111,15,0.341994644673874,0.355418028343482,0.264692258827805,0.321365623726814
11,Q,HighSpeedRail,9.76,212.2,0.0319660447287724,0.0572916666666667,0.0146320648179593,0.0723958333333333,150900.0,0,26000.0,0.0,10.3511111111111,7,0.341994644673874,0.192873735175597,0.264692258827805,0.174462544693826
12,Q,HighSpeedRail,9.1,227.1,0.0319129009491968,0.0203125,0.0146320648179593,0.0182291666666667,153900.0,0,26000.0,0.0,10.3511111111111,9,0.343828912897201,0.234437381619024,0.264758957099572,0.220316703330068
13,Q,HighSpeedRail,8.38,244.4,0.0319129009491968,0.117708333333333,0.0146320648179593,0.0791666666666667,153900.0,0,26000.0,0.0,10.3511111111111,5,0.343828912897201,0.168104879290664,0.264758957099573,0.169627782444832
14,Q,HighSpeedRail,7.62,259.3,0.0320453551200762,0.207291666666667,0.0146412316919288,0.168229166666667,177966.666666667,0,29000.0,0.0,10.4766666666667,4,0.35724783775085,0.147167731940827,0.267076124285522,0.127120707360105
15,Q,HighSpeedRail,6.9,267.4,0.115275938764658,0.096875,0.0710671424947032,0.05625,0.0,0,0.0,0.0,5.54111111111111,5,0.186768291044413,0.173026855603104,0.181810625070106,0.184055032049389
16,Q,HighSpeedRail,5.46,266.6,0.115275938764658,0.2546875,0.0710671424947032,0.196354166666667,0.0,0,0.0,0.0,5.54111111111111,3,0.186768291044413,0.136483282716162,0.181810625070106,0.121060893674244
17,Q,HighSpeedRail,3.92,257.1,0.115275938764658,0.170833333333333,0.0710671424947032,0.111979166666667,0.0,0,0.0,0.0,5.54111111111111,4,0.186768291044413,0.157622412025825,0.181810625070106,0.155611688771135
18,Q,HighSpeedRail,2.76,241.9,0.115349853256272,0.2390625,0.0717852936542415,0.167708333333333,0.0,0,0.0,0.0,5.56333333333334,3,0.186952985350039,0.128100889591756,0.181679967202261,0.137885397653807
19,Q,HighSpeedRail,2.11,225.4,0.254025776267118,0.110416666666667,0.199221134918261,0.119791666666667,0.0,0,0.0,0.0,3.52111111111111,5,0.15224752132884,0.162087575265775,0.141380779155868,0.151908593638733
20,Q,HighSpeedRail,2.05,212.5,0.254057929186951,0.0401041666666667,0.198896983456365,0.0427083333333333,0.0,0,0.0,0.0,3.52111111111111,7,0.152237865569442,0.213940028224023,0.141417799634665,0.185332749291109
21,Q,HighSpeedRail,2.57,207.2,0.116015264023397,0.222395833333333,0.0718769044928025,0.184895833333333,0.0,0,0.0,0.0,5.55666666666667,4,0.186812465046837,0.150109242951004,0.181565685194028,0.136327653137209
22,Q,HighSpeedRail,3.62,211.0,0.116015264023397,0.225520833333333,0.0718769044928024,0.165104166666667,0.0,0,0.0,0.0,5.55666666666667,4,0.186812465046837,0.137583748244076,0.181565685194028,0.126100211918537
23,Q,HighSpeedRail,5.08,222.9,0.116015264023397,0.0713541666666667,0.0718769044928025,0.0567708333333333,0.0,0,0.0,0.0,5.55666666666667,6,0.186812465046837,0.190851758941137,0.181565685194028,0.185066773233363
24,Q,HighSpeedRail,6.55,239.6,0.115349853256272,0.1515625,0.0717852936542416,0.107291666666667,0.0,0,0.0,0.0,5.56333333333334,4,0.186952985350039,0.156002968977517,0.181679967202261,0.145842000874203
1,R,Pedestrian,20.0,8.0,1.1105670004288299e-11,0.0,1.4593135997569101e-09,0.0,866094.786381729,900000,800112.335555978,898245.614035088,15.0,15,0.94955380228353,0.98148730556791,0.862538013348054,0.95280279065585
2,R,Pedestrian,20.0,8.0,1.1105670004288299e-11,0.0,1.4593135997569101e-09,0.0,866094.786381729,900000,800112.335555978,898245.614035088,15.0,15,0.94955380228353,0.979020383138935,0.862538013348054,0.949479316309505
3,R,Pedestrian,20.0,8.0,1.1105670004288299e-11,0.0,1.4593135997569101e-09,0.0,866094.786381729,900000,800112.335555978,898245.614035088,15.0,15,0.94955380228353,0.979565074624713,0.862538013348054,0.962432500727488
4,R,Pedestrian,20.0,8.0,1.1105670004288299e-11,0.0,1.4593135997569101e-09,0.0,866094.786381729,900000,800112.335555978,898245.614035088,15.0,15,0.94955380228353,0.982761465385228,0.862538013348054,0.947660462345353
5,R,Pedestrian,20.0,8.0,1.1105670004288299e-11,0.0041666666666666,1.4593135997569101e-09,0.0052083333333333,866094.786381729,0,800112.335555978,0.0,15.0,12,0.94955380228353,0.309810172397859,0.862538013348054,0.280876309888718
6,R,Pedestrian,20.0,8.0,1.1105670004288299e-11,0.0,1.4593135997569101e-09,0.0,866094.786381729,900000,800112.335555978,898245.614035088,15.0,15,0.94955380228353,0.980295404694863,0.862538013348054,0.958900278737183
7,R,Pedestrian,20.0,8.0,1.1105670004288399e-11,0.0,1.4593135997569101e-09,0.0,866094.786381729,900000,800112.335555978,898245.614035088,15.0,15,0.94955380228353,0.978811768939985,0.862538013348054,0.957449893762159
8,R,Pedestrian,20.0,8.0,1.1105670004288399e-11,0.0,1.4593135997569101e-09,0.0,866094.786381729,900000,800112.335555978,898245.614035088,15.0,15,0.94955380228353,0.980720300428506,0.862538013348054,0.957885100709018
9,R,Urban,15.0,35.0,1.6986412561542e-11,0.0,5.3419709590487e-11,0.0,838728.265107213,900000,770975.092768166,898245.614035088,14.7,15,0.914662770047509,0.975892183101549,0.845094754914194,0.947357472523364
10,R,Urban,15.0,35.0,1.6986412561542e-11,0.0,5.3419709590487e-11,0.0072916666666666,838728.265107213,900000,770975.092768166,0.0,14.7,15,0.914662770047509,0.979809523106513,0.845094754914194,0.265527123702112
11,R,Urban,15.0,35.0,1.6986412561542e-11,0.0244791666666667,5.3419709590487e-11,0.0265625,838728.265107213,0,770975.092768166,0.0,14.7,8,0.914662770047509,0.220482716916522,0.845094754914194,0.205527744073495
12,R,Urban,15.0,35.0,1.6986412561542e-11,0.0,5.3419709590487e-11,0.0,838728.265107213,900000,770975.092768166,898245.614035088,14.7,15,0.914662770047509,0.98142271083229,0.845094754914194,0.955981318669611
13,R,Urban,15.0,35.0,1.6986412561542e-11,0.0010416666666666,5.3419709590487e-11,0.0083333333333333,838728.265107213,0,770975.092768166,0.0,14.7,15,0.914662770047509,0.361991500510622,0.845094754914194,0.2533633753407
14,R,Urban,15.0,35.0,1.69864125615421e-11,0.0057291666666666,5.341970959048719e-11,0.0114583333333333,838728.265107213,0,770975.092768166,0.0,14.7,12,0.914662770047509,0.29402716669128,0.845094754914194,0.243929090200572
15,R,Urban,15.0,35.0,1.6986412561542e-11,0.0,5.34197095904868e-11,0.0,838728.265107213,900000,770975.092768166,898245.614035088,14.7,15,0.914662770047509,0.981448402700239,0.845094754914194,0.960982193545925
16,R,Urban,15.0,35.0,1.6986412561542e-11,0.0020833333333333,5.3419709590487e-11,0.0119791666666667,838728.265107213,0,770975.092768166,0.0,14.7,13,0.914662770047509,0.323595103631365,0.845094754914194,0.242486709634864
17,R,UrbanFast,15.0,55.0,7.5248386177972e-07,0.0,0.0013307444715376,0.0,653878.607044497,870000,545609.523565488,867458.617332035,14.6711111111111,15,0.772945457752828,0.973661036310616,0.638874530868971,0.951902322945344
18,R,UrbanFast,15.0,55.0,7.52483861779723e-07,0.0026939655172413,0.0013307444715376,0.0129310344827586,653878.607044497,0,545609.523565488,0.0,14.6711111111111,13,0.772945457752829,0.316658608703736,0.638874530868971,0.247606962879687
19,R,UrbanFast,15.0,55.0,7.5248386177972e-07,0.0,0.0013307444715376,0.0,653878.607044497,870000,545609.523565488,867458.617332035,14.6711111111111,15,0.772945457752829,0.97348406777546,0.638874530868971,0.957897481337846
20,R,UrbanFast,15.0,55.0,7.52483861779722e-07,0.0,0.0013307444715376,0.0,653878.607044497,870000,545609.523565488,867458.617332035,14.6711111111111,15,0.772945457752829,0.974082889392116,0.638874530868971,0.951174495240572
21,R,UrbanFast,15.0,55.0,7.52483861779722e-07,0.0,0.0013307444715376,0.0005387931034482,653878.607044497,870000,545609.523565488,0.0,14.6711111111111,15,0.772945457752829,0.973974089555526,0.638874530868971,0.342770048378876
22,R,UrbanFast,15.0,55.0,7.52483861779722e-07,0.0,0.0013307444715376,0.0,653878.607044497,870000,545609.523565488,867458.617332035,14.6711111111111,15,0.772945457752829,0.975271451327053,0.638874530868971,0.955312152505461
23,R,UrbanFast,15.0,55.0,7.5248386177972e-07,0.0010775862068965,0.0013307444715376,0.005926724137931,653878.607044497,0,545609.523565488,0.0,14.6711111111111,15,0.772945457752829,0.361428710298527,0.638874530868971,0.264092021768072
24,R,UrbanFast,15.0,55.0,7.52483861779722e-07,0.0113146551724138,0.0013307444715376,0.0242456896551724,653878.607044497,0,545609.523565488,0.0,14.6711111111111,10,0.772945457752829,0.273493446499129,0.638874530868971,0.212866266820106
