scenario_id,environment,speed_kmph,snr_db,channel_profile,modulation,carrier_frequency_hz,split,doppler_hz,delay_spread_taps,num_paths,OTFS_label,OTFS_BER,OTFS_throughput,OTFS_CQI,OTFS_SE,OTFS_ACS,ODDM_label,ODDM_BER,ODDM_throughput,ODDM_CQI,ODDM_SE,ODDM_ACS,best_by_BER,best_by_ACS,best_waveform,rel_gap_BER,gap_ACS
1,Pedestrian,0,-10,EPA,4,4000000000,val,0.0,0,7,OTFS (MRC),0.373784722222222,0,2.66666666666667,0.0,0.11981212963626,ODDM (LMMSE),0.369791666666667,0.0,2.66666666666667,0.0,0.115980339455873,ODDM,OTFS,tie,0.0107981220657276,0.0038317901803876
2,Pedestrian,0,-10,EPA,16,4000000000,train,0.0,0,7,OTFS (MRC),0.427951388888889,0,2.33333333333333,0.0,0.131379188180531,ODDM (LMMSE),0.426736111111111,0.0,3.33333333333333,0.0,0.123806715716069,ODDM,OTFS,tie,0.0028478437754272,0.0075724724644621
3,Pedestrian,0,-5,EPA,4,4000000000,train,0.0,0,7,OTFS (MRC),0.291319444444444,0,3.0,0.0,0.147333817082418,ODDM (LMMSE),0.281423611111111,0.0,3.33333333333333,0.0,0.131587793603265,ODDM,OTFS,tie,0.0351634793337446,0.0157460234791524
4,Pedestrian,0,-5,EPA,16,4000000000,val,0.0,0,7,OTFS (MRC),0.363802083333333,0,3.33333333333333,0.0,0.146889000302303,ODDM (LMMSE),0.386371527777778,0.0,4.0,0.0,0.132032419261534,OTFS,OTFS,tie_otfs,0.0620376998329754,0.0148565810407695
5,Pedestrian,0,0,EPA,4,4000000000,train,0.0,0,7,OTFS (MRC),0.183506944444444,0,5.0,0.0,0.176048661861863,ODDM (LMMSE),0.178472222222222,0.0,4.66666666666667,0.0,0.152802757299077,ODDM,OTFS,tie,0.0282101167315174,0.0232459045627861
6,Pedestrian,0,0,EPA,16,4000000000,val,0.0,0,7,OTFS (MRC),0.270486111111111,0,4.33333333333333,0.0,0.15987623659268,ODDM (LMMSE),0.340625,0.0,4.33333333333333,0.0,0.133513560042529,OTFS,OTFS,OTFS,0.259306803594352,0.0263626765501506
7,Pedestrian,0,5,EPA,4,4000000000,train,0.0,0,7,OTFS (MRC),0.096875,0,8.66666666666667,0.0,0.223587394007066,ODDM (LMMSE),0.0914930555555555,0.0,8.33333333333333,0.0,0.197809791486294,ODDM,OTFS,tie,0.0588235294117648,0.0257776025207718
8,Pedestrian,0,5,EPA,16,4000000000,train,0.0,0,7,OTFS (MRC),0.15390625,0,6.33333333333333,0.0,0.191191035827892,ODDM (LMMSE),0.291493055555556,0.0,5.0,0.0,0.143183321859868,OTFS,OTFS,OTFS,0.893965031020869,0.0480077139680242
9,Pedestrian,0,10,EPA,4,4000000000,train,0.0,0,7,OTFS (MRC),0.0449652777777778,300000,11.6666666666667,0.625,0.433134028724177,ODDM (LMMSE),0.0414930555555556,299415.204678363,11.6666666666667,0.623781676413255,0.41288836076366,ODDM,OTFS,tie,0.0836820083682009,0.0202456679605165
10,Pedestrian,0,10,EPA,16,4000000000,train,0.0,0,7,OTFS (MRC),0.0620659722222222,0,9.66666666666667,0.0,0.242718270510287,ODDM (LMMSE),0.190017361111111,0.0,6.33333333333333,0.0,0.16827423599734,OTFS,OTFS,OTFS,2.06153846153846,0.074444034512947
11,Pedestrian,0,15,EPA,4,4000000000,train,0.0,0,7,OTFS (MRC),0.0085069444444444,600000,12.6666666666667,1.25,0.636839909383121,ODDM (LMMSE),0.0072916666666666,598830.409356725,13.0,1.24756335282651,0.6218184272154,ODDM,OTFS,OTFS,0.166666666666667,0.015021482167721
12,Pedestrian,0,15,EPA,16,4000000000,train,0.0,0,7,OTFS (MRC),0.0123263888888889,600000,13.3333333333333,1.25,0.46980178059271,ODDM (LMMSE),0.0753472222222222,598830.409356725,10.3333333333333,1.24756335282651,0.385241947179807,OTFS,OTFS,OTFS,5.11267605633803,0.0845598334129026
13,Pedestrian,0,20,EPA,4,4000000000,val,0.0,0,7,OTFS (MRC),0.0001736111111111,600000,15.0,1.25,0.730837064122452,ODDM (LMMSE),0.0,898245.614035088,15.0,1.87134502923977,0.967220667163993,ODDM,ODDM,ODDM,173611111.111111,0.236383603041541
14,Pedestrian,0,20,EPA,16,4000000000,train,0.0,0,7,OTFS (MRC),0.0004340277777777,1200000,15.0,2.5,0.714559386469315,ODDM (LMMSE),0.003125,1197660.81871345,14.0,2.49512670565302,0.647242637694414,OTFS,OTFS,OTFS,6.2,0.0673167487749011
15,Urban,20,-10,EPA,4,4000000000,train,74.1253544884782,0,7,OTFS (MRC),0.382291666666667,0,2.66666666666667,0.0,0.139304913541033,ODDM (LMMSE),0.371180555555556,0.0,2.66666666666667,0.0,0.119252917335259,ODDM,OTFS,tie,0.0299345182413469,0.0200519962057738
16,Urban,20,-10,EPA,16,4000000000,val,74.1253544884782,0,7,OTFS (MRC),0.434982638888889,0,2.33333333333333,0.0,0.133871900024471,ODDM (LMMSE),0.434201388888889,0.0,3.33333333333333,0.0,0.123790479192194,ODDM,OTFS,tie,0.0017992802878848,0.0100814208322762
17,Urban,20,-5,EPA,4,4000000000,train,74.1253544884782,0,7,OTFS (MRC),0.296875,0,3.33333333333333,0.0,0.150876745715115,ODDM (LMMSE),0.284895833333333,0.0,3.33333333333333,0.0,0.130715097768291,ODDM,OTFS,tie,0.0420475319926873,0.0201616479468247
18,Urban,20,-5,EPA,16,4000000000,train,74.1253544884782,0,7,OTFS (MRC),0.380381944444444,0,3.0,0.0,0.142668523340167,ODDM (LMMSE),0.396006944444444,0.0,3.66666666666667,0.0,0.128519885319412,OTFS,OTFS,tie_otfs,0.0410771337288909,0.0141486380207553
19,Urban,20,0,EPA,4,4000000000,train,74.1253544884782,0,7,OTFS (MRC),0.188020833333333,0,4.66666666666667,0.0,0.172547626341591,ODDM (LMMSE),0.182465277777778,0.0,4.66666666666667,0.0,0.152637360665161,ODDM,OTFS,tie,0.0304471931493816,0.0199102656764301
20,Urban,20,0,EPA,16,4000000000,train,74.1253544884782,0,7,OTFS (MRC),0.289149305555556,0,4.33333333333333,0.0,0.161620911514643,ODDM (LMMSE),0.352604166666667,0.0,4.33333333333333,0.0,0.137265906829561,OTFS,OTFS,OTFS,0.219453617532273,0.0243550046850821
21,Urban,20,5,EPA,4,4000000000,train,74.1253544884782,0,7,OTFS (MRC),0.0939236111111111,0,8.0,0.0,0.218429770059105,ODDM (LMMSE),0.090625,0.0,8.66666666666667,0.0,0.204813266024533,ODDM,OTFS,tie,0.0363984674329502,0.0136165040345718
22,Urban,20,5,EPA,16,4000000000,val,74.1253544884782,0,7,OTFS (MRC),0.179340277777778,0,6.0,0.0,0.186391725864197,ODDM (LMMSE),0.301822916666667,0.0,4.66666666666667,0.0,0.143280414963465,OTFS,OTFS,OTFS,0.68296224588577,0.0431113109007317
23,Urban,20,10,EPA,4,4000000000,train,74.1253544884782,0,7,OTFS (MRC),0.0383680555555556,300000,11.6666666666667,0.625,0.435520819253501,ODDM (LMMSE),0.0328125,299415.204678363,11.6666666666667,0.623781676413255,0.415361282238799,ODDM,OTFS,OTFS,0.169312169312169,0.0201595370147016
24,Urban,20,10,EPA,16,4000000000,train,74.1253544884782,0,7,OTFS (MRC),0.08125,0,8.66666666666667,0.0,0.226903723460402,ODDM (LMMSE),0.205555555555556,0.0,6.0,0.0,0.16315039402173,OTFS,OTFS,OTFS,1.52991452991453,0.0637533294386721
25,Urban,20,15,EPA,4,4000000000,train,74.1253544884782,0,7,OTFS (MRC),0.0055555555555555,600000,13.3333333333333,1.25,0.652385420192692,ODDM (LMMSE),0.0038194444444444,598830.409356725,13.3333333333333,1.24756335282651,0.636763961782796,ODDM,OTFS,OTFS,0.454545454545455,0.0156214584098964
26,Urban,20,15,EPA,16,4000000000,train,74.1253544884782,0,7,OTFS (MRC),0.0228298611111111,600000,12.0,1.25,0.448509382474033,ODDM (LMMSE),0.103732638888889,0.0,9.33333333333333,0.0,0.208887228360868,OTFS,OTFS,OTFS,3.54372623574145,0.239622154113165
27,Urban,20,20,EPA,4,4000000000,train,74.1253544884782,0,7,OTFS (MRC),0.0,900000,15.0,1.875,0.989145924045804,ODDM (LMMSE),0.0,898245.614035088,15.0,1.87134502923977,0.96855149605099,OTFS,OTFS,tie_otfs,0.0,0.0205944279948138
28,Urban,20,20,EPA,16,4000000000,train,74.1253544884782,0,7,OTFS (MRC),0.0019097222222222,1200000,14.3333333333333,2.5,0.681373490616279,ODDM (LMMSE),0.0184027777777778,1197660.81871345,13.0,2.49512670565302,0.605302280586529,OTFS,OTFS,OTFS,8.63636363636364,0.0760712100297503
29,Urban,60,-10,EPA,4,4000000000,train,222.376063465435,0,7,OTFS (MRC),0.396701388888889,0,2.66666666666667,0.0,0.138651171417131,ODDM (LMMSE),0.388541666666667,0.0,3.0,0.0,0.121403737885533,ODDM,OTFS,tie,0.0210008936550491,0.0172474335315973
30,Urban,60,-10,EPA,16,4000000000,train,222.376063465435,0,7,OTFS (MRC),0.445920138888889,0,2.33333333333333,0.0,0.133407036643121,ODDM (LMMSE),0.446006944444444,0.0,3.33333333333333,0.0,0.122405683970693,OTFS,OTFS,tie_otfs,0.0001946661475569,0.0110013526724285
31,Urban,60,-5,EPA,4,4000000000,val,222.376063465435,0,7,OTFS (MRC),0.315972222222222,0,3.33333333333333,0.0,0.150213460504426,ODDM (LMMSE),0.303125,0.0,3.33333333333333,0.0,0.129373773284773,ODDM,OTFS,tie,0.0423825887743414,0.0208396872196528
32,Urban,60,-5,EPA,16,4000000000,train,222.376063465435,0,7,OTFS (MRC),0.398958333333333,0,3.0,0.0,0.141944511456933,ODDM (LMMSE),0.410590277777778,0.0,3.66666666666667,0.0,0.127135471176187,OTFS,OTFS,tie_otfs,0.0291557876414273,0.0148090402807463
33,Urban,60,0,EPA,4,4000000000,train,222.376063465435,0,7,OTFS (MRC),0.206423611111111,0,4.0,0.0,0.164002787603469,ODDM (LMMSE),0.196180555555556,0.0,4.0,0.0,0.143828394473957,ODDM,OTFS,tie,0.0522123893805309,0.0201743931295116
34,Urban,60,0,EPA,16,4000000000,val,222.376063465435,0,7,OTFS (MRC),0.31796875,0,4.0,0.0,0.155912444567779,ODDM (LMMSE),0.365972222222222,0.0,4.33333333333333,0.0,0.136612328465061,OTFS,OTFS,OTFS,0.150969150969151,0.0193001161027182
35,Urban,60,5,EPA,4,4000000000,val,222.376063465435,0,7,OTFS (MRC),0.0901041666666667,0,7.33333333333333,0.0,0.212770770473396,ODDM (LMMSE),0.0909722222222222,0.0,7.0,0.0,0.18813856585825,OTFS,OTFS,tie_otfs,0.0096339113680153,0.0246322046151463
36,Urban,60,5,EPA,16,4000000000,train,222.376063465435,0,7,OTFS (MRC),0.2109375,0,5.66666666666667,0.0,0.180223755540091,ODDM (LMMSE),0.320225694444444,0.0,4.66666666666667,0.0,0.141743775859548,OTFS,OTFS,OTFS,0.518106995884774,0.0384799796805432
37,Urban,60,10,EPA,4,4000000000,train,222.376063465435,0,7,OTFS (MRC),0.0288194444444444,300000,11.3333333333333,0.625,0.437664606756145,ODDM (LMMSE),0.0220486111111111,299415.204678363,11.6666666666667,0.623781676413255,0.424849215266084,ODDM,OTFS,OTFS,0.307086614173228,0.0128153914900612
38,Urban,60,10,EPA,16,4000000000,train,222.376063465435,0,7,OTFS (MRC),0.102430555555556,0,8.0,0.0,0.21629632515574,ODDM (LMMSE),0.248611111111111,0.0,5.66666666666667,0.0,0.156059274690905,OTFS,OTFS,OTFS,1.4271186440678,0.0602370504648353
39,Urban,60,15,EPA,4,4000000000,train,222.376063465435,0,7,OTFS (MRC),0.0027777777777777,600000,13.6666666666667,1.25,0.668254748343091,ODDM (LMMSE),0.0017361111111111,598830.409356725,14.0,1.24756335282651,0.658201670804598,ODDM,OTFS,OTFS,0.6,0.0100530775384928
40,Urban,60,15,EPA,16,4000000000,train,222.376063465435,0,7,OTFS (MRC),0.0366319444444444,0,11.3333333333333,0.0,0.26883841133155,ODDM (LMMSE),0.120052083333333,0.0,9.0,0.0,0.202506477903482,OTFS,OTFS,OTFS,2.27725118483412,0.0663319334280671
41,Urban,60,20,EPA,4,4000000000,train,222.376063465435,0,7,OTFS (MRC),0.0,900000,15.0,1.875,0.98968424600292,ODDM (LMMSE),0.0,898245.614035088,15.0,1.87134502923977,0.967557725274548,OTFS,OTFS,tie_otfs,0.0,0.0221265207283723
42,Urban,60,20,EPA,16,4000000000,train,222.376063465435,0,7,OTFS (MRC),0.0065104166666666,1200000,13.6666666666667,2.5,0.651907396229558,ODDM (LMMSE),0.0457465277777778,598830.409356725,12.3333333333333,1.24756335282651,0.41723901313879,OTFS,OTFS,OTFS,6.02666666666667,0.234668383090768
43,Highway,100,-10,EPA,4,4000000000,train,370.626772442391,0,7,OTFS (MRC),0.396701388888889,0,2.66666666666667,0.0,0.138850205557256,ODDM (LMMSE),0.384027777777778,0.0,3.0,0.0,0.120670962898055,ODDM,OTFS,tie,0.033001808318264,0.0181792426592016
44,Highway,100,-10,EPA,16,4000000000,train,370.626772442391,0,7,OTFS (MRC),0.448177083333333,0,2.33333333333333,0.0,0.133307248128734,ODDM (LMMSE),0.442881944444444,0.0,3.33333333333333,0.0,0.121832657638887,ODDM,OTFS,tie,0.0119560956487652,0.011474590489847
45,Highway,100,-5,EPA,4,4000000000,train,370.626772442391,0,7,OTFS (MRC),0.315972222222222,0,3.33333333333333,0.0,0.150054994273665,ODDM (LMMSE),0.311111111111111,0.0,3.33333333333333,0.0,0.128247177446816,ODDM,OTFS,tie,0.0156249999999999,0.0218078168268489
46,Highway,100,-5,EPA,16,4000000000,train,370.626772442391,0,7,OTFS (MRC),0.404253472222222,0,2.66666666666667,0.0,0.138467504622587,ODDM (LMMSE),0.411197916666667,0.0,3.66666666666667,0.0,0.126821219116777,OTFS,OTFS,tie_otfs,0.0171784410564741,0.01164628550581
47,Highway,100,0,EPA,4,4000000000,train,370.626772442391,0,7,OTFS (MRC),0.199305555555556,0,4.0,0.0,0.164605656416923,ODDM (LMMSE),0.1953125,0.0,4.33333333333333,0.0,0.146886292240016,ODDM,OTFS,tie,0.0204444444444445,0.0177193641769072
48,Highway,100,0,EPA,16,4000000000,train,370.626772442391,0,7,OTFS (MRC),0.314236111111111,0,4.0,0.0,0.156268206222403,ODDM (LMMSE),0.369791666666667,0.0,4.33333333333333,0.0,0.135287301322197,OTFS,OTFS,OTFS,0.176795580110497,0.0209809049002055
49,Highway,100,5,EPA,4,4000000000,train,370.626772442391,0,7,OTFS (MRC),0.0890625,0,7.33333333333333,0.0,0.212867614279879,ODDM (LMMSE),0.0815972222222222,0.0,7.33333333333333,0.0,0.192480152462023,ODDM,OTFS,tie,0.0914893617021277,0.0203874618178557
50,Highway,100,5,EPA,16,4000000000,val,370.626772442391,0,7,OTFS (MRC),0.209288194444444,0,5.66666666666667,0.0,0.180317016839572,ODDM (LMMSE),0.322135416666667,0.0,4.66666666666667,0.0,0.141123506403365,OTFS,OTFS,OTFS,0.539195354624637,0.0391935104362066
51,Highway,100,10,EPA,4,4000000000,train,370.626772442391,0,7,OTFS (MRC),0.0248263888888889,300000,12.0,0.625,0.44725641103775,ODDM (LMMSE),0.0196180555555556,299415.204678363,12.3333333333333,0.623781676413255,0.432511045030315,ODDM,OTFS,OTFS,0.265486725663717,0.0147453660074351
52,Highway,100,10,EPA,16,4000000000,train,370.626772442391,0,7,OTFS (MRC),0.100607638888889,0,8.33333333333333,0.0,0.220299498191576,ODDM (LMMSE),0.245833333333333,0.0,5.66666666666667,0.0,0.156067816296954,OTFS,OTFS,OTFS,1.4434857635893,0.0642316818946216
53,Highway,100,15,EPA,4,4000000000,train,370.626772442391,0,7,OTFS (MRC),0.0022569444444444,600000,13.6666666666667,1.25,0.672176652615709,ODDM (LMMSE),0.0017361111111111,598830.409356725,14.0,1.24756335282651,0.657930657128254,ODDM,OTFS,OTFS,0.3,0.0142459954874545
54,Highway,100,15,EPA,16,4000000000,train,370.626772442391,0,7,OTFS (MRC),0.0348090277777778,0,11.6666666666667,0.0,0.272907106439966,ODDM (LMMSE),0.120225694444444,0.0,9.0,0.0,0.202609282756086,OTFS,OTFS,OTFS,2.45386533665835,0.0702978236838807
55,Highway,100,20,EPA,4,4000000000,train,370.626772442391,0,7,OTFS (MRC),0.0,900000,15.0,1.875,0.989654926582939,ODDM (LMMSE),0.0,898245.614035088,15.0,1.87134502923977,0.967242164822523,OTFS,OTFS,tie_otfs,0.0,0.0224127617604155
56,Highway,100,20,EPA,16,4000000000,train,370.626772442391,0,7,OTFS (MRC),0.0052083333333333,1200000,13.6666666666667,2.5,0.656202011530543,ODDM (LMMSE),0.0401909722222222,1197660.81871345,12.3333333333333,2.49512670565302,0.583611340530755,OTFS,OTFS,OTFS,6.71666666666667,0.0725906709997883
57,HighSpeedRail,150,-10,EPA,4,4000000000,val,555.940158663587,0,7,OTFS (MRC),0.397048611111111,0,2.66666666666667,0.0,0.138645262532486,ODDM (LMMSE),0.373611111111111,0.0,3.0,0.0,0.120779624711839,ODDM,OTFS,tie,0.0627323420074349,0.0178656378206473
58,HighSpeedRail,150,-10,EPA,16,4000000000,train,555.940158663587,0,7,OTFS (MRC),0.460763888888889,0,2.33333333333333,0.0,0.132622609200674,ODDM (LMMSE),0.44375,0.0,3.33333333333333,0.0,0.120690463684631,ODDM,OTFS,tie,0.0383411580594679,0.0119321455160423
59,HighSpeedRail,150,-5,EPA,4,4000000000,train,555.940158663587,0,7,OTFS (MRC),0.318923611111111,0,3.0,0.0,0.146101899399326,ODDM (LMMSE),0.298263888888889,0.0,3.33333333333333,0.0,0.128745624294359,ODDM,OTFS,tie,0.0692665890570431,0.0173562751049672
60,HighSpeedRail,150,-5,EPA,16,4000000000,train,555.940158663587,0,7,OTFS (MRC),0.415017361111111,0,2.66666666666667,0.0,0.137560050824925,ODDM (LMMSE),0.411979166666667,0.0,3.66666666666667,0.0,0.126116204109234,ODDM,OTFS,tie,0.0073746312684365,0.0114438467156918
61,HighSpeedRail,150,0,EPA,4,4000000000,train,555.940158663587,0,7,OTFS (MRC),0.203472222222222,0,4.0,0.0,0.16399198653411,ODDM (LMMSE),0.193229166666667,0.0,4.0,0.0,0.143938899291942,ODDM,OTFS,tie,0.0530098831985624,0.0200530872421675
62,HighSpeedRail,150,0,EPA,16,4000000000,train,555.940158663587,0,7,OTFS (MRC),0.323524305555556,0,4.0,0.0,0.15588129695806,ODDM (LMMSE),0.369791666666667,0.0,4.33333333333333,0.0,0.135344920180916,OTFS,OTFS,OTFS,0.143010464180306,0.0205363767771448
63,HighSpeedRail,150,5,EPA,4,4000000000,train,555.940158663587,0,7,OTFS (MRC),0.0901041666666667,0,7.0,0.0,0.209146739443467,ODDM (LMMSE),0.0854166666666667,0.0,7.0,0.0,0.188418221824094,ODDM,OTFS,tie,0.0548780487804878,0.0207285176193731
64,HighSpeedRail,150,5,EPA,16,4000000000,train,555.940158663587,0,7,OTFS (MRC),0.212673611111111,0,5.66666666666667,0.0,0.180056622870595,ODDM (LMMSE),0.321267361111111,0.0,4.66666666666667,0.0,0.141556680788652,OTFS,OTFS,OTFS,0.510612244897959,0.0384999420819427
65,HighSpeedRail,150,10,EPA,4,4000000000,val,555.940158663587,0,7,OTFS (MRC),0.0255208333333333,300000,12.0,0.625,0.446924769503136,ODDM (LMMSE),0.0232638888888889,299415.204678363,12.0,0.623781676413255,0.426598617961537,ODDM,OTFS,tie,0.0970149253731343,0.0203261515415984
66,HighSpeedRail,150,10,EPA,16,4000000000,train,555.940158663587,0,7,OTFS (MRC),0.102256944444444,0,8.0,0.0,0.216796001590326,ODDM (LMMSE),0.247048611111111,0.0,5.33333333333333,0.0,0.152514610026068,OTFS,OTFS,OTFS,1.41595925297114,0.0642813915642576
67,HighSpeedRail,150,15,EPA,4,4000000000,val,555.940158663587,0,7,OTFS (MRC),0.0027777777777777,600000,13.6666666666667,1.25,0.667344208014531,ODDM (LMMSE),0.0019097222222222,598830.409356725,14.0,1.24756335282651,0.655331324557811,ODDM,OTFS,OTFS,0.454545454545455,0.0120128834567206
68,HighSpeedRail,150,15,EPA,16,4000000000,train,555.940158663587,0,7,OTFS (MRC),0.0330729166666667,0,12.0,0.0,0.277175032322781,ODDM (LMMSE),0.1171875,0.0,8.33333333333333,0.0,0.195742250297658,OTFS,OTFS,OTFS,2.54330708661417,0.0814327820251234
69,HighSpeedRail,150,20,EPA,4,4000000000,train,555.940158663587,0,7,OTFS (MRC),0.0,900000,15.0,1.875,0.989539654255555,ODDM (LMMSE),0.0,898245.614035088,15.0,1.87134502923977,0.967953841635314,OTFS,OTFS,tie_otfs,0.0,0.0215858126202417
70,HighSpeedRail,150,20,EPA,16,4000000000,train,555.940158663587,0,7,OTFS (MRC),0.0041666666666666,1200000,14.0,2.5,0.663452379456186,ODDM (LMMSE),0.0396701388888889,1197660.81871345,12.3333333333333,2.49512670565302,0.584433986010577,OTFS,OTFS,OTFS,8.52083333333333,0.0790183934456086
71,HighSpeedRail,200,-10,EPA,4,4000000000,train,741.253544884782,0,7,OTFS (MRC),0.405902777777778,0,2.66666666666667,0.0,0.138285326388092,ODDM (LMMSE),0.378298611111111,0.0,2.66666666666667,0.0,0.118478100071972,ODDM,OTFS,tie,0.0729692519504359,0.01980722631612
72,HighSpeedRail,200,-10,EPA,16,4000000000,train,741.253544884782,0,7,OTFS (MRC),0.459288194444444,0,2.0,0.0,0.129854843307719,ODDM (LMMSE),0.442534722222222,0.0,3.33333333333333,0.0,0.122466030117842,ODDM,OTFS,tie,0.0378579835229502,0.0073888131898764
73,HighSpeedRail,200,-5,EPA,4,4000000000,train,741.253544884782,0,7,OTFS (MRC),0.336284722222222,0,3.0,0.0,0.143847308637776,ODDM (LMMSE),0.303645833333333,0.0,3.0,0.0,0.125905130447481,ODDM,OTFS,OTFS,0.107489994282447,0.0179421781902943
74,HighSpeedRail,200,-5,EPA,16,4000000000,train,741.253544884782,0,7,OTFS (MRC),0.417447916666667,0,2.66666666666667,0.0,0.138046964383823,ODDM (LMMSE),0.412413194444444,0.0,3.66666666666667,0.0,0.126635615649475,ODDM,OTFS,tie,0.0122079562197431,0.0114113487343484
75,HighSpeedRail,200,0,EPA,4,4000000000,train,741.253544884782,0,7,OTFS (MRC),0.233159722222222,0,3.66666666666667,0.0,0.158085915292224,ODDM (LMMSE),0.199305555555556,0.0,4.0,0.0,0.142635341232525,ODDM,OTFS,OTFS,0.1698606271777,0.0154505740596998
76,HighSpeedRail,200,0,EPA,16,4000000000,train,741.253544884782,0,7,OTFS (MRC),0.340798611111111,0,3.66666666666667,0.0,0.151944567265792,ODDM (LMMSE),0.36953125,0.0,4.0,0.0,0.132011877451634,OTFS,OTFS,tie_otfs,0.0843097300050942,0.0199326898141586
77,HighSpeedRail,200,5,EPA,4,4000000000,train,741.253544884782,0,7,OTFS (MRC),0.101909722222222,0,6.0,0.0,0.19652914849191,ODDM (LMMSE),0.0958333333333333,0.0,6.33333333333333,0.0,0.179511331082753,ODDM,OTFS,tie,0.0634057971014492,0.0170178174091571
78,HighSpeedRail,200,5,EPA,16,4000000000,val,741.253544884782,0,7,OTFS (MRC),0.225434027777778,0,5.33333333333333,0.0,0.175625141795686,ODDM (LMMSE),0.327517361111111,0.0,4.66666666666667,0.0,0.140833664348287,OTFS,OTFS,OTFS,0.452830188679245,0.0347914774473983
79,HighSpeedRail,200,10,EPA,4,4000000000,train,741.253544884782,0,7,OTFS (MRC),0.0269097222222222,0,11.6666666666667,0.0,0.277672158938698,ODDM (LMMSE),0.0246527777777778,0.0,12.0,0.0,0.260751903496256,ODDM,OTFS,tie,0.091549295774648,0.016920255442442
80,HighSpeedRail,200,10,EPA,16,4000000000,train,741.253544884782,0,7,OTFS (MRC),0.1109375,0,7.33333333333333,0.0,0.208662802340633,ODDM (LMMSE),0.2609375,0.0,5.33333333333333,0.0,0.151505773329616,OTFS,OTFS,OTFS,1.35211267605634,0.0571570290110168
81,HighSpeedRail,200,15,EPA,4,4000000000,train,741.253544884782,0,7,OTFS (MRC),0.0026041666666666,600000,13.6666666666667,1.25,0.668988634208844,ODDM (LMMSE),0.0005208333333333,598830.409356725,14.6666666666667,1.24756335282651,0.686559077734352,ODDM,ODDM,ODDM,4.0,0.017570443525508
82,HighSpeedRail,200,15,EPA,16,4000000000,train,741.253544884782,0,7,OTFS (MRC),0.03046875,0,11.0,0.0,0.268433392546261,ODDM (LMMSE),0.124045138888889,0.0,7.0,0.0,0.181195450589107,OTFS,OTFS,OTFS,3.07122507122507,0.0872379419571541
83,HighSpeedRail,200,20,EPA,4,4000000000,val,741.253544884782,0,7,OTFS (MRC),0.0,900000,15.0,1.875,0.989474124626772,ODDM (LMMSE),0.0,898245.614035088,15.0,1.87134502923977,0.967235436154383,OTFS,OTFS,tie_otfs,0.0,0.0222386884723884
84,HighSpeedRail,200,20,EPA,16,4000000000,train,741.253544884782,0,7,OTFS (MRC),0.0021701388888888,1200000,14.3333333333333,2.5,0.677446438431405,ODDM (LMMSE),0.0274305555555556,0.0,12.3333333333333,0.0,0.259824742558949,OTFS,OTFS,OTFS,11.64,0.417621695872456
85,HighSpeedRail,300,-10,EPA,4,4000000000,train,1111.88031732717,0,7,OTFS (MRC),0.426215277777778,0,2.66666666666667,0.0,0.136052200956137,ODDM (LMMSE),0.394618055555556,0.0,2.66666666666667,0.0,0.11531023521945,ODDM,OTFS,tie,0.0800703915530136,0.0207419657366864
86,HighSpeedRail,300,-10,EPA,16,4000000000,val,1111.88031732717,0,7,OTFS (MRC),0.462152777777778,0,2.0,0.0,0.129282330604172,ODDM (LMMSE),0.450954861111111,0.0,3.33333333333333,0.0,0.121570421800197,ODDM,OTFS,tie,0.0248315688161695,0.0077119088039748
87,HighSpeedRail,300,-5,EPA,4,4000000000,train,1111.88031732717,0,7,OTFS (MRC),0.359027777777778,0,3.0,0.0,0.144077001076033,ODDM (LMMSE),0.330729166666667,0.0,3.0,0.0,0.123591845807141,ODDM,OTFS,tie,0.0855643044619422,0.0204851552688921
88,HighSpeedRail,300,-5,EPA,16,4000000000,train,1111.88031732717,0,7,OTFS (MRC),0.430642361111111,0,2.66666666666667,0.0,0.136955666926091,ODDM (LMMSE),0.418576388888889,0.0,3.66666666666667,0.0,0.126274269120694,ODDM,OTFS,tie,0.0288262131895479,0.0106813978053974
89,HighSpeedRail,300,0,EPA,4,4000000000,train,1111.88031732717,0,7,OTFS (MRC),0.259722222222222,0,3.66666666666667,0.0,0.155909384624301,ODDM (LMMSE),0.224305555555556,0.0,3.66666666666667,0.0,0.137214798803488,ODDM,OTFS,OTFS,0.157894736842105,0.0186945858208129
90,HighSpeedRail,300,0,EPA,16,4000000000,train,1111.88031732717,0,7,OTFS (MRC),0.355989583333333,0,3.66666666666667,0.0,0.150242875880917,ODDM (LMMSE),0.373524305555556,0.0,4.0,0.0,0.131062132101355,OTFS,OTFS,tie_otfs,0.049256278956352,0.0191807437795629
91,HighSpeedRail,300,5,EPA,4,4000000000,val,1111.88031732717,0,7,OTFS (MRC),0.125868055555556,0,5.33333333333333,0.0,0.185901455624687,ODDM (LMMSE),0.105034722222222,0.0,6.0,0.0,0.172631418018383,ODDM,OTFS,OTFS,0.198347107438016,0.0132700376063043
92,HighSpeedRail,300,5,EPA,16,4000000000,train,1111.88031732717,0,7,OTFS (MRC),0.244010416666667,0,5.0,0.0,0.169994417947978,ODDM (LMMSE),0.331857638888889,0.0,4.66666666666667,0.0,0.137447000885373,OTFS,OTFS,OTFS,0.360014229811455,0.0325474170626045
93,HighSpeedRail,300,10,EPA,4,4000000000,train,1111.88031732717,0,7,OTFS (MRC),0.0319444444444444,0,10.0,0.0,0.256937521532462,ODDM (LMMSE),0.0302083333333333,0.0,10.3333333333333,0.0,0.236920813760554,ODDM,OTFS,tie,0.057471264367816,0.0200167077719077
94,HighSpeedRail,300,10,EPA,16,4000000000,train,1111.88031732717,0,7,OTFS (MRC),0.125086805555556,0,7.0,0.0,0.202302158895442,ODDM (LMMSE),0.278211805555556,0.0,5.0,0.0,0.144286400728835,OTFS,OTFS,OTFS,1.22414989590562,0.0580157581666073
95,HighSpeedRail,300,15,EPA,4,4000000000,train,1111.88031732717,0,7,OTFS (MRC),0.0029513888888888,600000,13.6666666666667,1.25,0.666369415264505,ODDM (LMMSE),0.0015625,598830.409356725,14.0,1.24756335282651,0.65724444306972,ODDM,OTFS,OTFS,0.888888888888889,0.0091249721947845
96,HighSpeedRail,300,15,EPA,16,4000000000,train,1111.88031732717,0,7,OTFS (MRC),0.0368055555555556,0,10.3333333333333,0.0,0.257902706948252,ODDM (LMMSE),0.147916666666667,0.0,7.0,0.0,0.176202679190655,OTFS,OTFS,OTFS,3.0188679245283,0.0817000277575965
97,HighSpeedRail,300,20,EPA,4,4000000000,train,1111.88031732717,0,7,OTFS (MRC),0.0,900000,15.0,1.875,0.988472353649394,ODDM (LMMSE),0.0,898245.614035088,15.0,1.87134502923977,0.964926884985301,OTFS,OTFS,tie_otfs,0.0,0.0235454686640935
98,HighSpeedRail,300,20,EPA,16,4000000000,train,1111.88031732717,0,7,OTFS (MRC),0.0035590277777777,1200000,14.0,2.5,0.665779095716595,ODDM (LMMSE),0.0342881944444444,0.0,12.0,0.0,0.251814971713617,OTFS,OTFS,OTFS,8.63414634146342,0.413964124002978
99,Pedestrian,0,-10,EVA,4,4000000000,train,0.0,1,9,OTFS (MRC),0.341319444444444,0,3.0,0.0,0.138949988361872,ODDM (LMMSE),0.340798611111111,0.0,3.0,0.0,0.120133408011188,ODDM,OTFS,tie,0.0015282730514519,0.0188165803506837
100,Pedestrian,0,-10,EVA,16,4000000000,val,0.0,1,9,OTFS (MRC),0.443402777777778,0,2.33333333333333,0.0,0.131259103781248,ODDM (LMMSE),0.440190972222222,0.0,3.33333333333333,0.0,0.118026411254904,ODDM,OTFS,tie,0.0072963912443305,0.013232692526344
101,Pedestrian,0,-5,EVA,4,4000000000,train,0.0,1,9,OTFS (MRC),0.241840277777778,0,3.33333333333333,0.0,0.152556915232726,ODDM (LMMSE),0.240625,0.0,3.33333333333333,0.0,0.129397508839644,ODDM,OTFS,tie,0.005050505050505,0.0231594063930816
102,Pedestrian,0,-5,EVA,16,4000000000,train,0.0,1,9,OTFS (MRC),0.394184027777778,0,3.0,0.0,0.140109594694777,ODDM (LMMSE),0.406336805555556,0.0,3.66666666666667,0.0,0.123065347293956,OTFS,OTFS,tie_otfs,0.0308302136093372,0.0170442474008212
103,Pedestrian,0,0,EVA,4,4000000000,train,0.0,1,9,OTFS (MRC),0.114583333333333,0,5.33333333333333,0.0,0.187171035151364,ODDM (LMMSE),0.1109375,0.0,5.66666666666667,0.0,0.166187337102073,ODDM,OTFS,tie,0.0328638497652582,0.0209836980492903
104,Pedestrian,0,0,EVA,16,4000000000,val,0.0,1,9,OTFS (MRC),0.317274305555556,0,4.0,0.0,0.148642102032776,ODDM (LMMSE),0.371875,0.0,4.0,0.0,0.125433023416838,OTFS,OTFS,OTFS,0.172093023255814,0.0232090786159373
105,Pedestrian,0,5,EVA,4,4000000000,train,0.0,1,9,OTFS (MRC),0.0229166666666667,0,9.66666666666667,0.0,0.259308935730399,ODDM (LMMSE),0.0210069444444444,0.0,9.33333333333333,0.0,0.233551523134111,ODDM,OTFS,tie,0.0909090909090907,0.0257574125962875
106,Pedestrian,0,5,EVA,16,4000000000,train,0.0,1,9,OTFS (MRC),0.235329861111111,0,5.33333333333333,0.0,0.173316551865584,ODDM (LMMSE),0.339149305555556,0.0,4.33333333333333,0.0,0.133394595384728,OTFS,OTFS,OTFS,0.441165621541866,0.0399219564808559
107,Pedestrian,0,10,EVA,4,4000000000,train,0.0,1,9,OTFS (MRC),0.0006944444444444,300000,14.6666666666667,0.625,0.537993767854075,ODDM (LMMSE),0.0003472222222222,598830.409356725,15.0,1.24756335282651,0.693315137666288,ODDM,ODDM,ODDM,1.0,0.155321369812212
108,Pedestrian,0,10,EVA,16,4000000000,train,0.0,1,9,OTFS (MRC),0.169097222222222,0,7.66666666666667,0.0,0.202609670013973,ODDM (LMMSE),0.246006944444444,0.0,5.66666666666667,0.0,0.153263622895671,OTFS,OTFS,OTFS,0.45482546201232,0.0493460471183015
109,Pedestrian,0,15,EVA,4,4000000000,train,0.0,1,9,OTFS (MRC),0.0,900000,15.0,1.875,0.98609000944108,ODDM (LMMSE),0.0,898245.614035088,15.0,1.87134502923977,0.96381514711548,OTFS,OTFS,tie_otfs,0.0,0.0222748623256002
110,Pedestrian,0,15,EVA,16,4000000000,val,0.0,1,9,OTFS (MRC),0.13203125,600000,11.0,1.25,0.404116913836703,ODDM (LMMSE),0.14453125,0.0,9.66666666666667,0.0,0.199701995112364,OTFS,OTFS,tie_otfs,0.0946745562130178,0.204414918724339
111,Pedestrian,0,20,EVA,4,4000000000,train,0.0,1,9,OTFS (MRC),0.0,900000,15.0,1.875,0.987842877470138,ODDM (LMMSE),0.0,898245.614035088,15.0,1.87134502923977,0.96426480856601,OTFS,OTFS,tie_otfs,0.0,0.0235780689041278
112,Pedestrian,0,20,EVA,16,4000000000,train,0.0,1,9,OTFS (MRC),0.0972222222222222,1200000,11.3333333333333,2.5,0.579202743560944,ODDM (LMMSE),0.117100694444444,1197660.81871345,11.3333333333333,2.49512670565302,0.551983011008124,OTFS,OTFS,OTFS,0.204464285714286,0.0272197325528201
113,Urban,20,-10,EVA,4,4000000000,train,74.1253544884782,1,9,OTFS (MRC),0.338715277777778,0,3.0,0.0,0.142256515812513,ODDM (LMMSE),0.335590277777778,0.0,3.0,0.0,0.119623330232626,ODDM,OTFS,tie,0.0093119503362648,0.0226331855798878
114,Urban,20,-10,EVA,16,4000000000,train,74.1253544884782,1,9,OTFS (MRC),0.434895833333333,0,2.66666666666667,0.0,0.133511342486175,ODDM (LMMSE),0.429861111111111,0.0,3.66666666666667,0.0,0.122833925672865,ODDM,OTFS,tie,0.0117124394184167,0.0106774168133101
115,Urban,20,-5,EVA,4,4000000000,val,74.1253544884782,1,9,OTFS (MRC),0.230902777777778,0,3.33333333333333,0.0,0.154139422785212,ODDM (LMMSE),0.230555555555556,0.0,3.33333333333333,0.0,0.130979398348711,ODDM,OTFS,tie,0.0015060240963855,0.023160024436501
116,Urban,20,-5,EVA,16,4000000000,train,74.1253544884782,1,9,OTFS (MRC),0.378125,0,3.0,0.0,0.139456979687809,ODDM (LMMSE),0.388802083333333,0.0,3.66666666666667,0.0,0.125234053867404,OTFS,OTFS,tie_otfs,0.028236914600551,0.0142229258204052
117,Urban,20,0,EVA,4,4000000000,train,74.1253544884782,1,9,OTFS (MRC),0.103472222222222,0,5.66666666666667,0.0,0.190674473050449,ODDM (LMMSE),0.105729166666667,0.0,5.33333333333333,0.0,0.164644985272695,OTFS,OTFS,tie_otfs,0.0218120805369128,0.0260294877777546
118,Urban,20,0,EVA,16,4000000000,train,74.1253544884782,1,9,OTFS (MRC),0.295659722222222,0,4.33333333333333,0.0,0.157193426781995,ODDM (LMMSE),0.348958333333333,0.0,4.33333333333333,0.0,0.13369796073221,OTFS,OTFS,OTFS,0.180270111567822,0.0234954660497852
119,Urban,20,5,EVA,4,4000000000,train,74.1253544884782,1,9,OTFS (MRC),0.0213541666666667,0,10.3333333333333,0.0,0.266544648367558,ODDM (LMMSE),0.0197916666666667,0.0,9.66666666666667,0.0,0.238790878231788,ODDM,OTFS,tie,0.0789473684210527,0.0277537701357709
120,Urban,20,5,EVA,16,4000000000,train,74.1253544884782,1,9,OTFS (MRC),0.203645833333333,0,6.0,0.0,0.180304452090847,ODDM (LMMSE),0.305902777777778,0.0,4.66666666666667,0.0,0.137672818246536,OTFS,OTFS,OTFS,0.502131287297528,0.0426316338443109
121,Urban,20,10,EVA,4,4000000000,val,74.1253544884782,1,9,OTFS (MRC),0.0005208333333333,600000,14.6666666666667,1.25,0.707301005860889,ODDM (LMMSE),0.0003472222222222,598830.409356725,15.0,1.24756335282651,0.694306834788496,ODDM,OTFS,OTFS,0.5,0.0129941710723931
122,Urban,20,10,EVA,16,4000000000,train,74.1253544884782,1,9,OTFS (MRC),0.1296875,0,8.66666666666667,0.0,0.215662672494035,ODDM (LMMSE),0.198611111111111,0.0,6.0,0.0,0.160404479358022,OTFS,OTFS,OTFS,0.531459170013387,0.0552581931360125
123,Urban,20,15,EVA,4,4000000000,train,74.1253544884782,1,9,OTFS (MRC),0.0,900000,15.0,1.875,0.988158711587056,ODDM (LMMSE),0.0,898245.614035088,15.0,1.87134502923977,0.96461321343424,OTFS,OTFS,tie_otfs,0.0,0.0235454981528163
124,Urban,20,15,EVA,16,4000000000,train,74.1253544884782,1,9,OTFS (MRC),0.0772569444444444,600000,11.6666666666667,1.25,0.419335587615575,ODDM (LMMSE),0.103472222222222,0.0,10.6666666666667,0.0,0.218673595563763,OTFS,OTFS,OTFS,0.339325842696629,0.200661992051812
125,Urban,20,20,EVA,4,4000000000,train,74.1253544884782,1,9,OTFS (MRC),0.0,900000,15.0,1.875,0.988348853133021,ODDM (LMMSE),0.0,898245.614035088,15.0,1.87134502923977,0.964582398012599,OTFS,OTFS,tie_otfs,0.0,0.0237664551204217
126,Urban,20,20,EVA,16,4000000000,train,74.1253544884782,1,9,OTFS (MRC),0.0397569444444444,1200000,12.3333333333333,2.5,0.602689289565844,ODDM (LMMSE),0.0686631944444445,1197660.81871345,12.0,2.49512670565302,0.568111269901759,OTFS,OTFS,OTFS,0.727074235807861,0.0345780196640847
127,Urban,60,-10,EVA,4,4000000000,train,222.376063465435,1,9,OTFS (MRC),0.415972222222222,0,2.66666666666667,0.0,0.135533331343318,ODDM (LMMSE),0.370486111111111,0.0,3.0,0.0,0.119057919548857,ODDM,OTFS,OTFS,0.122774133083411,0.0164754117944608
128,Urban,60,-10,EVA,16,4000000000,train,222.376063465435,1,9,OTFS (MRC),0.459027777777778,0,2.0,0.0,0.127115422421387,ODDM (LMMSE),0.428732638888889,0.0,4.0,0.0,0.126784143266875,ODDM,OTFS,tie,0.0706620773435917,0.0003312791545126
129,Urban,60,-5,EVA,4,4000000000,train,222.376063465435,1,9,OTFS (MRC),0.340798611111111,0,3.0,0.0,0.143378847608962,ODDM (LMMSE),0.287326388888889,0.0,3.0,0.0,0.12367777307994,ODDM,OTFS,OTFS,0.186102719033233,0.0197010745290226
130,Urban,60,-5,EVA,16,4000000000,train,222.376063465435,1,9,OTFS (MRC),0.418663194444444,0,2.66666666666667,0.0,0.135580149455674,ODDM (LMMSE),0.39296875,0.0,4.0,0.0,0.128302366968947,ODDM,OTFS,tie,0.0653854649878507,0.0072777824867268
131,Urban,60,0,EVA,4,4000000000,train,222.376063465435,1,9,OTFS (MRC),0.232986111111111,0,3.66666666666667,0.0,0.156990329448779,ODDM (LMMSE),0.180208333333333,0.0,4.0,0.0,0.14238331108156,ODDM,OTFS,OTFS,0.292870905587669,0.0146070183672188
132,Urban,60,0,EVA,16,4000000000,train,222.376063465435,1,9,OTFS (MRC),0.352777777777778,0,3.66666666666667,0.0,0.149395805263443,ODDM (LMMSE),0.349826388888889,0.0,4.0,0.0,0.130620663465659,ODDM,OTFS,tie,0.0084367245657568,0.0187751417977843
133,Urban,60,5,EVA,4,4000000000,train,222.376063465435,1,9,OTFS (MRC),0.100868055555556,0,6.0,0.0,0.194400436961197,ODDM (LMMSE),0.0753472222222222,0.0,6.33333333333333,0.0,0.181530075122367,ODDM,OTFS,OTFS,0.338709677419355,0.0128703618388301
134,Urban,60,5,EVA,16,4000000000,train,222.376063465435,1,9,OTFS (MRC),0.248003472222222,0,5.0,0.0,0.16762763482958,ODDM (LMMSE),0.313888888888889,0.0,5.0,0.0,0.142768234595643,OTFS,OTFS,OTFS,0.265663283164158,0.0248594002339368
135,Urban,60,10,EVA,4,4000000000,val,222.376063465435,1,9,OTFS (MRC),0.0203125,300000,11.3333333333333,0.625,0.442172262356809,ODDM (LMMSE),0.0133680555555556,299415.204678363,11.0,0.623781676413255,0.423298567159468,ODDM,OTFS,OTFS,0.51948051948052,0.0188736951973412
136,Urban,60,10,EVA,16,4000000000,train,222.376063465435,1,9,OTFS (MRC),0.141927083333333,0,6.66666666666667,0.0,0.19452309502462,ODDM (LMMSE),0.243836805555556,0.0,5.0,0.0,0.146536049945899,OTFS,OTFS,OTFS,0.718042813455657,0.0479870450787212
137,Urban,60,15,EVA,4,4000000000,train,222.376063465435,1,9,OTFS (MRC),0.0012152777777777,600000,14.0,1.25,0.684576849995789,ODDM (LMMSE),0.0005208333333333,299415.204678363,15.0,0.623781676413255,0.520507560822741,ODDM,OTFS,OTFS,1.33333333333333,0.164069289173048
138,Urban,60,15,EVA,16,4000000000,train,222.376063465435,1,9,OTFS (MRC),0.05234375,0,10.3333333333333,0.0,0.248241149130855,ODDM (LMMSE),0.111805555555556,0.0,7.66666666666667,0.0,0.187169544144018,OTFS,OTFS,OTFS,1.13598673300166,0.0610716049868373
139,Urban,60,20,EVA,4,4000000000,train,222.376063465435,1,9,OTFS (MRC),0.0,900000,15.0,1.875,0.98861209316009,ODDM (LMMSE),0.0,898245.614035088,15.0,1.87134502923977,0.963729695733324,OTFS,OTFS,tie_otfs,0.0,0.024882397426766
140,Urban,60,20,EVA,16,4000000000,train,222.376063465435,1,9,OTFS (MRC),0.01171875,600000,13.3333333333333,1.25,0.471244515414464,ODDM (LMMSE),0.0401909722222222,598830.409356725,10.6666666666667,1.24756335282651,0.400460719049525,OTFS,OTFS,OTFS,2.42962962962963,0.0707837963649389
141,Highway,100,-10,EVA,4,4000000000,train,370.626772442391,1,9,OTFS (MRC),0.422395833333333,0,2.66666666666667,0.0,0.136617964381921,ODDM (LMMSE),0.377777777777778,0.0,3.0,0.0,0.119208952638812,ODDM,OTFS,OTFS,0.118106617647059,0.0174090117431089
142,Highway,100,-10,EVA,16,4000000000,train,370.626772442391,1,9,OTFS (MRC),0.453125,0,2.0,0.0,0.126641822548397,ODDM (LMMSE),0.434982638888889,0.0,3.33333333333333,0.0,0.120155374360242,ODDM,OTFS,tie,0.0417082418678907,0.0064864481881545
143,Highway,100,-5,EVA,4,4000000000,train,370.626772442391,1,9,OTFS (MRC),0.349131944444444,0,2.66666666666667,0.0,0.139628751226092,ODDM (LMMSE),0.291145833333333,0.0,3.0,0.0,0.123555694477905,ODDM,OTFS,OTFS,0.199165175909362,0.0160730567481869
144,Highway,100,-5,EVA,16,4000000000,val,370.626772442391,1,9,OTFS (MRC),0.412934027777778,0,2.66666666666667,0.0,0.133036668325707,ODDM (LMMSE),0.398784722222222,0.0,4.0,0.0,0.124445624733495,ODDM,OTFS,tie,0.0354810622551153,0.0085910435922121
145,Highway,100,0,EVA,4,4000000000,val,370.626772442391,1,9,OTFS (MRC),0.244444444444444,0,3.66666666666667,0.0,0.156395543865575,ODDM (LMMSE),0.183159722222222,0.0,4.0,0.0,0.141578057470054,ODDM,OTFS,OTFS,0.334597156398104,0.0148174863955213
146,Highway,100,0,EVA,16,4000000000,val,370.626772442391,1,9,OTFS (MRC),0.340711805555556,0,3.66666666666667,0.0,0.149149312025249,ODDM (LMMSE),0.356423611111111,0.0,4.0,0.0,0.130644408627619,OTFS,OTFS,tie_otfs,0.0461146496815285,0.0185049033976296
147,Highway,100,5,EVA,4,4000000000,train,370.626772442391,1,9,OTFS (MRC),0.124479166666667,0,6.0,0.0,0.190022509706908,ODDM (LMMSE),0.0814236111111111,0.0,6.33333333333333,0.0,0.179362217410143,ODDM,OTFS,OTFS,0.528784648187633,0.0106602922967657
148,Highway,100,5,EVA,16,4000000000,train,370.626772442391,1,9,OTFS (MRC),0.232899305555556,0,5.0,0.0,0.170202203589865,ODDM (LMMSE),0.319010416666667,0.0,4.66666666666667,0.0,0.138659887331823,OTFS,OTFS,OTFS,0.369735370853522,0.0315423162580415
149,Highway,100,10,EVA,4,4000000000,train,370.626772442391,1,9,OTFS (MRC),0.0486111111111111,0,11.3333333333333,0.0,0.261272442669646,ODDM (LMMSE),0.0213541666666667,0.0,11.0,0.0,0.250742762458759,ODDM,OTFS,OTFS,1.27642276422764,0.0105296802108863
150,Highway,100,10,EVA,16,4000000000,train,370.626772442391,1,9,OTFS (MRC),0.122482638888889,0,6.66666666666667,0.0,0.19573803067515,ODDM (LMMSE),0.258072916666667,0.0,5.0,0.0,0.145884091757877,OTFS,OTFS,OTFS,1.1070163004961,0.0498539389172733
151,Highway,100,15,EVA,4,4000000000,train,370.626772442391,1,9,OTFS (MRC),0.0086805555555555,600000,12.6666666666667,1.25,0.635708457777512,ODDM (LMMSE),0.0038194444444444,598830.409356725,13.3333333333333,1.24756335282651,0.634223017828903,ODDM,OTFS,tie,1.27272727272727,0.001485439948609
152,Highway,100,15,EVA,16,4000000000,train,370.626772442391,1,9,OTFS (MRC),0.0390625,0,10.3333333333333,0.0,0.253056542952345,ODDM (LMMSE),0.11640625,0.0,7.0,0.0,0.179654376830462,OTFS,OTFS,OTFS,1.98,0.073402166121883
153,Highway,100,20,EVA,4,4000000000,train,370.626772442391,1,9,OTFS (MRC),0.0001736111111111,600000,15.0,1.25,0.731090555631275,ODDM (LMMSE),0.0,898245.614035088,15.0,1.87134502923977,0.96424756046643,ODDM,ODDM,ODDM,173611111.111111,0.233157004835156
154,Highway,100,20,EVA,16,4000000000,val,370.626772442391,1,9,OTFS (MRC),0.00625,1200000,13.6666666666667,2.5,0.650535739807405,ODDM (LMMSE),0.0283854166666667,0.0,11.0,0.0,0.245513955864408,OTFS,OTFS,OTFS,3.54166666666667,0.405021783942997
155,HighSpeedRail,150,-10,EVA,4,4000000000,train,555.940158663587,1,9,OTFS (MRC),0.419270833333333,0,2.66666666666667,0.0,0.136633115883689,ODDM (LMMSE),0.361979166666667,0.0,3.0,0.0,0.119977608273306,ODDM,OTFS,OTFS,0.158273381294964,0.0166555076103831
156,HighSpeedRail,150,-10,EVA,16,4000000000,train,555.940158663587,1,9,OTFS (MRC),0.455815972222222,0,2.0,0.0,0.128669488248368,ODDM (LMMSE),0.438802083333333,0.0,3.0,0.0,0.115759584819203,ODDM,OTFS,tie,0.0387734915924827,0.0129099034291646
157,HighSpeedRail,150,-5,EVA,4,4000000000,train,555.940158663587,1,9,OTFS (MRC),0.35625,0,3.0,0.0,0.14140153065154,ODDM (LMMSE),0.283333333333333,0.0,3.0,0.0,0.12459174075014,ODDM,OTFS,OTFS,0.257352941176471,0.0168097899014006
158,HighSpeedRail,150,-5,EVA,16,4000000000,train,555.940158663587,1,9,OTFS (MRC),0.419357638888889,0,2.66666666666667,0.0,0.133513254698887,ODDM (LMMSE),0.403472222222222,0.0,4.0,0.0,0.127919836946611,ODDM,OTFS,tie,0.0393717728055077,0.005593417752276
159,HighSpeedRail,150,0,EVA,4,4000000000,train,555.940158663587,1,9,OTFS (MRC),0.259722222222222,0,3.66666666666667,0.0,0.153142205270898,ODDM (LMMSE),0.175694444444444,0.0,4.0,0.0,0.142767870622945,ODDM,OTFS,OTFS,0.478260869565218,0.0103743346479528
160,HighSpeedRail,150,0,EVA,16,4000000000,train,555.940158663587,1,9,OTFS (MRC),0.352951388888889,0,3.66666666666667,0.0,0.146626946886851,ODDM (LMMSE),0.362152777777778,0.0,4.0,0.0,0.129672819268458,OTFS,OTFS,tie_otfs,0.0260698475159862,0.016954127618393
161,HighSpeedRail,150,5,EVA,4,4000000000,train,555.940158663587,1,9,OTFS (MRC),0.132118055555556,0,5.33333333333333,0.0,0.182540438730013,ODDM (LMMSE),0.0720486111111111,0.0,6.0,0.0,0.178275707856971,ODDM,OTFS,tie,0.833734939759036,0.0042647308730424
162,HighSpeedRail,150,5,EVA,16,4000000000,train,555.940158663587,1,9,OTFS (MRC),0.249305555555556,0,4.66666666666667,0.0,0.165898519762727,ODDM (LMMSE),0.324305555555556,0.0,5.0,0.0,0.141769033822054,OTFS,OTFS,OTFS,0.3008356545961,0.0241294859406731
163,HighSpeedRail,150,10,EVA,4,4000000000,train,555.940158663587,1,9,OTFS (MRC),0.0361111111111111,0,9.0,0.0,0.242297135103419,ODDM (LMMSE),0.0137152777777778,0.0,10.0,0.0,0.248132478308328,ODDM,ODDM,ODDM,1.63291139240506,0.0058353432049087
164,HighSpeedRail,150,10,EVA,16,4000000000,val,555.940158663587,1,9,OTFS (MRC),0.142447916666667,0,6.66666666666667,0.0,0.195847144788694,ODDM (LMMSE),0.271788194444444,0.0,5.0,0.0,0.144600874602495,OTFS,OTFS,OTFS,0.907982937233394,0.0512462701861988
165,HighSpeedRail,150,15,EVA,4,4000000000,val,555.940158663587,1,9,OTFS (MRC),0.0050347222222222,600000,13.3333333333333,1.25,0.652197994474652,ODDM (LMMSE),0.0010416666666666,598830.409356725,14.3333333333333,1.24756335282651,0.667176513066894,ODDM,ODDM,ODDM,3.83333333333333,0.0149785185922413
166,HighSpeedRail,150,15,EVA,16,4000000000,train,555.940158663587,1,9,OTFS (MRC),0.0393229166666667,0,9.66666666666667,0.0,0.247114088196782,ODDM (LMMSE),0.140104166666667,0.0,7.0,0.0,0.176200557642916,OTFS,OTFS,OTFS,2.56291390728477,0.0709135305538667
167,HighSpeedRail,150,20,EVA,4,4000000000,train,555.940158663587,1,9,OTFS (MRC),0.0,900000,15.0,1.875,0.987487705912822,ODDM (LMMSE),0.0,898245.614035088,15.0,1.87134502923977,0.964423525732926,OTFS,OTFS,tie_otfs,0.0,0.0230641801798961
168,HighSpeedRail,150,20,EVA,16,4000000000,train,555.940158663587,1,9,OTFS (MRC),0.0041666666666666,0,14.0,0.0,0.330120385747471,ODDM (LMMSE),0.0310763888888889,0.0,10.6666666666667,0.0,0.23591311837887,OTFS,OTFS,OTFS,6.45833333333333,0.0942072673686009
169,HighSpeedRail,200,-10,EVA,4,4000000000,train,741.253544884782,1,9,OTFS (MRC),0.421701388888889,0,2.33333333333333,0.0,0.132519924203844,ODDM (LMMSE),0.357465277777778,0.0,3.0,0.0,0.119384654433801,ODDM,OTFS,OTFS,0.17969888295289,0.0131352697700424
170,HighSpeedRail,200,-10,EVA,16,4000000000,train,741.253544884782,1,9,OTFS (MRC),0.468229166666667,0,2.0,0.0,0.127324077536653,ODDM (LMMSE),0.436545138888889,0.0,3.66666666666667,0.0,0.122237114528713,ODDM,OTFS,tie,0.0725790415589579,0.00508696300794
171,HighSpeedRail,200,-5,EVA,4,4000000000,train,741.253544884782,1,9,OTFS (MRC),0.357118055555556,0,3.0,0.0,0.140842635519093,ODDM (LMMSE),0.276215277777778,0.0,3.0,0.0,0.124002496448874,ODDM,OTFS,OTFS,0.292897548711502,0.0168401390702189
172,HighSpeedRail,200,-5,EVA,16,4000000000,val,741.253544884782,1,9,OTFS (MRC),0.428559027777778,0,2.66666666666667,0.0,0.133198853078923,ODDM (LMMSE),0.400868055555556,0.0,4.0,0.0,0.126746921194208,ODDM,OTFS,tie,0.0690775227371156,0.0064519318847143
173,HighSpeedRail,200,0,EVA,4,4000000000,train,741.253544884782,1,9,OTFS (MRC),0.2609375,0,3.33333333333333,0.0,0.151177269354756,ODDM (LMMSE),0.177256944444444,0.0,4.0,0.0,0.140002975644546,ODDM,OTFS,OTFS,0.472086190009794,0.0111742937102093
174,HighSpeedRail,200,0,EVA,16,4000000000,train,741.253544884782,1,9,OTFS (MRC),0.360329861111111,0,3.33333333333333,0.0,0.142578378618816,ODDM (LMMSE),0.362413194444444,0.0,4.0,0.0,0.127168766350967,OTFS,OTFS,tie_otfs,0.005781739339918,0.0154096122678485
175,HighSpeedRail,200,5,EVA,4,4000000000,val,741.253544884782,1,9,OTFS (MRC),0.131770833333333,0,5.0,0.0,0.174556373120177,ODDM (LMMSE),0.0725694444444445,0.0,6.33333333333333,0.0,0.177985235006067,ODDM,ODDM,tie_oddm,0.81578947368421,0.0034288618858895
176,HighSpeedRail,200,5,EVA,16,4000000000,val,741.253544884782,1,9,OTFS (MRC),0.249739583333333,0,4.66666666666667,0.0,0.164108844565186,ODDM (LMMSE),0.32578125,0.0,4.66666666666667,0.0,0.135080867939724,OTFS,OTFS,OTFS,0.304483837330553,0.0290279766254612
177,HighSpeedRail,200,10,EVA,4,4000000000,train,741.253544884782,1,9,OTFS (MRC),0.0315972222222222,0,9.66666666666667,0.0,0.25225065542845,ODDM (LMMSE),0.0138888888888889,0.0,10.3333333333333,0.0,0.251501612459894,ODDM,OTFS,tie,1.275,0.0007490429685566
178,HighSpeedRail,200,10,EVA,16,4000000000,train,741.253544884782,1,9,OTFS (MRC),0.134114583333333,0,7.0,0.0,0.197091544059972,ODDM (LMMSE),0.272309027777778,0.0,5.0,0.0,0.144772069226563,OTFS,OTFS,OTFS,1.03042071197411,0.0523194748334095
179,HighSpeedRail,200,15,EVA,4,4000000000,train,741.253544884782,1,9,OTFS (MRC),0.0024305555555555,600000,13.6666666666667,1.25,0.669605802282369,ODDM (LMMSE),0.0012152777777777,598830.409356725,14.0,1.24756335282651,0.661013805745517,ODDM,OTFS,OTFS,1.0,0.0085919965368528
180,HighSpeedRail,200,15,EVA,16,4000000000,train,741.253544884782,1,9,OTFS (MRC),0.0375868055555556,0,9.66666666666667,0.0,0.2464642181136,ODDM (LMMSE),0.139322916666667,0.0,6.66666666666667,0.0,0.173288550908278,OTFS,OTFS,OTFS,2.7066974595843,0.073175667205322
181,HighSpeedRail,200,20,EVA,4,4000000000,train,741.253544884782,1,9,OTFS (MRC),0.0,900000,15.0,1.875,0.988443546648113,ODDM (LMMSE),0.0,898245.614035088,15.0,1.87134502923977,0.96355884804215,OTFS,OTFS,tie_otfs,0.0,0.0248846986059621
182,HighSpeedRail,200,20,EVA,16,4000000000,train,741.253544884782,1,9,OTFS (MRC),0.0026909722222222,1200000,14.3333333333333,2.5,0.671655446103685,ODDM (LMMSE),0.0261284722222222,0.0,11.0,0.0,0.247079907494374,OTFS,OTFS,OTFS,8.70967741935484,0.424575538609311
183,HighSpeedRail,300,-10,EVA,4,4000000000,train,1111.88031732717,1,9,OTFS (MRC),0.415798611111111,0,2.66666666666667,0.0,0.135238418225879,ODDM (LMMSE),0.368576388888889,0.0,3.0,0.0,0.11974201680905,ODDM,OTFS,OTFS,0.128120584079133,0.015496401416829
184,HighSpeedRail,300,-10,EVA,16,4000000000,train,1111.88031732717,1,9,OTFS (MRC),0.460850694444444,0,2.0,0.0,0.127883301753988,ODDM (LMMSE),0.437065972222222,0.0,3.33333333333333,0.0,0.119676740753164,ODDM,OTFS,tie,0.0544190665342602,0.0082065610008235
185,HighSpeedRail,300,-5,EVA,4,4000000000,train,1111.88031732717,1,9,OTFS (MRC),0.346180555555556,0,3.0,0.0,0.141379486033599,ODDM (LMMSE),0.283680555555556,0.0,3.0,0.0,0.124298880195807,ODDM,OTFS,OTFS,0.2203182374541,0.0170806058377928
186,HighSpeedRail,300,-5,EVA,16,4000000000,train,1111.88031732717,1,9,OTFS (MRC),0.418402777777778,0,3.0,0.0,0.138249909597335,ODDM (LMMSE),0.403472222222222,0.0,4.0,0.0,0.127648658079393,ODDM,OTFS,tie,0.0370051635111876,0.0106012515179419
187,HighSpeedRail,300,0,EVA,4,4000000000,val,1111.88031732717,1,9,OTFS (MRC),0.242534722222222,0,3.66666666666667,0.0,0.156301923507769,ODDM (LMMSE),0.169270833333333,0.0,4.33333333333333,0.0,0.146953230511816,ODDM,OTFS,OTFS,0.432820512820513,0.0093486929959527
188,HighSpeedRail,300,0,EVA,16,4000000000,train,1111.88031732717,1,9,OTFS (MRC),0.330815972222222,0,3.66666666666667,0.0,0.149523674706105,ODDM (LMMSE),0.364236111111111,0.0,4.0,0.0,0.129776023127197,OTFS,OTFS,OTFS,0.101023353450538,0.0197476515789079
189,HighSpeedRail,300,5,EVA,4,4000000000,train,1111.88031732717,1,9,OTFS (MRC),0.114409722222222,0,5.66666666666667,0.0,0.189668132146472,ODDM (LMMSE),0.0664930555555556,0.0,6.66666666666667,0.0,0.185864653100843,ODDM,OTFS,tie,0.720626631853786,0.0038034790456289
190,HighSpeedRail,300,5,EVA,16,4000000000,train,1111.88031732717,1,9,OTFS (MRC),0.219618055555556,0,5.33333333333333,0.0,0.171097118581907,ODDM (LMMSE),0.324913194444444,0.0,4.66666666666667,0.0,0.138644937724198,OTFS,OTFS,OTFS,0.479446640316206,0.0324521808577097
191,HighSpeedRail,300,10,EVA,4,4000000000,train,1111.88031732717,1,9,OTFS (MRC),0.0348958333333333,300000,10.6666666666667,0.625,0.425723957436084,ODDM (LMMSE),0.0137152777777778,0.0,11.0,0.0,0.258539527001027,ODDM,OTFS,OTFS,1.54430379746835,0.167184430435057
192,HighSpeedRail,300,10,EVA,16,4000000000,train,1111.88031732717,1,9,OTFS (MRC),0.105989583333333,0,7.33333333333333,0.0,0.206873975205616,ODDM (LMMSE),0.256684027777778,0.0,5.33333333333333,0.0,0.14915974496024,OTFS,OTFS,OTFS,1.42178542178542,0.0577142302453755
193,HighSpeedRail,300,15,EVA,4,4000000000,train,1111.88031732717,1,9,OTFS (MRC),0.0043402777777777,600000,13.3333333333333,1.25,0.655326821757284,ODDM (LMMSE),0.0015625,598830.409356725,14.0,1.24756335282651,0.656557707722933,ODDM,ODDM,tie_oddm,1.77777777777778,0.0012308859656498
194,HighSpeedRail,300,15,EVA,16,4000000000,val,1111.88031732717,1,9,OTFS (MRC),0.02421875,0,11.3333333333333,0.0,0.269029061153846,ODDM (LMMSE),0.124305555555556,0.0,7.0,0.0,0.179095367278391,OTFS,OTFS,OTFS,4.1326164874552,0.0899336938754544
195,HighSpeedRail,300,20,EVA,4,4000000000,val,1111.88031732717,1,9,OTFS (MRC),0.0,900000,15.0,1.875,0.988290519400059,ODDM (LMMSE),0.0,898245.614035088,15.0,1.87134502923977,0.964477834250428,OTFS,OTFS,tie_otfs,0.0,0.0238126851496308
196,HighSpeedRail,300,20,EVA,16,4000000000,train,1111.88031732717,1,9,OTFS (MRC),0.0019965277777777,1200000,14.3333333333333,2.5,0.679463142920043,ODDM (LMMSE),0.0193576388888889,0.0,11.6666666666667,0.0,0.25857476355326,OTFS,OTFS,OTFS,8.69565217391304,0.420888379366783
197,Pedestrian,0,-10,ETU,4,4000000000,train,0.0,2,9,OTFS (MRC),0.370330459770115,0,2.66666666666667,0.0,0.139056168467919,ODDM (LMMSE),0.366199712643678,0.0,2.66666666666667,0.0,0.117098902531048,ODDM,OTFS,tie,0.011280039234919,0.0219572659368713
198,Pedestrian,0,-10,ETU,16,4000000000,train,0.0,2,9,OTFS (MRC),0.435255028735632,0,2.33333333333333,0.0,0.131614257493659,ODDM (LMMSE),0.436691810344828,0.0,3.33333333333333,0.0,0.120826193695167,OTFS,OTFS,tie_otfs,0.0033010109345986,0.0107880637984912
199,Pedestrian,0,-5,ETU,4,4000000000,train,0.0,2,9,OTFS (MRC),0.285380747126437,0,3.33333333333333,0.0,0.150228447079445,ODDM (LMMSE),0.283045977011494,0.0,3.33333333333333,0.0,0.129654138698733,ODDM,OTFS,tie,0.008248730964467,0.0205743083807122
200,Pedestrian,0,-5,ETU,16,4000000000,train,0.0,2,9,OTFS (MRC),0.375987787356322,0,3.33333333333333,0.0,0.141676352402889,ODDM (LMMSE),0.396551724137931,0.0,4.0,0.0,0.123481603146697,OTFS,OTFS,tie_otfs,0.0546930976833056,0.0181947492561922
201,Pedestrian,0,0,ETU,4,4000000000,val,0.0,2,9,OTFS (MRC),0.173132183908046,0,4.66666666666667,0.0,0.169120532726571,ODDM (LMMSE),0.170258620689655,0.0,4.66666666666667,0.0,0.1493907874431,ODDM,OTFS,tie,0.0168776371308017,0.0197297452834712
202,Pedestrian,0,0,ETU,16,4000000000,train,0.0,2,9,OTFS (MRC),0.279094827586207,0,4.66666666666667,0.0,0.161951081647728,ODDM (LMMSE),0.34680316091954,0.0,4.33333333333333,0.0,0.134776435155058,OTFS,OTFS,OTFS,0.242599742599743,0.0271746464926696
203,Pedestrian,0,5,ETU,4,4000000000,train,0.0,2,9,OTFS (MRC),0.079382183908046,0,8.0,0.0,0.220195934427133,ODDM (LMMSE),0.0720186781609195,0.0,8.0,0.0,0.1996952277561,ODDM,OTFS,OTFS,0.102244389027431,0.020500706671033
204,Pedestrian,0,5,ETU,16,4000000000,train,0.0,2,9,OTFS (MRC),0.162895114942529,0,6.33333333333333,0.0,0.186004721753388,ODDM (LMMSE),0.304328304597701,0.0,4.66666666666667,0.0,0.141105627883543,OTFS,OTFS,OTFS,0.868246968026461,0.044899093869845
205,Pedestrian,0,10,ETU,4,4000000000,train,0.0,2,9,OTFS (MRC),0.0265804597701149,290000,12.0,0.604166666666667,0.444151585108684,ODDM (LMMSE),0.0262212643678161,289152.872444012,12.0,0.602401817591691,0.422107306880705,ODDM,OTFS,tie,0.0136986301369863,0.0220442782279791
206,Pedestrian,0,10,ETU,16,4000000000,val,0.0,2,9,OTFS (MRC),0.0717492816091954,0,9.0,0.0,0.229022691449005,ODDM (LMMSE),0.214349856321839,0.0,5.66666666666667,0.0,0.157617735972322,OTFS,OTFS,OTFS,1.98748435544431,0.0714049554766828
207,Pedestrian,0,15,ETU,4,4000000000,train,0.0,2,9,OTFS (MRC),0.0001795977011494,580000,15.0,1.20833333333333,0.726790658280362,ODDM (LMMSE),0.0055675287356321,578305.744888023,13.3333333333333,1.20480363518338,0.626042080512145,OTFS,OTFS,OTFS,30.0,0.100748577768218
208,Pedestrian,0,15,ETU,16,4000000000,train,0.0,2,9,OTFS (MRC),0.0229885057471264,580000,12.3333333333333,1.20833333333333,0.449064383576778,ODDM (LMMSE),0.0735452586206897,578305.744888023,10.0,1.20480363518338,0.383408583928269,OTFS,OTFS,OTFS,2.19921875,0.0656557996485089
209,Pedestrian,0,20,ETU,4,4000000000,train,0.0,2,9,OTFS (MRC),0.0,870000,15.0,1.8125,0.985513927116695,ODDM (LMMSE),0.0001795977011494,578305.744888023,15.0,1.20480363518338,0.704704202931983,OTFS,OTFS,OTFS,179597701.149425,0.280809724184713
210,Pedestrian,0,20,ETU,16,4000000000,train,0.0,2,9,OTFS (MRC),0.0026939655172413,1160000,14.3333333333333,2.41666666666667,0.671542863563395,ODDM (LMMSE),0.0060165229885057,1156611.48977605,13.6666666666667,2.40960727036676,0.628686017053951,OTFS,OTFS,OTFS,1.23333333333333,0.0428568465094439
211,Urban,20,-10,ETU,4,4000000000,train,74.1253544884782,2,9,OTFS (MRC),0.369791666666667,0,2.66666666666667,0.0,0.137908845422058,ODDM (LMMSE),0.375179597701149,0.0,2.66666666666667,0.0,0.116875298577229,OTFS,OTFS,tie_otfs,0.014570179698883,0.0210335468448286
212,Urban,20,-10,ETU,16,4000000000,train,74.1253544884782,2,9,OTFS (MRC),0.42663433908046,0,2.33333333333333,0.0,0.130479038982957,ODDM (LMMSE),0.430854885057471,0.0,3.66666666666667,0.0,0.124935286843403,OTFS,OTFS,tie_otfs,0.0098926541780677,0.0055437521395537
213,Urban,20,-5,ETU,4,4000000000,val,74.1253544884782,2,9,OTFS (MRC),0.286997126436782,0,3.33333333333333,0.0,0.149372437182564,ODDM (LMMSE),0.29364224137931,0.0,3.33333333333333,0.0,0.12852040390311,OTFS,OTFS,tie_otfs,0.023153942428035,0.0208520332794542
214,Urban,20,-5,ETU,16,4000000000,train,74.1253544884782,2,9,OTFS (MRC),0.358566810344828,0,3.33333333333333,0.0,0.144416723236234,ODDM (LMMSE),0.386135057471264,0.0,4.0,0.0,0.130335525070778,OTFS,OTFS,tie_otfs,0.0768845479589282,0.0140811981654556
215,Urban,20,0,ETU,4,4000000000,train,74.1253544884782,2,9,OTFS (MRC),0.171875,0,4.66666666666667,0.0,0.171755854690284,ODDM (LMMSE),0.180675287356322,0.0,4.66666666666667,0.0,0.150762753770907,OTFS,OTFS,tie_otfs,0.0512016718913271,0.0209931009193773
216,Urban,20,0,ETU,16,4000000000,train,74.1253544884782,2,9,OTFS (MRC),0.247755028735632,0,5.0,0.0,0.166523311163098,ODDM (LMMSE),0.336566091954023,0.0,4.33333333333333,0.0,0.136676586926898,OTFS,OTFS,OTFS,0.358463211308445,0.0298467242362002
217,Urban,20,5,ETU,4,4000000000,train,74.1253544884782,2,9,OTFS (MRC),0.0892600574712644,0,9.0,0.0,0.227370223060739,ODDM (LMMSE),0.0896192528735632,0.0,8.33333333333333,0.0,0.199675848919091,OTFS,OTFS,tie_otfs,0.0040241448692153,0.0276943741416488
218,Urban,20,5,ETU,16,4000000000,train,74.1253544884782,2,9,OTFS (MRC),0.131196120689655,0,7.0,0.0,0.198555133000568,ODDM (LMMSE),0.291846264367816,0.0,5.0,0.0,0.144456644733934,OTFS,OTFS,OTFS,1.22450376454483,0.0540984882666339
219,Urban,20,10,ETU,4,4000000000,train,74.1253544884782,2,9,OTFS (MRC),0.039691091954023,290000,11.6666666666667,0.604166666666667,0.431426338643229,ODDM (LMMSE),0.0393318965517241,289152.872444012,11.6666666666667,0.602401817591691,0.411786788290595,ODDM,OTFS,tie,0.0091324200913242,0.0196395503526333
220,Urban,20,10,ETU,16,4000000000,val,74.1253544884782,2,9,OTFS (MRC),0.0422054597701149,0,9.66666666666667,0.0,0.245203272587483,ODDM (LMMSE),0.181034482758621,0.0,6.33333333333333,0.0,0.166733702270671,OTFS,OTFS,OTFS,3.28936170212766,0.0784695703168124
221,Urban,20,15,ETU,4,4000000000,train,74.1253544884782,2,9,OTFS (MRC),0.0053879310344827,580000,13.3333333333333,1.20833333333333,0.648519984646376,ODDM (LMMSE),0.0075431034482758,578305.744888023,13.0,1.20480363518338,0.617964779003169,OTFS,OTFS,OTFS,0.4,0.030555205643207
222,Urban,20,15,ETU,16,4000000000,train,74.1253544884782,2,9,OTFS (MRC),0.0016163793103448,580000,14.6666666666667,1.20833333333333,0.518354476575145,ODDM (LMMSE),0.0297234195402299,578305.744888023,11.0,1.20480363518338,0.409561172256202,OTFS,OTFS,OTFS,17.3888888888889,0.108793304318943
223,Urban,20,20,ETU,4,4000000000,train,74.1253544884782,2,9,OTFS (MRC),0.0001795977011494,580000,15.0,1.20833333333333,0.726952555173473,ODDM (LMMSE),0.0001795977011494,578305.744888023,15.0,1.20480363518338,0.705317839508826,OTFS,OTFS,tie_otfs,0.0,0.0216347156646477
224,Urban,20,20,ETU,16,4000000000,train,74.1253544884782,2,9,OTFS (MRC),0.0,1740000,15.0,3.625,0.984931789500087,ODDM (LMMSE),8.97988505747126e-05,1156611.48977605,15.0,2.40960727036676,0.717418870728932,OTFS,OTFS,OTFS,89798850.5747126,0.267512918771156
225,Urban,60,-10,ETU,4,4000000000,train,222.376063465435,2,9,OTFS (MRC),0.364403735632184,0,3.0,0.0,0.142015134490648,ODDM (LMMSE),0.366918103448276,0.0,3.0,0.0,0.120736619452814,OTFS,OTFS,tie_otfs,0.0068999507146377,0.0212785150378342
226,Urban,60,-10,ETU,16,4000000000,train,222.376063465435,2,9,OTFS (MRC),0.42816091954023,0,2.33333333333333,0.0,0.130426437856343,ODDM (LMMSE),0.4296875,0.0,3.66666666666667,0.0,0.125420551536463,OTFS,OTFS,tie_otfs,0.0035654362416107,0.0050058863198804
227,Urban,60,-5,ETU,4,4000000000,train,222.376063465435,2,9,OTFS (MRC),0.289331896551724,0,3.33333333333333,0.0,0.14822343355823,ODDM (LMMSE),0.290229885057471,0.0,3.33333333333333,0.0,0.1289868875117,OTFS,OTFS,tie_otfs,0.0031036623215394,0.0192365460465299
228,Urban,60,-5,ETU,16,4000000000,val,222.376063465435,2,9,OTFS (MRC),0.369342672413793,0,3.33333333333333,0.0,0.143702131416116,ODDM (LMMSE),0.387841235632184,0.0,4.0,0.0,0.129914953271768,OTFS,OTFS,tie_otfs,0.0500850960369561,0.0137871781443483
229,Urban,60,0,ETU,4,4000000000,train,222.376063465435,2,9,OTFS (MRC),0.182830459770115,0,4.33333333333333,0.0,0.166375376687915,ODDM (LMMSE),0.175826149425287,0.0,4.33333333333333,0.0,0.146752886429429,ODDM,OTFS,tie,0.0398365679264556,0.0196224902584858
230,Urban,60,0,ETU,16,4000000000,train,222.376063465435,2,9,OTFS (MRC),0.262212643678161,0,4.66666666666667,0.0,0.163412779732752,ODDM (LMMSE),0.340068247126437,0.0,4.33333333333333,0.0,0.135486555094659,OTFS,OTFS,OTFS,0.296917808219178,0.027926224638093
231,Urban,60,5,ETU,4,4000000000,train,222.376063465435,2,9,OTFS (MRC),0.0804597701149425,0,7.33333333333333,0.0,0.212965264600902,ODDM (LMMSE),0.0766882183908046,0.0,7.33333333333333,0.0,0.19209416907679,ODDM,OTFS,tie,0.0491803278688524,0.020871095524112
232,Urban,60,5,ETU,16,4000000000,train,222.376063465435,2,9,OTFS (MRC),0.148796695402299,0,6.66666666666667,0.0,0.193708589658537,ODDM (LMMSE),0.296156609195402,0.0,5.0,0.0,0.145010383788816,OTFS,OTFS,OTFS,0.990343995171998,0.048698205869721
233,Urban,60,10,ETU,4,4000000000,val,222.376063465435,2,9,OTFS (MRC),0.0208333333333333,580000,12.3333333333333,1.20833333333333,0.613601068885125,ODDM (LMMSE),0.0244252873563218,289152.872444012,11.0,0.602401817591691,0.413377761178051,OTFS,OTFS,OTFS,0.172413793103448,0.200223307707074
234,Urban,60,10,ETU,16,4000000000,train,222.376063465435,2,9,OTFS (MRC),0.0469647988505747,0,9.33333333333333,0.0,0.237964110227124,ODDM (LMMSE),0.198455459770115,0.0,6.0,0.0,0.161097820508415,OTFS,OTFS,OTFS,3.22562141491396,0.0768662897187089
235,Urban,60,15,ETU,4,4000000000,train,222.376063465435,2,9,OTFS (MRC),0.0005387931034482,580000,14.6666666666667,1.20833333333333,0.704619161500848,ODDM (LMMSE),0.0028735632183908,578305.744888023,13.6666666666667,1.20480363518338,0.64176681035114,OTFS,OTFS,OTFS,4.33333333333333,0.0628523511497077
236,Urban,60,15,ETU,16,4000000000,train,222.376063465435,2,9,OTFS (MRC),0.004040948275862,580000,14.0,1.20833333333333,0.494936443261274,ODDM (LMMSE),0.0429238505747126,0.0,11.0,0.0,0.239647698650272,OTFS,OTFS,OTFS,9.62222222222222,0.255288744611003
237,Urban,60,20,ETU,4,4000000000,train,222.376063465435,2,9,OTFS (MRC),0.0,870000,15.0,1.8125,0.985105206038963,ODDM (LMMSE),0.0,867458.617332035,15.0,1.80720545277507,0.96294449093213,OTFS,OTFS,tie_otfs,0.0,0.0221607151068333
238,Urban,60,20,ETU,16,4000000000,train,222.376063465435,2,9,OTFS (MRC),0.0,1740000,15.0,3.625,0.984657536245758,ODDM (LMMSE),0.0003591954022988,578305.744888023,15.0,1.20480363518338,0.527278559257283,OTFS,OTFS,OTFS,359195402.298851,0.457378976988475
239,Highway,100,-10,ETU,4,4000000000,val,370.626772442391,2,9,OTFS (MRC),0.374640804597701,0,3.0,0.0,0.1403416765154,ODDM (LMMSE),0.360632183908046,0.0,3.0,0.0,0.120975849652371,ODDM,OTFS,tie,0.0388446215139443,0.0193658268630286
240,Highway,100,-10,ETU,16,4000000000,train,370.626772442391,2,9,OTFS (MRC),0.44360632183908,0,2.66666666666667,0.0,0.131147489418935,ODDM (LMMSE),0.432650862068966,0.0,3.66666666666667,0.0,0.124495411935413,ODDM,OTFS,tie,0.025321710253217,0.0066520774835221
241,Highway,100,-5,ETU,4,4000000000,train,370.626772442391,2,9,OTFS (MRC),0.300646551724138,0,3.0,0.0,0.144181655017383,ODDM (LMMSE),0.273886494252874,0.0,3.33333333333333,0.0,0.129211818732157,ODDM,OTFS,tie,0.0977049180327871,0.0149698362852261
242,Highway,100,-5,ETU,16,4000000000,train,370.626772442391,2,9,OTFS (MRC),0.382722701149425,0,3.0,0.0,0.138439222079113,ODDM (LMMSE),0.393588362068966,0.0,4.0,0.0,0.129737215078849,OTFS,OTFS,tie_otfs,0.0283904270295636,0.0087020070002636
243,Highway,100,0,ETU,4,4000000000,train,370.626772442391,2,9,OTFS (MRC),0.191091954022989,0,4.0,0.0,0.164562412665433,ODDM (LMMSE),0.169540229885057,0.0,4.33333333333333,0.0,0.148345221857964,ODDM,OTFS,OTFS,0.127118644067797,0.016217190807469
244,Highway,100,0,ETU,16,4000000000,train,370.626772442391,2,9,OTFS (MRC),0.283854166666667,0,4.33333333333333,0.0,0.159191615474287,ODDM (LMMSE),0.348239942528736,0.0,4.0,0.0,0.131406136282153,OTFS,OTFS,OTFS,0.226826953495729,0.0277854791921337
245,Highway,100,5,ETU,4,4000000000,train,370.626772442391,2,9,OTFS (MRC),0.0790229885057471,0,7.0,0.0,0.210049743351382,ODDM (LMMSE),0.069683908045977,0.0,7.0,0.0,0.19041045219395,ODDM,OTFS,OTFS,0.134020618556701,0.0196392911574313
246,Highway,100,5,ETU,16,4000000000,train,370.626772442391,2,9,OTFS (MRC),0.168013649425287,0,6.33333333333333,0.0,0.186772525431659,ODDM (LMMSE),0.30298132183908,0.0,5.0,0.0,0.143164840904247,OTFS,OTFS,OTFS,0.803313735970069,0.0436076845274124
247,Highway,100,10,ETU,4,4000000000,train,370.626772442391,2,9,OTFS (MRC),0.0114942528735632,290000,11.6666666666667,0.604166666666667,0.454263830280153,ODDM (LMMSE),0.0147270114942529,289152.872444012,11.0,0.602401817591691,0.41968228694141,OTFS,OTFS,OTFS,0.28125,0.0345815433387433
248,Highway,100,10,ETU,16,4000000000,val,370.626772442391,2,9,OTFS (MRC),0.061871408045977,0,9.0,0.0,0.232355038038469,ODDM (LMMSE),0.216235632183908,0.0,5.66666666666667,0.0,0.155360588898,OTFS,OTFS,OTFS,2.49492017416546,0.0769944491404688
249,Highway,100,15,ETU,4,4000000000,train,370.626772442391,2,9,OTFS (MRC),0.0,870000,15.0,1.8125,0.984617283266262,ODDM (LMMSE),0.0005387931034482,578305.744888023,14.6666666666667,1.20480363518338,0.681766896791079,OTFS,OTFS,OTFS,538793103.448276,0.302850386475183
250,Highway,100,15,ETU,16,4000000000,train,370.626772442391,2,9,OTFS (MRC),0.0085308908045977,0,13.3333333333333,0.0,0.311050979211906,ODDM (LMMSE),0.0697737068965517,0.0,9.33333333333333,0.0,0.212023098627084,OTFS,OTFS,OTFS,7.17894736842105,0.0990278805848213
251,Highway,100,20,ETU,4,4000000000,train,370.626772442391,2,9,OTFS (MRC),0.0,870000,15.0,1.8125,0.984028176347034,ODDM (LMMSE),0.0,867458.617332035,15.0,1.80720545277507,0.961317021419712,OTFS,OTFS,tie_otfs,0.0,0.022711154927322
252,Highway,100,20,ETU,16,4000000000,train,370.626772442391,2,9,OTFS (MRC),0.0,1740000,15.0,3.625,0.98472465240121,ODDM (LMMSE),0.0045797413793103,578305.744888023,14.0,1.20480363518338,0.471502492421307,OTFS,OTFS,OTFS,4579741379.31034,0.513222159979903
253,HighSpeedRail,150,-10,ETU,4,4000000000,train,555.940158663587,2,9,OTFS (MRC),0.391702586206897,0,3.0,0.0,0.138904438605805,ODDM (LMMSE),0.37805316091954,0.0,3.0,0.0,0.120008942327187,ODDM,OTFS,tie,0.0361045130641331,0.0188954962786173
254,HighSpeedRail,150,-10,ETU,16,4000000000,train,555.940158663587,2,9,OTFS (MRC),0.441271551724138,0,2.33333333333333,0.0,0.131183813506831,ODDM (LMMSE),0.439565373563218,0.0,3.33333333333333,0.0,0.119576932246934,ODDM,OTFS,tie,0.0038815117466803,0.0116068812598968
255,HighSpeedRail,150,-5,ETU,4,4000000000,train,555.940158663587,2,9,OTFS (MRC),0.327945402298851,0,3.0,0.0,0.142968877109931,ODDM (LMMSE),0.297234195402299,0.0,3.0,0.0,0.1236353229759,ODDM,OTFS,OTFS,0.103323262839879,0.0193335541340304
256,HighSpeedRail,150,-5,ETU,16,4000000000,train,555.940158663587,2,9,OTFS (MRC),0.3828125,0,2.66666666666667,0.0,0.135469398968191,ODDM (LMMSE),0.398617097701149,0.0,4.0,0.0,0.128874373397115,OTFS,OTFS,tie_otfs,0.0412854797091251,0.0065950255710756
257,HighSpeedRail,150,0,ETU,4,4000000000,train,555.940158663587,2,9,OTFS (MRC),0.216594827586207,0,3.66666666666667,0.0,0.156046282459365,ODDM (LMMSE),0.188397988505747,0.0,4.33333333333333,0.0,0.145388326728877,ODDM,OTFS,OTFS,0.149666348903718,0.0106579557304877
258,HighSpeedRail,150,0,ETU,16,4000000000,val,555.940158663587,2,9,OTFS (MRC),0.290140086206897,0,4.33333333333333,0.0,0.158262861058404,ODDM (LMMSE),0.352640086206897,0.0,4.0,0.0,0.131703335976822,OTFS,OTFS,OTFS,0.215413184772516,0.0265595250815827
259,HighSpeedRail,150,5,ETU,4,4000000000,train,555.940158663587,2,9,OTFS (MRC),0.0921336206896552,0,6.33333333333333,0.0,0.20065629984299,ODDM (LMMSE),0.0858477011494253,0.0,6.33333333333333,0.0,0.178409120730031,ODDM,OTFS,tie,0.0732217573221756,0.0222471791129591
260,HighSpeedRail,150,5,ETU,16,4000000000,train,555.940158663587,2,9,OTFS (MRC),0.180765086206897,0,6.0,0.0,0.182185481841035,ODDM (LMMSE),0.306752873563218,0.0,4.66666666666667,0.0,0.139102841582364,OTFS,OTFS,OTFS,0.696969696969697,0.043082640258671
261,HighSpeedRail,150,10,ETU,4,4000000000,train,555.940158663587,2,9,OTFS (MRC),0.0149066091954023,290000,10.6666666666667,0.604166666666667,0.439834526813992,ODDM (LMMSE),0.0206537356321839,0.0,10.3333333333333,0.0,0.245194724120463,OTFS,OTFS,OTFS,0.385542168674699,0.194639802693529
262,HighSpeedRail,150,10,ETU,16,4000000000,train,555.940158663587,2,9,OTFS (MRC),0.0784841954022989,0,8.66666666666667,0.0,0.224587636202066,ODDM (LMMSE),0.220366379310345,0.0,5.66666666666667,0.0,0.155140198219405,OTFS,OTFS,OTFS,1.80778032036613,0.0694474379826613
263,HighSpeedRail,150,15,ETU,4,4000000000,train,555.940158663587,2,9,OTFS (MRC),0.0,870000,15.0,1.8125,0.985412861010986,ODDM (LMMSE),0.0008979885057471,289152.872444012,14.3333333333333,0.602401817591691,0.504805493740142,OTFS,OTFS,OTFS,897988505.747126,0.480607367270844
264,HighSpeedRail,150,15,ETU,16,4000000000,val,555.940158663587,2,9,OTFS (MRC),0.0214619252873563,0,12.6666666666667,0.0,0.288600451439659,ODDM (LMMSE),0.0872844827586207,0.0,8.66666666666667,0.0,0.200368121867581,OTFS,OTFS,OTFS,3.06694560669456,0.0882323295720774
265,HighSpeedRail,150,20,ETU,4,4000000000,val,555.940158663587,2,9,OTFS (MRC),0.0,870000,15.0,1.8125,0.983234002176391,ODDM (LMMSE),0.0,867458.617332035,15.0,1.80720545277507,0.955994152197568,OTFS,OTFS,tie_otfs,0.0,0.0272398499788236
266,HighSpeedRail,150,20,ETU,16,4000000000,train,555.940158663587,2,9,OTFS (MRC),0.0007183908045977,1160000,15.0,2.41666666666667,0.699654157779108,ODDM (LMMSE),0.0292744252873563,1156611.48977605,12.6666666666667,2.40960727036676,0.585621402049852,OTFS,OTFS,OTFS,39.75,0.114032755729256
267,HighSpeedRail,200,-10,ETU,4,4000000000,train,741.253544884782,2,9,OTFS (MRC),0.401221264367816,0,3.0,0.0,0.140756996198893,ODDM (LMMSE),0.368534482758621,0.0,3.0,0.0,0.120309319060103,ODDM,OTFS,tie,0.0886939571150098,0.0204476771387904
268,HighSpeedRail,200,-10,ETU,16,4000000000,val,741.253544884782,2,9,OTFS (MRC),0.44207974137931,0,2.33333333333333,0.0,0.130898144517975,ODDM (LMMSE),0.432830459770115,0.0,3.33333333333333,0.0,0.120186669599899,ODDM,OTFS,tie,0.0213692946058092,0.0107114749180761
269,HighSpeedRail,200,-5,ETU,4,4000000000,train,741.253544884782,2,9,OTFS (MRC),0.327586206896552,0,3.0,0.0,0.143614601090899,ODDM (LMMSE),0.293103448275862,0.0,3.0,0.0,0.125109870505202,ODDM,OTFS,OTFS,0.117647058823529,0.0185047305856968
270,HighSpeedRail,200,-5,ETU,16,4000000000,train,741.253544884782,2,9,OTFS (MRC),0.38739224137931,0,3.33333333333333,0.0,0.143624595175822,ODDM (LMMSE),0.397000718390805,0.0,4.0,0.0,0.129150658870856,OTFS,OTFS,tie_otfs,0.0248029670839128,0.0144739363049658
271,HighSpeedRail,200,0,ETU,4,4000000000,train,741.253544884782,2,9,OTFS (MRC),0.216415229885057,0,4.0,0.0,0.160309958127143,ODDM (LMMSE),0.186961206896552,0.0,4.33333333333333,0.0,0.146067637309867,ODDM,OTFS,OTFS,0.157540826128722,0.0142423208172764
272,HighSpeedRail,200,0,ETU,16,4000000000,train,741.253544884782,2,9,OTFS (MRC),0.286907327586207,0,4.0,0.0,0.15275860489682,ODDM (LMMSE),0.349676724137931,0.0,4.33333333333333,0.0,0.133517798979649,OTFS,OTFS,OTFS,0.218779342723005,0.0192408059171712
273,HighSpeedRail,200,5,ETU,4,4000000000,train,741.253544884782,2,9,OTFS (MRC),0.0905172413793103,0,6.0,0.0,0.196315356622163,ODDM (LMMSE),0.0806393678160919,0.0,6.33333333333333,0.0,0.179937310118668,ODDM,OTFS,OTFS,0.12249443207127,0.0163780465034948
274,HighSpeedRail,200,5,ETU,16,4000000000,train,741.253544884782,2,9,OTFS (MRC),0.175197557471264,0,6.0,0.0,0.183225057438306,ODDM (LMMSE),0.305316091954023,0.0,4.66666666666667,0.0,0.140570821354933,OTFS,OTFS,OTFS,0.742696053305997,0.0426542360833724
275,HighSpeedRail,200,10,ETU,4,4000000000,train,741.253544884782,2,9,OTFS (MRC),0.0136494252873563,290000,11.0,0.604166666666667,0.444873097624117,ODDM (LMMSE),0.0184985632183908,0.0,10.6666666666667,0.0,0.251068490064171,OTFS,OTFS,OTFS,0.355263157894737,0.193804607559947
276,HighSpeedRail,200,10,ETU,16,4000000000,val,741.253544884782,2,9,OTFS (MRC),0.0734554597701149,0,8.66666666666667,0.0,0.223481624669566,ODDM (LMMSE),0.218660201149425,0.0,6.0,0.0,0.159916512416606,OTFS,OTFS,OTFS,1.97677261613692,0.0635651122529601
277,HighSpeedRail,200,15,ETU,4,4000000000,train,741.253544884782,2,9,OTFS (MRC),0.0,870000,15.0,1.8125,0.985623349647819,ODDM (LMMSE),0.0007183908045977,289152.872444012,15.0,0.602401817591691,0.517149804827013,OTFS,OTFS,OTFS,718390804.597701,0.468473544820807
278,HighSpeedRail,200,15,ETU,16,4000000000,train,741.253544884782,2,9,OTFS (MRC),0.015625,580000,13.0,1.20833333333333,0.461770001590045,ODDM (LMMSE),0.0765086206896552,0.0,8.66666666666667,0.0,0.205157502432314,OTFS,OTFS,OTFS,3.89655172413793,0.256612499157731
279,HighSpeedRail,200,20,ETU,4,4000000000,train,741.253544884782,2,9,OTFS (MRC),0.0,870000,15.0,1.8125,0.985221535489511,ODDM (LMMSE),0.0,867458.617332035,15.0,1.80720545277507,0.962107390595883,OTFS,OTFS,tie_otfs,0.0,0.0231141448936278
280,HighSpeedRail,200,20,ETU,16,4000000000,train,741.253544884782,2,9,OTFS (MRC),0.0001795977011494,1160000,15.0,2.41666666666667,0.727003063583928,ODDM (LMMSE),0.0190373563218391,1156611.48977605,13.0,2.40960727036676,0.600049142916558,OTFS,OTFS,OTFS,105.0,0.12695392066737
281,HighSpeedRail,300,-10,ETU,4,4000000000,train,1111.88031732717,2,9,OTFS (MRC),0.39673132183908,0,3.0,0.0,0.1404461176821,ODDM (LMMSE),0.371048850574713,0.0,3.0,0.0,0.121114397034726,ODDM,OTFS,tie,0.0692158760890609,0.0193317206473732
282,HighSpeedRail,300,-10,ETU,16,4000000000,train,1111.88031732717,2,9,OTFS (MRC),0.458782327586207,0,2.0,0.0,0.126977710688937,ODDM (LMMSE),0.432112068965517,0.0,3.66666666666667,0.0,0.124904232380164,ODDM,OTFS,tie,0.0617206982543641,0.002073478308773
283,HighSpeedRail,300,-5,ETU,4,4000000000,train,1111.88031732717,2,9,OTFS (MRC),0.327047413793103,0,3.0,0.0,0.141765314747624,ODDM (LMMSE),0.29364224137931,0.0,3.0,0.0,0.125290932127745,ODDM,OTFS,OTFS,0.113761467889908,0.0164743826198791
284,HighSpeedRail,300,-5,ETU,16,4000000000,train,1111.88031732717,2,9,OTFS (MRC),0.412266522988506,0,3.0,0.0,0.136859060073488,ODDM (LMMSE),0.39367816091954,0.0,4.0,0.0,0.129497910221113,ODDM,OTFS,tie,0.0472171532846716,0.0073611498523747
285,HighSpeedRail,300,0,ETU,4,4000000000,val,1111.88031732717,2,9,OTFS (MRC),0.229525862068966,0,3.33333333333333,0.0,0.153097365411804,ODDM (LMMSE),0.187320402298851,0.0,4.33333333333333,0.0,0.145798017250199,ODDM,OTFS,OTFS,0.225311601150527,0.0072993481616046
286,HighSpeedRail,300,0,ETU,16,4000000000,train,1111.88031732717,2,9,OTFS (MRC),0.330010775862069,0,3.33333333333333,0.0,0.14563604307919,ODDM (LMMSE),0.350574712643678,0.0,4.0,0.0,0.131791581010846,OTFS,OTFS,tie_otfs,0.0623129251700681,0.0138444620683435
287,HighSpeedRail,300,5,ETU,4,4000000000,train,1111.88031732717,2,9,OTFS (MRC),0.09375,0,5.66666666666667,0.0,0.191626795828756,ODDM (LMMSE),0.0774066091954023,0.0,6.33333333333333,0.0,0.181698877996745,ODDM,OTFS,OTFS,0.211136890951276,0.0099279178320107
288,HighSpeedRail,300,5,ETU,16,4000000000,train,1111.88031732717,2,9,OTFS (MRC),0.208423132183908,0,5.33333333333333,0.0,0.174731873111448,ODDM (LMMSE),0.310883620689655,0.0,4.66666666666667,0.0,0.140792370752143,OTFS,OTFS,OTFS,0.491598448944421,0.0339395023593047
289,HighSpeedRail,300,10,ETU,4,4000000000,train,1111.88031732717,2,9,OTFS (MRC),0.0159841954022989,0,11.0,0.0,0.276933730449956,ODDM (LMMSE),0.0149066091954023,0.0,11.0,0.0,0.258024680411375,ODDM,OTFS,tie,0.0722891566265061,0.0189090500385819
290,HighSpeedRail,300,10,ETU,16,4000000000,train,1111.88031732717,2,9,OTFS (MRC),0.102101293103448,0,7.33333333333333,0.0,0.205867571930644,ODDM (LMMSE),0.239403735632184,0.0,5.33333333333333,0.0,0.152040870127287,OTFS,OTFS,OTFS,1.34476693051891,0.0538267018033566
291,HighSpeedRail,300,15,ETU,4,4000000000,train,1111.88031732717,2,9,OTFS (MRC),0.0,870000,15.0,1.8125,0.98567220719198,ODDM (LMMSE),0.0003591954022988,578305.744888023,15.0,1.20480363518338,0.692404288308758,OTFS,OTFS,OTFS,359195402.298851,0.293267918883223
292,HighSpeedRail,300,15,ETU,16,4000000000,train,1111.88031732717,2,9,OTFS (MRC),0.020923132183908,0,11.0,0.0,0.270741665358297,ODDM (LMMSE),0.105244252873563,0.0,7.33333333333333,0.0,0.185927467426098,OTFS,OTFS,OTFS,4.03004291845494,0.0848141979321996
293,HighSpeedRail,300,20,ETU,4,4000000000,train,1111.88031732717,2,9,OTFS (MRC),0.0,870000,15.0,1.8125,0.985196864777449,ODDM (LMMSE),0.0,867458.617332035,15.0,1.80720545277507,0.962310698535187,OTFS,OTFS,tie_otfs,0.0,0.0228861662422615
294,HighSpeedRail,300,20,ETU,16,4000000000,train,1111.88031732717,2,9,OTFS (MRC),0.0002693965517241,580000,15.0,1.20833333333333,0.556106087473869,ODDM (LMMSE),0.0197557471264368,0.0,12.0,0.0,0.263302113204352,OTFS,OTFS,OTFS,72.3333333333333,0.292803974269517
295,Pedestrian,10,-3,EPA,4,4000000000,test,37.0626772442391,0,7,OTFS (MRC),0.251041666666667,0,3.66666666666667,0.0,0.156505380740307,ODDM (LMMSE),0.239756944444444,0.0,3.66666666666667,0.0,0.134431700456882,ODDM,OTFS,tie,0.0470673425054308,0.0220736802834247
296,Pedestrian,10,-3,EPA,16,4000000000,test,37.0626772442391,0,7,OTFS (MRC),0.337152777777778,0,3.66666666666667,0.0,0.150618299892089,ODDM (LMMSE),0.373958333333333,0.0,4.33333333333333,0.0,0.13244453739052,OTFS,OTFS,OTFS,0.109165808444902,0.0181737625015692
297,Pedestrian,10,2,EPA,4,4000000000,test,37.0626772442391,0,7,OTFS (MRC),0.145138888888889,0,6.0,0.0,0.189746575586658,ODDM (LMMSE),0.139756944444444,0.0,6.0,0.0,0.166954911835803,ODDM,OTFS,tie,0.0385093167701864,0.0227916637508555
298,Pedestrian,10,2,EPA,16,4000000000,test,37.0626772442391,0,7,OTFS (MRC),0.232204861111111,0,5.33333333333333,0.0,0.173951139406757,ODDM (LMMSE),0.327430555555556,0.0,4.66666666666667,0.0,0.138120320513795,OTFS,OTFS,OTFS,0.410093457943925,0.0358308188929627
299,Pedestrian,10,7,EPA,4,4000000000,test,37.0626772442391,0,7,OTFS (MRC),0.071875,300000,9.66666666666667,0.625,0.403617326787888,ODDM (LMMSE),0.0671875,299415.204678363,9.66666666666667,0.623781676413255,0.381223378371839,ODDM,OTFS,tie,0.0697674418604651,0.0223939484160486
300,Pedestrian,10,7,EPA,16,4000000000,test,37.0626772442391,0,7,OTFS (MRC),0.123871527777778,0,7.33333333333333,0.0,0.20569368655933,ODDM (LMMSE),0.261024305555556,0.0,5.33333333333333,0.0,0.148488876169977,OTFS,OTFS,OTFS,1.10721793973371,0.0572048103893529
301,Pedestrian,10,12,EPA,4,4000000000,test,37.0626772442391,0,7,OTFS (MRC),0.0251736111111111,600000,12.0,1.25,0.610302302052066,ODDM (LMMSE),0.0201388888888889,598830.409356725,12.3333333333333,1.24756335282651,0.594565051502013,ODDM,OTFS,OTFS,0.25,0.0157372505500537
302,Pedestrian,10,12,EPA,16,4000000000,test,37.0626772442391,0,7,OTFS (MRC),0.0440972222222222,0,10.6666666666667,0.0,0.25773224158984,ODDM (LMMSE),0.152604166666667,0.0,8.0,0.0,0.185859175418103,OTFS,OTFS,OTFS,2.46062992125984,0.0718730661717367
303,Pedestrian,10,17,EPA,4,4000000000,test,37.0626772442391,0,7,OTFS (MRC),0.0020833333333333,600000,13.6666666666667,1.25,0.67192500172371,ODDM (LMMSE),0.0008680555555555,598830.409356725,14.3333333333333,1.24756335282651,0.671035524850258,ODDM,OTFS,tie,1.4,0.0008894768734519
304,Pedestrian,10,17,EPA,16,4000000000,test,37.0626772442391,0,7,OTFS (MRC),0.0075520833333333,600000,13.6666666666667,1.25,0.484315869740707,ODDM (LMMSE),0.0528645833333333,598830.409356725,11.6666666666667,1.24756335282651,0.405885133022732,OTFS,OTFS,OTFS,6.0,0.0784307367179751
305,Pedestrian,10,22,EPA,4,4000000000,test,37.0626772442391,0,7,OTFS (MRC),0.0,900000,15.0,1.875,0.98824700926298,ODDM (LMMSE),0.0,898245.614035088,15.0,1.87134502923977,0.964686250676624,OTFS,OTFS,tie_otfs,0.0,0.0235607585863558
306,Pedestrian,10,22,EPA,16,4000000000,test,37.0626772442391,0,7,OTFS (MRC),0.0002604166666666,1200000,15.0,2.5,0.723414210386853,ODDM (LMMSE),0.0016493055555555,1197660.81871345,14.3333333333333,2.49512670565302,0.658726893925115,OTFS,OTFS,OTFS,5.33333333333333,0.0646873164617379
307,Urban,40,-3,EPA,4,4000000000,test,148.250708976956,0,7,OTFS (MRC),0.272222222222222,0,3.33333333333333,0.0,0.15075386427688,ODDM (LMMSE),0.260243055555556,0.0,3.33333333333333,0.0,0.127557352216804,ODDM,OTFS,tie,0.0460306871247498,0.0231965120600768
308,Urban,40,-3,EPA,16,4000000000,test,148.250708976956,0,7,OTFS (MRC),0.362847222222222,0,3.33333333333333,0.0,0.14632339281751,ODDM (LMMSE),0.390538194444444,0.0,3.66666666666667,0.0,0.125039226264055,OTFS,OTFS,tie_otfs,0.0763157894736842,0.0212841665534557
309,Urban,40,2,EPA,4,4000000000,test,148.250708976956,0,7,OTFS (MRC),0.153993055555556,0,5.33333333333333,0.0,0.181344695971075,ODDM (LMMSE),0.148611111111111,0.0,5.33333333333333,0.0,0.159009403321402,ODDM,OTFS,tie,0.0362149532710281,0.0223352926496737
310,Urban,40,2,EPA,16,4000000000,test,148.250708976956,0,7,OTFS (MRC),0.2640625,0,4.66666666666667,0.0,0.165581997853727,ODDM (LMMSE),0.343836805555556,0.0,4.33333333333333,0.0,0.133649415343506,OTFS,OTFS,OTFS,0.302103879026956,0.0319325825102212
311,Urban,40,7,EPA,4,4000000000,test,148.250708976956,0,7,OTFS (MRC),0.0614583333333333,0,9.33333333333333,0.0,0.238182433453502,ODDM (LMMSE),0.0619791666666667,299415.204678363,9.0,0.623781676413255,0.376038240167616,OTFS,ODDM,tie,0.0084745762711865,0.137855806714114
312,Urban,40,7,EPA,16,4000000000,test,148.250708976956,0,7,OTFS (MRC),0.152864583333333,0,6.66666666666667,0.0,0.195358901174654,ODDM (LMMSE),0.291319444444444,0.0,4.66666666666667,0.0,0.139667258562338,OTFS,OTFS,OTFS,0.905735377626349,0.0556916426123161
313,Urban,40,12,EPA,4,4000000000,test,148.250708976956,0,7,OTFS (MRC),0.0170138888888889,600000,12.3333333333333,1.25,0.620469535518402,ODDM (LMMSE),0.0118055555555556,598830.409356725,12.6666666666667,1.24756335282651,0.607996599749843,ODDM,OTFS,OTFS,0.441176470588235,0.0124729357685589
314,Urban,40,12,EPA,16,4000000000,test,148.250708976956,0,7,OTFS (MRC),0.0612847222222222,0,10.0,0.0,0.244163186862806,ODDM (LMMSE),0.185503472222222,0.0,6.66666666666667,0.0,0.168230080210774,OTFS,OTFS,OTFS,2.02691218130312,0.0759331066520322
315,Urban,40,17,EPA,4,4000000000,test,148.250708976956,0,7,OTFS (MRC),0.0006944444444444,600000,14.3333333333333,1.25,0.698798833566352,ODDM (LMMSE),0.0003472222222222,598830.409356725,15.0,1.24756335282651,0.69321757440806,ODDM,OTFS,OTFS,1.0,0.0055812591582913
316,Urban,40,17,EPA,16,4000000000,test,148.250708976956,0,7,OTFS (MRC),0.01484375,600000,13.0,1.25,0.464588699479121,ODDM (LMMSE),0.07734375,598830.409356725,10.6666666666667,1.24756335282651,0.389053901430182,OTFS,OTFS,OTFS,4.21052631578947,0.0755347980489389
317,Urban,40,22,EPA,4,4000000000,test,148.250708976956,0,7,OTFS (MRC),0.0,900000,15.0,1.875,0.988235654554609,ODDM (LMMSE),0.0,898245.614035088,15.0,1.87134502923977,0.963958411383872,OTFS,OTFS,tie_otfs,0.0,0.0242772431707368
318,Urban,40,22,EPA,16,4000000000,test,148.250708976956,0,7,OTFS (MRC),0.0008680555555555,1200000,15.0,2.5,0.701202227890838,ODDM (LMMSE),0.0092013888888888,1197660.81871345,13.3333333333333,2.49512670565302,0.617765305830695,OTFS,OTFS,OTFS,9.6,0.0834369220601427
319,Highway,80,-3,EPA,4,4000000000,test,296.501417953913,0,7,OTFS (MRC),0.269965277777778,0,3.33333333333333,0.0,0.151782880662383,ODDM (LMMSE),0.263194444444444,0.0,3.33333333333333,0.0,0.128114870586015,ODDM,OTFS,tie,0.0257255936675462,0.023668010076368
320,Highway,80,-3,EPA,16,4000000000,test,296.501417953913,0,7,OTFS (MRC),0.365104166666667,0,3.0,0.0,0.143221484068534,ODDM (LMMSE),0.395052083333333,0.0,3.66666666666667,0.0,0.124574940410018,OTFS,OTFS,tie_otfs,0.0820256776034237,0.0186465436585158
321,Highway,80,2,EPA,4,4000000000,test,296.501417953913,0,7,OTFS (MRC),0.152604166666667,0,5.0,0.0,0.179179605499652,ODDM (LMMSE),0.147916666666667,0.0,5.0,0.0,0.155996162653073,ODDM,OTFS,tie,0.0316901408450705,0.0231834428465784
322,Highway,80,2,EPA,16,4000000000,test,296.501417953913,0,7,OTFS (MRC),0.271354166666667,0,4.66666666666667,0.0,0.164411366569993,ODDM (LMMSE),0.348177083333333,0.0,4.33333333333333,0.0,0.131573906355643,OTFS,OTFS,OTFS,0.283109404990403,0.0328374602143497
323,Highway,80,7,EPA,4,4000000000,test,296.501417953913,0,7,OTFS (MRC),0.0555555555555556,0,9.33333333333333,0.0,0.240263749137833,ODDM (LMMSE),0.0536458333333333,0.0,9.33333333333333,0.0,0.217196227598142,ODDM,OTFS,tie,0.0355987055016181,0.0230675215396907
324,Highway,80,7,EPA,16,4000000000,test,296.501417953913,0,7,OTFS (MRC),0.165451388888889,0,6.33333333333333,0.0,0.190594369245332,ODDM (LMMSE),0.296440972222222,0.0,4.66666666666667,0.0,0.139952940190652,OTFS,OTFS,OTFS,0.791710388247639,0.0506414290546805
325,Highway,80,12,EPA,4,4000000000,test,296.501417953913,0,7,OTFS (MRC),0.0112847222222222,600000,12.6666666666667,1.25,0.631578210884686,ODDM (LMMSE),0.0081597222222222,598830.409356725,12.6666666666667,1.24756335282651,0.614294086677733,ODDM,OTFS,OTFS,0.382978723404255,0.0172841242069528
326,Highway,80,12,EPA,16,4000000000,test,296.501417953913,0,7,OTFS (MRC),0.0703993055555556,0,9.33333333333333,0.0,0.236283713902143,ODDM (LMMSE),0.19375,0.0,6.33333333333333,0.0,0.163603081656251,OTFS,OTFS,OTFS,1.7521578298397,0.0726806322458923
327,Highway,80,17,EPA,4,4000000000,test,296.501417953913,0,7,OTFS (MRC),0.0006944444444444,600000,14.3333333333333,1.25,0.698049748733874,ODDM (LMMSE),0.0,898245.614035088,15.0,1.87134502923977,0.965456245943038,ODDM,ODDM,ODDM,694444444.444445,0.267406497209164
328,Highway,80,17,EPA,16,4000000000,test,296.501417953913,0,7,OTFS (MRC),0.0220486111111111,600000,12.6666666666667,1.25,0.455199128178053,ODDM (LMMSE),0.0875868055555555,598830.409356725,10.3333333333333,1.24756335282651,0.382981498884927,OTFS,OTFS,OTFS,2.97244094488189,0.0722176292931256
329,Highway,80,22,EPA,4,4000000000,test,296.501417953913,0,7,OTFS (MRC),0.0,900000,15.0,1.875,0.98798300759659,ODDM (LMMSE),0.0,898245.614035088,15.0,1.87134502923977,0.965288688548039,OTFS,OTFS,tie_otfs,0.0,0.0226943190485507
330,Highway,80,22,EPA,16,4000000000,test,296.501417953913,0,7,OTFS (MRC),0.0018229166666666,1200000,14.3333333333333,2.5,0.680970729428791,ODDM (LMMSE),0.0205729166666667,1197660.81871345,12.6666666666667,2.49512670565302,0.597376488703608,OTFS,OTFS,OTFS,10.2857142857143,0.0835942407251835
331,Highway,120,-3,EPA,4,4000000000,test,444.752126930869,0,7,OTFS (MRC),0.280034722222222,0,3.33333333333333,0.0,0.150322180747685,ODDM (LMMSE),0.2625,0.0,3.33333333333333,0.0,0.12861202715768,ODDM,OTFS,tie,0.0667989417989417,0.0217101535900043
332,Highway,120,-3,EPA,16,4000000000,test,444.752126930869,0,7,OTFS (MRC),0.376475694444444,0,3.0,0.0,0.142495588307402,ODDM (LMMSE),0.396267361111111,0.0,3.66666666666667,0.0,0.125524554896882,OTFS,OTFS,tie_otfs,0.0525709015448466,0.0169710334105201
333,Highway,120,2,EPA,4,4000000000,test,444.752126930869,0,7,OTFS (MRC),0.156076388888889,0,5.0,0.0,0.178464205240517,ODDM (LMMSE),0.146354166666667,0.0,5.0,0.0,0.156606342038099,ODDM,OTFS,tie,0.066429418742586,0.0218578632024175
334,Highway,120,2,EPA,16,4000000000,test,444.752126930869,0,7,OTFS (MRC),0.28359375,0,4.66666666666667,0.0,0.163099428531212,ODDM (LMMSE),0.350694444444444,0.0,4.33333333333333,0.0,0.130852989701361,OTFS,OTFS,OTFS,0.236608509335782,0.0322464388298504
335,Highway,120,7,EPA,4,4000000000,test,444.752126930869,0,7,OTFS (MRC),0.0572916666666667,0,9.0,0.0,0.235426498461893,ODDM (LMMSE),0.0545138888888889,0.0,8.66666666666667,0.0,0.207605605337246,ODDM,OTFS,tie,0.0509554140127388,0.0278208931246469
336,Highway,120,7,EPA,16,4000000000,test,444.752126930869,0,7,OTFS (MRC),0.16875,0,6.33333333333333,0.0,0.188687277342435,ODDM (LMMSE),0.302951388888889,0.0,4.66666666666667,0.0,0.13573741047722,OTFS,OTFS,OTFS,0.795267489711934,0.0529498668652149
337,Highway,120,12,EPA,4,4000000000,test,444.752126930869,0,7,OTFS (MRC),0.0118055555555556,600000,12.6666666666667,1.25,0.627682790126418,ODDM (LMMSE),0.0085069444444444,598830.409356725,12.6666666666667,1.24756335282651,0.607876310646599,ODDM,OTFS,OTFS,0.387755102040816,0.0198064794798194
338,Highway,120,12,EPA,16,4000000000,test,444.752126930869,0,7,OTFS (MRC),0.0730902777777778,0,9.0,0.0,0.228972447071872,ODDM (LMMSE),0.199652777777778,0.0,6.33333333333333,0.0,0.159010191921654,OTFS,OTFS,OTFS,1.73159144893112,0.0699622551502175
339,Highway,120,17,EPA,4,4000000000,test,444.752126930869,0,7,OTFS (MRC),0.0006944444444444,600000,14.3333333333333,1.25,0.697953544904004,ODDM (LMMSE),0.0,898245.614035088,15.0,1.87134502923977,0.960907224902323,ODDM,ODDM,ODDM,694444444.444445,0.262953679998319
340,Highway,120,17,EPA,16,4000000000,test,444.752126930869,0,7,OTFS (MRC),0.0199652777777778,600000,12.6666666666667,1.25,0.455884179688587,ODDM (LMMSE),0.0861979166666667,0.0,10.3333333333333,0.0,0.217150434273248,OTFS,OTFS,OTFS,3.31739130434783,0.238733745415339
341,Highway,120,22,EPA,4,4000000000,test,444.752126930869,0,7,OTFS (MRC),0.0,900000,15.0,1.875,0.9881607571313,ODDM (LMMSE),0.0,898245.614035088,15.0,1.87134502923977,0.965253744816347,OTFS,OTFS,tie_otfs,0.0,0.022907012314954
342,Highway,120,22,EPA,16,4000000000,test,444.752126930869,0,7,OTFS (MRC),0.0013020833333333,1200000,14.6666666666667,2.5,0.690961634749358,ODDM (LMMSE),0.0159722222222222,1197660.81871345,13.0,2.49512670565302,0.60613743208312,OTFS,OTFS,OTFS,11.2666666666667,0.0848242026662385
343,HighSpeedRail,250,-3,EPA,4,4000000000,test,926.566931105978,0,7,OTFS (MRC),0.314409722222222,0,3.0,0.0,0.145857296696538,ODDM (LMMSE),0.289756944444444,0.0,3.33333333333333,0.0,0.126879170148907,ODDM,OTFS,tie,0.0850808867585381,0.0189781265476311
344,HighSpeedRail,250,-3,EPA,16,4000000000,test,926.566931105978,0,7,OTFS (MRC),0.395659722222222,0,3.0,0.0,0.140988760894102,ODDM (LMMSE),0.3984375,0.0,4.0,0.0,0.128728792174241,OTFS,OTFS,tie_otfs,0.0070206230802983,0.0122599687198617
345,HighSpeedRail,250,2,EPA,4,4000000000,test,926.566931105978,0,7,OTFS (MRC),0.197916666666667,0,4.0,0.0,0.164588209825248,ODDM (LMMSE),0.176215277777778,0.0,4.33333333333333,0.0,0.146493748501996,ODDM,OTFS,OTFS,0.123152709359606,0.0180944613232512
346,HighSpeedRail,250,2,EPA,16,4000000000,test,926.566931105978,0,7,OTFS (MRC),0.307725694444444,0,4.0,0.0,0.156077221433264,ODDM (LMMSE),0.357899305555556,0.0,4.0,0.0,0.130806220716097,OTFS,OTFS,OTFS,0.163046544428773,0.0252710007171666
347,HighSpeedRail,250,7,EPA,4,4000000000,test,926.566931105978,0,7,OTFS (MRC),0.0791666666666667,0,7.0,0.0,0.210375423920079,ODDM (LMMSE),0.0736111111111111,0.0,7.0,0.0,0.188895776318456,ODDM,OTFS,tie,0.0754716981132075,0.0214796476016232
348,HighSpeedRail,250,7,EPA,16,4000000000,test,926.566931105978,0,7,OTFS (MRC),0.188020833333333,0,6.0,0.0,0.185158372901681,ODDM (LMMSE),0.317361111111111,0.0,4.66666666666667,0.0,0.139570297460289,OTFS,OTFS,OTFS,0.687903970452447,0.0455880754413917
349,HighSpeedRail,250,12,EPA,4,4000000000,test,926.566931105978,0,7,OTFS (MRC),0.0164930555555556,300000,12.3333333333333,0.625,0.45702025858076,ODDM (LMMSE),0.0149305555555556,299415.204678363,12.3333333333333,0.623781676413255,0.435741749604838,ODDM,OTFS,OTFS,0.104651162790698,0.0212785089759218
350,HighSpeedRail,250,12,EPA,16,4000000000,test,926.566931105978,0,7,OTFS (MRC),0.0790798611111111,0,8.33333333333333,0.0,0.224124747944614,ODDM (LMMSE),0.234982638888889,0.0,5.66666666666667,0.0,0.155126630018019,OTFS,OTFS,OTFS,1.97145993413831,0.0689981179265951
351,HighSpeedRail,250,17,EPA,4,4000000000,test,926.566931105978,0,7,OTFS (MRC),0.0001736111111111,600000,15.0,1.25,0.730720065835543,ODDM (LMMSE),0.0001736111111111,598830.409356725,15.0,1.24756335282651,0.706910383749848,OTFS,OTFS,tie_otfs,0.0,0.0238096820856957
352,HighSpeedRail,250,17,EPA,16,4000000000,test,926.566931105978,0,7,OTFS (MRC),0.015625,0,13.0,0.0,0.299823248243924,ODDM (LMMSE),0.0884548611111111,0.0,8.66666666666667,0.0,0.202504287780847,OTFS,OTFS,OTFS,4.66111111111111,0.0973189604630771
353,HighSpeedRail,250,22,EPA,4,4000000000,test,926.566931105978,0,7,OTFS (MRC),0.0,900000,15.0,1.875,0.988838450784476,ODDM (LMMSE),0.0,898245.614035088,15.0,1.87134502923977,0.965282162194218,OTFS,OTFS,tie_otfs,0.0,0.0235562885902585
354,HighSpeedRail,250,22,EPA,16,4000000000,test,926.566931105978,0,7,OTFS (MRC),0.0006944444444444,1200000,15.0,2.5,0.705264160557663,ODDM (LMMSE),0.0116319444444444,598830.409356725,13.3333333333333,1.24756335282651,0.450335328537275,OTFS,OTFS,OTFS,15.75,0.254928832020388
355,HighSpeedRail,350,-3,EPA,4,4000000000,test,1297.19370354837,0,7,OTFS (MRC),0.311111111111111,0,3.0,0.0,0.146014916699756,ODDM (LMMSE),0.274479166666667,0.0,3.33333333333333,0.0,0.128739977255396,ODDM,OTFS,OTFS,0.133459835547122,0.0172749394443605
356,HighSpeedRail,350,-3,EPA,16,4000000000,test,1297.19370354837,0,7,OTFS (MRC),0.402083333333333,0,2.66666666666667,0.0,0.138153287482374,ODDM (LMMSE),0.396354166666667,0.0,4.0,0.0,0.128444260898278,ODDM,OTFS,tie,0.0144546649145861,0.0097090265840956
357,HighSpeedRail,350,2,EPA,4,4000000000,test,1297.19370354837,0,7,OTFS (MRC),0.19375,0,4.0,0.0,0.164657084761007,ODDM (LMMSE),0.167361111111111,0.0,4.33333333333333,0.0,0.147229511116428,ODDM,OTFS,OTFS,0.157676348547718,0.0174275736445789
358,HighSpeedRail,350,2,EPA,16,4000000000,test,1297.19370354837,0,7,OTFS (MRC),0.307725694444444,0,4.0,0.0,0.156089129187524,ODDM (LMMSE),0.352951388888889,0.0,4.0,0.0,0.130304188450974,OTFS,OTFS,OTFS,0.146967559943583,0.0257849407365501
359,HighSpeedRail,350,7,EPA,4,4000000000,test,1297.19370354837,0,7,OTFS (MRC),0.0765625,0,6.66666666666667,0.0,0.207467079693386,ODDM (LMMSE),0.0642361111111111,0.0,7.33333333333333,0.0,0.194207942888573,ODDM,OTFS,OTFS,0.191891891891892,0.0132591368048134
360,HighSpeedRail,350,7,EPA,16,4000000000,test,1297.19370354837,0,7,OTFS (MRC),0.19140625,0,6.0,0.0,0.184215383027177,ODDM (LMMSE),0.309809027777778,0.0,4.66666666666667,0.0,0.139377675662569,OTFS,OTFS,OTFS,0.61859410430839,0.0448377073646079
361,HighSpeedRail,350,12,EPA,4,4000000000,test,1297.19370354837,0,7,OTFS (MRC),0.0130208333333333,0,12.0,0.0,0.293677408735053,ODDM (LMMSE),0.0145833333333333,299415.204678363,12.3333333333333,0.623781676413255,0.436207758706412,OTFS,ODDM,ODDM,0.12,0.142530349971359
362,HighSpeedRail,350,12,EPA,16,4000000000,test,1297.19370354837,0,7,OTFS (MRC),0.0809027777777778,0,8.0,0.0,0.220270839614445,ODDM (LMMSE),0.232725694444444,0.0,5.66666666666667,0.0,0.154649127340052,OTFS,OTFS,OTFS,1.87660944206009,0.0656217122743929
363,HighSpeedRail,350,17,EPA,4,4000000000,test,1297.19370354837,0,7,OTFS (MRC),0.0003472222222222,600000,15.0,1.25,0.716004919258861,ODDM (LMMSE),0.0,898245.614035088,15.0,1.87134502923977,0.964446085237433,ODDM,ODDM,ODDM,347222222.222222,0.248441165978571
364,HighSpeedRail,350,17,EPA,16,4000000000,test,1297.19370354837,0,7,OTFS (MRC),0.0139756944444444,0,12.6666666666667,0.0,0.298064857285112,ODDM (LMMSE),0.0852430555555556,0.0,8.66666666666667,0.0,0.199409797356659,OTFS,OTFS,OTFS,5.09937888198758,0.0986550599284529
365,HighSpeedRail,350,22,EPA,4,4000000000,test,1297.19370354837,0,7,OTFS (MRC),0.0,900000,15.0,1.875,0.988152181876993,ODDM (LMMSE),0.0,898245.614035088,15.0,1.87134502923977,0.964893651030694,OTFS,OTFS,tie_otfs,0.0,0.0232585308462991
366,HighSpeedRail,350,22,EPA,16,4000000000,test,1297.19370354837,0,7,OTFS (MRC),0.0005208333333333,1200000,15.0,2.5,0.710825483880055,ODDM (LMMSE),0.0067708333333333,598830.409356725,13.6666666666667,1.24756335282651,0.462694806121504,OTFS,OTFS,OTFS,12.0,0.24813067775855
367,Pedestrian,10,-3,EVA,4,4000000000,test,37.0626772442391,1,9,OTFS (MRC),0.184027777777778,0,4.33333333333333,0.0,0.168756693479774,ODDM (LMMSE),0.180555555555556,0.0,4.33333333333333,0.0,0.145664101240995,ODDM,OTFS,tie,0.0192307692307693,0.0230925922387791
368,Pedestrian,10,-3,EVA,16,4000000000,test,37.0626772442391,1,9,OTFS (MRC),0.353645833333333,0,3.66666666666667,0.0,0.148793751070798,ODDM (LMMSE),0.38125,0.0,4.0,0.0,0.128597611171712,OTFS,OTFS,tie_otfs,0.0780559646539028,0.0201961398990861
369,Pedestrian,10,2,EVA,4,4000000000,test,37.0626772442391,1,9,OTFS (MRC),0.0637152777777778,0,6.66666666666667,0.0,0.211112908567789,ODDM (LMMSE),0.0628472222222222,0.0,7.0,0.0,0.191697953775679,ODDM,OTFS,tie,0.0138121546961325,0.0194149547921101
370,Pedestrian,10,2,EVA,16,4000000000,test,37.0626772442391,1,9,OTFS (MRC),0.268315972222222,0,4.66666666666667,0.0,0.164062669509009,ODDM (LMMSE),0.345399305555556,0.0,4.66666666666667,0.0,0.13787342750681,OTFS,OTFS,OTFS,0.287285668068586,0.0261892420021995
371,Pedestrian,10,7,EVA,4,4000000000,test,37.0626772442391,1,9,OTFS (MRC),0.0064236111111111,300000,12.3333333333333,0.625,0.473618090977831,ODDM (LMMSE),0.0052083333333333,299415.204678363,12.3333333333333,0.623781676413255,0.454545198736431,ODDM,OTFS,OTFS,0.233333333333333,0.0190728922414002
372,Pedestrian,10,7,EVA,16,4000000000,test,37.0626772442391,1,9,OTFS (MRC),0.186458333333333,0,6.66666666666667,0.0,0.188747856750871,ODDM (LMMSE),0.288368055555556,0.0,5.0,0.0,0.144474180400123,OTFS,OTFS,OTFS,0.546554934823091,0.0442736763507479
373,Pedestrian,10,12,EVA,4,4000000000,test,37.0626772442391,1,9,OTFS (MRC),0.0,900000,15.0,1.875,0.9871105475278,ODDM (LMMSE),0.0,898245.614035088,15.0,1.87134502923977,0.964891012002732,OTFS,OTFS,tie_otfs,0.0,0.0222195355250676
374,Pedestrian,10,12,EVA,16,4000000000,test,37.0626772442391,1,9,OTFS (MRC),0.1234375,0,9.66666666666667,0.0,0.227170016431028,ODDM (LMMSE),0.163975694444444,0.0,7.66666666666667,0.0,0.181143049911648,OTFS,OTFS,OTFS,0.328410689170183,0.04602696651938
375,Pedestrian,10,17,EVA,4,4000000000,test,37.0626772442391,1,9,OTFS (MRC),0.0,900000,15.0,1.875,0.988259877481832,ODDM (LMMSE),0.0,898245.614035088,15.0,1.87134502923977,0.965054685460945,OTFS,OTFS,tie_otfs,0.0,0.0232051920208869
376,Pedestrian,10,17,EVA,16,4000000000,test,37.0626772442391,1,9,OTFS (MRC),0.0814236111111111,1200000,11.6666666666667,2.5,0.584151909983183,ODDM (LMMSE),0.112239583333333,598830.409356725,11.3333333333333,1.24756335282651,0.389121941264003,OTFS,OTFS,OTFS,0.378464818763326,0.19502996871918
377,Pedestrian,10,22,EVA,4,4000000000,test,37.0626772442391,1,9,OTFS (MRC),0.0,900000,15.0,1.875,0.988084802776334,ODDM (LMMSE),0.0,898245.614035088,15.0,1.87134502923977,0.964725531061018,OTFS,OTFS,tie_otfs,0.0,0.0233592717153162
378,Pedestrian,10,22,EVA,16,4000000000,test,37.0626772442391,1,9,OTFS (MRC),0.0479166666666667,1200000,12.3333333333333,2.5,0.601136195599001,ODDM (LMMSE),0.0880208333333333,1197660.81871345,11.6666666666667,2.49512670565302,0.560502661572077,OTFS,OTFS,OTFS,0.83695652173913,0.0406335340269237
379,Urban,40,-3,EVA,4,4000000000,test,148.250708976956,1,9,OTFS (MRC),0.214583333333333,0,3.66666666666667,0.0,0.158321320420303,ODDM (LMMSE),0.199652777777778,0.0,3.66666666666667,0.0,0.137492620023777,ODDM,OTFS,tie,0.074782608695652,0.0208287003965257
380,Urban,40,-3,EVA,16,4000000000,test,148.250708976956,1,9,OTFS (MRC),0.359027777777778,0,3.33333333333333,0.0,0.144241798502751,ODDM (LMMSE),0.369444444444444,0.0,4.0,0.0,0.129682271507929,OTFS,OTFS,tie_otfs,0.0290135396518376,0.0145595269948223
381,Urban,40,2,EVA,4,4000000000,test,148.250708976956,1,9,OTFS (MRC),0.0803819444444445,0,6.33333333333333,0.0,0.202639033055285,ODDM (LMMSE),0.0782986111111111,0.0,6.0,0.0,0.177644464306144,ODDM,OTFS,tie,0.0266075388026608,0.0249945687491411
382,Urban,40,2,EVA,16,4000000000,test,148.250708976956,1,9,OTFS (MRC),0.269010416666667,0,4.66666666666667,0.0,0.162456877392107,ODDM (LMMSE),0.327170138888889,0.0,4.66666666666667,0.0,0.138413375403217,OTFS,OTFS,OTFS,0.216198773798,0.02404350198889
383,Urban,40,7,EVA,4,4000000000,test,148.250708976956,1,9,OTFS (MRC),0.0118055555555556,300000,11.6666666666667,0.625,0.456475697086315,ODDM (LMMSE),0.0105902777777778,0.0,11.3333333333333,0.0,0.266019222510444,ODDM,OTFS,OTFS,0.114754098360656,0.190456474575871
384,Urban,40,7,EVA,16,4000000000,test,148.250708976956,1,9,OTFS (MRC),0.169444444444444,0,6.66666666666667,0.0,0.190846644203067,ODDM (LMMSE),0.278038194444444,0.0,5.0,0.0,0.144506060064778,OTFS,OTFS,OTFS,0.640881147540983,0.0463405841382894
385,Urban,40,12,EVA,4,4000000000,test,148.250708976956,1,9,OTFS (MRC),0.0,900000,15.0,1.875,0.988082994709942,ODDM (LMMSE),0.0,898245.614035088,15.0,1.87134502923977,0.964464008034884,OTFS,OTFS,tie_otfs,0.0,0.0236189866750578
386,Urban,40,12,EVA,16,4000000000,test,148.250708976956,1,9,OTFS (MRC),0.0875,0,9.66666666666667,0.0,0.232550067309887,ODDM (LMMSE),0.145486111111111,0.0,6.66666666666667,0.0,0.172872256991061,OTFS,OTFS,OTFS,0.662698412698413,0.0596778103188253
387,Urban,40,17,EVA,4,4000000000,test,148.250708976956,1,9,OTFS (MRC),0.0,900000,15.0,1.875,0.987883754019634,ODDM (LMMSE),0.0,898245.614035088,15.0,1.87134502923977,0.964325445927802,OTFS,OTFS,tie_otfs,0.0,0.0235583080918316
388,Urban,40,17,EVA,16,4000000000,test,148.250708976956,1,9,OTFS (MRC),0.0424479166666667,1200000,12.3333333333333,2.5,0.60343007498241,ODDM (LMMSE),0.0537326388888889,0.0,12.0,0.0,0.242843837277259,OTFS,OTFS,OTFS,0.265848670756646,0.360586237705151
389,Urban,40,22,EVA,4,4000000000,test,148.250708976956,1,9,OTFS (MRC),0.0,900000,15.0,1.875,0.98793000073831,ODDM (LMMSE),0.0,898245.614035088,15.0,1.87134502923977,0.964449723777622,OTFS,OTFS,tie_otfs,0.0,0.0234802769606881
390,Urban,40,22,EVA,16,4000000000,test,148.250708976956,1,9,OTFS (MRC),0.0100694444444444,1200000,13.3333333333333,2.5,0.638119488803783,ODDM (LMMSE),0.0271701388888889,1197660.81871345,12.6666666666667,2.49512670565302,0.59181505790012,OTFS,OTFS,OTFS,1.69827586206897,0.0463044309036629
391,Highway,80,-3,EVA,4,4000000000,test,296.501417953913,1,9,OTFS (MRC),0.312847222222222,0,3.0,0.0,0.143941729505238,ODDM (LMMSE),0.260243055555556,0.0,3.33333333333333,0.0,0.129696692382605,ODDM,OTFS,OTFS,0.202134756504336,0.0142450371226323
392,Highway,80,-3,EVA,16,4000000000,test,296.501417953913,1,9,OTFS (MRC),0.392795138888889,0,2.66666666666667,0.0,0.1366827279707,ODDM (LMMSE),0.378298611111111,0.0,4.0,0.0,0.128982304629307,ODDM,OTFS,tie,0.0383203304268013,0.0077004233413926
393,Highway,80,2,EVA,4,4000000000,test,296.501417953913,1,9,OTFS (MRC),0.206076388888889,0,4.0,0.0,0.162943109715828,ODDM (LMMSE),0.156076388888889,0.0,4.66666666666667,0.0,0.151515887173248,ODDM,OTFS,OTFS,0.32035595105673,0.0114272225425803
394,Highway,80,2,EVA,16,4000000000,test,296.501417953913,1,9,OTFS (MRC),0.305902777777778,0,4.0,0.0,0.153720984099465,ODDM (LMMSE),0.337065972222222,0.0,4.0,0.0,0.130866492280526,OTFS,OTFS,OTFS,0.101872871736663,0.0228544918189391
395,Highway,80,7,EVA,4,4000000000,test,296.501417953913,1,9,OTFS (MRC),0.0927083333333333,0,7.33333333333333,0.0,0.208980920909878,ODDM (LMMSE),0.0597222222222222,0.0,7.33333333333333,0.0,0.195659619725013,ODDM,OTFS,OTFS,0.552325581395349,0.0133213011848647
396,Highway,80,7,EVA,16,4000000000,test,296.501417953913,1,9,OTFS (MRC),0.197829861111111,0,5.66666666666667,0.0,0.178455890350979,ODDM (LMMSE),0.301302083333333,0.0,5.0,0.0,0.143801285277894,OTFS,OTFS,OTFS,0.523036419482229,0.0346546050730847
397,Highway,80,12,EVA,4,4000000000,test,296.501417953913,1,9,OTFS (MRC),0.0336805555555556,300000,11.3333333333333,0.625,0.433784104053694,ODDM (LMMSE),0.0154513888888889,0.0,11.6666666666667,0.0,0.263255700980957,ODDM,OTFS,OTFS,1.17977528089888,0.170528403072737
398,Highway,80,12,EVA,16,4000000000,test,296.501417953913,1,9,OTFS (MRC),0.0973958333333333,0,8.0,0.0,0.213835452679602,ODDM (LMMSE),0.201128472222222,0.0,6.0,0.0,0.160435715558641,OTFS,OTFS,OTFS,1.0650623885918,0.0533997371209614
399,Highway,80,17,EVA,4,4000000000,test,296.501417953913,1,9,OTFS (MRC),0.0053819444444444,600000,13.3333333333333,1.25,0.650958313775627,ODDM (LMMSE),0.0022569444444444,598830.409356725,13.6666666666667,1.24756335282651,0.647301409592801,ODDM,OTFS,tie,1.38461538461538,0.0036569041828264
400,Highway,80,17,EVA,16,4000000000,test,296.501417953913,1,9,OTFS (MRC),0.0250868055555556,0,11.6666666666667,0.0,0.276356337114144,ODDM (LMMSE),0.0681423611111111,0.0,8.66666666666667,0.0,0.20669044510119,OTFS,OTFS,OTFS,1.71626297577855,0.0696658920129538
401,Highway,80,22,EVA,4,4000000000,test,296.501417953913,1,9,OTFS (MRC),0.0,900000,15.0,1.875,0.988697333404339,ODDM (LMMSE),0.0001736111111111,598830.409356725,15.0,1.24756335282651,0.706259577104397,OTFS,OTFS,OTFS,173611111.111111,0.282437756299942
402,Highway,80,22,EVA,16,4000000000,test,296.501417953913,1,9,OTFS (MRC),0.0032986111111111,1200000,14.0,2.5,0.66529894711772,ODDM (LMMSE),0.0173611111111111,598830.409356725,12.0,1.24756335282651,0.428668753431193,OTFS,OTFS,OTFS,4.26315789473684,0.236630193686528
403,Highway,120,-3,EVA,4,4000000000,test,444.752126930869,1,9,OTFS (MRC),0.307291666666667,0,3.0,0.0,0.143810022847524,ODDM (LMMSE),0.243923611111111,0.0,3.33333333333333,0.0,0.129826825193045,ODDM,OTFS,OTFS,0.259786476868328,0.0139831976544789
404,Highway,120,-3,EVA,16,4000000000,test,444.752126930869,1,9,OTFS (MRC),0.388194444444444,0,3.0,0.0,0.13732224693261,ODDM (LMMSE),0.387326388888889,0.0,4.0,0.0,0.127710092453407,ODDM,OTFS,tie,0.0022411474675034,0.0096121544792037
405,Highway,120,2,EVA,4,4000000000,test,444.752126930869,1,9,OTFS (MRC),0.187847222222222,0,4.33333333333333,0.0,0.166887323142557,ODDM (LMMSE),0.131423611111111,0.0,4.66666666666667,0.0,0.154786869926243,ODDM,OTFS,OTFS,0.429326287978864,0.012100453216314
406,Highway,120,2,EVA,16,4000000000,test,444.752126930869,1,9,OTFS (MRC),0.295052083333333,0,4.33333333333333,0.0,0.156961847823511,ODDM (LMMSE),0.344010416666667,0.0,4.0,0.0,0.131031599529931,OTFS,OTFS,OTFS,0.165931156222418,0.02593024829358
407,Highway,120,7,EVA,4,4000000000,test,444.752126930869,1,9,OTFS (MRC),0.0779513888888889,0,7.0,0.0,0.209192827272076,ODDM (LMMSE),0.0432291666666667,0.0,7.33333333333333,0.0,0.200469430202117,ODDM,OTFS,OTFS,0.803212851405623,0.0087233970699587
408,Highway,120,7,EVA,16,4000000000,test,444.752126930869,1,9,OTFS (MRC),0.184982638888889,0,6.0,0.0,0.18389110894274,ODDM (LMMSE),0.30546875,0.0,5.0,0.0,0.143390982828456,OTFS,OTFS,OTFS,0.651337400281558,0.0405001261142841
409,Highway,120,12,EVA,4,4000000000,test,444.752126930869,1,9,OTFS (MRC),0.0196180555555556,600000,12.3333333333333,1.25,0.617381634170437,ODDM (LMMSE),0.0057291666666666,299415.204678363,13.3333333333333,0.623781676413255,0.462476144638397,ODDM,OTFS,OTFS,2.42424242424242,0.15490548953204
410,Highway,120,12,EVA,16,4000000000,test,444.752126930869,1,9,OTFS (MRC),0.0785590277777778,0,8.66666666666667,0.0,0.224721856408156,ODDM (LMMSE),0.209982638888889,0.0,5.66666666666667,0.0,0.15631442705948,OTFS,OTFS,OTFS,1.67292817679558,0.0684074293486765
411,Highway,120,17,EVA,4,4000000000,test,444.752126930869,1,9,OTFS (MRC),0.0012152777777777,600000,14.0,1.25,0.685194149809446,ODDM (LMMSE),0.0003472222222222,598830.409356725,15.0,1.24756335282651,0.694237004910156,ODDM,ODDM,ODDM,2.5,0.0090428551007102
412,Highway,120,17,EVA,16,4000000000,test,444.752126930869,1,9,OTFS (MRC),0.0171875,0,13.0,0.0,0.295821640181666,ODDM (LMMSE),0.0713541666666667,0.0,8.33333333333333,0.0,0.202283942975785,OTFS,OTFS,OTFS,3.15151515151515,0.0935376972058802
413,Highway,120,22,EVA,4,4000000000,test,444.752126930869,1,9,OTFS (MRC),0.0,900000,15.0,1.875,0.988349688759914,ODDM (LMMSE),0.0,898245.614035088,15.0,1.87134502923977,0.964116734639693,OTFS,OTFS,tie_otfs,0.0,0.0242329541202218
414,Highway,120,22,EVA,16,4000000000,test,444.752126930869,1,9,OTFS (MRC),0.0013020833333333,1200000,14.6666666666667,2.5,0.689808266370755,ODDM (LMMSE),0.0113715277777778,598830.409356725,12.6666666666667,1.24756335282651,0.443050746317835,OTFS,OTFS,OTFS,7.73333333333333,0.24675752005292
415,HighSpeedRail,250,-3,EVA,4,4000000000,test,926.566931105978,1,9,OTFS (MRC),0.291666666666667,0,3.0,0.0,0.145894305741541,ODDM (LMMSE),0.23125,0.0,3.33333333333333,0.0,0.131629212551353,ODDM,OTFS,OTFS,0.261261261261261,0.0142650931901885
416,HighSpeedRail,250,-3,EVA,16,4000000000,test,926.566931105978,1,9,OTFS (MRC),0.387934027777778,0,3.0,0.0,0.139556623985265,ODDM (LMMSE),0.386979166666667,0.0,4.0,0.0,0.129337216864598,ODDM,OTFS,tie,0.0024674742036788,0.0102194071206675
417,HighSpeedRail,250,2,EVA,4,4000000000,test,926.566931105978,1,9,OTFS (MRC),0.1828125,0,4.0,0.0,0.164260686995314,ODDM (LMMSE),0.122916666666667,0.0,5.0,0.0,0.159628805153632,ODDM,OTFS,tie,0.48728813559322,0.0046318818416817
418,HighSpeedRail,250,2,EVA,16,4000000000,test,926.566931105978,1,9,OTFS (MRC),0.295920138888889,0,4.33333333333333,0.0,0.159035282124612,ODDM (LMMSE),0.342881944444444,0.0,4.0,0.0,0.130740169031239,OTFS,OTFS,OTFS,0.158697565268407,0.0282951130933736
419,HighSpeedRail,250,7,EVA,4,4000000000,test,926.566931105978,1,9,OTFS (MRC),0.0628472222222222,0,7.33333333333333,0.0,0.216342506140486,ODDM (LMMSE),0.0388888888888889,0.0,8.0,0.0,0.20971784992756,ODDM,OTFS,OTFS,0.616071428571428,0.006624656212926
420,HighSpeedRail,250,7,EVA,16,4000000000,test,926.566931105978,1,9,OTFS (MRC),0.18046875,0,6.0,0.0,0.183132466474011,ODDM (LMMSE),0.301996527777778,0.0,5.0,0.0,0.143172727755903,OTFS,OTFS,OTFS,0.673400673400673,0.0399597387181084
421,HighSpeedRail,250,12,EVA,4,4000000000,test,926.566931105978,1,9,OTFS (MRC),0.0072916666666666,300000,12.6666666666667,0.625,0.475027141236183,ODDM (LMMSE),0.0039930555555555,299415.204678363,13.3333333333333,0.623781676413255,0.46724872985664,ODDM,OTFS,OTFS,0.826086956521739,0.0077784113795427
422,HighSpeedRail,250,12,EVA,16,4000000000,test,926.566931105978,1,9,OTFS (MRC),0.0751736111111111,0,8.33333333333333,0.0,0.219825625011792,ODDM (LMMSE),0.209722222222222,0.0,5.66666666666667,0.0,0.156385776556053,OTFS,OTFS,OTFS,1.78983833718245,0.0634398484557395
423,HighSpeedRail,250,17,EVA,4,4000000000,test,926.566931105978,1,9,OTFS (MRC),0.0,900000,15.0,1.875,0.988240457697461,ODDM (LMMSE),0.0001736111111111,598830.409356725,15.0,1.24756335282651,0.70671622922006,OTFS,OTFS,OTFS,173611111.111111,0.281524228477401
424,HighSpeedRail,250,17,EVA,16,4000000000,test,926.566931105978,1,9,OTFS (MRC),0.0105034722222222,0,13.0,0.0,0.304942262144242,ODDM (LMMSE),0.0657986111111111,0.0,8.66666666666667,0.0,0.207158624413117,OTFS,OTFS,OTFS,5.26446280991735,0.0977836377311255
425,HighSpeedRail,250,22,EVA,4,4000000000,test,926.566931105978,1,9,OTFS (MRC),0.0,900000,15.0,1.875,0.987873023383333,ODDM (LMMSE),0.0,898245.614035088,15.0,1.87134502923977,0.964181681798986,OTFS,OTFS,tie_otfs,0.0,0.0236913415843472
426,HighSpeedRail,250,22,EVA,16,4000000000,test,926.566931105978,1,9,OTFS (MRC),0.0003472222222222,1200000,15.0,2.5,0.716970313357285,ODDM (LMMSE),0.0058159722222222,598830.409356725,13.0,1.24756335282651,0.458490654328136,OTFS,OTFS,OTFS,15.75,0.258479659029148
427,HighSpeedRail,350,-3,EVA,4,4000000000,test,1297.19370354837,1,9,OTFS (MRC),0.309548611111111,0,3.0,0.0,0.144866330404047,ODDM (LMMSE),0.253993055555556,0.0,3.33333333333333,0.0,0.130106200818992,ODDM,OTFS,OTFS,0.218728639781271,0.0147601295850548
428,HighSpeedRail,350,-3,EVA,16,4000000000,test,1297.19370354837,1,9,OTFS (MRC),0.384461805555556,0,3.0,0.0,0.14044235797624,ODDM (LMMSE),0.388888888888889,0.0,4.0,0.0,0.128702234744208,OTFS,OTFS,tie_otfs,0.0115150146759992,0.0117401232320318
429,HighSpeedRail,350,2,EVA,4,4000000000,test,1297.19370354837,1,9,OTFS (MRC),0.195659722222222,0,4.0,0.0,0.162649033937762,ODDM (LMMSE),0.142361111111111,0.0,4.66666666666667,0.0,0.153508783833348,ODDM,OTFS,OTFS,0.374390243902439,0.009140250104414
430,HighSpeedRail,350,2,EVA,16,4000000000,test,1297.19370354837,1,9,OTFS (MRC),0.29296875,0,4.33333333333333,0.0,0.157567769827286,ODDM (LMMSE),0.351736111111111,0.0,4.0,0.0,0.130229580461653,OTFS,OTFS,OTFS,0.200592592592593,0.0273381893656325
431,HighSpeedRail,350,7,EVA,4,4000000000,test,1297.19370354837,1,9,OTFS (MRC),0.0739583333333333,0,6.66666666666667,0.0,0.206242347873059,ODDM (LMMSE),0.0451388888888889,0.0,7.66666666666667,0.0,0.204075371228225,ODDM,OTFS,tie,0.638461538461539,0.0021669766448339
432,HighSpeedRail,350,7,EVA,16,4000000000,test,1297.19370354837,1,9,OTFS (MRC),0.177690972222222,0,6.0,0.0,0.183790159067929,ODDM (LMMSE),0.309982638888889,0.0,5.0,0.0,0.143405562433749,OTFS,OTFS,OTFS,0.744504152418173,0.0403845966341793
433,HighSpeedRail,350,12,EVA,4,4000000000,test,1297.19370354837,1,9,OTFS (MRC),0.0118055555555556,0,12.6666666666667,0.0,0.301829168276012,ODDM (LMMSE),0.0053819444444444,299415.204678363,12.3333333333333,0.623781676413255,0.453184270908339,ODDM,ODDM,ODDM,1.19354838709677,0.151355102632327
434,HighSpeedRail,350,12,EVA,16,4000000000,test,1297.19370354837,1,9,OTFS (MRC),0.07890625,0,8.0,0.0,0.216539933987309,ODDM (LMMSE),0.219618055555556,0.0,5.33333333333333,0.0,0.15279288226076,OTFS,OTFS,OTFS,1.78327832783278,0.0637470517265487
435,HighSpeedRail,350,17,EVA,4,4000000000,test,1297.19370354837,1,9,OTFS (MRC),0.0001736111111111,600000,15.0,1.25,0.730949736950004,ODDM (LMMSE),0.0001736111111111,598830.409356725,15.0,1.24756335282651,0.7064436074331,OTFS,OTFS,tie_otfs,0.0,0.024506129516904
436,HighSpeedRail,350,17,EVA,16,4000000000,test,1297.19370354837,1,9,OTFS (MRC),0.0100694444444444,0,13.0,0.0,0.305160056317437,ODDM (LMMSE),0.0811631944444444,0.0,8.33333333333333,0.0,0.199540157196037,OTFS,OTFS,OTFS,7.06034482758621,0.105619899121399
437,HighSpeedRail,350,22,EVA,4,4000000000,test,1297.19370354837,1,9,OTFS (MRC),0.0,900000,15.0,1.875,0.988348364373542,ODDM (LMMSE),0.0,898245.614035088,15.0,1.87134502923977,0.964570610476664,OTFS,OTFS,tie_otfs,0.0,0.023777753896878
438,HighSpeedRail,350,22,EVA,16,4000000000,test,1297.19370354837,1,9,OTFS (MRC),0.0006944444444444,1200000,15.0,2.5,0.704669420185272,ODDM (LMMSE),0.0157986111111111,598830.409356725,12.6666666666667,1.24756335282651,0.437153548452891,OTFS,OTFS,OTFS,21.75,0.267515871732381
439,Pedestrian,10,-3,ETU,4,4000000000,test,37.0626772442391,2,9,OTFS (MRC),0.238326149425287,0,4.0,0.0,0.159923804592069,ODDM (LMMSE),0.243534482758621,0.0,3.66666666666667,0.0,0.135413906686409,OTFS,OTFS,tie_otfs,0.0218538055764884,0.0245098979056595
440,Pedestrian,10,-3,ETU,16,4000000000,test,37.0626772442391,2,9,OTFS (MRC),0.327316810344828,0,3.66666666666667,0.0,0.147945826596796,ODDM (LMMSE),0.37194683908046,0.0,4.0,0.0,0.131480194351322,OTFS,OTFS,OTFS,0.136351165980796,0.0164656322454742
441,Pedestrian,10,2,ETU,4,4000000000,test,37.0626772442391,2,9,OTFS (MRC),0.136494252873563,0,5.66666666666667,0.0,0.184755311998268,ODDM (LMMSE),0.129130747126437,0.0,5.66666666666667,0.0,0.166867184827174,ODDM,OTFS,tie,0.0570236439499307,0.0178881271710938
442,Pedestrian,10,2,ETU,16,4000000000,test,37.0626772442391,2,9,OTFS (MRC),0.213002873563218,0,5.66666666666667,0.0,0.176000794811495,ODDM (LMMSE),0.321569683908046,0.0,4.66666666666667,0.0,0.140205612782294,OTFS,OTFS,OTFS,0.509696458684654,0.0357951820292011
443,Pedestrian,10,7,ETU,4,4000000000,test,37.0626772442391,2,9,OTFS (MRC),0.0578304597701149,290000,9.66666666666667,0.604166666666667,0.404207845935455,ODDM (LMMSE),0.055316091954023,0.0,10.0,0.0,0.225716068235073,ODDM,OTFS,tie,0.0454545454545455,0.178491777700382
444,Pedestrian,10,7,ETU,16,4000000000,test,37.0626772442391,2,9,OTFS (MRC),0.101472701149425,0,8.0,0.0,0.213637839945319,ODDM (LMMSE),0.270833333333333,0.0,5.33333333333333,0.0,0.150112788766484,OTFS,OTFS,OTFS,1.66902654867257,0.0635250511788349
445,Pedestrian,10,12,ETU,4,4000000000,test,37.0626772442391,2,9,OTFS (MRC),0.015625,580000,12.3333333333333,1.20833333333333,0.619323221947977,ODDM (LMMSE),0.0188577586206897,578305.744888023,12.3333333333333,1.20480363518338,0.595493789556452,OTFS,OTFS,OTFS,0.206896551724138,0.0238294323915242
446,Pedestrian,10,12,ETU,16,4000000000,test,37.0626772442391,2,9,OTFS (MRC),0.0264906609195402,0,11.3333333333333,0.0,0.270884267870204,ODDM (LMMSE),0.129669540229885,0.0,7.33333333333333,0.0,0.183541137536684,OTFS,OTFS,OTFS,3.89491525423729,0.0873431303335205
447,Pedestrian,10,17,ETU,4,4000000000,test,37.0626772442391,2,9,OTFS (MRC),0.0001795977011494,580000,15.0,1.20833333333333,0.727230656854944,ODDM (LMMSE),0.0017959770114942,578305.744888023,14.0,1.20480363518338,0.654607665660435,OTFS,OTFS,OTFS,9.0,0.0726229911945082
448,Pedestrian,10,17,ETU,16,4000000000,test,37.0626772442391,2,9,OTFS (MRC),0.0008081896551724,580000,15.0,1.20833333333333,0.536063005305654,ODDM (LMMSE),0.0123922413793103,578305.744888023,12.6666666666667,1.20480363518338,0.442315434802056,OTFS,OTFS,OTFS,14.3333333333333,0.0937475705035981
449,Pedestrian,10,22,ETU,4,4000000000,test,37.0626772442391,2,9,OTFS (MRC),0.0,870000,15.0,1.8125,0.983571573785543,ODDM (LMMSE),0.0,867458.617332035,15.0,1.80720545277507,0.963240109851961,OTFS,OTFS,tie_otfs,0.0,0.0203314639335823
450,Pedestrian,10,22,ETU,16,4000000000,test,37.0626772442391,2,9,OTFS (MRC),0.0,1740000,15.0,3.625,0.985070758538471,ODDM (LMMSE),0.0,1734917.23466407,15.0,3.61441090555015,0.962475533619994,OTFS,OTFS,tie_otfs,0.0,0.0225952249184767
451,Urban,40,-3,ETU,4,4000000000,test,148.250708976956,2,9,OTFS (MRC),0.252155172413793,0,3.66666666666667,0.0,0.155478703282219,ODDM (LMMSE),0.250359195402299,0.0,3.66666666666667,0.0,0.13502703762129,ODDM,OTFS,tie,0.0071736011477761,0.0204516656609296
452,Urban,40,-3,ETU,16,4000000000,test,148.250708976956,2,9,OTFS (MRC),0.316271551724138,0,3.66666666666667,0.0,0.149963695872144,ODDM (LMMSE),0.36413433908046,0.0,4.0,0.0,0.131511242097298,OTFS,OTFS,OTFS,0.151334469051675,0.018452453774846
453,Urban,40,2,ETU,4,4000000000,test,148.250708976956,2,9,OTFS (MRC),0.148168103448276,0,5.33333333333333,0.0,0.181406454592788,ODDM (LMMSE),0.141522988505747,0.0,5.33333333333333,0.0,0.161685672532214,ODDM,OTFS,tie,0.0469543147208121,0.0197207820605732
454,Urban,40,2,ETU,16,4000000000,test,148.250708976956,2,9,OTFS (MRC),0.200251436781609,0,6.0,0.0,0.182231044718235,ODDM (LMMSE),0.315373563218391,0.0,4.66666666666667,0.0,0.140390689623955,OTFS,OTFS,OTFS,0.574887892376682,0.0418403550942795
455,Urban,40,7,ETU,4,4000000000,test,148.250708976956,2,9,OTFS (MRC),0.0720186781609195,290000,9.66666666666667,0.604166666666667,0.400363827414499,ODDM (LMMSE),0.0651939655172414,0.0,9.33333333333333,0.0,0.215624159452118,ODDM,OTFS,OTFS,0.104683195592287,0.184739667962381
456,Urban,40,7,ETU,16,4000000000,test,148.250708976956,2,9,OTFS (MRC),0.0905172413793103,0,8.0,0.0,0.213478140577738,ODDM (LMMSE),0.257004310344828,0.0,5.33333333333333,0.0,0.151131333515163,OTFS,OTFS,OTFS,1.83928571428571,0.0623468070625752
457,Urban,40,12,ETU,4,4000000000,test,148.250708976956,2,9,OTFS (MRC),0.0170617816091954,580000,12.3333333333333,1.20833333333333,0.617459344673455,ODDM (LMMSE),0.0231681034482759,578305.744888023,12.0,1.20480363518338,0.587959430763045,OTFS,OTFS,OTFS,0.357894736842105,0.0294999139104104
458,Urban,40,12,ETU,16,4000000000,test,148.250708976956,2,9,OTFS (MRC),0.0158943965517241,0,12.3333333333333,0.0,0.290370776141998,ODDM (LMMSE),0.105244252873563,0.0,8.0,0.0,0.194247120034744,OTFS,OTFS,OTFS,5.62146892655367,0.0961236561072544
459,Urban,40,17,ETU,4,4000000000,test,148.250708976956,2,9,OTFS (MRC),0.0001795977011494,580000,15.0,1.20833333333333,0.727913594945963,ODDM (LMMSE),0.0032327586206896,578305.744888023,13.6666666666667,1.20480363518338,0.6402434370108,OTFS,OTFS,OTFS,17.0,0.0876701579351626
460,Urban,40,17,ETU,16,4000000000,test,148.250708976956,2,9,OTFS (MRC),0.0001795977011494,1160000,15.0,2.41666666666667,0.726972630183459,ODDM (LMMSE),0.0061961206896551,578305.744888023,13.6666666666667,1.20480363518338,0.464514255554432,OTFS,OTFS,OTFS,33.5,0.262458374629027
461,Urban,40,22,ETU,4,4000000000,test,148.250708976956,2,9,OTFS (MRC),0.0,870000,15.0,1.8125,0.985040713826162,ODDM (LMMSE),0.0,867458.617332035,15.0,1.80720545277507,0.96294628136493,OTFS,OTFS,tie_otfs,0.0,0.0220944324612322
462,Urban,40,22,ETU,16,4000000000,test,148.250708976956,2,9,OTFS (MRC),0.0,1740000,15.0,3.625,0.984615121468608,ODDM (LMMSE),0.0,1734917.23466407,15.0,3.61441090555015,0.961922748229233,OTFS,OTFS,tie_otfs,0.0,0.0226923732393751
463,Highway,80,-3,ETU,4,4000000000,test,296.501417953913,2,9,OTFS (MRC),0.248922413793103,0,3.33333333333333,0.0,0.151434473367347,ODDM (LMMSE),0.239224137931034,0.0,3.33333333333333,0.0,0.131767114261337,ODDM,OTFS,tie,0.0405405405405406,0.0196673591060097
464,Highway,80,-3,ETU,16,4000000000,test,296.501417953913,2,9,OTFS (MRC),0.341774425287356,0,3.66666666666667,0.0,0.148896571114139,ODDM (LMMSE),0.372934626436782,0.0,4.0,0.0,0.130224909743335,OTFS,OTFS,tie_otfs,0.0911718339464005,0.0186716613708046
465,Highway,80,2,ETU,4,4000000000,test,296.501417953913,2,9,OTFS (MRC),0.133081896551724,0,5.33333333333333,0.0,0.182492604813059,ODDM (LMMSE),0.125359195402299,0.0,5.33333333333333,0.0,0.164188494985484,ODDM,OTFS,tie,0.0616045845272208,0.0183041098275749
466,Highway,80,2,ETU,16,4000000000,test,296.501417953913,2,9,OTFS (MRC),0.230872844827586,0,5.0,0.0,0.167290898459555,ODDM (LMMSE),0.325700431034483,0.0,4.66666666666667,0.0,0.139962647891116,OTFS,OTFS,OTFS,0.41073512252042,0.0273282505684387
467,Highway,80,7,ETU,4,4000000000,test,296.501417953913,2,9,OTFS (MRC),0.0431034482758621,0,9.33333333333333,0.0,0.244645449914103,ODDM (LMMSE),0.0434626436781609,0.0,8.66666666666667,0.0,0.21633132215641,OTFS,OTFS,tie_otfs,0.0083333333333332,0.0283141277576927
468,Highway,80,7,ETU,16,4000000000,test,296.501417953913,2,9,OTFS (MRC),0.111889367816092,0,7.33333333333333,0.0,0.20329158232562,ODDM (LMMSE),0.27954382183908,0.0,5.0,0.0,0.146675419357624,OTFS,OTFS,OTFS,1.4983948635634,0.0566161629679958
469,Highway,80,12,ETU,4,4000000000,test,296.501417953913,2,9,OTFS (MRC),0.0044899425287356,580000,13.3333333333333,1.20833333333333,0.652826381615481,ODDM (LMMSE),0.0080818965517241,289152.872444012,12.6666666666667,0.602401817591691,0.449101069235349,OTFS,OTFS,OTFS,0.8,0.203725312380133
470,Highway,80,12,ETU,16,4000000000,test,296.501417953913,2,9,OTFS (MRC),0.0281070402298851,0,10.6666666666667,0.0,0.261497138578815,ODDM (LMMSE),0.149604885057471,0.0,7.0,0.0,0.177183597926928,OTFS,OTFS,OTFS,4.32268370607029,0.0843135406518865
471,Highway,80,17,ETU,4,4000000000,test,296.501417953913,2,9,OTFS (MRC),0.0,870000,15.0,1.8125,0.984893618695066,ODDM (LMMSE),0.0001795977011494,578305.744888023,15.0,1.20480363518338,0.704378766951296,OTFS,OTFS,OTFS,179597701.149425,0.280514851743771
472,Highway,80,17,ETU,16,4000000000,test,296.501417953913,2,9,OTFS (MRC),0.0005387931034482,1160000,15.0,2.41666666666667,0.706854222583362,ODDM (LMMSE),0.0163433908045977,0.0,12.0,0.0,0.267149332933731,OTFS,OTFS,OTFS,29.3333333333333,0.439704889649631
473,Highway,80,22,ETU,4,4000000000,test,296.501417953913,2,9,OTFS (MRC),0.0,870000,15.0,1.8125,0.985589077260336,ODDM (LMMSE),0.0,867458.617332035,15.0,1.80720545277507,0.962299007540898,OTFS,OTFS,tie_otfs,0.0,0.023290069719438
474,Highway,80,22,ETU,16,4000000000,test,296.501417953913,2,9,OTFS (MRC),0.0,1740000,15.0,3.625,0.984453628686397,ODDM (LMMSE),0.0,1734917.23466407,15.0,3.61441090555015,0.961819141201962,OTFS,OTFS,tie_otfs,0.0,0.0226344874844351
475,Highway,120,-3,ETU,4,4000000000,test,444.752126930869,2,9,OTFS (MRC),0.276939655172414,0,3.33333333333333,0.0,0.149363144849679,ODDM (LMMSE),0.248024425287356,0.0,3.33333333333333,0.0,0.13173178131202,ODDM,OTFS,OTFS,0.116582186821144,0.017631363537659
476,Highway,120,-3,ETU,16,4000000000,test,444.752126930869,2,9,OTFS (MRC),0.353538074712644,0,3.66666666666667,0.0,0.146794690240562,ODDM (LMMSE),0.376257183908046,0.0,4.0,0.0,0.130730016521307,OTFS,OTFS,tie_otfs,0.0642621285242569,0.0160646737192544
477,Highway,120,2,ETU,4,4000000000,test,444.752126930869,2,9,OTFS (MRC),0.16235632183908,0,5.0,0.0,0.174143773184082,ODDM (LMMSE),0.13739224137931,0.0,4.66666666666667,0.0,0.154589688957751,ODDM,OTFS,OTFS,0.181699346405229,0.0195540842263305
478,Highway,120,2,ETU,16,4000000000,test,444.752126930869,2,9,OTFS (MRC),0.238775143678161,0,5.33333333333333,0.0,0.17092545097487,ODDM (LMMSE),0.334500718390805,0.0,4.66666666666667,0.0,0.139058166432819,OTFS,OTFS,OTFS,0.400902594960511,0.0318672845420506
479,Highway,120,7,ETU,4,4000000000,test,444.752126930869,2,9,OTFS (MRC),0.0578304597701149,0,8.66666666666667,0.0,0.230901323989957,ODDM (LMMSE),0.0526221264367816,0.0,8.0,0.0,0.205733021401351,ODDM,OTFS,tie,0.0989761092150171,0.0251683025886059
480,Highway,120,7,ETU,16,4000000000,test,444.752126930869,2,9,OTFS (MRC),0.131196120689655,0,7.0,0.0,0.199148922192095,ODDM (LMMSE),0.275323275862069,0.0,5.0,0.0,0.145980140827776,OTFS,OTFS,OTFS,1.09856262833676,0.0531687813643185
481,Highway,120,12,ETU,4,4000000000,test,444.752126930869,2,9,OTFS (MRC),0.0043103448275862,290000,12.3333333333333,0.604166666666667,0.479548101259203,ODDM (LMMSE),0.0073635057471264,289152.872444012,12.0,0.602401817591691,0.445083030402927,OTFS,OTFS,OTFS,0.708333333333333,0.0344650708562764
482,Highway,120,12,ETU,16,4000000000,test,444.752126930869,2,9,OTFS (MRC),0.0467852011494253,0,10.6666666666667,0.0,0.253730023317478,ODDM (LMMSE),0.157596982758621,0.0,6.66666666666667,0.0,0.172828830129811,OTFS,OTFS,OTFS,2.36852207293666,0.0809011931876675
483,Highway,120,17,ETU,4,4000000000,test,444.752126930869,2,9,OTFS (MRC),0.0,870000,15.0,1.8125,0.985131506689648,ODDM (LMMSE),0.0003591954022988,289152.872444012,15.0,0.602401817591691,0.529173353321468,OTFS,OTFS,OTFS,359195402.298851,0.45595815336818
484,Highway,120,17,ETU,16,4000000000,test,444.752126930869,2,9,OTFS (MRC),0.0102370689655172,1160000,13.3333333333333,2.41666666666667,0.635076446594581,ODDM (LMMSE),0.0515445402298851,0.0,12.0,0.0,0.245851232249503,OTFS,OTFS,OTFS,4.03508771929825,0.389225214345078
485,Highway,120,22,ETU,4,4000000000,test,444.752126930869,2,9,OTFS (MRC),0.0,870000,15.0,1.8125,0.985212533480902,ODDM (LMMSE),0.0,867458.617332035,15.0,1.80720545277507,0.963270823026494,OTFS,OTFS,tie_otfs,0.0,0.021941710454408
486,Highway,120,22,ETU,16,4000000000,test,444.752126930869,2,9,OTFS (MRC),0.0001795977011494,1160000,15.0,2.41666666666667,0.725610288256165,ODDM (LMMSE),0.0158045977011494,1156611.48977605,13.0,2.40960727036676,0.6043992202449,OTFS,OTFS,OTFS,87.0,0.121211068011265
487,HighSpeedRail,250,-3,ETU,4,4000000000,test,926.566931105978,2,9,OTFS (MRC),0.306034482758621,0,3.0,0.0,0.144718996111294,ODDM (LMMSE),0.25305316091954,0.0,3.33333333333333,0.0,0.131969930791431,ODDM,OTFS,OTFS,0.209368346344925,0.0127490653198628
488,HighSpeedRail,250,-3,ETU,16,4000000000,test,926.566931105978,2,9,OTFS (MRC),0.364852729885057,0,3.33333333333333,0.0,0.144245148891436,ODDM (LMMSE),0.375897988505747,0.0,4.0,0.0,0.131313721124111,OTFS,OTFS,tie_otfs,0.0302731971449668,0.0129314277673252
489,HighSpeedRail,250,2,ETU,4,4000000000,test,926.566931105978,2,9,OTFS (MRC),0.184806034482759,0,4.0,0.0,0.161536418927355,ODDM (LMMSE),0.147629310344828,0.0,4.33333333333333,0.0,0.150762455857829,ODDM,OTFS,OTFS,0.251824817518248,0.0107739630695255
490,HighSpeedRail,250,2,ETU,16,4000000000,test,926.566931105978,2,9,OTFS (MRC),0.257632902298851,0,4.66666666666667,0.0,0.164987378331297,ODDM (LMMSE),0.330818965517241,0.0,4.33333333333333,0.0,0.136291980459007,OTFS,OTFS,OTFS,0.284071104914605,0.0286953978722899
491,HighSpeedRail,250,7,ETU,4,4000000000,test,926.566931105978,2,9,OTFS (MRC),0.0630387931034483,0,7.33333333333333,0.0,0.215571684059964,ODDM (LMMSE),0.0515445402298851,0.0,7.33333333333333,0.0,0.199690241808204,ODDM,OTFS,OTFS,0.222996515679443,0.0158814422517594
492,HighSpeedRail,250,7,ETU,16,4000000000,test,926.566931105978,2,9,OTFS (MRC),0.141073994252874,0,7.0,0.0,0.196540549379863,ODDM (LMMSE),0.28600933908046,0.0,5.0,0.0,0.14572473132709,OTFS,OTFS,OTFS,1.02737110120942,0.0508158180527733
493,HighSpeedRail,250,12,ETU,4,4000000000,test,926.566931105978,2,9,OTFS (MRC),0.0062859195402298,290000,12.6666666666667,0.604166666666667,0.476756960393743,ODDM (LMMSE),0.0068247126436781,289152.872444012,12.0,0.602401817591691,0.446038133555074,OTFS,OTFS,tie_otfs,0.0857142857142857,0.0307188268386696
494,HighSpeedRail,250,12,ETU,16,4000000000,test,926.566931105978,2,9,OTFS (MRC),0.0458872126436782,0,10.0,0.0,0.245032820045627,ODDM (LMMSE),0.173042385057471,0.0,6.0,0.0,0.164561683185713,OTFS,OTFS,OTFS,2.77103718199609,0.080471136859914
495,HighSpeedRail,250,17,ETU,4,4000000000,test,926.566931105978,2,9,OTFS (MRC),0.0,870000,15.0,1.8125,0.985113882869623,ODDM (LMMSE),0.0,867458.617332035,15.0,1.80720545277507,0.963313998851107,OTFS,OTFS,tie_otfs,0.0,0.0217998840185161
496,HighSpeedRail,250,17,ETU,16,4000000000,test,926.566931105978,2,9,OTFS (MRC),0.0030531609195402,580000,14.0,1.20833333333333,0.499905413031694,ODDM (LMMSE),0.0483117816091954,0.0,10.3333333333333,0.0,0.230482416947223,OTFS,OTFS,OTFS,14.8235294117647,0.269422996084471
497,HighSpeedRail,250,22,ETU,4,4000000000,test,926.566931105978,2,9,OTFS (MRC),0.0,870000,15.0,1.8125,0.985074457736455,ODDM (LMMSE),0.0,867458.617332035,15.0,1.80720545277507,0.963333042258705,OTFS,OTFS,tie_otfs,0.0,0.0217414154777504
498,HighSpeedRail,250,22,ETU,16,4000000000,test,926.566931105978,2,9,OTFS (MRC),0.0,1740000,15.0,3.625,0.984614682849065,ODDM (LMMSE),0.0074533045977011,1156611.48977605,13.6666666666667,2.40960727036676,0.624475912275857,OTFS,OTFS,OTFS,7453304597.70115,0.360138770573207
499,HighSpeedRail,350,-3,ETU,4,4000000000,test,1297.19370354837,2,9,OTFS (MRC),0.29076867816092,0,3.33333333333333,0.0,0.149227841834031,ODDM (LMMSE),0.242636494252874,0.0,3.33333333333333,0.0,0.131990760683748,ODDM,OTFS,OTFS,0.198371576609919,0.0172370811502827
500,HighSpeedRail,350,-3,ETU,16,4000000000,test,1297.19370354837,2,9,OTFS (MRC),0.380477729885057,0,3.33333333333333,0.0,0.142342817423222,ODDM (LMMSE),0.379310344827586,0.0,4.0,0.0,0.130943851534109,ODDM,OTFS,tie,0.0030776515151515,0.0113989658891128
501,HighSpeedRail,350,2,ETU,4,4000000000,test,1297.19370354837,2,9,OTFS (MRC),0.167564655172414,0,4.33333333333333,0.0,0.169580662284221,ODDM (LMMSE),0.128951149425287,0.0,4.66666666666667,0.0,0.156796057313058,ODDM,OTFS,OTFS,0.299442896935933,0.0127846049711633
502,HighSpeedRail,350,2,ETU,16,4000000000,test,1297.19370354837,2,9,OTFS (MRC),0.284752155172414,0,4.33333333333333,0.0,0.160018348820614,ODDM (LMMSE),0.338631465517241,0.0,4.33333333333333,0.0,0.136107420845129,OTFS,OTFS,OTFS,0.189214758751183,0.0239109279754851
503,HighSpeedRail,350,7,ETU,4,4000000000,test,1297.19370354837,2,9,OTFS (MRC),0.0520833333333333,0,8.0,0.0,0.225050559001989,ODDM (LMMSE),0.0368175287356322,0.0,8.0,0.0,0.208387991087657,ODDM,OTFS,OTFS,0.414634146341464,0.0166625679143319
504,HighSpeedRail,350,7,ETU,16,4000000000,test,1297.19370354837,2,9,OTFS (MRC),0.166127873563218,0,6.33333333333333,0.0,0.182999101170606,ODDM (LMMSE),0.295707614942529,0.0,5.0,0.0,0.13989141135548,OTFS,OTFS,OTFS,0.78,0.0431076898151256
505,HighSpeedRail,350,12,ETU,4,4000000000,test,1297.19370354837,2,9,OTFS (MRC),0.003412356321839,290000,13.6666666666667,0.604166666666667,0.495975636461496,ODDM (LMMSE),0.0037715517241379,0.0,13.0,0.0,0.299555489440793,OTFS,OTFS,OTFS,0.105263157894737,0.196420147020704
506,HighSpeedRail,350,12,ETU,16,4000000000,test,1297.19370354837,2,9,OTFS (MRC),0.0702227011494253,0,8.66666666666667,0.0,0.225258705578999,ODDM (LMMSE),0.1953125,0.0,5.66666666666667,0.0,0.158805058138057,OTFS,OTFS,OTFS,1.78132992327366,0.0664536474409421
507,HighSpeedRail,350,17,ETU,4,4000000000,test,1297.19370354837,2,9,OTFS (MRC),0.0,870000,15.0,1.8125,0.984996207310329,ODDM (LMMSE),0.0,867458.617332035,15.0,1.80720545277507,0.962763474232454,OTFS,OTFS,tie_otfs,0.0,0.0222327330778742
508,HighSpeedRail,350,17,ETU,16,4000000000,test,1297.19370354837,2,9,OTFS (MRC),0.0052083333333333,580000,13.3333333333333,1.20833333333333,0.484322231925724,ODDM (LMMSE),0.0677083333333333,0.0,8.66666666666667,0.0,0.208251045305228,OTFS,OTFS,OTFS,12.0,0.276071186620496
509,HighSpeedRail,350,22,ETU,4,4000000000,test,1297.19370354837,2,9,OTFS (MRC),0.0,870000,15.0,1.8125,0.984689324614941,ODDM (LMMSE),0.0,867458.617332035,15.0,1.80720545277507,0.962461712852838,OTFS,OTFS,tie_otfs,0.0,0.0222276117621023
510,HighSpeedRail,350,22,ETU,16,4000000000,test,1297.19370354837,2,9,OTFS (MRC),0.0,1740000,15.0,3.625,0.98379132649042,ODDM (LMMSE),0.0093390804597701,578305.744888023,12.6666666666667,1.20480363518338,0.446892134597579,OTFS,OTFS,OTFS,9339080459.77012,0.536899191892841
511,Urban,60,0,EPA,64,4000000000,val,222.376063465435,0,7,OTFS (MRC),0.313715277777778,0,5.33333333333333,0.0,0.16859213961403,ODDM (LMMSE),0.391377314814815,0.0,4.0,0.0,0.12810631917287,OTFS,OTFS,OTFS,0.247555801512636,0.04048582044116
512,Urban,60,10,EPA,64,4000000000,train,222.376063465435,0,7,OTFS (MRC),0.112905092592593,0,9.66666666666667,0.0,0.230514089081521,ODDM (LMMSE),0.370717592592593,0.0,5.0,0.0,0.139532201648318,OTFS,OTFS,OTFS,2.28344438749359,0.0909818874332026
513,Urban,60,20,EPA,64,4000000000,train,222.376063465435,0,7,OTFS (MRC),0.0053819444444444,900000,14.3333333333333,1.875,0.495680250520861,ODDM (LMMSE),0.114930555555556,0.0,10.6666666666667,0.0,0.215796262550325,OTFS,OTFS,OTFS,20.3548387096774,0.279883987970535
514,HighSpeedRail,150,0,EPA,64,4000000000,val,555.940158663587,0,7,OTFS (MRC),0.378240740740741,0,4.0,0.0,0.151629049807756,ODDM (LMMSE),0.40306712962963,0.0,4.0,0.0,0.128604940601752,OTFS,OTFS,tie_otfs,0.0656364749082007,0.0230241092060037
515,HighSpeedRail,150,10,EPA,64,4000000000,train,555.940158663587,0,7,OTFS (MRC),0.189236111111111,0,7.66666666666667,0.0,0.200483144545833,ODDM (LMMSE),0.383564814814815,0.0,4.33333333333333,0.0,0.132743720087181,OTFS,OTFS,OTFS,1.02691131498471,0.0677394244586528
516,HighSpeedRail,150,20,EPA,64,4000000000,train,555.940158663587,0,7,OTFS (MRC),0.0335648148148148,0,13.0,0.0,0.28513943432053,ODDM (LMMSE),0.205613425925926,0.0,8.0,0.0,0.179483038727122,OTFS,OTFS,OTFS,5.12586206896552,0.105656395593408
517,HighSpeedRail,300,0,EPA,64,4000000000,train,1111.88031732717,0,7,OTFS (MRC),0.398726851851852,0,3.66666666666667,0.0,0.146992383079744,ODDM (LMMSE),0.413252314814815,0.0,4.0,0.0,0.128083313290453,OTFS,OTFS,tie_otfs,0.0364296081277214,0.0189090697892911
518,HighSpeedRail,300,10,EPA,64,4000000000,train,1111.88031732717,0,7,OTFS (MRC),0.211168981481481,0,7.66666666666667,0.0,0.19849572518181,ODDM (LMMSE),0.382002314814815,0.0,4.0,0.0,0.129349858226819,OTFS,OTFS,OTFS,0.808988764044944,0.0691458669549913
519,HighSpeedRail,300,20,EPA,64,4000000000,train,1111.88031732717,0,7,OTFS (MRC),0.0344328703703704,0,12.0,0.0,0.274311267575281,ODDM (LMMSE),0.234143518518519,0.0,7.33333333333333,0.0,0.171858633646175,OTFS,OTFS,OTFS,5.8,0.102452633929105
520,Urban,40,7,EPA,64,4000000000,test,148.250708976956,0,7,OTFS (MRC),0.164409722222222,0,8.33333333333333,0.0,0.210653428802072,ODDM (LMMSE),0.375694444444444,0.0,4.33333333333333,0.0,0.133121072445216,OTFS,OTFS,OTFS,1.28511087645195,0.0775323563568552
521,Highway,120,7,EPA,64,4000000000,test,444.752126930869,0,7,OTFS (MRC),0.20787037037037,0,7.33333333333333,0.0,0.195819376651212,ODDM (LMMSE),0.372511574074074,0.0,4.0,0.0,0.129888023497276,OTFS,OTFS,OTFS,0.792037861915368,0.0659313531539356
522,HighSpeedRail,250,7,EPA,64,4000000000,test,926.566931105978,0,7,OTFS (MRC),0.278819444444444,0,6.0,0.0,0.176475961340941,ODDM (LMMSE),0.381770833333333,0.0,4.0,0.0,0.128608549497955,OTFS,OTFS,OTFS,0.369240348692403,0.0478674118429866
523,Urban,40,17,EPA,64,4000000000,test,148.250708976956,0,7,OTFS (MRC),0.0193865740740741,0,13.3333333333333,0.0,0.298436051204916,ODDM (LMMSE),0.215162037037037,0.0,7.66666666666667,0.0,0.176442547386097,OTFS,OTFS,OTFS,10.0985074626866,0.121993503818819
524,Highway,120,17,EPA,64,4000000000,test,444.752126930869,0,7,OTFS (MRC),0.0311342592592593,0,12.0,0.0,0.27717149640944,ODDM (LMMSE),0.266030092592593,0.0,7.0,0.0,0.165770531876977,OTFS,OTFS,OTFS,7.54460966542751,0.111400964532464
525,HighSpeedRail,250,17,EPA,64,4000000000,test,926.566931105978,0,7,OTFS (MRC),0.0774884259259259,0,10.3333333333333,0.0,0.243547983658019,ODDM (LMMSE),0.322395833333333,0.0,6.33333333333333,0.0,0.154701907148491,OTFS,OTFS,OTFS,3.16056758775205,0.088846076509528
526,Urban,60,0,EVA,64,4000000000,train,222.376063465435,1,9,OTFS (MRC),0.381365740740741,0,3.66666666666667,0.0,0.142770573453874,ODDM (LMMSE),0.410648148148148,0.0,4.0,0.0,0.128871570545656,OTFS,OTFS,tie_otfs,0.076783004552352,0.0138990029082179
527,Urban,60,10,EVA,64,4000000000,val,222.376063465435,1,9,OTFS (MRC),0.193171296296296,0,7.66666666666667,0.0,0.196629094687819,ODDM (LMMSE),0.37974537037037,0.0,4.0,0.0,0.128028148004838,OTFS,OTFS,OTFS,0.965847813061714,0.0686009466829806
528,Urban,60,20,EVA,64,4000000000,train,222.376063465435,1,9,OTFS (MRC),0.0393518518518519,0,12.6666666666667,0.0,0.274493967618255,ODDM (LMMSE),0.228298611111111,0.0,7.33333333333333,0.0,0.171199666633628,OTFS,OTFS,OTFS,4.80147058823529,0.103294300984628
529,HighSpeedRail,150,0,EVA,64,4000000000,train,555.940158663587,1,9,OTFS (MRC),0.418576388888889,0,2.66666666666667,0.0,0.128547920159071,ODDM (LMMSE),0.4234375,0.0,4.0,0.0,0.126143047212972,OTFS,OTFS,tie_otfs,0.0116134384073,0.0024048729460993
530,HighSpeedRail,150,10,EVA,64,4000000000,train,555.940158663587,1,9,OTFS (MRC),0.262094907407407,0,6.33333333333333,0.0,0.171808282107154,ODDM (LMMSE),0.393287037037037,0.0,4.0,0.0,0.129429036872056,OTFS,OTFS,OTFS,0.500551998233606,0.0423792452350979
531,HighSpeedRail,150,20,EVA,64,4000000000,train,555.940158663587,1,9,OTFS (MRC),0.0752893518518519,0,10.6666666666667,0.0,0.241291696827789,ODDM (LMMSE),0.293460648148148,0.0,6.33333333333333,0.0,0.156317647443546,OTFS,OTFS,OTFS,2.89777094542659,0.0849740493842427
532,HighSpeedRail,300,0,EVA,64,4000000000,train,1111.88031732717,1,9,OTFS (MRC),0.398611111111111,0,3.66666666666667,0.0,0.143173417478278,ODDM (LMMSE),0.41400462962963,0.0,4.0,0.0,0.126061625960435,OTFS,OTFS,tie_otfs,0.0386178861788617,0.0171117915178428
533,HighSpeedRail,300,10,EVA,64,4000000000,train,1111.88031732717,1,9,OTFS (MRC),0.222395833333333,0,7.0,0.0,0.18707952766429,ODDM (LMMSE),0.393923611111111,0.0,4.0,0.0,0.128250870461851,OTFS,OTFS,OTFS,0.771272443403591,0.0588286572024386
534,HighSpeedRail,300,20,EVA,64,4000000000,val,1111.88031732717,1,9,OTFS (MRC),0.0511574074074074,0,12.0,0.0,0.259831180306296,ODDM (LMMSE),0.254050925925926,0.0,7.0,0.0,0.166043912932637,OTFS,OTFS,OTFS,3.96606334841629,0.0937872673736588
535,Urban,40,7,EVA,64,4000000000,test,148.250708976956,1,9,OTFS (MRC),0.192013888888889,0,7.66666666666667,0.0,0.195103990647932,ODDM (LMMSE),0.37037037037037,0.0,4.0,0.0,0.130093270519158,OTFS,OTFS,OTFS,0.928872814948764,0.0650107201287737
536,Highway,120,7,EVA,64,4000000000,test,444.752126930869,1,9,OTFS (MRC),0.291840277777778,0,5.66666666666667,0.0,0.164903896882811,ODDM (LMMSE),0.388252314814815,0.0,4.0,0.0,0.129633307936557,OTFS,OTFS,OTFS,0.330358913345231,0.0352705889462537
537,HighSpeedRail,250,7,EVA,64,4000000000,test,926.566931105978,1,9,OTFS (MRC),0.298958333333333,0,5.66666666666667,0.0,0.160120894679698,ODDM (LMMSE),0.395486111111111,0.0,4.0,0.0,0.126626136174759,OTFS,OTFS,OTFS,0.322880371660859,0.0334947585049394
538,Urban,40,17,EVA,64,4000000000,test,148.250708976956,1,9,OTFS (MRC),0.0251736111111111,0,12.3333333333333,0.0,0.2786877908468,ODDM (LMMSE),0.252141203703704,0.0,7.33333333333333,0.0,0.169363277702431,OTFS,OTFS,OTFS,9.01609195402299,0.109324513144369
539,Highway,120,17,EVA,64,4000000000,test,444.752126930869,1,9,OTFS (MRC),0.0982638888888889,0,9.66666666666667,0.0,0.225808030430568,ODDM (LMMSE),0.339236111111111,0.0,5.66666666666667,0.0,0.148665148205756,OTFS,OTFS,OTFS,2.45229681978799,0.0771428822248114
540,HighSpeedRail,250,17,EVA,64,4000000000,test,926.566931105978,1,9,OTFS (MRC),0.109201388888889,0,9.66666666666667,0.0,0.224490916524697,ODDM (LMMSE),0.339988425925926,0.0,6.0,0.0,0.151316838416404,OTFS,OTFS,OTFS,2.11340752517223,0.0731740781082938
541,Urban,60,0,ETU,64,4000000000,train,222.376063465435,2,9,OTFS (MRC),0.347880747126437,0,4.33333333333333,0.0,0.152844852728653,ODDM (LMMSE),0.399425287356322,0.0,4.0,0.0,0.130263901180663,OTFS,OTFS,OTFS,0.148167268972638,0.0225809515479903
542,Urban,60,10,ETU,64,4000000000,train,222.376063465435,2,9,OTFS (MRC),0.144516283524904,0,9.0,0.0,0.213986364605299,ODDM (LMMSE),0.383800287356322,0.0,4.66666666666667,0.0,0.137673571338158,OTFS,OTFS,OTFS,1.65575807787904,0.0763127932671411
543,Urban,60,20,ETU,64,4000000000,train,222.376063465435,2,9,OTFS (MRC),0.0072437739463601,0,14.3333333333333,0.0,0.323565535503083,ODDM (LMMSE),0.163553639846743,0.0,8.66666666666667,0.0,0.192432314484867,OTFS,OTFS,OTFS,21.5785123966942,0.131133221018216
544,HighSpeedRail,150,0,ETU,64,4000000000,train,555.940158663587,2,9,OTFS (MRC),0.37919061302682,0,4.33333333333333,0.0,0.149785961118371,ODDM (LMMSE),0.404633620689655,0.0,4.0,0.0,0.130617300612976,OTFS,OTFS,tie_otfs,0.0670982001894537,0.0191686605053944
545,HighSpeedRail,150,10,ETU,64,4000000000,train,555.940158663587,2,9,OTFS (MRC),0.186482279693487,0,8.0,0.0,0.198946904091705,ODDM (LMMSE),0.386314655172414,0.0,4.33333333333333,0.0,0.134583650764622,OTFS,OTFS,OTFS,1.07158908507223,0.0643632533270832
546,HighSpeedRail,150,20,ETU,64,4000000000,val,555.940158663587,2,9,OTFS (MRC),0.0335249042145594,0,13.3333333333333,0.0,0.28307488752944,ODDM (LMMSE),0.201508620689655,0.0,8.0,0.0,0.181922769228866,OTFS,OTFS,OTFS,5.01071428571429,0.101152118300574
547,HighSpeedRail,300,0,ETU,64,4000000000,train,1111.88031732717,2,9,OTFS (MRC),0.385237068965517,0,3.66666666666667,0.0,0.144520777122725,ODDM (LMMSE),0.410201149425287,0.0,4.0,0.0,0.130171167139814,OTFS,OTFS,tie_otfs,0.0648018648018648,0.0143496099829105
548,HighSpeedRail,300,10,ETU,64,4000000000,train,1111.88031732717,2,9,OTFS (MRC),0.19683908045977,0,7.66666666666667,0.0,0.194526418487943,ODDM (LMMSE),0.387990900383142,0.0,4.33333333333333,0.0,0.134666884827051,OTFS,OTFS,OTFS,0.971107055961071,0.0598595336608912
549,HighSpeedRail,300,20,ETU,64,4000000000,train,1111.88031732717,2,9,OTFS (MRC),0.0289152298850575,0,12.6666666666667,0.0,0.280073176992161,ODDM (LMMSE),0.225574712643678,0.0,7.66666666666667,0.0,0.176537158326492,OTFS,OTFS,OTFS,6.80124223602484,0.103536018665669
550,Urban,40,7,ETU,64,4000000000,test,148.250708976956,2,9,OTFS (MRC),0.203484195402299,0,7.66666666666667,0.0,0.19362263847572,ODDM (LMMSE),0.372365900383142,0.0,4.0,0.0,0.131195259057433,OTFS,OTFS,OTFS,0.829949985289791,0.0624273794182867
551,Highway,120,7,ETU,64,4000000000,test,444.752126930869,2,9,OTFS (MRC),0.244612068965517,0,7.0,0.0,0.186298059425508,ODDM (LMMSE),0.384818007662835,0.0,4.0,0.0,0.130901930447547,OTFS,OTFS,OTFS,0.573176700930005,0.0553961289779611
552,HighSpeedRail,250,7,ETU,64,4000000000,test,926.566931105978,2,9,OTFS (MRC),0.267420977011494,0,6.33333333333333,0.0,0.175704699423763,ODDM (LMMSE),0.383860153256705,0.0,4.0,0.0,0.131624716987495,OTFS,OTFS,OTFS,0.435415267517349,0.0440799824362682
553,Urban,40,17,ETU,64,4000000000,test,148.250708976956,2,9,OTFS (MRC),0.0332255747126437,0,12.3333333333333,0.0,0.275605999230016,ODDM (LMMSE),0.262811302681992,0.0,7.0,0.0,0.167632290421,OTFS,OTFS,OTFS,6.90990990990991,0.107973708809016
554,Highway,120,17,ETU,64,4000000000,test,444.752126930869,2,9,OTFS (MRC),0.0624401340996169,0,11.3333333333333,0.0,0.253640574541237,ODDM (LMMSE),0.284901819923372,0.0,6.33333333333333,0.0,0.159513788706265,OTFS,OTFS,OTFS,3.56279961649089,0.0941267858349715
555,HighSpeedRail,250,17,ETU,64,4000000000,test,926.566931105978,2,9,OTFS (MRC),0.0718390804597701,0,10.6666666666667,0.0,0.241819910839219,ODDM (LMMSE),0.310943486590038,0.0,6.66666666666667,0.0,0.161364812938007,OTFS,OTFS,OTFS,3.32833333333333,0.080455097901212
556,HighSpeedRail,150,5,EVA,4,2000000000,train,277.970079331793,1,9,OTFS (MRC),0.141666666666667,0,5.66666666666667,0.0,0.184796389157176,ODDM (LMMSE),0.0932291666666667,0.0,5.66666666666667,0.0,0.17101738350198,ODDM,OTFS,OTFS,0.519553072625698,0.0137790056551966
557,HighSpeedRail,150,15,EVA,4,2000000000,train,277.970079331793,1,9,OTFS (MRC),0.0126736111111111,600000,12.6666666666667,1.25,0.628967872764103,ODDM (LMMSE),0.0052083333333333,598830.409356725,13.3333333333333,1.24756335282651,0.628521456504352,ODDM,OTFS,tie,1.43333333333333,0.0004464162597506
558,HighSpeedRail,350,5,EVA,4,2000000000,train,648.596851774185,1,9,OTFS (MRC),0.136979166666667,0,5.0,0.0,0.179001673779454,ODDM (LMMSE),0.0704861111111111,0.0,6.33333333333333,0.0,0.182736395932949,ODDM,ODDM,tie_oddm,0.943349753694582,0.0037347221534952
559,HighSpeedRail,350,15,EVA,4,2000000000,train,648.596851774185,1,9,OTFS (MRC),0.0045138888888888,300000,13.3333333333333,0.625,0.489645835617293,ODDM (LMMSE),0.0006944444444444,299415.204678363,14.6666666666667,0.623781676413255,0.513787164260749,ODDM,ODDM,ODDM,5.5,0.0241413286434558
560,Urban,40,2,EVA,4,2000000000,test,74.1253544884782,1,9,OTFS (MRC),0.0618055555555556,0,7.33333333333333,0.0,0.217482582939572,ODDM (LMMSE),0.0618055555555556,0.0,6.66666666666667,0.0,0.188308076026894,OTFS,OTFS,tie_otfs,0.0,0.0291745069126779
561,Urban,40,17,EVA,4,2000000000,test,74.1253544884782,1,9,OTFS (MRC),0.0,900000,15.0,1.875,0.987558238813543,ODDM (LMMSE),0.0,898245.614035088,15.0,1.87134502923977,0.964846187223337,OTFS,OTFS,tie_otfs,0.0,0.0227120515902053
562,HighSpeedRail,250,2,EVA,4,2000000000,test,463.283465552989,1,9,OTFS (MRC),0.190451388888889,0,4.33333333333333,0.0,0.166392299681854,ODDM (LMMSE),0.132465277777778,0.0,4.66666666666667,0.0,0.154760828879389,ODDM,OTFS,OTFS,0.437745740498034,0.0116314708024654
563,HighSpeedRail,250,17,EVA,4,2000000000,test,463.283465552989,1,9,OTFS (MRC),0.0012152777777777,600000,14.0,1.25,0.685262664415786,ODDM (LMMSE),0.0001736111111111,598830.409356725,15.0,1.24756335282651,0.706578541421002,ODDM,ODDM,ODDM,6.0,0.0213158770052153
564,HighSpeedRail,150,5,EVA,4,3500000000,train,486.447638830638,1,9,OTFS (MRC),0.120833333333333,0,5.66666666666667,0.0,0.187130083338947,ODDM (LMMSE),0.0772569444444444,0.0,6.0,0.0,0.177511236674643,ODDM,OTFS,OTFS,0.564044943820225,0.0096188466643043
565,HighSpeedRail,150,15,EVA,4,3500000000,train,486.447638830638,1,9,OTFS (MRC),0.0048611111111111,600000,13.3333333333333,1.25,0.65282748168703,ODDM (LMMSE),0.0003472222222222,598830.409356725,15.0,1.24756335282651,0.694203027063067,ODDM,ODDM,ODDM,13.0,0.0413755453760369
566,HighSpeedRail,350,5,EVA,4,3500000000,train,1135.04449060482,1,9,OTFS (MRC),0.115625,0,5.66666666666667,0.0,0.187265889540135,ODDM (LMMSE),0.0678819444444444,0.0,6.66666666666667,0.0,0.187141815945867,ODDM,OTFS,tie,0.703324808184143,0.000124073594268
567,HighSpeedRail,350,15,EVA,4,3500000000,train,1135.04449060482,1,9,OTFS (MRC),0.0027777777777777,600000,13.6666666666667,1.25,0.66595499868496,ODDM (LMMSE),0.0020833333333333,598830.409356725,13.6666666666667,1.24756335282651,0.648741641250157,ODDM,OTFS,OTFS,0.333333333333333,0.017213357434803
568,Urban,40,2,EVA,4,3500000000,test,129.719370354837,1,9,OTFS (MRC),0.0701388888888889,0,6.33333333333333,0.0,0.20481545413521,ODDM (LMMSE),0.0697916666666667,0.0,6.33333333333333,0.0,0.183126166475825,ODDM,OTFS,tie,0.0049751243781094,0.021689287659385
569,Urban,40,17,EVA,4,3500000000,test,129.719370354837,1,9,OTFS (MRC),0.0,900000,15.0,1.875,0.987949450916624,ODDM (LMMSE),0.0,898245.614035088,15.0,1.87134502923977,0.964064453337494,OTFS,OTFS,tie_otfs,0.0,0.0238849975791304
570,HighSpeedRail,250,2,EVA,4,3500000000,test,810.746064717731,1,9,OTFS (MRC),0.192708333333333,0,4.0,0.0,0.163965140302905,ODDM (LMMSE),0.130729166666667,0.0,4.66666666666667,0.0,0.154942490529536,ODDM,OTFS,OTFS,0.47410358565737,0.0090226497733692
571,HighSpeedRail,250,17,EVA,4,3500000000,test,810.746064717731,1,9,OTFS (MRC),0.0001736111111111,600000,15.0,1.25,0.730171590426432,ODDM (LMMSE),0.0001736111111111,598830.409356725,15.0,1.24756335282651,0.706807660311729,OTFS,OTFS,tie_otfs,0.0,0.0233639301147026
572,HighSpeedRail,150,5,EVA,4,5900000000,train,820.011734028791,1,9,OTFS (MRC),0.113368055555556,0,5.66666666666667,0.0,0.189398137836862,ODDM (LMMSE),0.0673611111111111,0.0,6.33333333333333,0.0,0.183291304703882,ODDM,OTFS,OTFS,0.68298969072165,0.0061068331329798
573,HighSpeedRail,150,15,EVA,4,5900000000,val,820.011734028791,1,9,OTFS (MRC),0.0012152777777777,600000,14.0,1.25,0.685393114785441,ODDM (LMMSE),0.0017361111111111,299415.204678363,14.0,0.623781676413255,0.490432913434914,OTFS,OTFS,OTFS,0.428571428571428,0.194960201350526
574,HighSpeedRail,350,5,EVA,4,5900000000,train,1913.36071273384,1,9,OTFS (MRC),0.112847222222222,0,5.33333333333333,0.0,0.184108017018127,ODDM (LMMSE),0.0736111111111111,0.0,6.0,0.0,0.178323184908515,ODDM,OTFS,OTFS,0.533018867924528,0.0057848321096121
575,HighSpeedRail,350,15,EVA,4,5900000000,train,1913.36071273384,1,9,OTFS (MRC),0.0020833333333333,600000,13.6666666666667,1.25,0.672041294014621,ODDM (LMMSE),0.0006944444444444,299415.204678363,14.6666666666667,0.623781676413255,0.512603042250228,ODDM,OTFS,OTFS,2.0,0.159438251764393
576,Urban,40,2,EVA,4,5900000000,test,218.669795741011,1,9,OTFS (MRC),0.170138888888889,0,4.0,0.0,0.16601978174845,ODDM (LMMSE),0.132465277777778,0.0,4.66666666666667,0.0,0.154530694932924,ODDM,OTFS,OTFS,0.284403669724771,0.0114890868155257
577,Urban,40,17,EVA,4,5900000000,test,218.669795741011,1,9,OTFS (MRC),0.0,900000,15.0,1.875,0.988121443238642,ODDM (LMMSE),0.0,898245.614035088,15.0,1.87134502923977,0.964062702678718,OTFS,OTFS,tie_otfs,0.0,0.0240587405599237
578,HighSpeedRail,250,2,EVA,4,5900000000,test,1366.68622338132,1,9,OTFS (MRC),0.198090277777778,0,4.0,0.0,0.162300749786989,ODDM (LMMSE),0.136805555555556,0.0,4.66666666666667,0.0,0.154343819889354,ODDM,OTFS,OTFS,0.447969543147208,0.0079569298976352
579,HighSpeedRail,250,17,EVA,4,5900000000,test,1366.68622338132,1,9,OTFS (MRC),0.0006944444444444,600000,14.3333333333333,1.25,0.698809440604731,ODDM (LMMSE),0.0,898245.614035088,15.0,1.87134502923977,0.964410548413898,ODDM,ODDM,ODDM,694444444.444445,0.265601107809167
