scenario_id,timestamp,split,environment,speed_kmph,snr_db,doppler_hz,carrier_frequency_hz,bandwidth_hz,channel_profile,delay_spread_taps,num_paths,doppler_spread_hz,modulation,detector,waveform,n_trials,BER,SER,PER,throughput_bps,spectral_efficiency,latency_ms,packet_loss,recovery_rate,CQI,ACS
1,2026-08-23 14:50:45,val,Pedestrian,0,-10,0.0,4000000000,480000,EPA,0,7,0.0,4,MRC,OTFS,3,0.373784722222222,0.599305555555556,1.0,0.0,0.0,56.6370333333333,1.0,0.0,2.66666666666667,0.11981212963626
1,2026-08-23 14:50:45,val,Pedestrian,0,-10,0.0,4000000000,480000,EPA,0,7,0.0,4,LMMSE,ODDM,3,0.369791666666667,0.602430555555556,1.0,0.0,0.0,67.6214333333333,1.0,0.0,2.66666666666667,0.115980339455873
2,2026-08-23 14:50:45,train,Pedestrian,0,-10,0.0,4000000000,480000,EPA,0,7,0.0,16,MRC,OTFS,3,0.427951388888889,0.881944444444444,1.0,0.0,0.0,15.1877666666667,1.0,0.0,2.33333333333333,0.131379188180531
2,2026-08-23 14:50:45,train,Pedestrian,0,-10,0.0,4000000000,480000,EPA,0,7,0.0,16,LMMSE,ODDM,3,0.426736111111111,0.913194444444444,1.0,0.0,0.0,57.3675333333333,1.0,0.0,3.33333333333333,0.123806715716069
3,2026-08-23 14:50:46,train,Pedestrian,0,-5,0.0,4000000000,480000,EPA,0,7,0.0,4,MRC,OTFS,3,0.291319444444444,0.482638888888889,1.0,0.0,0.0,10.2252333333333,1.0,0.0,3.0,0.147333817082418
3,2026-08-23 14:50:46,train,Pedestrian,0,-5,0.0,4000000000,480000,EPA,0,7,0.0,4,LMMSE,ODDM,3,0.281423611111111,0.473958333333333,1.0,0.0,0.0,56.7084,1.0,0.0,3.33333333333333,0.131587793603265
4,2026-08-23 14:50:46,val,Pedestrian,0,-5,0.0,4000000000,480000,EPA,0,7,0.0,16,MRC,OTFS,3,0.363802083333333,0.814236111111111,1.0,0.0,0.0,9.71543333333333,1.0,0.0,3.33333333333333,0.146889000302303
4,2026-08-23 14:50:46,val,Pedestrian,0,-5,0.0,4000000000,480000,EPA,0,7,0.0,16,LMMSE,ODDM,3,0.386371527777778,0.901388888888889,1.0,0.0,0.0,58.0055,1.0,0.0,4.0,0.132032419261534
5,2026-08-23 14:50:46,train,Pedestrian,0,0,0.0,4000000000,480000,EPA,0,7,0.0,4,MRC,OTFS,3,0.183506944444444,0.311111111111111,1.0,0.0,0.0,9.48643333333333,1.0,0.0,5.0,0.176048661861863
5,2026-08-23 14:50:46,train,Pedestrian,0,0,0.0,4000000000,480000,EPA,0,7,0.0,4,LMMSE,ODDM,3,0.178472222222222,0.311111111111111,1.0,0.0,0.0,57.6657,1.0,0.0,4.66666666666667,0.152802757299077
6,2026-08-23 14:50:46,val,Pedestrian,0,0,0.0,4000000000,480000,EPA,0,7,0.0,16,MRC,OTFS,3,0.270486111111111,0.694791666666667,1.0,0.0,0.0,14.7674666666667,1.0,0.0,4.33333333333333,0.15987623659268
6,2026-08-23 14:50:46,val,Pedestrian,0,0,0.0,4000000000,480000,EPA,0,7,0.0,16,LMMSE,ODDM,3,0.340625,0.876388888888889,1.0,0.0,0.0,69.3682666666667,1.0,0.0,4.33333333333333,0.133513560042529
7,2026-08-23 14:50:47,train,Pedestrian,0,5,0.0,4000000000,480000,EPA,0,7,0.0,4,MRC,OTFS,3,0.096875,0.171875,1.0,0.0,0.0,10.9344333333333,1.0,0.0,8.66666666666667,0.223587394007066
7,2026-08-23 14:50:47,train,Pedestrian,0,5,0.0,4000000000,480000,EPA,0,7,0.0,4,LMMSE,ODDM,3,0.0914930555555555,0.165972222222222,1.0,0.0,0.0,67.9327666666667,1.0,0.0,8.33333333333333,0.197809791486294
8,2026-08-23 14:50:47,train,Pedestrian,0,5,0.0,4000000000,480000,EPA,0,7,0.0,16,MRC,OTFS,3,0.15390625,0.478472222222222,1.0,0.0,0.0,12.3891666666667,1.0,0.0,6.33333333333333,0.191191035827892
8,2026-08-23 14:50:47,train,Pedestrian,0,5,0.0,4000000000,480000,EPA,0,7,0.0,16,LMMSE,ODDM,3,0.291493055555556,0.824305555555556,1.0,0.0,0.0,68.8472,1.0,0.0,5.0,0.143183321859868
9,2026-08-23 14:50:47,train,Pedestrian,0,10,0.0,4000000000,480000,EPA,0,7,0.0,4,MRC,OTFS,3,0.0449652777777778,0.0836805555555555,0.666666666666667,300000.0,0.625,8.67773333333333,0.666666666666667,0.333333333333333,11.6666666666667,0.433134028724177
9,2026-08-23 14:50:47,train,Pedestrian,0,10,0.0,4000000000,480000,EPA,0,7,0.0,4,LMMSE,ODDM,3,0.0414930555555556,0.0756944444444444,0.666666666666667,299415.204678363,0.623781676413255,59.9106666666667,0.666666666666667,0.333333333333333,11.6666666666667,0.41288836076366
10,2026-08-23 14:50:47,train,Pedestrian,0,10,0.0,4000000000,480000,EPA,0,7,0.0,16,MRC,OTFS,3,0.0620659722222222,0.225,1.0,0.0,0.0,8.6779,1.0,0.0,9.66666666666667,0.242718270510287
10,2026-08-23 14:50:47,train,Pedestrian,0,10,0.0,4000000000,480000,EPA,0,7,0.0,16,LMMSE,ODDM,3,0.190017361111111,0.578125,1.0,0.0,0.0,57.8283,1.0,0.0,6.33333333333333,0.16827423599734
11,2026-08-23 14:50:48,train,Pedestrian,0,15,0.0,4000000000,480000,EPA,0,7,0.0,4,MRC,OTFS,3,0.0085069444444444,0.0166666666666667,0.333333333333333,600000.0,1.25,10.7917,0.333333333333333,0.666666666666667,12.6666666666667,0.636839909383121
11,2026-08-23 14:50:48,train,Pedestrian,0,15,0.0,4000000000,480000,EPA,0,7,0.0,4,LMMSE,ODDM,3,0.0072916666666666,0.0142361111111111,0.333333333333333,598830.409356725,1.24756335282651,60.9664333333333,0.333333333333333,0.666666666666667,13.0,0.6218184272154
12,2026-08-23 14:50:48,train,Pedestrian,0,15,0.0,4000000000,480000,EPA,0,7,0.0,16,MRC,OTFS,3,0.0123263888888889,0.0486111111111111,0.666666666666667,600000.0,1.25,15.9459,0.666666666666667,0.333333333333333,13.3333333333333,0.46980178059271
12,2026-08-23 14:50:48,train,Pedestrian,0,15,0.0,4000000000,480000,EPA,0,7,0.0,16,LMMSE,ODDM,3,0.0753472222222222,0.251388888888889,0.666666666666667,598830.409356725,1.24756335282651,69.6355666666667,0.666666666666667,0.333333333333333,10.3333333333333,0.385241947179807
13,2026-08-23 14:50:48,val,Pedestrian,0,20,0.0,4000000000,480000,EPA,0,7,0.0,4,MRC,OTFS,3,0.0001736111111111,0.0003472222222222,0.333333333333333,600000.0,1.25,10.2878666666667,0.333333333333333,0.666666666666667,15.0,0.730837064122452
13,2026-08-23 14:50:48,val,Pedestrian,0,20,0.0,4000000000,480000,EPA,0,7,0.0,4,LMMSE,ODDM,3,0.0,0.0,0.0,898245.614035088,1.87134502923977,61.1599333333333,0.0,1.0,15.0,0.967220667163993
14,2026-08-23 14:50:48,train,Pedestrian,0,20,0.0,4000000000,480000,EPA,0,7,0.0,16,MRC,OTFS,3,0.0004340277777777,0.0017361111111111,0.333333333333333,1200000.0,2.5,9.65056666666667,0.333333333333333,0.666666666666667,15.0,0.714559386469315
14,2026-08-23 14:50:48,train,Pedestrian,0,20,0.0,4000000000,480000,EPA,0,7,0.0,16,LMMSE,ODDM,3,0.003125,0.0125,0.333333333333333,1197660.81871345,2.49512670565302,60.7174333333333,0.333333333333333,0.666666666666667,14.0,0.647242637694414
15,2026-08-23 14:50:49,train,Urban,20,-10,74.1253544884782,4000000000,480000,EPA,0,7,74.1253423485591,4,MRC,OTFS,3,0.382291666666667,0.609722222222222,1.0,0.0,0.0,9.75816666666667,1.0,0.0,2.66666666666667,0.139304913541033
15,2026-08-23 14:50:49,train,Urban,20,-10,74.1253544884782,4000000000,480000,EPA,0,7,74.1253423485591,4,LMMSE,ODDM,3,0.371180555555556,0.599305555555556,1.0,0.0,0.0,58.4657666666667,1.0,0.0,2.66666666666667,0.119252917335259
16,2026-08-23 14:50:49,val,Urban,20,-10,74.1253544884782,4000000000,480000,EPA,0,7,74.1253423485591,16,MRC,OTFS,3,0.434982638888889,0.888541666666667,1.0,0.0,0.0,9.26136666666667,1.0,0.0,2.33333333333333,0.133871900024471
16,2026-08-23 14:50:49,val,Urban,20,-10,74.1253544884782,4000000000,480000,EPA,0,7,74.1253423485591,16,LMMSE,ODDM,3,0.434201388888889,0.915277777777778,1.0,0.0,0.0,56.5762,1.0,0.0,3.33333333333333,0.123790479192194
17,2026-08-23 14:50:49,train,Urban,20,-5,74.1253544884782,4000000000,480000,EPA,0,7,74.1253423485591,4,MRC,OTFS,3,0.296875,0.495138888888889,1.0,0.0,0.0,9.06786666666667,1.0,0.0,3.33333333333333,0.150876745715115
17,2026-08-23 14:50:49,train,Urban,20,-5,74.1253544884782,4000000000,480000,EPA,0,7,74.1253423485591,4,LMMSE,ODDM,3,0.284895833333333,0.478472222222222,1.0,0.0,0.0,58.4442,1.0,0.0,3.33333333333333,0.130715097768291
18,2026-08-23 14:50:49,train,Urban,20,-5,74.1253544884782,4000000000,480000,EPA,0,7,74.1253423485591,16,MRC,OTFS,3,0.380381944444444,0.83125,1.0,0.0,0.0,9.88493333333333,1.0,0.0,3.0,0.142668523340167
18,2026-08-23 14:50:49,train,Urban,20,-5,74.1253544884782,4000000000,480000,EPA,0,7,74.1253423485591,16,LMMSE,ODDM,3,0.396006944444444,0.900694444444444,1.0,0.0,0.0,57.2943333333333,1.0,0.0,3.66666666666667,0.128519885319412
19,2026-08-23 14:50:50,train,Urban,20,0,74.1253544884782,4000000000,480000,EPA,0,7,74.1253423485591,4,MRC,OTFS,3,0.188020833333333,0.323611111111111,1.0,0.0,0.0,8.91676666666667,1.0,0.0,4.66666666666667,0.172547626341591
19,2026-08-23 14:50:50,train,Urban,20,0,74.1253544884782,4000000000,480000,EPA,0,7,74.1253423485591,4,LMMSE,ODDM,3,0.182465277777778,0.314930555555556,1.0,0.0,0.0,57.0396,1.0,0.0,4.66666666666667,0.152637360665161
20,2026-08-23 14:50:50,train,Urban,20,0,74.1253544884782,4000000000,480000,EPA,0,7,74.1253423485591,16,MRC,OTFS,3,0.289149305555556,0.726388888888889,1.0,0.0,0.0,8.50983333333333,1.0,0.0,4.33333333333333,0.161620911514643
20,2026-08-23 14:50:50,train,Urban,20,0,74.1253544884782,4000000000,480000,EPA,0,7,74.1253423485591,16,LMMSE,ODDM,3,0.352604166666667,0.879861111111111,1.0,0.0,0.0,57.3510333333333,1.0,0.0,4.33333333333333,0.137265906829561
21,2026-08-23 14:50:50,train,Urban,20,5,74.1253544884782,4000000000,480000,EPA,0,7,74.1253423485591,4,MRC,OTFS,3,0.0939236111111111,0.169444444444444,1.0,0.0,0.0,8.9394,1.0,0.0,8.0,0.218429770059105
21,2026-08-23 14:50:50,train,Urban,20,5,74.1253544884782,4000000000,480000,EPA,0,7,74.1253423485591,4,LMMSE,ODDM,3,0.090625,0.166666666666667,1.0,0.0,0.0,58.3417666666667,1.0,0.0,8.66666666666667,0.204813266024533
22,2026-08-23 14:50:50,val,Urban,20,5,74.1253544884782,4000000000,480000,EPA,0,7,74.1253423485591,16,MRC,OTFS,3,0.179340277777778,0.523611111111111,1.0,0.0,0.0,9.63863333333333,1.0,0.0,6.0,0.186391725864197
22,2026-08-23 14:50:50,val,Urban,20,5,74.1253544884782,4000000000,480000,EPA,0,7,74.1253423485591,16,LMMSE,ODDM,3,0.301822916666667,0.827430555555556,1.0,0.0,0.0,57.7051333333333,1.0,0.0,4.66666666666667,0.143280414963465
23,2026-08-23 14:50:51,train,Urban,20,10,74.1253544884782,4000000000,480000,EPA,0,7,74.1253423485591,4,MRC,OTFS,3,0.0383680555555556,0.071875,0.666666666666667,300000.0,0.625,9.69196666666667,0.666666666666667,0.333333333333333,11.6666666666667,0.435520819253501
23,2026-08-23 14:50:51,train,Urban,20,10,74.1253544884782,4000000000,480000,EPA,0,7,74.1253423485591,4,LMMSE,ODDM,3,0.0328125,0.0607638888888889,0.666666666666667,299415.204678363,0.623781676413255,64.7572,0.666666666666667,0.333333333333333,11.6666666666667,0.415361282238799
24,2026-08-23 14:50:51,train,Urban,20,10,74.1253544884782,4000000000,480000,EPA,0,7,74.1253423485591,16,MRC,OTFS,3,0.08125,0.274652777777778,1.0,0.0,0.0,10.6526666666667,1.0,0.0,8.66666666666667,0.226903723460402
24,2026-08-23 14:50:51,train,Urban,20,10,74.1253544884782,4000000000,480000,EPA,0,7,74.1253423485591,16,LMMSE,ODDM,3,0.205555555555556,0.611458333333333,1.0,0.0,0.0,58.8139666666667,1.0,0.0,6.0,0.16315039402173
25,2026-08-23 14:50:51,train,Urban,20,15,74.1253544884782,4000000000,480000,EPA,0,7,74.1253423485591,4,MRC,OTFS,3,0.0055555555555555,0.0107638888888889,0.333333333333333,600000.0,1.25,8.34003333333333,0.333333333333333,0.666666666666667,13.3333333333333,0.652385420192692
25,2026-08-23 14:50:51,train,Urban,20,15,74.1253544884782,4000000000,480000,EPA,0,7,74.1253423485591,4,LMMSE,ODDM,3,0.0038194444444444,0.0072916666666666,0.333333333333333,598830.409356725,1.24756335282651,61.2077666666667,0.333333333333333,0.666666666666667,13.3333333333333,0.636763961782796
26,2026-08-23 14:50:51,train,Urban,20,15,74.1253544884782,4000000000,480000,EPA,0,7,74.1253423485591,16,MRC,OTFS,3,0.0228298611111111,0.0854166666666667,0.666666666666667,600000.0,1.25,9.14523333333334,0.666666666666667,0.333333333333333,12.0,0.448509382474033
26,2026-08-23 14:50:51,train,Urban,20,15,74.1253544884782,4000000000,480000,EPA,0,7,74.1253423485591,16,LMMSE,ODDM,3,0.103732638888889,0.326041666666667,1.0,0.0,0.0,58.7390333333333,1.0,0.0,9.33333333333333,0.208887228360868
27,2026-08-23 14:50:51,train,Urban,20,20,74.1253544884782,4000000000,480000,EPA,0,7,74.1253423485591,4,MRC,OTFS,3,0.0,0.0,0.0,900000.0,1.875,9.42686666666667,0.0,1.0,15.0,0.989145924045804
27,2026-08-23 14:50:51,train,Urban,20,20,74.1253544884782,4000000000,480000,EPA,0,7,74.1253423485591,4,LMMSE,ODDM,3,0.0,0.0,0.0,898245.614035088,1.87134502923977,57.5784333333333,0.0,1.0,15.0,0.96855149605099
28,2026-08-23 14:50:52,train,Urban,20,20,74.1253544884782,4000000000,480000,EPA,0,7,74.1253423485591,16,MRC,OTFS,3,0.0019097222222222,0.0076388888888888,0.333333333333333,1200000.0,2.5,9.0401,0.333333333333333,0.666666666666667,14.3333333333333,0.681373490616279
28,2026-08-23 14:50:52,train,Urban,20,20,74.1253544884782,4000000000,480000,EPA,0,7,74.1253423485591,16,LMMSE,ODDM,3,0.0184027777777778,0.0690972222222222,0.333333333333333,1197660.81871345,2.49512670565302,60.3266666666667,0.333333333333333,0.666666666666667,13.0,0.605302280586529
29,2026-08-23 14:50:52,train,Urban,60,-10,222.376063465435,4000000000,480000,EPA,0,7,222.376027045677,4,MRC,OTFS,3,0.396701388888889,0.642708333333333,1.0,0.0,0.0,9.725,1.0,0.0,2.66666666666667,0.138651171417131
29,2026-08-23 14:50:52,train,Urban,60,-10,222.376063465435,4000000000,480000,EPA,0,7,222.376027045677,4,LMMSE,ODDM,3,0.388541666666667,0.631944444444444,1.0,0.0,0.0,59.42,1.0,0.0,3.0,0.121403737885533
30,2026-08-23 14:50:52,train,Urban,60,-10,222.376063465435,4000000000,480000,EPA,0,7,222.376027045677,16,MRC,OTFS,3,0.445920138888889,0.892013888888889,1.0,0.0,0.0,9.2938,1.0,0.0,2.33333333333333,0.133407036643121
30,2026-08-23 14:50:52,train,Urban,60,-10,222.376063465435,4000000000,480000,EPA,0,7,222.376027045677,16,LMMSE,ODDM,3,0.446006944444444,0.913194444444444,1.0,0.0,0.0,58.9773666666667,1.0,0.0,3.33333333333333,0.122405683970693
31,2026-08-23 14:50:52,val,Urban,60,-5,222.376063465435,4000000000,480000,EPA,0,7,222.376027045677,4,MRC,OTFS,3,0.315972222222222,0.528472222222222,1.0,0.0,0.0,8.0974,1.0,0.0,3.33333333333333,0.150213460504426
31,2026-08-23 14:50:52,val,Urban,60,-5,222.376063465435,4000000000,480000,EPA,0,7,222.376027045677,4,LMMSE,ODDM,3,0.303125,0.513888888888889,1.0,0.0,0.0,59.0317333333333,1.0,0.0,3.33333333333333,0.129373773284773
32,2026-08-23 14:50:53,train,Urban,60,-5,222.376063465435,4000000000,480000,EPA,0,7,222.376027045677,16,MRC,OTFS,3,0.398958333333333,0.846875,1.0,0.0,0.0,9.59346666666667,1.0,0.0,3.0,0.141944511456933
32,2026-08-23 14:50:53,train,Urban,60,-5,222.376063465435,4000000000,480000,EPA,0,7,222.376027045677,16,LMMSE,ODDM,3,0.410590277777778,0.901388888888889,1.0,0.0,0.0,59.2481666666667,1.0,0.0,3.66666666666667,0.127135471176187
33,2026-08-23 14:50:53,train,Urban,60,0,222.376063465435,4000000000,480000,EPA,0,7,222.376027045677,4,MRC,OTFS,3,0.206423611111111,0.362847222222222,1.0,0.0,0.0,9.31123333333333,1.0,0.0,4.0,0.164002787603469
33,2026-08-23 14:50:53,train,Urban,60,0,222.376063465435,4000000000,480000,EPA,0,7,222.376027045677,4,LMMSE,ODDM,3,0.196180555555556,0.351388888888889,1.0,0.0,0.0,59.2619,1.0,0.0,4.0,0.143828394473957
34,2026-08-23 14:50:53,val,Urban,60,0,222.376063465435,4000000000,480000,EPA,0,7,222.376027045677,16,MRC,OTFS,3,0.31796875,0.767708333333333,1.0,0.0,0.0,9.8833,1.0,0.0,4.0,0.155912444567779
34,2026-08-23 14:50:53,val,Urban,60,0,222.376063465435,4000000000,480000,EPA,0,7,222.376027045677,16,LMMSE,ODDM,3,0.365972222222222,0.882291666666667,1.0,0.0,0.0,57.2983333333333,1.0,0.0,4.33333333333333,0.136612328465061
35,2026-08-23 14:50:53,val,Urban,60,5,222.376063465435,4000000000,480000,EPA,0,7,222.376027045677,4,MRC,OTFS,3,0.0901041666666667,0.166319444444444,1.0,0.0,0.0,8.40383333333333,1.0,0.0,7.33333333333333,0.212770770473396
35,2026-08-23 14:50:53,val,Urban,60,5,222.376063465435,4000000000,480000,EPA,0,7,222.376027045677,4,LMMSE,ODDM,3,0.0909722222222222,0.165972222222222,1.0,0.0,0.0,58.1780666666667,1.0,0.0,7.0,0.18813856585825
36,2026-08-23 14:50:54,train,Urban,60,5,222.376063465435,4000000000,480000,EPA,0,7,222.376027045677,16,MRC,OTFS,3,0.2109375,0.588541666666667,1.0,0.0,0.0,9.42496666666667,1.0,0.0,5.66666666666667,0.180223755540091
36,2026-08-23 14:50:54,train,Urban,60,5,222.376063465435,4000000000,480000,EPA,0,7,222.376027045677,16,LMMSE,ODDM,3,0.320225694444444,0.845833333333333,1.0,0.0,0.0,58.9517666666667,1.0,0.0,4.66666666666667,0.141743775859548
37,2026-08-23 14:50:54,train,Urban,60,10,222.376063465435,4000000000,480000,EPA,0,7,222.376027045677,4,MRC,OTFS,3,0.0288194444444444,0.0555555555555556,0.666666666666667,300000.0,0.625,9.06606666666667,0.666666666666667,0.333333333333333,11.3333333333333,0.437664606756145
37,2026-08-23 14:50:54,train,Urban,60,10,222.376063465435,4000000000,480000,EPA,0,7,222.376027045677,4,LMMSE,ODDM,3,0.0220486111111111,0.0423611111111111,0.666666666666667,299415.204678363,0.623781676413255,58.5138666666667,0.666666666666667,0.333333333333333,11.6666666666667,0.424849215266084
38,2026-08-23 14:50:54,train,Urban,60,10,222.376063465435,4000000000,480000,EPA,0,7,222.376027045677,16,MRC,OTFS,3,0.102430555555556,0.332986111111111,1.0,0.0,0.0,10.1235,1.0,0.0,8.0,0.21629632515574
38,2026-08-23 14:50:54,train,Urban,60,10,222.376063465435,4000000000,480000,EPA,0,7,222.376027045677,16,LMMSE,ODDM,3,0.248611111111111,0.719097222222222,1.0,0.0,0.0,59.6651333333333,1.0,0.0,5.66666666666667,0.156059274690905
39,2026-08-23 14:50:54,train,Urban,60,15,222.376063465435,4000000000,480000,EPA,0,7,222.376027045677,4,MRC,OTFS,3,0.0027777777777777,0.0055555555555555,0.333333333333333,600000.0,1.25,8.35446666666667,0.333333333333333,0.666666666666667,13.6666666666667,0.668254748343091
39,2026-08-23 14:50:54,train,Urban,60,15,222.376063465435,4000000000,480000,EPA,0,7,222.376027045677,4,LMMSE,ODDM,3,0.0017361111111111,0.0034722222222222,0.333333333333333,598830.409356725,1.24756335282651,59.8450666666667,0.333333333333333,0.666666666666667,14.0,0.658201670804598
40,2026-08-23 14:50:54,train,Urban,60,15,222.376063465435,4000000000,480000,EPA,0,7,222.376027045677,16,MRC,OTFS,3,0.0366319444444444,0.133333333333333,1.0,0.0,0.0,8.86163333333333,1.0,0.0,11.3333333333333,0.26883841133155
40,2026-08-23 14:50:54,train,Urban,60,15,222.376063465435,4000000000,480000,EPA,0,7,222.376027045677,16,LMMSE,ODDM,3,0.120052083333333,0.371875,1.0,0.0,0.0,59.8244333333333,1.0,0.0,9.0,0.202506477903482
41,2026-08-23 14:50:55,train,Urban,60,20,222.376063465435,4000000000,480000,EPA,0,7,222.376027045677,4,MRC,OTFS,3,0.0,0.0,0.0,900000.0,1.875,8.30143333333333,0.0,1.0,15.0,0.98968424600292
41,2026-08-23 14:50:55,train,Urban,60,20,222.376063465435,4000000000,480000,EPA,0,7,222.376027045677,4,LMMSE,ODDM,3,0.0,0.0,0.0,898245.614035088,1.87134502923977,60.2467666666667,0.0,1.0,15.0,0.967557725274548
42,2026-08-23 14:50:55,train,Urban,60,20,222.376063465435,4000000000,480000,EPA,0,7,222.376027045677,16,MRC,OTFS,3,0.0065104166666666,0.0253472222222222,0.333333333333333,1200000.0,2.5,10.3125,0.333333333333333,0.666666666666667,13.6666666666667,0.651907396229558
42,2026-08-23 14:50:55,train,Urban,60,20,222.376063465435,4000000000,480000,EPA,0,7,222.376027045677,16,LMMSE,ODDM,3,0.0457465277777778,0.156944444444444,0.666666666666667,598830.409356725,1.24756335282651,61.4005666666667,0.666666666666667,0.333333333333333,12.3333333333333,0.41723901313879
43,2026-08-23 14:50:55,train,Highway,100,-10,370.626772442391,4000000000,480000,EPA,0,7,370.626711742796,4,MRC,OTFS,3,0.396701388888889,0.633680555555556,1.0,0.0,0.0,9.30753333333333,1.0,0.0,2.66666666666667,0.138850205557256
43,2026-08-23 14:50:55,train,Highway,100,-10,370.626772442391,4000000000,480000,EPA,0,7,370.626711742796,4,LMMSE,ODDM,3,0.384027777777778,0.620833333333333,1.0,0.0,0.0,61.9780666666667,1.0,0.0,3.0,0.120670962898055
44,2026-08-23 14:50:55,train,Highway,100,-10,370.626772442391,4000000000,480000,EPA,0,7,370.626711742796,16,MRC,OTFS,3,0.448177083333333,0.896875,1.0,0.0,0.0,9.31146666666667,1.0,0.0,2.33333333333333,0.133307248128734
44,2026-08-23 14:50:55,train,Highway,100,-10,370.626772442391,4000000000,480000,EPA,0,7,370.626711742796,16,LMMSE,ODDM,3,0.442881944444444,0.919791666666667,1.0,0.0,0.0,60.8671333333333,1.0,0.0,3.33333333333333,0.121832657638887
45,2026-08-23 14:50:56,train,Highway,100,-5,370.626772442391,4000000000,480000,EPA,0,7,370.626711742796,4,MRC,OTFS,3,0.315972222222222,0.525,1.0,0.0,0.0,8.4277,1.0,0.0,3.33333333333333,0.150054994273665
45,2026-08-23 14:50:56,train,Highway,100,-5,370.626772442391,4000000000,480000,EPA,0,7,370.626711742796,4,LMMSE,ODDM,3,0.311111111111111,0.520833333333333,1.0,0.0,0.0,60.8020666666667,1.0,0.0,3.33333333333333,0.128247177446816
46,2026-08-23 14:50:56,train,Highway,100,-5,370.626772442391,4000000000,480000,EPA,0,7,370.626711742796,16,MRC,OTFS,3,0.404253472222222,0.862152777777778,1.0,0.0,0.0,9.3944,1.0,0.0,2.66666666666667,0.138467504622587
46,2026-08-23 14:50:56,train,Highway,100,-5,370.626772442391,4000000000,480000,EPA,0,7,370.626711742796,16,LMMSE,ODDM,3,0.411197916666667,0.909375,1.0,0.0,0.0,60.0229,1.0,0.0,3.66666666666667,0.126821219116777
47,2026-08-23 14:50:56,train,Highway,100,0,370.626772442391,4000000000,480000,EPA,0,7,370.626711742796,4,MRC,OTFS,3,0.199305555555556,0.354166666666667,1.0,0.0,0.0,9.37856666666667,1.0,0.0,4.0,0.164605656416923
47,2026-08-23 14:50:56,train,Highway,100,0,370.626772442391,4000000000,480000,EPA,0,7,370.626711742796,4,LMMSE,ODDM,3,0.1953125,0.344444444444444,1.0,0.0,0.0,60.2209,1.0,0.0,4.33333333333333,0.146886292240016
48,2026-08-23 14:50:56,train,Highway,100,0,370.626772442391,4000000000,480000,EPA,0,7,370.626711742796,16,MRC,OTFS,3,0.314236111111111,0.771527777777778,1.0,0.0,0.0,9.58496666666667,1.0,0.0,4.0,0.156268206222403
48,2026-08-23 14:50:56,train,Highway,100,0,370.626772442391,4000000000,480000,EPA,0,7,370.626711742796,16,LMMSE,ODDM,3,0.369791666666667,0.890277777777778,1.0,0.0,0.0,60.3503,1.0,0.0,4.33333333333333,0.135287301322197
49,2026-08-23 14:50:57,train,Highway,100,5,370.626772442391,4000000000,480000,EPA,0,7,370.626711742796,4,MRC,OTFS,3,0.0890625,0.164930555555556,1.0,0.0,0.0,8.64086666666667,1.0,0.0,7.33333333333333,0.212867614279879
49,2026-08-23 14:50:57,train,Highway,100,5,370.626772442391,4000000000,480000,EPA,0,7,370.626711742796,4,LMMSE,ODDM,3,0.0815972222222222,0.154513888888889,1.0,0.0,0.0,60.7624,1.0,0.0,7.33333333333333,0.192480152462023
50,2026-08-23 14:50:57,val,Highway,100,5,370.626772442391,4000000000,480000,EPA,0,7,370.626711742796,16,MRC,OTFS,3,0.209288194444444,0.592013888888889,1.0,0.0,0.0,9.52726666666667,1.0,0.0,5.66666666666667,0.180317016839572
50,2026-08-23 14:50:57,val,Highway,100,5,370.626772442391,4000000000,480000,EPA,0,7,370.626711742796,16,LMMSE,ODDM,3,0.322135416666667,0.851388888888889,1.0,0.0,0.0,60.3333666666667,1.0,0.0,4.66666666666667,0.141123506403365
51,2026-08-23 14:50:57,train,Highway,100,10,370.626772442391,4000000000,480000,EPA,0,7,370.626711742796,4,MRC,OTFS,3,0.0248263888888889,0.0486111111111111,0.666666666666667,300000.0,0.625,8.59303333333333,0.666666666666667,0.333333333333333,12.0,0.44725641103775
51,2026-08-23 14:50:57,train,Highway,100,10,370.626772442391,4000000000,480000,EPA,0,7,370.626711742796,4,LMMSE,ODDM,3,0.0196180555555556,0.0378472222222222,0.666666666666667,299415.204678363,0.623781676413255,61.5335333333333,0.666666666666667,0.333333333333333,12.3333333333333,0.432511045030315
52,2026-08-23 14:50:57,train,Highway,100,10,370.626772442391,4000000000,480000,EPA,0,7,370.626711742796,16,MRC,OTFS,3,0.100607638888889,0.327777777777778,1.0,0.0,0.0,9.3992,1.0,0.0,8.33333333333333,0.220299498191576
52,2026-08-23 14:50:57,train,Highway,100,10,370.626772442391,4000000000,480000,EPA,0,7,370.626711742796,16,LMMSE,ODDM,3,0.245833333333333,0.717013888888889,1.0,0.0,0.0,60.1908,1.0,0.0,5.66666666666667,0.156067816296954
53,2026-08-23 14:50:58,train,Highway,100,15,370.626772442391,4000000000,480000,EPA,0,7,370.626711742796,4,MRC,OTFS,3,0.0022569444444444,0.0045138888888888,0.333333333333333,600000.0,1.25,8.01163333333333,0.333333333333333,0.666666666666667,13.6666666666667,0.672176652615709
53,2026-08-23 14:50:58,train,Highway,100,15,370.626772442391,4000000000,480000,EPA,0,7,370.626711742796,4,LMMSE,ODDM,3,0.0017361111111111,0.0034722222222222,0.333333333333333,598830.409356725,1.24756335282651,60.5775,0.333333333333333,0.666666666666667,14.0,0.657930657128254
54,2026-08-23 14:50:58,train,Highway,100,15,370.626772442391,4000000000,480000,EPA,0,7,370.626711742796,16,MRC,OTFS,3,0.0348090277777778,0.128125,1.0,0.0,0.0,9.2557,1.0,0.0,11.6666666666667,0.272907106439966
54,2026-08-23 14:50:58,train,Highway,100,15,370.626772442391,4000000000,480000,EPA,0,7,370.626711742796,16,LMMSE,ODDM,3,0.120225694444444,0.374305555555556,1.0,0.0,0.0,59.4769,1.0,0.0,9.0,0.202609282756086
55,2026-08-23 14:50:58,train,Highway,100,20,370.626772442391,4000000000,480000,EPA,0,7,370.626711742796,4,MRC,OTFS,3,0.0,0.0,0.0,900000.0,1.875,8.36256666666667,0.0,1.0,15.0,0.989654926582939
55,2026-08-23 14:50:58,train,Highway,100,20,370.626772442391,4000000000,480000,EPA,0,7,370.626711742796,4,LMMSE,ODDM,3,0.0,0.0,0.0,898245.614035088,1.87134502923977,61.1015666666667,0.0,1.0,15.0,0.967242164822523
56,2026-08-23 14:50:58,train,Highway,100,20,370.626772442391,4000000000,480000,EPA,0,7,370.626711742796,16,MRC,OTFS,3,0.0052083333333333,0.0204861111111111,0.333333333333333,1200000.0,2.5,9.77266666666667,0.333333333333333,0.666666666666667,13.6666666666667,0.656202011530543
56,2026-08-23 14:50:58,train,Highway,100,20,370.626772442391,4000000000,480000,EPA,0,7,370.626711742796,16,LMMSE,ODDM,3,0.0401909722222222,0.145833333333333,0.333333333333333,1197660.81871345,2.49512670565302,62.7453666666667,0.333333333333333,0.666666666666667,12.3333333333333,0.583611340530755
57,2026-08-23 14:50:58,val,HighSpeedRail,150,-10,555.940158663587,4000000000,480000,EPA,0,7,555.940067614193,4,MRC,OTFS,3,0.397048611111111,0.627083333333333,1.0,0.0,0.0,9.70416666666667,1.0,0.0,2.66666666666667,0.138645262532486
57,2026-08-23 14:50:58,val,HighSpeedRail,150,-10,555.940158663587,4000000000,480000,EPA,0,7,555.940067614193,4,LMMSE,ODDM,3,0.373611111111111,0.60625,1.0,0.0,0.0,63.0414,1.0,0.0,3.0,0.120779624711839
58,2026-08-23 14:50:59,train,HighSpeedRail,150,-10,555.940158663587,4000000000,480000,EPA,0,7,555.940067614193,16,MRC,OTFS,3,0.460763888888889,0.901736111111111,1.0,0.0,0.0,9.6962,1.0,0.0,2.33333333333333,0.132622609200674
58,2026-08-23 14:50:59,train,HighSpeedRail,150,-10,555.940158663587,4000000000,480000,EPA,0,7,555.940067614193,16,LMMSE,ODDM,3,0.44375,0.915625,1.0,0.0,0.0,63.8908,1.0,0.0,3.33333333333333,0.120690463684631
59,2026-08-23 14:50:59,train,HighSpeedRail,150,-5,555.940158663587,4000000000,480000,EPA,0,7,555.940067614193,4,MRC,OTFS,3,0.318923611111111,0.528472222222222,1.0,0.0,0.0,9.37183333333333,1.0,0.0,3.0,0.146101899399326
59,2026-08-23 14:50:59,train,HighSpeedRail,150,-5,555.940158663587,4000000000,480000,EPA,0,7,555.940067614193,4,LMMSE,ODDM,3,0.298263888888889,0.502430555555556,1.0,0.0,0.0,61.5207666666667,1.0,0.0,3.33333333333333,0.128745624294359
60,2026-08-23 14:50:59,train,HighSpeedRail,150,-5,555.940158663587,4000000000,480000,EPA,0,7,555.940067614193,16,MRC,OTFS,3,0.415017361111111,0.864583333333333,1.0,0.0,0.0,10.3018666666667,1.0,0.0,2.66666666666667,0.137560050824925
60,2026-08-23 14:50:59,train,HighSpeedRail,150,-5,555.940158663587,4000000000,480000,EPA,0,7,555.940067614193,16,LMMSE,ODDM,3,0.411979166666667,0.908333333333333,1.0,0.0,0.0,61.8419666666667,1.0,0.0,3.66666666666667,0.126116204109234
61,2026-08-23 14:50:59,train,HighSpeedRail,150,0,555.940158663587,4000000000,480000,EPA,0,7,555.940067614193,4,MRC,OTFS,3,0.203472222222222,0.356944444444444,1.0,0.0,0.0,9.8807,1.0,0.0,4.0,0.16399198653411
61,2026-08-23 14:50:59,train,HighSpeedRail,150,0,555.940158663587,4000000000,480000,EPA,0,7,555.940067614193,4,LMMSE,ODDM,3,0.193229166666667,0.342013888888889,1.0,0.0,0.0,59.7029666666667,1.0,0.0,4.0,0.143938899291942
62,2026-08-23 14:51:00,train,HighSpeedRail,150,0,555.940158663587,4000000000,480000,EPA,0,7,555.940067614193,16,MRC,OTFS,3,0.323524305555556,0.774652777777778,1.0,0.0,0.0,9.291,1.0,0.0,4.0,0.15588129695806
62,2026-08-23 14:51:00,train,HighSpeedRail,150,0,555.940158663587,4000000000,480000,EPA,0,7,555.940067614193,16,LMMSE,ODDM,3,0.369791666666667,0.888888888888889,1.0,0.0,0.0,60.1945333333333,1.0,0.0,4.33333333333333,0.135344920180916
63,2026-08-23 14:51:00,train,HighSpeedRail,150,5,555.940158663587,4000000000,480000,EPA,0,7,555.940067614193,4,MRC,OTFS,3,0.0901041666666667,0.164236111111111,1.0,0.0,0.0,9.0111,1.0,0.0,7.0,0.209146739443467
63,2026-08-23 14:51:00,train,HighSpeedRail,150,5,555.940158663587,4000000000,480000,EPA,0,7,555.940067614193,4,LMMSE,ODDM,3,0.0854166666666667,0.154166666666667,1.0,0.0,0.0,60.4937333333333,1.0,0.0,7.0,0.188418221824094
64,2026-08-23 14:51:00,train,HighSpeedRail,150,5,555.940158663587,4000000000,480000,EPA,0,7,555.940067614193,16,MRC,OTFS,3,0.212673611111111,0.595138888888889,1.0,0.0,0.0,9.4644,1.0,0.0,5.66666666666667,0.180056622870595
64,2026-08-23 14:51:00,train,HighSpeedRail,150,5,555.940158663587,4000000000,480000,EPA,0,7,555.940067614193,16,LMMSE,ODDM,3,0.321267361111111,0.85625,1.0,0.0,0.0,59.2967,1.0,0.0,4.66666666666667,0.141556680788652
65,2026-08-23 14:51:00,val,HighSpeedRail,150,10,555.940158663587,4000000000,480000,EPA,0,7,555.940067614193,4,MRC,OTFS,3,0.0255208333333333,0.05,0.666666666666667,300000.0,0.625,8.24346666666667,0.666666666666667,0.333333333333333,12.0,0.446924769503136
65,2026-08-23 14:51:00,val,HighSpeedRail,150,10,555.940158663587,4000000000,480000,EPA,0,7,555.940067614193,4,LMMSE,ODDM,3,0.0232638888888889,0.0461805555555556,0.666666666666667,299415.204678363,0.623781676413255,60.1634666666667,0.666666666666667,0.333333333333333,12.0,0.426598617961537
66,2026-08-23 14:51:01,train,HighSpeedRail,150,10,555.940158663587,4000000000,480000,EPA,0,7,555.940067614193,16,MRC,OTFS,3,0.102256944444444,0.336458333333333,1.0,0.0,0.0,9.13926666666667,1.0,0.0,8.0,0.216796001590326
66,2026-08-23 14:51:01,train,HighSpeedRail,150,10,555.940158663587,4000000000,480000,EPA,0,7,555.940067614193,16,LMMSE,ODDM,3,0.247048611111111,0.723611111111111,1.0,0.0,0.0,60.5441333333333,1.0,0.0,5.33333333333333,0.152514610026068
67,2026-08-23 14:51:01,val,HighSpeedRail,150,15,555.940158663587,4000000000,480000,EPA,0,7,555.940067614193,4,MRC,OTFS,3,0.0027777777777777,0.0055555555555555,0.333333333333333,600000.0,1.25,10.2623,0.333333333333333,0.666666666666667,13.6666666666667,0.667344208014531
67,2026-08-23 14:51:01,val,HighSpeedRail,150,15,555.940158663587,4000000000,480000,EPA,0,7,555.940067614193,4,LMMSE,ODDM,3,0.0019097222222222,0.0038194444444444,0.333333333333333,598830.409356725,1.24756335282651,62.9597333333333,0.333333333333333,0.666666666666667,14.0,0.655331324557811
68,2026-08-23 14:51:01,train,HighSpeedRail,150,15,555.940158663587,4000000000,480000,EPA,0,7,555.940067614193,16,MRC,OTFS,3,0.0330729166666667,0.120833333333333,1.0,0.0,0.0,9.2373,1.0,0.0,12.0,0.277175032322781
68,2026-08-23 14:51:01,train,HighSpeedRail,150,15,555.940158663587,4000000000,480000,EPA,0,7,555.940067614193,16,LMMSE,ODDM,3,0.1171875,0.365277777777778,1.0,0.0,0.0,61.2716,1.0,0.0,8.33333333333333,0.195742250297658
69,2026-08-23 14:51:01,train,HighSpeedRail,150,20,555.940158663587,4000000000,480000,EPA,0,7,555.940067614193,4,MRC,OTFS,3,0.0,0.0,0.0,900000.0,1.875,8.6031,0.0,1.0,15.0,0.989539654255555
69,2026-08-23 14:51:01,train,HighSpeedRail,150,20,555.940158663587,4000000000,480000,EPA,0,7,555.940067614193,4,LMMSE,ODDM,3,0.0,0.0,0.0,898245.614035088,1.87134502923977,59.1789,0.0,1.0,15.0,0.967953841635314
70,2026-08-23 14:51:02,train,HighSpeedRail,150,20,555.940158663587,4000000000,480000,EPA,0,7,555.940067614193,16,MRC,OTFS,3,0.0041666666666666,0.0159722222222222,0.333333333333333,1200000.0,2.5,10.0267,0.333333333333333,0.666666666666667,14.0,0.663452379456186
70,2026-08-23 14:51:02,train,HighSpeedRail,150,20,555.940158663587,4000000000,480000,EPA,0,7,555.940067614193,16,LMMSE,ODDM,3,0.0396701388888889,0.136805555555556,0.333333333333333,1197660.81871345,2.49512670565302,61.1462,0.333333333333333,0.666666666666667,12.3333333333333,0.584433986010577
71,2026-08-23 14:51:02,train,HighSpeedRail,200,-10,741.253544884782,4000000000,480000,EPA,0,7,741.253423485591,4,MRC,OTFS,3,0.405902777777778,0.644791666666667,1.0,0.0,0.0,9.62196666666667,1.0,0.0,2.66666666666667,0.138285326388092
71,2026-08-23 14:51:02,train,HighSpeedRail,200,-10,741.253544884782,4000000000,480000,EPA,0,7,741.253423485591,4,LMMSE,ODDM,3,0.378298611111111,0.609027777777778,1.0,0.0,0.0,59.6240333333333,1.0,0.0,2.66666666666667,0.118478100071972
72,2026-08-23 14:51:02,train,HighSpeedRail,200,-10,741.253544884782,4000000000,480000,EPA,0,7,741.253423485591,16,MRC,OTFS,3,0.459288194444444,0.904513888888889,1.0,0.0,0.0,8.63356666666667,1.0,0.0,2.0,0.129854843307719
72,2026-08-23 14:51:02,train,HighSpeedRail,200,-10,741.253544884782,4000000000,480000,EPA,0,7,741.253423485591,16,LMMSE,ODDM,3,0.442534722222222,0.922222222222222,1.0,0.0,0.0,59.1952666666667,1.0,0.0,3.33333333333333,0.122466030117842
73,2026-08-23 14:51:02,train,HighSpeedRail,200,-5,741.253544884782,4000000000,480000,EPA,0,7,741.253423485591,4,MRC,OTFS,3,0.336284722222222,0.560763888888889,1.0,0.0,0.0,12.1055333333333,1.0,0.0,3.0,0.143847308637776
73,2026-08-23 14:51:02,train,HighSpeedRail,200,-5,741.253544884782,4000000000,480000,EPA,0,7,741.253423485591,4,LMMSE,ODDM,3,0.303645833333333,0.508680555555556,1.0,0.0,0.0,59.312,1.0,0.0,3.0,0.125905130447481
74,2026-08-23 14:51:03,train,HighSpeedRail,200,-5,741.253544884782,4000000000,480000,EPA,0,7,741.253423485591,16,MRC,OTFS,3,0.417447916666667,0.867708333333333,1.0,0.0,0.0,9.05793333333333,1.0,0.0,2.66666666666667,0.138046964383823
74,2026-08-23 14:51:03,train,HighSpeedRail,200,-5,741.253544884782,4000000000,480000,EPA,0,7,741.253423485591,16,LMMSE,ODDM,3,0.412413194444444,0.914583333333333,1.0,0.0,0.0,60.3801666666667,1.0,0.0,3.66666666666667,0.126635615649475
75,2026-08-23 14:51:03,train,HighSpeedRail,200,0,741.253544884782,4000000000,480000,EPA,0,7,741.253423485591,4,MRC,OTFS,3,0.233159722222222,0.410416666666667,1.0,0.0,0.0,10.1082333333333,1.0,0.0,3.66666666666667,0.158085915292224
75,2026-08-23 14:51:03,train,HighSpeedRail,200,0,741.253544884782,4000000000,480000,EPA,0,7,741.253423485591,4,LMMSE,ODDM,3,0.199305555555556,0.350694444444444,1.0,0.0,0.0,61.7167333333333,1.0,0.0,4.0,0.142635341232525
76,2026-08-23 14:51:03,train,HighSpeedRail,200,0,741.253544884782,4000000000,480000,EPA,0,7,741.253423485591,16,MRC,OTFS,3,0.340798611111111,0.793402777777778,1.0,0.0,0.0,8.58433333333333,1.0,0.0,3.66666666666667,0.151944567265792
76,2026-08-23 14:51:03,train,HighSpeedRail,200,0,741.253544884782,4000000000,480000,EPA,0,7,741.253423485591,16,LMMSE,ODDM,3,0.36953125,0.896875,1.0,0.0,0.0,60.2282,1.0,0.0,4.0,0.132011877451634
77,2026-08-23 14:51:03,train,HighSpeedRail,200,5,741.253544884782,4000000000,480000,EPA,0,7,741.253423485591,4,MRC,OTFS,3,0.101909722222222,0.187847222222222,1.0,0.0,0.0,9.82796666666667,1.0,0.0,6.0,0.19652914849191
77,2026-08-23 14:51:03,train,HighSpeedRail,200,5,741.253544884782,4000000000,480000,EPA,0,7,741.253423485591,4,LMMSE,ODDM,3,0.0958333333333333,0.174652777777778,1.0,0.0,0.0,60.9217333333333,1.0,0.0,6.33333333333333,0.179511331082753
78,2026-08-23 14:51:04,val,HighSpeedRail,200,5,741.253544884782,4000000000,480000,EPA,0,7,741.253423485591,16,MRC,OTFS,3,0.225434027777778,0.646527777777778,1.0,0.0,0.0,9.55613333333333,1.0,0.0,5.33333333333333,0.175625141795686
78,2026-08-23 14:51:04,val,HighSpeedRail,200,5,741.253544884782,4000000000,480000,EPA,0,7,741.253423485591,16,LMMSE,ODDM,3,0.327517361111111,0.869097222222222,1.0,0.0,0.0,60.3063666666667,1.0,0.0,4.66666666666667,0.140833664348287
79,2026-08-23 14:51:04,train,HighSpeedRail,200,10,741.253544884782,4000000000,480000,EPA,0,7,741.253423485591,4,MRC,OTFS,3,0.0269097222222222,0.0517361111111111,1.0,0.0,0.0,9.03076666666667,1.0,0.0,11.6666666666667,0.277672158938698
79,2026-08-23 14:51:04,train,HighSpeedRail,200,10,741.253544884782,4000000000,480000,EPA,0,7,741.253423485591,4,LMMSE,ODDM,3,0.0246527777777778,0.046875,1.0,0.0,0.0,60.9078333333333,1.0,0.0,12.0,0.260751903496256
80,2026-08-23 14:51:04,train,HighSpeedRail,200,10,741.253544884782,4000000000,480000,EPA,0,7,741.253423485591,16,MRC,OTFS,3,0.1109375,0.386805555555556,1.0,0.0,0.0,9.1228,1.0,0.0,7.33333333333333,0.208662802340633
80,2026-08-23 14:51:04,train,HighSpeedRail,200,10,741.253544884782,4000000000,480000,EPA,0,7,741.253423485591,16,LMMSE,ODDM,3,0.2609375,0.760416666666667,1.0,0.0,0.0,60.5958,1.0,0.0,5.33333333333333,0.151505773329616
81,2026-08-23 14:51:04,train,HighSpeedRail,200,15,741.253544884782,4000000000,480000,EPA,0,7,741.253423485591,4,MRC,OTFS,3,0.0026041666666666,0.0052083333333333,0.333333333333333,600000.0,1.25,9.2615,0.333333333333333,0.666666666666667,13.6666666666667,0.668988634208844
81,2026-08-23 14:51:04,train,HighSpeedRail,200,15,741.253544884782,4000000000,480000,EPA,0,7,741.253423485591,4,LMMSE,ODDM,3,0.0005208333333333,0.0010416666666666,0.333333333333333,598830.409356725,1.24756335282651,60.1038666666667,0.333333333333333,0.666666666666667,14.6666666666667,0.686559077734352
82,2026-08-23 14:51:04,train,HighSpeedRail,200,15,741.253544884782,4000000000,480000,EPA,0,7,741.253423485591,16,MRC,OTFS,3,0.03046875,0.114930555555556,1.0,0.0,0.0,9.71063333333333,1.0,0.0,11.0,0.268433392546261
82,2026-08-23 14:51:04,train,HighSpeedRail,200,15,741.253544884782,4000000000,480000,EPA,0,7,741.253423485591,16,LMMSE,ODDM,3,0.124045138888889,0.4,1.0,0.0,0.0,61.7731333333333,1.0,0.0,7.0,0.181195450589107
83,2026-08-23 14:51:05,val,HighSpeedRail,200,20,741.253544884782,4000000000,480000,EPA,0,7,741.253423485591,4,MRC,OTFS,3,0.0,0.0,0.0,900000.0,1.875,8.73996666666667,0.0,1.0,15.0,0.989474124626772
83,2026-08-23 14:51:05,val,HighSpeedRail,200,20,741.253544884782,4000000000,480000,EPA,0,7,741.253423485591,4,LMMSE,ODDM,3,0.0,0.0,0.0,898245.614035088,1.87134502923977,61.1198333333333,0.0,1.0,15.0,0.967235436154383
84,2026-08-23 14:51:05,train,HighSpeedRail,200,20,741.253544884782,4000000000,480000,EPA,0,7,741.253423485591,16,MRC,OTFS,3,0.0021701388888888,0.0086805555555555,0.333333333333333,1200000.0,2.5,12.4458333333333,0.333333333333333,0.666666666666667,14.3333333333333,0.677446438431405
84,2026-08-23 14:51:05,train,HighSpeedRail,200,20,741.253544884782,4000000000,480000,EPA,0,7,741.253423485591,16,LMMSE,ODDM,3,0.0274305555555556,0.101736111111111,1.0,0.0,0.0,67.3244666666667,1.0,0.0,12.3333333333333,0.259824742558949
85,2026-08-23 14:51:05,train,HighSpeedRail,300,-10,1111.88031732717,4000000000,480000,EPA,0,7,1111.88013522839,4,MRC,OTFS,3,0.426215277777778,0.678819444444444,1.0,0.0,0.0,12.4742333333333,1.0,0.0,2.66666666666667,0.136052200956137
85,2026-08-23 14:51:05,train,HighSpeedRail,300,-10,1111.88031732717,4000000000,480000,EPA,0,7,1111.88013522839,4,LMMSE,ODDM,3,0.394618055555556,0.628819444444444,1.0,0.0,0.0,66.2081,1.0,0.0,2.66666666666667,0.11531023521945
86,2026-08-23 14:51:05,val,HighSpeedRail,300,-10,1111.88031732717,4000000000,480000,EPA,0,7,1111.88013522839,16,MRC,OTFS,3,0.462152777777778,0.903819444444444,1.0,0.0,0.0,9.59646666666667,1.0,0.0,2.0,0.129282330604172
86,2026-08-23 14:51:05,val,HighSpeedRail,300,-10,1111.88031732717,4000000000,480000,EPA,0,7,1111.88013522839,16,LMMSE,ODDM,3,0.450954861111111,0.923958333333333,1.0,0.0,0.0,60.6919333333333,1.0,0.0,3.33333333333333,0.121570421800197
87,2026-08-23 14:51:06,train,HighSpeedRail,300,-5,1111.88031732717,4000000000,480000,EPA,0,7,1111.88013522839,4,MRC,OTFS,3,0.359027777777778,0.598263888888889,1.0,0.0,0.0,9.12363333333333,1.0,0.0,3.0,0.144077001076033
87,2026-08-23 14:51:06,train,HighSpeedRail,300,-5,1111.88031732717,4000000000,480000,EPA,0,7,1111.88013522839,4,LMMSE,ODDM,3,0.330729166666667,0.545486111111111,1.0,0.0,0.0,61.3869333333333,1.0,0.0,3.0,0.123591845807141
88,2026-08-23 14:51:06,train,HighSpeedRail,300,-5,1111.88031732717,4000000000,480000,EPA,0,7,1111.88013522839,16,MRC,OTFS,3,0.430642361111111,0.874305555555556,1.0,0.0,0.0,10.1663333333333,1.0,0.0,2.66666666666667,0.136955666926091
88,2026-08-23 14:51:06,train,HighSpeedRail,300,-5,1111.88031732717,4000000000,480000,EPA,0,7,1111.88013522839,16,LMMSE,ODDM,3,0.418576388888889,0.915277777777778,1.0,0.0,0.0,60.6316666666667,1.0,0.0,3.66666666666667,0.126274269120694
89,2026-08-23 14:51:06,train,HighSpeedRail,300,0,1111.88031732717,4000000000,480000,EPA,0,7,1111.88013522839,4,MRC,OTFS,3,0.259722222222222,0.449652777777778,1.0,0.0,0.0,10.5804666666667,1.0,0.0,3.66666666666667,0.155909384624301
89,2026-08-23 14:51:06,train,HighSpeedRail,300,0,1111.88031732717,4000000000,480000,EPA,0,7,1111.88013522839,4,LMMSE,ODDM,3,0.224305555555556,0.395138888888889,1.0,0.0,0.0,61.5775,1.0,0.0,3.66666666666667,0.137214798803488
90,2026-08-23 14:51:06,train,HighSpeedRail,300,0,1111.88031732717,4000000000,480000,EPA,0,7,1111.88013522839,16,MRC,OTFS,3,0.355989583333333,0.8125,1.0,0.0,0.0,10.4986,1.0,0.0,3.66666666666667,0.150242875880917
90,2026-08-23 14:51:06,train,HighSpeedRail,300,0,1111.88031732717,4000000000,480000,EPA,0,7,1111.88013522839,16,LMMSE,ODDM,3,0.373524305555556,0.895486111111111,1.0,0.0,0.0,62.28,1.0,0.0,4.0,0.131062132101355
91,2026-08-23 14:51:07,val,HighSpeedRail,300,5,1111.88031732717,4000000000,480000,EPA,0,7,1111.88013522839,4,MRC,OTFS,3,0.125868055555556,0.232638888888889,1.0,0.0,0.0,10.1227,1.0,0.0,5.33333333333333,0.185901455624687
91,2026-08-23 14:51:07,val,HighSpeedRail,300,5,1111.88031732717,4000000000,480000,EPA,0,7,1111.88013522839,4,LMMSE,ODDM,3,0.105034722222222,0.194791666666667,1.0,0.0,0.0,66.1078333333333,1.0,0.0,6.0,0.172631418018383
92,2026-08-23 14:51:07,train,HighSpeedRail,300,5,1111.88031732717,4000000000,480000,EPA,0,7,1111.88013522839,16,MRC,OTFS,3,0.244010416666667,0.683333333333333,1.0,0.0,0.0,11.3780666666667,1.0,0.0,5.0,0.169994417947978
92,2026-08-23 14:51:07,train,HighSpeedRail,300,5,1111.88031732717,4000000000,480000,EPA,0,7,1111.88013522839,16,LMMSE,ODDM,3,0.331857638888889,0.863541666666667,1.0,0.0,0.0,69.0057666666667,1.0,0.0,4.66666666666667,0.137447000885373
93,2026-08-23 14:51:07,train,HighSpeedRail,300,10,1111.88031732717,4000000000,480000,EPA,0,7,1111.88013522839,4,MRC,OTFS,3,0.0319444444444444,0.0611111111111111,1.0,0.0,0.0,11.0588666666667,1.0,0.0,10.0,0.256937521532462
93,2026-08-23 14:51:07,train,HighSpeedRail,300,10,1111.88031732717,4000000000,480000,EPA,0,7,1111.88013522839,4,LMMSE,ODDM,3,0.0302083333333333,0.0576388888888889,1.0,0.0,0.0,70.5951333333333,1.0,0.0,10.3333333333333,0.236920813760554
94,2026-08-23 14:51:08,train,HighSpeedRail,300,10,1111.88031732717,4000000000,480000,EPA,0,7,1111.88013522839,16,MRC,OTFS,3,0.125086805555556,0.422569444444444,1.0,0.0,0.0,10.9208666666667,1.0,0.0,7.0,0.202302158895442
94,2026-08-23 14:51:08,train,HighSpeedRail,300,10,1111.88031732717,4000000000,480000,EPA,0,7,1111.88013522839,16,LMMSE,ODDM,3,0.278211805555556,0.789236111111111,1.0,0.0,0.0,68.1170666666667,1.0,0.0,5.0,0.144286400728835
95,2026-08-23 14:51:08,train,HighSpeedRail,300,15,1111.88031732717,4000000000,480000,EPA,0,7,1111.88013522839,4,MRC,OTFS,3,0.0029513888888888,0.0059027777777777,0.333333333333333,600000.0,1.25,10.0051,0.333333333333333,0.666666666666667,13.6666666666667,0.666369415264505
95,2026-08-23 14:51:08,train,HighSpeedRail,300,15,1111.88031732717,4000000000,480000,EPA,0,7,1111.88013522839,4,LMMSE,ODDM,3,0.0015625,0.003125,0.333333333333333,598830.409356725,1.24756335282651,67.7236666666667,0.333333333333333,0.666666666666667,14.0,0.65724444306972
96,2026-08-23 14:51:08,train,HighSpeedRail,300,15,1111.88031732717,4000000000,480000,EPA,0,7,1111.88013522839,16,MRC,OTFS,3,0.0368055555555556,0.137152777777778,1.0,0.0,0.0,10.6469,1.0,0.0,10.3333333333333,0.257902706948252
96,2026-08-23 14:51:08,train,HighSpeedRail,300,15,1111.88031732717,4000000000,480000,EPA,0,7,1111.88013522839,16,LMMSE,ODDM,3,0.147916666666667,0.477430555555556,1.0,0.0,0.0,66.759,1.0,0.0,7.0,0.176202679190655
97,2026-08-23 14:51:08,train,HighSpeedRail,300,20,1111.88031732717,4000000000,480000,EPA,0,7,1111.88013522839,4,MRC,OTFS,3,0.0,0.0,0.0,900000.0,1.875,10.8440333333333,0.0,1.0,15.0,0.988472353649394
97,2026-08-23 14:51:08,train,HighSpeedRail,300,20,1111.88031732717,4000000000,480000,EPA,0,7,1111.88013522839,4,LMMSE,ODDM,3,0.0,0.0,0.0,898245.614035088,1.87134502923977,67.4875666666667,0.0,1.0,15.0,0.964926884985301
98,2026-08-23 14:51:09,train,HighSpeedRail,300,20,1111.88031732717,4000000000,480000,EPA,0,7,1111.88013522839,16,MRC,OTFS,3,0.0035590277777777,0.0135416666666667,0.333333333333333,1200000.0,2.5,11.1351666666667,0.333333333333333,0.666666666666667,14.0,0.665779095716595
98,2026-08-23 14:51:09,train,HighSpeedRail,300,20,1111.88031732717,4000000000,480000,EPA,0,7,1111.88013522839,16,LMMSE,ODDM,3,0.0342881944444444,0.125,1.0,0.0,0.0,69.1206333333333,1.0,0.0,12.0,0.251814971713617
99,2026-08-23 14:51:09,train,Pedestrian,0,-10,0.0,4000000000,480000,EVA,1,9,0.0,4,MRC,OTFS,3,0.341319444444444,0.563194444444444,1.0,0.0,0.0,22.1899666666667,1.0,0.0,3.0,0.138949988361872
99,2026-08-23 14:51:09,train,Pedestrian,0,-10,0.0,4000000000,480000,EVA,1,9,0.0,4,LMMSE,ODDM,3,0.340798611111111,0.560763888888889,1.0,0.0,0.0,69.4746666666667,1.0,0.0,3.0,0.120133408011188
100,2026-08-23 14:51:09,val,Pedestrian,0,-10,0.0,4000000000,480000,EVA,1,9,0.0,16,MRC,OTFS,3,0.443402777777778,0.892708333333333,1.0,0.0,0.0,14.0651,1.0,0.0,2.33333333333333,0.131259103781248
100,2026-08-23 14:51:09,val,Pedestrian,0,-10,0.0,4000000000,480000,EVA,1,9,0.0,16,LMMSE,ODDM,3,0.440190972222222,0.919444444444444,1.0,0.0,0.0,71.7789333333333,1.0,0.0,3.33333333333333,0.118026411254904
101,2026-08-23 14:51:10,train,Pedestrian,0,-5,0.0,4000000000,480000,EVA,1,9,0.0,4,MRC,OTFS,3,0.241840277777778,0.420486111111111,1.0,0.0,0.0,13.3620333333333,1.0,0.0,3.33333333333333,0.152556915232726
101,2026-08-23 14:51:10,train,Pedestrian,0,-5,0.0,4000000000,480000,EVA,1,9,0.0,4,LMMSE,ODDM,3,0.240625,0.425347222222222,1.0,0.0,0.0,70.5175,1.0,0.0,3.33333333333333,0.129397508839644
102,2026-08-23 14:51:10,train,Pedestrian,0,-5,0.0,4000000000,480000,EVA,1,9,0.0,16,MRC,OTFS,3,0.394184027777778,0.839930555555556,1.0,0.0,0.0,13.9478,1.0,0.0,3.0,0.140109594694777
102,2026-08-23 14:51:10,train,Pedestrian,0,-5,0.0,4000000000,480000,EVA,1,9,0.0,16,LMMSE,ODDM,3,0.406336805555556,0.906597222222222,1.0,0.0,0.0,71.043,1.0,0.0,3.66666666666667,0.123065347293956
103,2026-08-23 14:51:10,train,Pedestrian,0,0,0.0,4000000000,480000,EVA,1,9,0.0,4,MRC,OTFS,3,0.114583333333333,0.214930555555556,1.0,0.0,0.0,11.0297666666667,1.0,0.0,5.33333333333333,0.187171035151364
103,2026-08-23 14:51:10,train,Pedestrian,0,0,0.0,4000000000,480000,EVA,1,9,0.0,4,LMMSE,ODDM,3,0.1109375,0.208680555555556,1.0,0.0,0.0,72.1014,1.0,0.0,5.66666666666667,0.166187337102073
104,2026-08-23 14:51:11,val,Pedestrian,0,0,0.0,4000000000,480000,EVA,1,9,0.0,16,MRC,OTFS,3,0.317274305555556,0.749305555555556,1.0,0.0,0.0,25.8656333333333,1.0,0.0,4.0,0.148642102032776
104,2026-08-23 14:51:11,val,Pedestrian,0,0,0.0,4000000000,480000,EVA,1,9,0.0,16,LMMSE,ODDM,3,0.371875,0.8875,1.0,0.0,0.0,78.5110666666667,1.0,0.0,4.0,0.125433023416838
105,2026-08-23 14:51:11,train,Pedestrian,0,5,0.0,4000000000,480000,EVA,1,9,0.0,4,MRC,OTFS,3,0.0229166666666667,0.0458333333333333,1.0,0.0,0.0,11.7054666666667,1.0,0.0,9.66666666666667,0.259308935730399
105,2026-08-23 14:51:11,train,Pedestrian,0,5,0.0,4000000000,480000,EVA,1,9,0.0,4,LMMSE,ODDM,3,0.0210069444444444,0.0413194444444444,1.0,0.0,0.0,70.4323333333333,1.0,0.0,9.33333333333333,0.233551523134111
106,2026-08-23 14:51:11,train,Pedestrian,0,5,0.0,4000000000,480000,EVA,1,9,0.0,16,MRC,OTFS,3,0.235329861111111,0.571527777777778,1.0,0.0,0.0,12.7944666666667,1.0,0.0,5.33333333333333,0.173316551865584
106,2026-08-23 14:51:11,train,Pedestrian,0,5,0.0,4000000000,480000,EVA,1,9,0.0,16,LMMSE,ODDM,3,0.339149305555556,0.850347222222222,1.0,0.0,0.0,69.9279,1.0,0.0,4.33333333333333,0.133394595384728
107,2026-08-23 14:51:11,train,Pedestrian,0,10,0.0,4000000000,480000,EVA,1,9,0.0,4,MRC,OTFS,3,0.0006944444444444,0.0013888888888888,0.666666666666667,300000.0,0.625,9.95293333333333,0.666666666666667,0.333333333333333,14.6666666666667,0.537993767854075
107,2026-08-23 14:51:11,train,Pedestrian,0,10,0.0,4000000000,480000,EVA,1,9,0.0,4,LMMSE,ODDM,3,0.0003472222222222,0.0006944444444444,0.333333333333333,598830.409356725,1.24756335282651,70.9669,0.333333333333333,0.666666666666667,15.0,0.693315137666288
108,2026-08-23 14:51:12,train,Pedestrian,0,10,0.0,4000000000,480000,EVA,1,9,0.0,16,MRC,OTFS,3,0.169097222222222,0.379861111111111,1.0,0.0,0.0,12.8394,1.0,0.0,7.66666666666667,0.202609670013973
108,2026-08-23 14:51:12,train,Pedestrian,0,10,0.0,4000000000,480000,EVA,1,9,0.0,16,LMMSE,ODDM,3,0.246006944444444,0.639583333333333,1.0,0.0,0.0,67.8799666666667,1.0,0.0,5.66666666666667,0.153263622895671
109,2026-08-23 14:51:12,train,Pedestrian,0,15,0.0,4000000000,480000,EVA,1,9,0.0,4,MRC,OTFS,3,0.0,0.0,0.0,900000.0,1.875,15.9385333333333,0.0,1.0,15.0,0.98609000944108
109,2026-08-23 14:51:12,train,Pedestrian,0,15,0.0,4000000000,480000,EVA,1,9,0.0,4,LMMSE,ODDM,3,0.0,0.0,0.0,898245.614035088,1.87134502923977,70.6279666666667,0.0,1.0,15.0,0.96381514711548
110,2026-08-23 14:51:12,val,Pedestrian,0,15,0.0,4000000000,480000,EVA,1,9,0.0,16,MRC,OTFS,3,0.13203125,0.283680555555556,0.666666666666667,600000.0,1.25,14.7398333333333,0.666666666666667,0.333333333333333,11.0,0.404116913836703
110,2026-08-23 14:51:12,val,Pedestrian,0,15,0.0,4000000000,480000,EVA,1,9,0.0,16,LMMSE,ODDM,3,0.14453125,0.341319444444444,1.0,0.0,0.0,77.0333,1.0,0.0,9.66666666666667,0.199701995112364
111,2026-08-23 14:51:13,train,Pedestrian,0,20,0.0,4000000000,480000,EVA,1,9,0.0,4,MRC,OTFS,3,0.0,0.0,0.0,900000.0,1.875,12.1775666666667,0.0,1.0,15.0,0.987842877470138
111,2026-08-23 14:51:13,train,Pedestrian,0,20,0.0,4000000000,480000,EVA,1,9,0.0,4,LMMSE,ODDM,3,0.0,0.0,0.0,898245.614035088,1.87134502923977,69.3518333333333,0.0,1.0,15.0,0.96426480856601
112,2026-08-23 14:51:13,train,Pedestrian,0,20,0.0,4000000000,480000,EVA,1,9,0.0,16,MRC,OTFS,3,0.0972222222222222,0.244097222222222,0.333333333333333,1200000.0,2.5,11.2584,0.333333333333333,0.666666666666667,11.3333333333333,0.579202743560944
112,2026-08-23 14:51:13,train,Pedestrian,0,20,0.0,4000000000,480000,EVA,1,9,0.0,16,LMMSE,ODDM,3,0.117100694444444,0.294444444444444,0.333333333333333,1197660.81871345,2.49512670565302,69.0768666666667,0.333333333333333,0.666666666666667,11.3333333333333,0.551983011008124
113,2026-08-23 14:51:13,train,Urban,20,-10,74.1253544884782,4000000000,480000,EVA,1,9,74.1253423485591,4,MRC,OTFS,3,0.338715277777778,0.560416666666667,1.0,0.0,0.0,15.2330666666667,1.0,0.0,3.0,0.142256515812513
113,2026-08-23 14:51:13,train,Urban,20,-10,74.1253544884782,4000000000,480000,EVA,1,9,74.1253423485591,4,LMMSE,ODDM,3,0.335590277777778,0.552430555555556,1.0,0.0,0.0,71.7199666666667,1.0,0.0,3.0,0.119623330232626
114,2026-08-23 14:51:13,train,Urban,20,-10,74.1253544884782,4000000000,480000,EVA,1,9,74.1253423485591,16,MRC,OTFS,3,0.434895833333333,0.888541666666667,1.0,0.0,0.0,17.1608333333333,1.0,0.0,2.66666666666667,0.133511342486175
114,2026-08-23 14:51:13,train,Urban,20,-10,74.1253544884782,4000000000,480000,EVA,1,9,74.1253423485591,16,LMMSE,ODDM,3,0.429861111111111,0.918402777777778,1.0,0.0,0.0,68.8102333333333,1.0,0.0,3.66666666666667,0.122833925672865
115,2026-08-23 14:51:14,val,Urban,20,-5,74.1253544884782,4000000000,480000,EVA,1,9,74.1253423485591,4,MRC,OTFS,3,0.230902777777778,0.407638888888889,1.0,0.0,0.0,11.7753333333333,1.0,0.0,3.33333333333333,0.154139422785212
115,2026-08-23 14:51:14,val,Urban,20,-5,74.1253544884782,4000000000,480000,EVA,1,9,74.1253423485591,4,LMMSE,ODDM,3,0.230555555555556,0.405208333333333,1.0,0.0,0.0,68.2305,1.0,0.0,3.33333333333333,0.130979398348711
116,2026-08-23 14:51:14,train,Urban,20,-5,74.1253544884782,4000000000,480000,EVA,1,9,74.1253423485591,16,MRC,OTFS,3,0.378125,0.834027777777778,1.0,0.0,0.0,16.9842666666667,1.0,0.0,3.0,0.139456979687809
116,2026-08-23 14:51:14,train,Urban,20,-5,74.1253544884782,4000000000,480000,EVA,1,9,74.1253423485591,16,LMMSE,ODDM,3,0.388802083333333,0.901736111111111,1.0,0.0,0.0,67.1708,1.0,0.0,3.66666666666667,0.125234053867404
117,2026-08-23 14:51:14,train,Urban,20,0,74.1253544884782,4000000000,480000,EVA,1,9,74.1253423485591,4,MRC,OTFS,3,0.103472222222222,0.194791666666667,1.0,0.0,0.0,14.6027666666667,1.0,0.0,5.66666666666667,0.190674473050449
117,2026-08-23 14:51:14,train,Urban,20,0,74.1253544884782,4000000000,480000,EVA,1,9,74.1253423485591,4,LMMSE,ODDM,3,0.105729166666667,0.197916666666667,1.0,0.0,0.0,69.4776333333333,1.0,0.0,5.33333333333333,0.164644985272695
118,2026-08-23 14:51:15,train,Urban,20,0,74.1253544884782,4000000000,480000,EVA,1,9,74.1253423485591,16,MRC,OTFS,3,0.295659722222222,0.728472222222222,1.0,0.0,0.0,17.0903,1.0,0.0,4.33333333333333,0.157193426781995
118,2026-08-23 14:51:15,train,Urban,20,0,74.1253544884782,4000000000,480000,EVA,1,9,74.1253423485591,16,LMMSE,ODDM,3,0.348958333333333,0.881944444444444,1.0,0.0,0.0,67.6168333333333,1.0,0.0,4.33333333333333,0.13369796073221
119,2026-08-23 14:51:15,train,Urban,20,5,74.1253544884782,4000000000,480000,EVA,1,9,74.1253423485591,4,MRC,OTFS,3,0.0213541666666667,0.0420138888888889,1.0,0.0,0.0,13.2142333333333,1.0,0.0,10.3333333333333,0.266544648367558
119,2026-08-23 14:51:15,train,Urban,20,5,74.1253544884782,4000000000,480000,EVA,1,9,74.1253423485591,4,LMMSE,ODDM,3,0.0197916666666667,0.0385416666666667,1.0,0.0,0.0,68.0919666666667,1.0,0.0,9.66666666666667,0.238790878231788
120,2026-08-23 14:51:15,train,Urban,20,5,74.1253544884782,4000000000,480000,EVA,1,9,74.1253423485591,16,MRC,OTFS,3,0.203645833333333,0.527430555555556,1.0,0.0,0.0,17.7496333333333,1.0,0.0,6.0,0.180304452090847
120,2026-08-23 14:51:15,train,Urban,20,5,74.1253544884782,4000000000,480000,EVA,1,9,74.1253423485591,16,LMMSE,ODDM,3,0.305902777777778,0.829166666666667,1.0,0.0,0.0,72.5612333333333,1.0,0.0,4.66666666666667,0.137672818246536
121,2026-08-23 14:51:16,val,Urban,20,10,74.1253544884782,4000000000,480000,EVA,1,9,74.1253423485591,4,MRC,OTFS,3,0.0005208333333333,0.0010416666666666,0.333333333333333,600000.0,1.25,10.9684333333333,0.333333333333333,0.666666666666667,14.6666666666667,0.707301005860889
121,2026-08-23 14:51:16,val,Urban,20,10,74.1253544884782,4000000000,480000,EVA,1,9,74.1253423485591,4,LMMSE,ODDM,3,0.0003472222222222,0.0006944444444444,0.333333333333333,598830.409356725,1.24756335282651,68.1585,0.333333333333333,0.666666666666667,15.0,0.694306834788496
122,2026-08-23 14:51:16,train,Urban,20,10,74.1253544884782,4000000000,480000,EVA,1,9,74.1253423485591,16,MRC,OTFS,3,0.1296875,0.326736111111111,1.0,0.0,0.0,16.6036666666667,1.0,0.0,8.66666666666667,0.215662672494035
122,2026-08-23 14:51:16,train,Urban,20,10,74.1253544884782,4000000000,480000,EVA,1,9,74.1253423485591,16,LMMSE,ODDM,3,0.198611111111111,0.578472222222222,1.0,0.0,0.0,68.0629666666667,1.0,0.0,6.0,0.160404479358022
123,2026-08-23 14:51:16,train,Urban,20,15,74.1253544884782,4000000000,480000,EVA,1,9,74.1253423485591,4,MRC,OTFS,3,0.0,0.0,0.0,900000.0,1.875,11.5073666666667,0.0,1.0,15.0,0.988158711587056
123,2026-08-23 14:51:16,train,Urban,20,15,74.1253544884782,4000000000,480000,EVA,1,9,74.1253423485591,4,LMMSE,ODDM,3,0.0,0.0,0.0,898245.614035088,1.87134502923977,68.3686333333333,0.0,1.0,15.0,0.96461321343424
124,2026-08-23 14:51:16,train,Urban,20,15,74.1253544884782,4000000000,480000,EVA,1,9,74.1253423485591,16,MRC,OTFS,3,0.0772569444444444,0.221875,0.666666666666667,600000.0,1.25,17.2213,0.666666666666667,0.333333333333333,11.6666666666667,0.419335587615575
124,2026-08-23 14:51:16,train,Urban,20,15,74.1253544884782,4000000000,480000,EVA,1,9,74.1253423485591,16,LMMSE,ODDM,3,0.103472222222222,0.291319444444444,1.0,0.0,0.0,68.6166333333333,1.0,0.0,10.6666666666667,0.218673595563763
125,2026-08-23 14:51:17,train,Urban,20,20,74.1253544884782,4000000000,480000,EVA,1,9,74.1253423485591,4,MRC,OTFS,3,0.0,0.0,0.0,900000.0,1.875,11.1049666666667,0.0,1.0,15.0,0.988348853133021
125,2026-08-23 14:51:17,train,Urban,20,20,74.1253544884782,4000000000,480000,EVA,1,9,74.1253423485591,4,LMMSE,ODDM,3,0.0,0.0,0.0,898245.614035088,1.87134502923977,68.4554,0.0,1.0,15.0,0.964582398012599
126,2026-08-23 14:51:17,train,Urban,20,20,74.1253544884782,4000000000,480000,EVA,1,9,74.1253423485591,16,MRC,OTFS,3,0.0397569444444444,0.140277777777778,0.333333333333333,1200000.0,2.5,17.0429666666667,0.333333333333333,0.666666666666667,12.3333333333333,0.602689289565844
126,2026-08-23 14:51:17,train,Urban,20,20,74.1253544884782,4000000000,480000,EVA,1,9,74.1253423485591,16,LMMSE,ODDM,3,0.0686631944444445,0.218402777777778,0.333333333333333,1197660.81871345,2.49512670565302,69.6376333333333,0.333333333333333,0.666666666666667,12.0,0.568111269901759
127,2026-08-23 14:51:17,train,Urban,60,-10,222.376063465435,4000000000,480000,EVA,1,9,222.376027045677,4,MRC,OTFS,3,0.415972222222222,0.661458333333333,1.0,0.0,0.0,14.5263,1.0,0.0,2.66666666666667,0.135533331343318
127,2026-08-23 14:51:17,train,Urban,60,-10,222.376063465435,4000000000,480000,EVA,1,9,222.376027045677,4,LMMSE,ODDM,3,0.370486111111111,0.594097222222222,1.0,0.0,0.0,68.2444666666667,1.0,0.0,3.0,0.119057919548857
128,2026-08-23 14:51:18,train,Urban,60,-10,222.376063465435,4000000000,480000,EVA,1,9,222.376027045677,16,MRC,OTFS,3,0.459027777777778,0.901736111111111,1.0,0.0,0.0,14.4595666666667,1.0,0.0,2.0,0.127115422421387
128,2026-08-23 14:51:18,train,Urban,60,-10,222.376063465435,4000000000,480000,EVA,1,9,222.376027045677,16,LMMSE,ODDM,3,0.428732638888889,0.915625,1.0,0.0,0.0,67.2104333333333,1.0,0.0,4.0,0.126784143266875
129,2026-08-23 14:51:18,train,Urban,60,-5,222.376063465435,4000000000,480000,EVA,1,9,222.376027045677,4,MRC,OTFS,3,0.340798611111111,0.569791666666667,1.0,0.0,0.0,12.5888333333333,1.0,0.0,3.0,0.143378847608962
129,2026-08-23 14:51:18,train,Urban,60,-5,222.376063465435,4000000000,480000,EVA,1,9,222.376027045677,4,LMMSE,ODDM,3,0.287326388888889,0.484722222222222,1.0,0.0,0.0,68.1882,1.0,0.0,3.0,0.12367777307994
130,2026-08-23 14:51:18,train,Urban,60,-5,222.376063465435,4000000000,480000,EVA,1,9,222.376027045677,16,MRC,OTFS,3,0.418663194444444,0.871527777777778,1.0,0.0,0.0,14.1749666666667,1.0,0.0,2.66666666666667,0.135580149455674
130,2026-08-23 14:51:18,train,Urban,60,-5,222.376063465435,4000000000,480000,EVA,1,9,222.376027045677,16,LMMSE,ODDM,3,0.39296875,0.901736111111111,1.0,0.0,0.0,67.3727333333333,1.0,0.0,4.0,0.128302366968947
131,2026-08-23 14:51:19,train,Urban,60,0,222.376063465435,4000000000,480000,EVA,1,9,222.376027045677,4,MRC,OTFS,3,0.232986111111111,0.411805555555556,1.0,0.0,0.0,12.4550666666667,1.0,0.0,3.66666666666667,0.156990329448779
131,2026-08-23 14:51:19,train,Urban,60,0,222.376063465435,4000000000,480000,EVA,1,9,222.376027045677,4,LMMSE,ODDM,3,0.180208333333333,0.320486111111111,1.0,0.0,0.0,67.4475,1.0,0.0,4.0,0.14238331108156
132,2026-08-23 14:51:19,train,Urban,60,0,222.376063465435,4000000000,480000,EVA,1,9,222.376027045677,16,MRC,OTFS,3,0.352777777777778,0.812847222222222,1.0,0.0,0.0,12.6411666666667,1.0,0.0,3.66666666666667,0.149395805263443
132,2026-08-23 14:51:19,train,Urban,60,0,222.376063465435,4000000000,480000,EVA,1,9,222.376027045677,16,LMMSE,ODDM,3,0.349826388888889,0.885763888888889,1.0,0.0,0.0,66.7744666666667,1.0,0.0,4.0,0.130620663465659
133,2026-08-23 14:51:19,train,Urban,60,5,222.376063465435,4000000000,480000,EVA,1,9,222.376027045677,4,MRC,OTFS,3,0.100868055555556,0.185069444444444,1.0,0.0,0.0,14.7504666666667,1.0,0.0,6.0,0.194400436961197
133,2026-08-23 14:51:19,train,Urban,60,5,222.376063465435,4000000000,480000,EVA,1,9,222.376027045677,4,LMMSE,ODDM,3,0.0753472222222222,0.141666666666667,1.0,0.0,0.0,67.3524,1.0,0.0,6.33333333333333,0.181530075122367
134,2026-08-23 14:51:19,train,Urban,60,5,222.376063465435,4000000000,480000,EVA,1,9,222.376027045677,16,MRC,OTFS,3,0.248003472222222,0.680208333333333,1.0,0.0,0.0,15.8157666666667,1.0,0.0,5.0,0.16762763482958
134,2026-08-23 14:51:19,train,Urban,60,5,222.376063465435,4000000000,480000,EVA,1,9,222.376027045677,16,LMMSE,ODDM,3,0.313888888888889,0.854513888888889,1.0,0.0,0.0,66.2555666666667,1.0,0.0,5.0,0.142768234595643
135,2026-08-23 14:51:20,val,Urban,60,10,222.376063465435,4000000000,480000,EVA,1,9,222.376027045677,4,MRC,OTFS,3,0.0203125,0.0399305555555556,0.666666666666667,300000.0,0.625,12.9168,0.666666666666667,0.333333333333333,11.3333333333333,0.442172262356809
135,2026-08-23 14:51:20,val,Urban,60,10,222.376063465435,4000000000,480000,EVA,1,9,222.376027045677,4,LMMSE,ODDM,3,0.0133680555555556,0.0263888888888889,0.666666666666667,299415.204678363,0.623781676413255,69.3572,0.666666666666667,0.333333333333333,11.0,0.423298567159468
136,2026-08-23 14:51:20,train,Urban,60,10,222.376063465435,4000000000,480000,EVA,1,9,222.376027045677,16,MRC,OTFS,3,0.141927083333333,0.440972222222222,1.0,0.0,0.0,15.5365,1.0,0.0,6.66666666666667,0.19452309502462
136,2026-08-23 14:51:20,train,Urban,60,10,222.376063465435,4000000000,480000,EVA,1,9,222.376027045677,16,LMMSE,ODDM,3,0.243836805555556,0.739583333333333,1.0,0.0,0.0,68.5022333333333,1.0,0.0,5.0,0.146536049945899
137,2026-08-23 14:51:20,train,Urban,60,15,222.376063465435,4000000000,480000,EVA,1,9,222.376027045677,4,MRC,OTFS,3,0.0012152777777777,0.0024305555555555,0.333333333333333,600000.0,1.25,12.5063333333333,0.333333333333333,0.666666666666667,14.0,0.684576849995789
137,2026-08-23 14:51:20,train,Urban,60,15,222.376063465435,4000000000,480000,EVA,1,9,222.376027045677,4,LMMSE,ODDM,3,0.0005208333333333,0.0010416666666666,0.666666666666667,299415.204678363,0.623781676413255,73.689,0.666666666666667,0.333333333333333,15.0,0.520507560822741
138,2026-08-23 14:51:21,train,Urban,60,15,222.376063465435,4000000000,480000,EVA,1,9,222.376027045677,16,MRC,OTFS,3,0.05234375,0.180555555555556,1.0,0.0,0.0,17.7068333333333,1.0,0.0,10.3333333333333,0.248241149130855
138,2026-08-23 14:51:21,train,Urban,60,15,222.376063465435,4000000000,480000,EVA,1,9,222.376027045677,16,LMMSE,ODDM,3,0.111805555555556,0.393055555555556,1.0,0.0,0.0,68.9054666666667,1.0,0.0,7.66666666666667,0.187169544144018
139,2026-08-23 14:51:21,train,Urban,60,20,222.376063465435,4000000000,480000,EVA,1,9,222.376027045677,4,MRC,OTFS,3,0.0,0.0,0.0,900000.0,1.875,10.5492,0.0,1.0,15.0,0.98861209316009
139,2026-08-23 14:51:21,train,Urban,60,20,222.376063465435,4000000000,480000,EVA,1,9,222.376027045677,4,LMMSE,ODDM,3,0.0,0.0,0.0,898245.614035088,1.87134502923977,70.8714,0.0,1.0,15.0,0.963729695733324
140,2026-08-23 14:51:21,train,Urban,60,20,222.376063465435,4000000000,480000,EVA,1,9,222.376027045677,16,MRC,OTFS,3,0.01171875,0.0451388888888889,0.666666666666667,600000.0,1.25,14.8056,0.666666666666667,0.333333333333333,13.3333333333333,0.471244515414464
140,2026-08-23 14:51:21,train,Urban,60,20,222.376063465435,4000000000,480000,EVA,1,9,222.376027045677,16,LMMSE,ODDM,3,0.0401909722222222,0.154166666666667,0.666666666666667,598830.409356725,1.24756335282651,68.1875333333333,0.666666666666667,0.333333333333333,10.6666666666667,0.400460719049525
141,2026-08-23 14:51:21,train,Highway,100,-10,370.626772442391,4000000000,480000,EVA,1,9,370.626711742796,4,MRC,OTFS,3,0.422395833333333,0.664930555555556,1.0,0.0,0.0,11.6184666666667,1.0,0.0,2.66666666666667,0.136617964381921
141,2026-08-23 14:51:21,train,Highway,100,-10,370.626772442391,4000000000,480000,EVA,1,9,370.626711742796,4,LMMSE,ODDM,3,0.377777777777778,0.607291666666667,1.0,0.0,0.0,66.8323333333333,1.0,0.0,3.0,0.119208952638812
142,2026-08-23 14:51:22,train,Highway,100,-10,370.626772442391,4000000000,480000,EVA,1,9,370.626711742796,16,MRC,OTFS,3,0.453125,0.905208333333333,1.0,0.0,0.0,15.9871333333333,1.0,0.0,2.0,0.126641822548397
142,2026-08-23 14:51:22,train,Highway,100,-10,370.626772442391,4000000000,480000,EVA,1,9,370.626711742796,16,LMMSE,ODDM,3,0.434982638888889,0.917013888888889,1.0,0.0,0.0,66.3731333333333,1.0,0.0,3.33333333333333,0.120155374360242
143,2026-08-23 14:51:22,train,Highway,100,-5,370.626772442391,4000000000,480000,EVA,1,9,370.626711742796,4,MRC,OTFS,3,0.349131944444444,0.565972222222222,1.0,0.0,0.0,12.5454,1.0,0.0,2.66666666666667,0.139628751226092
143,2026-08-23 14:51:22,train,Highway,100,-5,370.626772442391,4000000000,480000,EVA,1,9,370.626711742796,4,LMMSE,ODDM,3,0.291145833333333,0.495138888888889,1.0,0.0,0.0,67.8597333333333,1.0,0.0,3.0,0.123555694477905
144,2026-08-23 14:51:22,val,Highway,100,-5,370.626772442391,4000000000,480000,EVA,1,9,370.626711742796,16,MRC,OTFS,3,0.412934027777778,0.871180555555556,1.0,0.0,0.0,20.2625666666667,1.0,0.0,2.66666666666667,0.133036668325707
144,2026-08-23 14:51:22,val,Highway,100,-5,370.626772442391,4000000000,480000,EVA,1,9,370.626711742796,16,LMMSE,ODDM,3,0.398784722222222,0.903125,1.0,0.0,0.0,77.6929,1.0,0.0,4.0,0.124445624733495
145,2026-08-23 14:51:23,val,Highway,100,0,370.626772442391,4000000000,480000,EVA,1,9,370.626711742796,4,MRC,OTFS,3,0.244444444444444,0.418402777777778,1.0,0.0,0.0,11.8727666666667,1.0,0.0,3.66666666666667,0.156395543865575
145,2026-08-23 14:51:23,val,Highway,100,0,370.626772442391,4000000000,480000,EVA,1,9,370.626711742796,4,LMMSE,ODDM,3,0.183159722222222,0.330902777777778,1.0,0.0,0.0,68.8853666666667,1.0,0.0,4.0,0.141578057470054
146,2026-08-23 14:51:23,val,Highway,100,0,370.626772442391,4000000000,480000,EVA,1,9,370.626711742796,16,MRC,OTFS,3,0.340711805555556,0.798611111111111,1.0,0.0,0.0,14.5167666666667,1.0,0.0,3.66666666666667,0.149149312025249
146,2026-08-23 14:51:23,val,Highway,100,0,370.626772442391,4000000000,480000,EVA,1,9,370.626711742796,16,LMMSE,ODDM,3,0.356423611111111,0.881597222222222,1.0,0.0,0.0,65.7665333333333,1.0,0.0,4.0,0.130644408627619
147,2026-08-23 14:51:23,train,Highway,100,5,370.626772442391,4000000000,480000,EVA,1,9,370.626711742796,4,MRC,OTFS,3,0.124479166666667,0.220486111111111,1.0,0.0,0.0,15.9857666666667,1.0,0.0,6.0,0.190022509706908
147,2026-08-23 14:51:23,train,Highway,100,5,370.626772442391,4000000000,480000,EVA,1,9,370.626711742796,4,LMMSE,ODDM,3,0.0814236111111111,0.156597222222222,1.0,0.0,0.0,69.5048666666667,1.0,0.0,6.33333333333333,0.179362217410143
148,2026-08-23 14:51:24,train,Highway,100,5,370.626772442391,4000000000,480000,EVA,1,9,370.626711742796,16,MRC,OTFS,3,0.232899305555556,0.650347222222222,1.0,0.0,0.0,12.7281333333333,1.0,0.0,5.0,0.170202203589865
148,2026-08-23 14:51:24,train,Highway,100,5,370.626772442391,4000000000,480000,EVA,1,9,370.626711742796,16,LMMSE,ODDM,3,0.319010416666667,0.857986111111111,1.0,0.0,0.0,67.6031,1.0,0.0,4.66666666666667,0.138659887331823
149,2026-08-23 14:51:24,train,Highway,100,10,370.626772442391,4000000000,480000,EVA,1,9,370.626711742796,4,MRC,OTFS,3,0.0486111111111111,0.0909722222222222,1.0,0.0,0.0,14.0421,1.0,0.0,11.3333333333333,0.261272442669646
149,2026-08-23 14:51:24,train,Highway,100,10,370.626772442391,4000000000,480000,EVA,1,9,370.626711742796,4,LMMSE,ODDM,3,0.0213541666666667,0.0420138888888889,1.0,0.0,0.0,68.1100666666667,1.0,0.0,11.0,0.250742762458759
150,2026-08-23 14:51:24,train,Highway,100,10,370.626772442391,4000000000,480000,EVA,1,9,370.626711742796,16,MRC,OTFS,3,0.122482638888889,0.401388888888889,1.0,0.0,0.0,18.6985333333333,1.0,0.0,6.66666666666667,0.19573803067515
150,2026-08-23 14:51:24,train,Highway,100,10,370.626772442391,4000000000,480000,EVA,1,9,370.626711742796,16,LMMSE,ODDM,3,0.258072916666667,0.769791666666667,1.0,0.0,0.0,67.4491,1.0,0.0,5.0,0.145884091757877
151,2026-08-23 14:51:24,train,Highway,100,15,370.626772442391,4000000000,480000,EVA,1,9,370.626711742796,4,MRC,OTFS,3,0.0086805555555555,0.0166666666666667,0.333333333333333,600000.0,1.25,12.4149333333333,0.333333333333333,0.666666666666667,12.6666666666667,0.635708457777512
151,2026-08-23 14:51:24,train,Highway,100,15,370.626772442391,4000000000,480000,EVA,1,9,370.626711742796,4,LMMSE,ODDM,3,0.0038194444444444,0.0076388888888888,0.333333333333333,598830.409356725,1.24756335282651,68.2310333333333,0.333333333333333,0.666666666666667,13.3333333333333,0.634223017828903
152,2026-08-23 14:51:25,train,Highway,100,15,370.626772442391,4000000000,480000,EVA,1,9,370.626711742796,16,MRC,OTFS,3,0.0390625,0.140972222222222,1.0,0.0,0.0,18.7598666666667,1.0,0.0,10.3333333333333,0.253056542952345
152,2026-08-23 14:51:25,train,Highway,100,15,370.626772442391,4000000000,480000,EVA,1,9,370.626711742796,16,LMMSE,ODDM,3,0.11640625,0.403819444444444,1.0,0.0,0.0,69.2410666666667,1.0,0.0,7.0,0.179654376830462
153,2026-08-23 14:51:25,train,Highway,100,20,370.626772442391,4000000000,480000,EVA,1,9,370.626711742796,4,MRC,OTFS,3,0.0001736111111111,0.0003472222222222,0.333333333333333,600000.0,1.25,9.75483333333333,0.333333333333333,0.666666666666667,15.0,0.731090555631275
153,2026-08-23 14:51:25,train,Highway,100,20,370.626772442391,4000000000,480000,EVA,1,9,370.626711742796,4,LMMSE,ODDM,3,0.0,0.0,0.0,898245.614035088,1.87134502923977,69.4006333333333,0.0,1.0,15.0,0.96424756046643
154,2026-08-23 14:51:25,val,Highway,100,20,370.626772442391,4000000000,480000,EVA,1,9,370.626711742796,16,MRC,OTFS,3,0.00625,0.0246527777777778,0.333333333333333,1200000.0,2.5,14.8066666666667,0.333333333333333,0.666666666666667,13.6666666666667,0.650535739807405
154,2026-08-23 14:51:25,val,Highway,100,20,370.626772442391,4000000000,480000,EVA,1,9,370.626711742796,16,LMMSE,ODDM,3,0.0283854166666667,0.109375,1.0,0.0,0.0,68.3302666666667,1.0,0.0,11.0,0.245513955864408
155,2026-08-23 14:51:26,train,HighSpeedRail,150,-10,555.940158663587,4000000000,480000,EVA,1,9,555.940067614193,4,MRC,OTFS,3,0.419270833333333,0.666319444444444,1.0,0.0,0.0,11.8713333333333,1.0,0.0,2.66666666666667,0.136633115883689
155,2026-08-23 14:51:26,train,HighSpeedRail,150,-10,555.940158663587,4000000000,480000,EVA,1,9,555.940067614193,4,LMMSE,ODDM,3,0.361979166666667,0.592361111111111,1.0,0.0,0.0,66.8445666666667,1.0,0.0,3.0,0.119977608273306
156,2026-08-23 14:51:26,train,HighSpeedRail,150,-10,555.940158663587,4000000000,480000,EVA,1,9,555.940067614193,16,MRC,OTFS,3,0.455815972222222,0.902083333333333,1.0,0.0,0.0,11.4148666666667,1.0,0.0,2.0,0.128669488248368
156,2026-08-23 14:51:26,train,HighSpeedRail,150,-10,555.940158663587,4000000000,480000,EVA,1,9,555.940067614193,16,LMMSE,ODDM,3,0.438802083333333,0.914583333333333,1.0,0.0,0.0,68.9094333333333,1.0,0.0,3.0,0.115759584819203
157,2026-08-23 14:51:26,train,HighSpeedRail,150,-5,555.940158663587,4000000000,480000,EVA,1,9,555.940067614193,4,MRC,OTFS,3,0.35625,0.584722222222222,1.0,0.0,0.0,15.1071666666667,1.0,0.0,3.0,0.14140153065154
157,2026-08-23 14:51:26,train,HighSpeedRail,150,-5,555.940158663587,4000000000,480000,EVA,1,9,555.940067614193,4,LMMSE,ODDM,3,0.283333333333333,0.484722222222222,1.0,0.0,0.0,66.3384666666667,1.0,0.0,3.0,0.12459174075014
158,2026-08-23 14:51:27,train,HighSpeedRail,150,-5,555.940158663587,4000000000,480000,EVA,1,9,555.940067614193,16,MRC,OTFS,3,0.419357638888889,0.872222222222222,1.0,0.0,0.0,18.5965,1.0,0.0,2.66666666666667,0.133513254698887
158,2026-08-23 14:51:27,train,HighSpeedRail,150,-5,555.940158663587,4000000000,480000,EVA,1,9,555.940067614193,16,LMMSE,ODDM,3,0.403472222222222,0.903819444444444,1.0,0.0,0.0,67.1074,1.0,0.0,4.0,0.127919836946611
159,2026-08-23 14:51:27,train,HighSpeedRail,150,0,555.940158663587,4000000000,480000,EVA,1,9,555.940067614193,4,MRC,OTFS,3,0.259722222222222,0.448263888888889,1.0,0.0,0.0,16.5023,1.0,0.0,3.66666666666667,0.153142205270898
159,2026-08-23 14:51:27,train,HighSpeedRail,150,0,555.940158663587,4000000000,480000,EVA,1,9,555.940067614193,4,LMMSE,ODDM,3,0.175694444444444,0.31875,1.0,0.0,0.0,67.6563,1.0,0.0,4.0,0.142767870622945
160,2026-08-23 14:51:27,train,HighSpeedRail,150,0,555.940158663587,4000000000,480000,EVA,1,9,555.940067614193,16,MRC,OTFS,3,0.352951388888889,0.805902777777778,1.0,0.0,0.0,18.6094,1.0,0.0,3.66666666666667,0.146626946886851
160,2026-08-23 14:51:27,train,HighSpeedRail,150,0,555.940158663587,4000000000,480000,EVA,1,9,555.940067614193,16,LMMSE,ODDM,3,0.362152777777778,0.887847222222222,1.0,0.0,0.0,67.6735333333333,1.0,0.0,4.0,0.129672819268458
161,2026-08-23 14:51:27,train,HighSpeedRail,150,5,555.940158663587,4000000000,480000,EVA,1,9,555.940067614193,4,MRC,OTFS,3,0.132118055555556,0.243402777777778,1.0,0.0,0.0,15.4182666666667,1.0,0.0,5.33333333333333,0.182540438730013
161,2026-08-23 14:51:27,train,HighSpeedRail,150,5,555.940158663587,4000000000,480000,EVA,1,9,555.940067614193,4,LMMSE,ODDM,3,0.0720486111111111,0.138541666666667,1.0,0.0,0.0,69.4106333333333,1.0,0.0,6.0,0.178275707856971
162,2026-08-23 14:51:28,train,HighSpeedRail,150,5,555.940158663587,4000000000,480000,EVA,1,9,555.940067614193,16,MRC,OTFS,3,0.249305555555556,0.688194444444444,1.0,0.0,0.0,12.1716,1.0,0.0,4.66666666666667,0.165898519762727
162,2026-08-23 14:51:28,train,HighSpeedRail,150,5,555.940158663587,4000000000,480000,EVA,1,9,555.940067614193,16,LMMSE,ODDM,3,0.324305555555556,0.865972222222222,1.0,0.0,0.0,67.3965,1.0,0.0,5.0,0.141769033822054
163,2026-08-23 14:51:28,train,HighSpeedRail,150,10,555.940158663587,4000000000,480000,EVA,1,9,555.940067614193,4,MRC,OTFS,3,0.0361111111111111,0.0690972222222222,1.0,0.0,0.0,16.2445333333333,1.0,0.0,9.0,0.242297135103419
163,2026-08-23 14:51:28,train,HighSpeedRail,150,10,555.940158663587,4000000000,480000,EVA,1,9,555.940067614193,4,LMMSE,ODDM,3,0.0137152777777778,0.0274305555555556,1.0,0.0,0.0,69.8661,1.0,0.0,10.0,0.248132478308328
164,2026-08-23 14:51:28,val,HighSpeedRail,150,10,555.940158663587,4000000000,480000,EVA,1,9,555.940067614193,16,MRC,OTFS,3,0.142447916666667,0.470833333333333,1.0,0.0,0.0,12.5535666666667,1.0,0.0,6.66666666666667,0.195847144788694
164,2026-08-23 14:51:28,val,HighSpeedRail,150,10,555.940158663587,4000000000,480000,EVA,1,9,555.940067614193,16,LMMSE,ODDM,3,0.271788194444444,0.796875,1.0,0.0,0.0,68.4216,1.0,0.0,5.0,0.144600874602495
165,2026-08-23 14:51:29,val,HighSpeedRail,150,15,555.940158663587,4000000000,480000,EVA,1,9,555.940067614193,4,MRC,OTFS,3,0.0050347222222222,0.0100694444444444,0.333333333333333,600000.0,1.25,12.4879333333333,0.333333333333333,0.666666666666667,13.3333333333333,0.652197994474652
165,2026-08-23 14:51:29,val,HighSpeedRail,150,15,555.940158663587,4000000000,480000,EVA,1,9,555.940067614193,4,LMMSE,ODDM,3,0.0010416666666666,0.0020833333333333,0.333333333333333,598830.409356725,1.24756335282651,69.8064333333333,0.333333333333333,0.666666666666667,14.3333333333333,0.667176513066894
166,2026-08-23 14:51:29,train,HighSpeedRail,150,15,555.940158663587,4000000000,480000,EVA,1,9,555.940067614193,16,MRC,OTFS,3,0.0393229166666667,0.147569444444444,1.0,0.0,0.0,16.9134333333333,1.0,0.0,9.66666666666667,0.247114088196782
166,2026-08-23 14:51:29,train,HighSpeedRail,150,15,555.940158663587,4000000000,480000,EVA,1,9,555.940067614193,16,LMMSE,ODDM,3,0.140104166666667,0.480555555555556,1.0,0.0,0.0,69.526,1.0,0.0,7.0,0.176200557642916
167,2026-08-23 14:51:29,train,HighSpeedRail,150,20,555.940158663587,4000000000,480000,EVA,1,9,555.940067614193,4,MRC,OTFS,3,0.0,0.0,0.0,900000.0,1.875,12.9339333333333,0.0,1.0,15.0,0.987487705912822
167,2026-08-23 14:51:29,train,HighSpeedRail,150,20,555.940158663587,4000000000,480000,EVA,1,9,555.940067614193,4,LMMSE,ODDM,3,0.0,0.0,0.0,898245.614035088,1.87134502923977,68.9033333333333,0.0,1.0,15.0,0.964423525732926
168,2026-08-23 14:51:30,train,HighSpeedRail,150,20,555.940158663587,4000000000,480000,EVA,1,9,555.940067614193,16,MRC,OTFS,3,0.0041666666666666,0.0166666666666667,1.0,0.0,0.0,18.9832333333333,1.0,0.0,14.0,0.330120385747471
168,2026-08-23 14:51:30,train,HighSpeedRail,150,20,555.940158663587,4000000000,480000,EVA,1,9,555.940067614193,16,LMMSE,ODDM,3,0.0310763888888889,0.11875,1.0,0.0,0.0,81.8011,1.0,0.0,10.6666666666667,0.23591311837887
169,2026-08-23 14:51:30,train,HighSpeedRail,200,-10,741.253544884782,4000000000,480000,EVA,1,9,741.253423485591,4,MRC,OTFS,3,0.421701388888889,0.667013888888889,1.0,0.0,0.0,13.3096,1.0,0.0,2.33333333333333,0.132519924203844
169,2026-08-23 14:51:30,train,HighSpeedRail,200,-10,741.253544884782,4000000000,480000,EVA,1,9,741.253423485591,4,LMMSE,ODDM,3,0.357465277777778,0.589583333333333,1.0,0.0,0.0,69.1487,1.0,0.0,3.0,0.119384654433801
170,2026-08-23 14:51:30,train,HighSpeedRail,200,-10,741.253544884782,4000000000,480000,EVA,1,9,741.253423485591,16,MRC,OTFS,3,0.468229166666667,0.910763888888889,1.0,0.0,0.0,13.2425333333333,1.0,0.0,2.0,0.127324077536653
170,2026-08-23 14:51:30,train,HighSpeedRail,200,-10,741.253544884782,4000000000,480000,EVA,1,9,741.253423485591,16,LMMSE,ODDM,3,0.436545138888889,0.922569444444444,1.0,0.0,0.0,69.7083,1.0,0.0,3.66666666666667,0.122237114528713
171,2026-08-23 14:51:31,train,HighSpeedRail,200,-5,741.253544884782,4000000000,480000,EVA,1,9,741.253423485591,4,MRC,OTFS,3,0.357118055555556,0.585416666666667,1.0,0.0,0.0,16.2207666666667,1.0,0.0,3.0,0.140842635519093
171,2026-08-23 14:51:31,train,HighSpeedRail,200,-5,741.253544884782,4000000000,480000,EVA,1,9,741.253423485591,4,LMMSE,ODDM,3,0.276215277777778,0.477777777777778,1.0,0.0,0.0,69.2851,1.0,0.0,3.0,0.124002496448874
172,2026-08-23 14:51:31,val,HighSpeedRail,200,-5,741.253544884782,4000000000,480000,EVA,1,9,741.253423485591,16,MRC,OTFS,3,0.428559027777778,0.880555555555556,1.0,0.0,0.0,18.4246,1.0,0.0,2.66666666666667,0.133198853078923
172,2026-08-23 14:51:31,val,HighSpeedRail,200,-5,741.253544884782,4000000000,480000,EVA,1,9,741.253423485591,16,LMMSE,ODDM,3,0.400868055555556,0.905208333333333,1.0,0.0,0.0,70.7492333333333,1.0,0.0,4.0,0.126746921194208
173,2026-08-23 14:51:31,train,HighSpeedRail,200,0,741.253544884782,4000000000,480000,EVA,1,9,741.253423485591,4,MRC,OTFS,3,0.2609375,0.450347222222222,1.0,0.0,0.0,13.3712666666667,1.0,0.0,3.33333333333333,0.151177269354756
173,2026-08-23 14:51:31,train,HighSpeedRail,200,0,741.253544884782,4000000000,480000,EVA,1,9,741.253423485591,4,LMMSE,ODDM,3,0.177256944444444,0.321875,1.0,0.0,0.0,75.0994,1.0,0.0,4.0,0.140002975644546
174,2026-08-23 14:51:32,train,HighSpeedRail,200,0,741.253544884782,4000000000,480000,EVA,1,9,741.253423485591,16,MRC,OTFS,3,0.360329861111111,0.820833333333333,1.0,0.0,0.0,19.3589666666667,1.0,0.0,3.33333333333333,0.142578378618816
174,2026-08-23 14:51:32,train,HighSpeedRail,200,0,741.253544884782,4000000000,480000,EVA,1,9,741.253423485591,16,LMMSE,ODDM,3,0.362413194444444,0.892013888888889,1.0,0.0,0.0,74.7867,1.0,0.0,4.0,0.127168766350967
175,2026-08-23 14:51:32,val,HighSpeedRail,200,5,741.253544884782,4000000000,480000,EVA,1,9,741.253423485591,4,MRC,OTFS,3,0.131770833333333,0.240625,1.0,0.0,0.0,25.8346333333333,1.0,0.0,5.0,0.174556373120177
175,2026-08-23 14:51:32,val,HighSpeedRail,200,5,741.253544884782,4000000000,480000,EVA,1,9,741.253423485591,4,LMMSE,ODDM,3,0.0725694444444445,0.139583333333333,1.0,0.0,0.0,79.5490666666667,1.0,0.0,6.33333333333333,0.177985235006067
176,2026-08-23 14:51:32,val,HighSpeedRail,200,5,741.253544884782,4000000000,480000,EVA,1,9,741.253423485591,16,MRC,OTFS,3,0.249739583333333,0.697569444444444,1.0,0.0,0.0,15.944,1.0,0.0,4.66666666666667,0.164108844565186
176,2026-08-23 14:51:32,val,HighSpeedRail,200,5,741.253544884782,4000000000,480000,EVA,1,9,741.253423485591,16,LMMSE,ODDM,3,0.32578125,0.870486111111111,1.0,0.0,0.0,76.7814666666667,1.0,0.0,4.66666666666667,0.135080867939724
177,2026-08-23 14:51:33,train,HighSpeedRail,200,10,741.253544884782,4000000000,480000,EVA,1,9,741.253423485591,4,MRC,OTFS,3,0.0315972222222222,0.0600694444444444,1.0,0.0,0.0,14.3650333333333,1.0,0.0,9.66666666666667,0.25225065542845
177,2026-08-23 14:51:33,train,HighSpeedRail,200,10,741.253544884782,4000000000,480000,EVA,1,9,741.253423485591,4,LMMSE,ODDM,3,0.0138888888888889,0.0277777777777778,1.0,0.0,0.0,69.1203666666667,1.0,0.0,10.3333333333333,0.251501612459894
178,2026-08-23 14:51:33,train,HighSpeedRail,200,10,741.253544884782,4000000000,480000,EVA,1,9,741.253423485591,16,MRC,OTFS,3,0.134114583333333,0.449652777777778,1.0,0.0,0.0,19.4423666666667,1.0,0.0,7.0,0.197091544059972
178,2026-08-23 14:51:33,train,HighSpeedRail,200,10,741.253544884782,4000000000,480000,EVA,1,9,741.253423485591,16,LMMSE,ODDM,3,0.272309027777778,0.798958333333333,1.0,0.0,0.0,67.8428333333333,1.0,0.0,5.0,0.144772069226563
179,2026-08-23 14:51:33,train,HighSpeedRail,200,15,741.253544884782,4000000000,480000,EVA,1,9,741.253423485591,4,MRC,OTFS,3,0.0024305555555555,0.0048611111111111,0.333333333333333,600000.0,1.25,10.5883333333333,0.333333333333333,0.666666666666667,13.6666666666667,0.669605802282369
179,2026-08-23 14:51:33,train,HighSpeedRail,200,15,741.253544884782,4000000000,480000,EVA,1,9,741.253423485591,4,LMMSE,ODDM,3,0.0012152777777777,0.0024305555555555,0.333333333333333,598830.409356725,1.24756335282651,69.9196666666667,0.333333333333333,0.666666666666667,14.0,0.661013805745517
180,2026-08-23 14:51:33,train,HighSpeedRail,200,15,741.253544884782,4000000000,480000,EVA,1,9,741.253423485591,16,MRC,OTFS,3,0.0375868055555556,0.14375,1.0,0.0,0.0,20.1320333333333,1.0,0.0,9.66666666666667,0.2464642181136
180,2026-08-23 14:51:33,train,HighSpeedRail,200,15,741.253544884782,4000000000,480000,EVA,1,9,741.253423485591,16,LMMSE,ODDM,3,0.139322916666667,0.479861111111111,1.0,0.0,0.0,68.6216,1.0,0.0,6.66666666666667,0.173288550908278
181,2026-08-23 14:51:34,train,HighSpeedRail,200,20,741.253544884782,4000000000,480000,EVA,1,9,741.253423485591,4,MRC,OTFS,3,0.0,0.0,0.0,900000.0,1.875,10.9048666666667,0.0,1.0,15.0,0.988443546648113
181,2026-08-23 14:51:34,train,HighSpeedRail,200,20,741.253544884782,4000000000,480000,EVA,1,9,741.253423485591,4,LMMSE,ODDM,3,0.0,0.0,0.0,898245.614035088,1.87134502923977,71.359,0.0,1.0,15.0,0.96355884804215
182,2026-08-23 14:51:34,train,HighSpeedRail,200,20,741.253544884782,4000000000,480000,EVA,1,9,741.253423485591,16,MRC,OTFS,3,0.0026909722222222,0.0107638888888889,0.333333333333333,1200000.0,2.5,16.5278333333333,0.333333333333333,0.666666666666667,14.3333333333333,0.671655446103685
182,2026-08-23 14:51:34,train,HighSpeedRail,200,20,741.253544884782,4000000000,480000,EVA,1,9,741.253423485591,16,LMMSE,ODDM,3,0.0261284722222222,0.100347222222222,1.0,0.0,0.0,68.1425333333333,1.0,0.0,11.0,0.247079907494374
183,2026-08-23 14:51:34,train,HighSpeedRail,300,-10,1111.88031732717,4000000000,480000,EVA,1,9,1111.88013522839,4,MRC,OTFS,3,0.415798611111111,0.656597222222222,1.0,0.0,0.0,15.1778666666667,1.0,0.0,2.66666666666667,0.135238418225879
183,2026-08-23 14:51:34,train,HighSpeedRail,300,-10,1111.88031732717,4000000000,480000,EVA,1,9,1111.88013522839,4,LMMSE,ODDM,3,0.368576388888889,0.604861111111111,1.0,0.0,0.0,66.5898333333333,1.0,0.0,3.0,0.11974201680905
184,2026-08-23 14:51:35,train,HighSpeedRail,300,-10,1111.88031732717,4000000000,480000,EVA,1,9,1111.88013522839,16,MRC,OTFS,3,0.460850694444444,0.910416666666667,1.0,0.0,0.0,12.6625666666667,1.0,0.0,2.0,0.127883301753988
184,2026-08-23 14:51:35,train,HighSpeedRail,300,-10,1111.88031732717,4000000000,480000,EVA,1,9,1111.88013522839,16,LMMSE,ODDM,3,0.437065972222222,0.923958333333333,1.0,0.0,0.0,67.4691666666667,1.0,0.0,3.33333333333333,0.119676740753164
185,2026-08-23 14:51:35,train,HighSpeedRail,300,-5,1111.88031732717,4000000000,480000,EVA,1,9,1111.88013522839,4,MRC,OTFS,3,0.346180555555556,0.566319444444444,1.0,0.0,0.0,16.2772333333333,1.0,0.0,3.0,0.141379486033599
185,2026-08-23 14:51:35,train,HighSpeedRail,300,-5,1111.88031732717,4000000000,480000,EVA,1,9,1111.88013522839,4,LMMSE,ODDM,3,0.283680555555556,0.490625,1.0,0.0,0.0,67.0942333333333,1.0,0.0,3.0,0.124298880195807
186,2026-08-23 14:51:35,train,HighSpeedRail,300,-5,1111.88031732717,4000000000,480000,EVA,1,9,1111.88013522839,16,MRC,OTFS,3,0.418402777777778,0.873611111111111,1.0,0.0,0.0,15.6290333333333,1.0,0.0,3.0,0.138249909597335
186,2026-08-23 14:51:35,train,HighSpeedRail,300,-5,1111.88031732717,4000000000,480000,EVA,1,9,1111.88013522839,16,LMMSE,ODDM,3,0.403472222222222,0.9125,1.0,0.0,0.0,67.8674333333333,1.0,0.0,4.0,0.127648658079393
187,2026-08-23 14:51:36,val,HighSpeedRail,300,0,1111.88031732717,4000000000,480000,EVA,1,9,1111.88013522839,4,MRC,OTFS,3,0.242534722222222,0.420486111111111,1.0,0.0,0.0,12.3733,1.0,0.0,3.66666666666667,0.156301923507769
187,2026-08-23 14:51:36,val,HighSpeedRail,300,0,1111.88031732717,4000000000,480000,EVA,1,9,1111.88013522839,4,LMMSE,ODDM,3,0.169270833333333,0.309722222222222,1.0,0.0,0.0,67.1575333333333,1.0,0.0,4.33333333333333,0.146953230511816
188,2026-08-23 14:51:36,train,HighSpeedRail,300,0,1111.88031732717,4000000000,480000,EVA,1,9,1111.88013522839,16,MRC,OTFS,3,0.330815972222222,0.791319444444444,1.0,0.0,0.0,14.859,1.0,0.0,3.66666666666667,0.149523674706105
188,2026-08-23 14:51:36,train,HighSpeedRail,300,0,1111.88031732717,4000000000,480000,EVA,1,9,1111.88013522839,16,LMMSE,ODDM,3,0.364236111111111,0.899652777777778,1.0,0.0,0.0,67.0936666666667,1.0,0.0,4.0,0.129776023127197
189,2026-08-23 14:51:36,train,HighSpeedRail,300,5,1111.88031732717,4000000000,480000,EVA,1,9,1111.88013522839,4,MRC,OTFS,3,0.114409722222222,0.209375,1.0,0.0,0.0,12.8634333333333,1.0,0.0,5.66666666666667,0.189668132146472
189,2026-08-23 14:51:36,train,HighSpeedRail,300,5,1111.88031732717,4000000000,480000,EVA,1,9,1111.88013522839,4,LMMSE,ODDM,3,0.0664930555555556,0.127777777777778,1.0,0.0,0.0,70.9154333333333,1.0,0.0,6.66666666666667,0.185864653100843
190,2026-08-23 14:51:36,train,HighSpeedRail,300,5,1111.88031732717,4000000000,480000,EVA,1,9,1111.88013522839,16,MRC,OTFS,3,0.219618055555556,0.644097222222222,1.0,0.0,0.0,20.3328333333333,1.0,0.0,5.33333333333333,0.171097118581907
190,2026-08-23 14:51:36,train,HighSpeedRail,300,5,1111.88031732717,4000000000,480000,EVA,1,9,1111.88013522839,16,LMMSE,ODDM,3,0.324913194444444,0.875694444444444,1.0,0.0,0.0,66.7166,1.0,0.0,4.66666666666667,0.138644937724198
191,2026-08-23 14:51:37,train,HighSpeedRail,300,10,1111.88031732717,4000000000,480000,EVA,1,9,1111.88013522839,4,MRC,OTFS,3,0.0348958333333333,0.0677083333333333,0.666666666666667,300000.0,0.625,12.8945,0.666666666666667,0.333333333333333,10.6666666666667,0.425723957436084
191,2026-08-23 14:51:37,train,HighSpeedRail,300,10,1111.88031732717,4000000000,480000,EVA,1,9,1111.88013522839,4,LMMSE,ODDM,3,0.0137152777777778,0.0263888888888889,1.0,0.0,0.0,68.7149333333333,1.0,0.0,11.0,0.258539527001027
192,2026-08-23 14:51:37,train,HighSpeedRail,300,10,1111.88031732717,4000000000,480000,EVA,1,9,1111.88013522839,16,MRC,OTFS,3,0.105989583333333,0.369097222222222,1.0,0.0,0.0,14.6720333333333,1.0,0.0,7.33333333333333,0.206873975205616
192,2026-08-23 14:51:37,train,HighSpeedRail,300,10,1111.88031732717,4000000000,480000,EVA,1,9,1111.88013522839,16,LMMSE,ODDM,3,0.256684027777778,0.760416666666667,1.0,0.0,0.0,67.8848333333333,1.0,0.0,5.33333333333333,0.14915974496024
193,2026-08-23 14:51:37,train,HighSpeedRail,300,15,1111.88031732717,4000000000,480000,EVA,1,9,1111.88013522839,4,MRC,OTFS,3,0.0043402777777777,0.0086805555555555,0.333333333333333,600000.0,1.25,11.5469,0.333333333333333,0.666666666666667,13.3333333333333,0.655326821757284
193,2026-08-23 14:51:37,train,HighSpeedRail,300,15,1111.88031732717,4000000000,480000,EVA,1,9,1111.88013522839,4,LMMSE,ODDM,3,0.0015625,0.003125,0.333333333333333,598830.409356725,1.24756335282651,69.66,0.333333333333333,0.666666666666667,14.0,0.656557707722933
194,2026-08-23 14:51:38,val,HighSpeedRail,300,15,1111.88031732717,4000000000,480000,EVA,1,9,1111.88013522839,16,MRC,OTFS,3,0.02421875,0.0923611111111111,1.0,0.0,0.0,24.7304333333333,1.0,0.0,11.3333333333333,0.269029061153846
194,2026-08-23 14:51:38,val,HighSpeedRail,300,15,1111.88031732717,4000000000,480000,EVA,1,9,1111.88013522839,16,LMMSE,ODDM,3,0.124305555555556,0.434375,1.0,0.0,0.0,67.4702666666667,1.0,0.0,7.0,0.179095367278391
195,2026-08-23 14:51:38,val,HighSpeedRail,300,20,1111.88031732717,4000000000,480000,EVA,1,9,1111.88013522839,4,MRC,OTFS,3,0.0,0.0,0.0,900000.0,1.875,11.2283333333333,0.0,1.0,15.0,0.988290519400059
195,2026-08-23 14:51:38,val,HighSpeedRail,300,20,1111.88031732717,4000000000,480000,EVA,1,9,1111.88013522839,4,LMMSE,ODDM,3,0.0,0.0,0.0,898245.614035088,1.87134502923977,68.7501,0.0,1.0,15.0,0.964477834250428
196,2026-08-23 14:51:38,train,HighSpeedRail,300,20,1111.88031732717,4000000000,480000,EVA,1,9,1111.88013522839,16,MRC,OTFS,3,0.0019965277777777,0.0079861111111111,0.333333333333333,1200000.0,2.5,11.3678,0.333333333333333,0.666666666666667,14.3333333333333,0.679463142920043
196,2026-08-23 14:51:38,train,HighSpeedRail,300,20,1111.88031732717,4000000000,480000,EVA,1,9,1111.88013522839,16,LMMSE,ODDM,3,0.0193576388888889,0.0767361111111111,1.0,0.0,0.0,69.8350666666667,1.0,0.0,11.6666666666667,0.25857476355326
197,2026-08-23 14:51:39,train,Pedestrian,0,-10,0.0,4000000000,480000,ETU,2,9,0.0,4,MRC,OTFS,3,0.370330459770115,0.600574712643678,1.0,0.0,0.0,11.4960333333333,1.0,0.0,2.66666666666667,0.139056168467919
197,2026-08-23 14:51:39,train,Pedestrian,0,-10,0.0,4000000000,480000,ETU,2,9,0.0,4,LMMSE,ODDM,3,0.366199712643678,0.592313218390805,1.0,0.0,0.0,64.997,1.0,0.0,2.66666666666667,0.117098902531048
198,2026-08-23 14:51:39,train,Pedestrian,0,-10,0.0,4000000000,480000,ETU,2,9,0.0,16,MRC,OTFS,3,0.435255028735632,0.880028735632184,1.0,0.0,0.0,14.0231666666667,1.0,0.0,2.33333333333333,0.131614257493659
198,2026-08-23 14:51:39,train,Pedestrian,0,-10,0.0,4000000000,480000,ETU,2,9,0.0,16,LMMSE,ODDM,3,0.436691810344828,0.918462643678161,1.0,0.0,0.0,64.3163,1.0,0.0,3.33333333333333,0.120826193695167
199,2026-08-23 14:51:39,train,Pedestrian,0,-5,0.0,4000000000,480000,ETU,2,9,0.0,4,MRC,OTFS,3,0.285380747126437,0.480962643678161,1.0,0.0,0.0,11.9405,1.0,0.0,3.33333333333333,0.150228447079445
199,2026-08-23 14:51:39,train,Pedestrian,0,-5,0.0,4000000000,480000,ETU,2,9,0.0,4,LMMSE,ODDM,3,0.283045977011494,0.476293103448276,1.0,0.0,0.0,61.6272666666667,1.0,0.0,3.33333333333333,0.129654138698733
200,2026-08-23 14:51:39,train,Pedestrian,0,-5,0.0,4000000000,480000,ETU,2,9,0.0,16,MRC,OTFS,3,0.375987787356322,0.831537356321839,1.0,0.0,0.0,19.6506666666667,1.0,0.0,3.33333333333333,0.141676352402889
200,2026-08-23 14:51:39,train,Pedestrian,0,-5,0.0,4000000000,480000,ETU,2,9,0.0,16,LMMSE,ODDM,3,0.396551724137931,0.906609195402299,1.0,0.0,0.0,80.8608666666667,1.0,0.0,4.0,0.123481603146697
201,2026-08-23 14:51:40,val,Pedestrian,0,0,0.0,4000000000,480000,ETU,2,9,0.0,4,MRC,OTFS,3,0.173132183908046,0.302442528735632,1.0,0.0,0.0,19.4793333333333,1.0,0.0,4.66666666666667,0.169120532726571
201,2026-08-23 14:51:40,val,Pedestrian,0,0,0.0,4000000000,480000,ETU,2,9,0.0,4,LMMSE,ODDM,3,0.170258620689655,0.302801724137931,1.0,0.0,0.0,69.3817,1.0,0.0,4.66666666666667,0.1493907874431
202,2026-08-23 14:51:40,train,Pedestrian,0,0,0.0,4000000000,480000,ETU,2,9,0.0,16,MRC,OTFS,3,0.279094827586207,0.713362068965517,1.0,0.0,0.0,16.2621,1.0,0.0,4.66666666666667,0.161951081647728
202,2026-08-23 14:51:40,train,Pedestrian,0,0,0.0,4000000000,480000,ETU,2,9,0.0,16,LMMSE,ODDM,3,0.34680316091954,0.881465517241379,1.0,0.0,0.0,64.9248333333333,1.0,0.0,4.33333333333333,0.134776435155058
203,2026-08-23 14:51:40,train,Pedestrian,0,5,0.0,4000000000,480000,ETU,2,9,0.0,4,MRC,OTFS,3,0.079382183908046,0.142241379310345,1.0,0.0,0.0,11.6295333333333,1.0,0.0,8.0,0.220195934427133
203,2026-08-23 14:51:40,train,Pedestrian,0,5,0.0,4000000000,480000,ETU,2,9,0.0,4,LMMSE,ODDM,3,0.0720186781609195,0.130747126436782,1.0,0.0,0.0,65.4543666666667,1.0,0.0,8.0,0.1996952277561
204,2026-08-23 14:51:41,train,Pedestrian,0,5,0.0,4000000000,480000,ETU,2,9,0.0,16,MRC,OTFS,3,0.162895114942529,0.501795977011494,1.0,0.0,0.0,21.4408333333333,1.0,0.0,6.33333333333333,0.186004721753388
204,2026-08-23 14:51:41,train,Pedestrian,0,5,0.0,4000000000,480000,ETU,2,9,0.0,16,LMMSE,ODDM,3,0.304328304597701,0.842672413793103,1.0,0.0,0.0,63.1846,1.0,0.0,4.66666666666667,0.141105627883543
205,2026-08-23 14:51:41,train,Pedestrian,0,10,0.0,4000000000,480000,ETU,2,9,0.0,4,MRC,OTFS,3,0.0265804597701149,0.0499281609195402,0.666666666666667,290000.0,0.604166666666667,10.3288,0.666666666666667,0.333333333333333,12.0,0.444151585108684
205,2026-08-23 14:51:41,train,Pedestrian,0,10,0.0,4000000000,480000,ETU,2,9,0.0,4,LMMSE,ODDM,3,0.0262212643678161,0.0510057471264368,0.666666666666667,289152.872444012,0.602401817591691,63.5885333333333,0.666666666666667,0.333333333333333,12.0,0.422107306880705
206,2026-08-23 14:51:41,val,Pedestrian,0,10,0.0,4000000000,480000,ETU,2,9,0.0,16,MRC,OTFS,3,0.0717492816091954,0.25323275862069,1.0,0.0,0.0,18.0978333333333,1.0,0.0,9.0,0.229022691449005
206,2026-08-23 14:51:41,val,Pedestrian,0,10,0.0,4000000000,480000,ETU,2,9,0.0,16,LMMSE,ODDM,3,0.214349856321839,0.651939655172414,1.0,0.0,0.0,62.7198,1.0,0.0,5.66666666666667,0.157617735972322
207,2026-08-23 14:51:42,train,Pedestrian,0,15,0.0,4000000000,480000,ETU,2,9,0.0,4,MRC,OTFS,3,0.0001795977011494,0.0003591954022988,0.333333333333333,580000.0,1.20833333333333,13.1499333333333,0.333333333333333,0.666666666666667,15.0,0.726790658280362
207,2026-08-23 14:51:42,train,Pedestrian,0,15,0.0,4000000000,480000,ETU,2,9,0.0,4,LMMSE,ODDM,3,0.0055675287356321,0.0111350574712644,0.333333333333333,578305.744888023,1.20480363518338,66.059,0.333333333333333,0.666666666666667,13.3333333333333,0.626042080512145
208,2026-08-23 14:51:42,train,Pedestrian,0,15,0.0,4000000000,480000,ETU,2,9,0.0,16,MRC,OTFS,3,0.0229885057471264,0.0851293103448276,0.666666666666667,580000.0,1.20833333333333,12.5475,0.666666666666667,0.333333333333333,12.3333333333333,0.449064383576778
208,2026-08-23 14:51:42,train,Pedestrian,0,15,0.0,4000000000,480000,ETU,2,9,0.0,16,LMMSE,ODDM,3,0.0735452586206897,0.253591954022989,0.666666666666667,578305.744888023,1.20480363518338,63.688,0.666666666666667,0.333333333333333,10.0,0.383408583928269
209,2026-08-23 14:51:42,train,Pedestrian,0,20,0.0,4000000000,480000,ETU,2,9,0.0,4,MRC,OTFS,3,0.0,0.0,0.0,870000.0,1.8125,10.4926333333333,0.0,1.0,15.0,0.985513927116695
209,2026-08-23 14:51:42,train,Pedestrian,0,20,0.0,4000000000,480000,ETU,2,9,0.0,4,LMMSE,ODDM,3,0.0001795977011494,0.0003591954022988,0.333333333333333,578305.744888023,1.20480363518338,66.4618333333333,0.333333333333333,0.666666666666667,15.0,0.704704202931983
210,2026-08-23 14:51:42,train,Pedestrian,0,20,0.0,4000000000,480000,ETU,2,9,0.0,16,MRC,OTFS,3,0.0026939655172413,0.0107758620689655,0.333333333333333,1160000.0,2.41666666666667,12.2491666666667,0.333333333333333,0.666666666666667,14.3333333333333,0.671542863563395
210,2026-08-23 14:51:42,train,Pedestrian,0,20,0.0,4000000000,480000,ETU,2,9,0.0,16,LMMSE,ODDM,3,0.0060165229885057,0.024066091954023,0.333333333333333,1156611.48977605,2.40960727036676,64.0817333333333,0.333333333333333,0.666666666666667,13.6666666666667,0.628686017053951
211,2026-08-23 14:51:43,train,Urban,20,-10,74.1253544884782,4000000000,480000,ETU,2,9,69.0347120293727,4,MRC,OTFS,3,0.369791666666667,0.596264367816092,1.0,0.0,0.0,13.9978333333333,1.0,0.0,2.66666666666667,0.137908845422058
211,2026-08-23 14:51:43,train,Urban,20,-10,74.1253544884782,4000000000,480000,ETU,2,9,69.0347120293727,4,LMMSE,ODDM,3,0.375179597701149,0.60308908045977,1.0,0.0,0.0,64.4033666666667,1.0,0.0,2.66666666666667,0.116875298577229
212,2026-08-23 14:51:43,train,Urban,20,-10,74.1253544884782,4000000000,480000,ETU,2,9,69.0347120293727,16,MRC,OTFS,3,0.42663433908046,0.878951149425287,1.0,0.0,0.0,17.2611666666667,1.0,0.0,2.33333333333333,0.130479038982957
212,2026-08-23 14:51:43,train,Urban,20,-10,74.1253544884782,4000000000,480000,ETU,2,9,69.0347120293727,16,LMMSE,ODDM,3,0.430854885057471,0.913074712643678,1.0,0.0,0.0,62.8533666666667,1.0,0.0,3.66666666666667,0.124935286843403
213,2026-08-23 14:51:43,val,Urban,20,-5,74.1253544884782,4000000000,480000,ETU,2,9,69.0347120293727,4,MRC,OTFS,3,0.286997126436782,0.479885057471264,1.0,0.0,0.0,13.5473,1.0,0.0,3.33333333333333,0.149372437182564
213,2026-08-23 14:51:43,val,Urban,20,-5,74.1253544884782,4000000000,480000,ETU,2,9,69.0347120293727,4,LMMSE,ODDM,3,0.29364224137931,0.48742816091954,1.0,0.0,0.0,62.9069666666667,1.0,0.0,3.33333333333333,0.12852040390311
214,2026-08-23 14:51:44,train,Urban,20,-5,74.1253544884782,4000000000,480000,ETU,2,9,69.0347120293727,16,MRC,OTFS,3,0.358566810344828,0.8125,1.0,0.0,0.0,15.5408333333333,1.0,0.0,3.33333333333333,0.144416723236234
214,2026-08-23 14:51:44,train,Urban,20,-5,74.1253544884782,4000000000,480000,ETU,2,9,69.0347120293727,16,LMMSE,ODDM,3,0.386135057471264,0.897988505747126,1.0,0.0,0.0,62.6237,1.0,0.0,4.0,0.130335525070778
215,2026-08-23 14:51:44,train,Urban,20,0,74.1253544884782,4000000000,480000,ETU,2,9,69.0347120293727,4,MRC,OTFS,3,0.171875,0.300287356321839,1.0,0.0,0.0,14.0350333333333,1.0,0.0,4.66666666666667,0.171755854690284
215,2026-08-23 14:51:44,train,Urban,20,0,74.1253544884782,4000000000,480000,ETU,2,9,69.0347120293727,4,LMMSE,ODDM,3,0.180675287356322,0.313218390804598,1.0,0.0,0.0,62.5766333333333,1.0,0.0,4.66666666666667,0.150762753770907
216,2026-08-23 14:51:44,train,Urban,20,0,74.1253544884782,4000000000,480000,ETU,2,9,69.0347120293727,16,MRC,OTFS,3,0.247755028735632,0.671695402298851,1.0,0.0,0.0,18.2603,1.0,0.0,5.0,0.166523311163098
216,2026-08-23 14:51:44,train,Urban,20,0,74.1253544884782,4000000000,480000,ETU,2,9,69.0347120293727,16,LMMSE,ODDM,3,0.336566091954023,0.877873563218391,1.0,0.0,0.0,61.2022,1.0,0.0,4.33333333333333,0.136676586926898
217,2026-08-23 14:51:44,train,Urban,20,5,74.1253544884782,4000000000,480000,ETU,2,9,69.0347120293727,4,MRC,OTFS,3,0.0892600574712644,0.15625,1.0,0.0,0.0,13.1262666666667,1.0,0.0,9.0,0.227370223060739
217,2026-08-23 14:51:44,train,Urban,20,5,74.1253544884782,4000000000,480000,ETU,2,9,69.0347120293727,4,LMMSE,ODDM,3,0.0896192528735632,0.159123563218391,1.0,0.0,0.0,63.7862,1.0,0.0,8.33333333333333,0.199675848919091
218,2026-08-23 14:51:45,train,Urban,20,5,74.1253544884782,4000000000,480000,ETU,2,9,69.0347120293727,16,MRC,OTFS,3,0.131196120689655,0.436781609195402,1.0,0.0,0.0,17.1075666666667,1.0,0.0,7.0,0.198555133000568
218,2026-08-23 14:51:45,train,Urban,20,5,74.1253544884782,4000000000,480000,ETU,2,9,69.0347120293727,16,LMMSE,ODDM,3,0.291846264367816,0.830818965517241,1.0,0.0,0.0,65.2252666666667,1.0,0.0,5.0,0.144456644733934
219,2026-08-23 14:51:45,train,Urban,20,10,74.1253544884782,4000000000,480000,ETU,2,9,69.0347120293727,4,MRC,OTFS,3,0.039691091954023,0.0757902298850575,0.666666666666667,290000.0,0.604166666666667,14.8796,0.666666666666667,0.333333333333333,11.6666666666667,0.431426338643229
219,2026-08-23 14:51:45,train,Urban,20,10,74.1253544884782,4000000000,480000,ETU,2,9,69.0347120293727,4,LMMSE,ODDM,3,0.0393318965517241,0.0747126436781609,0.666666666666667,289152.872444012,0.602401817591691,62.6289666666667,0.666666666666667,0.333333333333333,11.6666666666667,0.411786788290595
220,2026-08-23 14:51:45,val,Urban,20,10,74.1253544884782,4000000000,480000,ETU,2,9,69.0347120293727,16,MRC,OTFS,3,0.0422054597701149,0.156609195402299,1.0,0.0,0.0,18.2908666666667,1.0,0.0,9.66666666666667,0.245203272587483
220,2026-08-23 14:51:45,val,Urban,20,10,74.1253544884782,4000000000,480000,ETU,2,9,69.0347120293727,16,LMMSE,ODDM,3,0.181034482758621,0.57183908045977,1.0,0.0,0.0,64.3891333333333,1.0,0.0,6.33333333333333,0.166733702270671
221,2026-08-23 14:51:46,train,Urban,20,15,74.1253544884782,4000000000,480000,ETU,2,9,69.0347120293727,4,MRC,OTFS,3,0.0053879310344827,0.0100574712643678,0.333333333333333,580000.0,1.20833333333333,13.2723333333333,0.333333333333333,0.666666666666667,13.3333333333333,0.648519984646376
221,2026-08-23 14:51:46,train,Urban,20,15,74.1253544884782,4000000000,480000,ETU,2,9,69.0347120293727,4,LMMSE,ODDM,3,0.0075431034482758,0.0150862068965517,0.333333333333333,578305.744888023,1.20480363518338,63.9790333333333,0.333333333333333,0.666666666666667,13.0,0.617964779003169
222,2026-08-23 14:51:46,train,Urban,20,15,74.1253544884782,4000000000,480000,ETU,2,9,69.0347120293727,16,MRC,OTFS,3,0.0016163793103448,0.0064655172413793,0.666666666666667,580000.0,1.20833333333333,17.0343666666667,0.666666666666667,0.333333333333333,14.6666666666667,0.518354476575145
222,2026-08-23 14:51:46,train,Urban,20,15,74.1253544884782,4000000000,480000,ETU,2,9,69.0347120293727,16,LMMSE,ODDM,3,0.0297234195402299,0.116020114942529,0.666666666666667,578305.744888023,1.20480363518338,64.3529666666667,0.666666666666667,0.333333333333333,11.0,0.409561172256202
223,2026-08-23 14:51:46,train,Urban,20,20,74.1253544884782,4000000000,480000,ETU,2,9,69.0347120293727,4,MRC,OTFS,3,0.0001795977011494,0.0003591954022988,0.333333333333333,580000.0,1.20833333333333,12.8044333333333,0.333333333333333,0.666666666666667,15.0,0.726952555173473
223,2026-08-23 14:51:46,train,Urban,20,20,74.1253544884782,4000000000,480000,ETU,2,9,69.0347120293727,4,LMMSE,ODDM,3,0.0001795977011494,0.0003591954022988,0.333333333333333,578305.744888023,1.20480363518338,64.7580666666667,0.333333333333333,0.666666666666667,15.0,0.705317839508826
224,2026-08-23 14:51:47,train,Urban,20,20,74.1253544884782,4000000000,480000,ETU,2,9,69.0347120293727,16,MRC,OTFS,3,0.0,0.0,0.0,1740000.0,3.625,11.7234,0.0,1.0,15.0,0.984931789500087
224,2026-08-23 14:51:47,train,Urban,20,20,74.1253544884782,4000000000,480000,ETU,2,9,69.0347120293727,16,LMMSE,ODDM,3,8.97988505747126e-05,0.0003591954022988,0.333333333333333,1156611.48977605,2.40960727036676,65.9835,0.333333333333333,0.666666666666667,15.0,0.717418870728932
225,2026-08-23 14:51:47,train,Urban,60,-10,222.376063465435,4000000000,480000,ETU,2,9,207.104136088118,4,MRC,OTFS,3,0.364403735632184,0.591594827586207,1.0,0.0,0.0,12.9125,1.0,0.0,3.0,0.142015134490648
225,2026-08-23 14:51:47,train,Urban,60,-10,222.376063465435,4000000000,480000,ETU,2,9,207.104136088118,4,LMMSE,ODDM,3,0.366918103448276,0.604885057471264,1.0,0.0,0.0,64.0585,1.0,0.0,3.0,0.120736619452814
226,2026-08-23 14:51:47,train,Urban,60,-10,222.376063465435,4000000000,480000,ETU,2,9,207.104136088118,16,MRC,OTFS,3,0.42816091954023,0.881465517241379,1.0,0.0,0.0,17.2349333333333,1.0,0.0,2.33333333333333,0.130426437856343
226,2026-08-23 14:51:47,train,Urban,60,-10,222.376063465435,4000000000,480000,ETU,2,9,207.104136088118,16,LMMSE,ODDM,3,0.4296875,0.910201149425287,1.0,0.0,0.0,61.6624666666667,1.0,0.0,3.66666666666667,0.125420551536463
227,2026-08-23 14:51:47,train,Urban,60,-5,222.376063465435,4000000000,480000,ETU,2,9,207.104136088118,4,MRC,OTFS,3,0.289331896551724,0.486709770114943,1.0,0.0,0.0,15.7041666666667,1.0,0.0,3.33333333333333,0.14822343355823
227,2026-08-23 14:51:47,train,Urban,60,-5,222.376063465435,4000000000,480000,ETU,2,9,207.104136088118,4,LMMSE,ODDM,3,0.290229885057471,0.497126436781609,1.0,0.0,0.0,62.2097666666667,1.0,0.0,3.33333333333333,0.1289868875117
228,2026-08-23 14:51:48,val,Urban,60,-5,222.376063465435,4000000000,480000,ETU,2,9,207.104136088118,16,MRC,OTFS,3,0.369342672413793,0.828304597701149,1.0,0.0,0.0,15.9276666666667,1.0,0.0,3.33333333333333,0.143702131416116
228,2026-08-23 14:51:48,val,Urban,60,-5,222.376063465435,4000000000,480000,ETU,2,9,207.104136088118,16,LMMSE,ODDM,3,0.387841235632184,0.895833333333333,1.0,0.0,0.0,63.5580666666667,1.0,0.0,4.0,0.129914953271768
229,2026-08-23 14:51:48,train,Urban,60,0,222.376063465435,4000000000,480000,ETU,2,9,207.104136088118,4,MRC,OTFS,3,0.182830459770115,0.320761494252874,1.0,0.0,0.0,16.0380666666667,1.0,0.0,4.33333333333333,0.166375376687915
229,2026-08-23 14:51:48,train,Urban,60,0,222.376063465435,4000000000,480000,ETU,2,9,207.104136088118,4,LMMSE,ODDM,3,0.175826149425287,0.313218390804598,1.0,0.0,0.0,65.7989,1.0,0.0,4.33333333333333,0.146752886429429
230,2026-08-23 14:51:48,train,Urban,60,0,222.376063465435,4000000000,480000,ETU,2,9,207.104136088118,16,MRC,OTFS,3,0.262212643678161,0.70941091954023,1.0,0.0,0.0,15.5418333333333,1.0,0.0,4.66666666666667,0.163412779732752
230,2026-08-23 14:51:48,train,Urban,60,0,222.376063465435,4000000000,480000,ETU,2,9,207.104136088118,16,LMMSE,ODDM,3,0.340068247126437,0.878951149425287,1.0,0.0,0.0,63.9442666666667,1.0,0.0,4.33333333333333,0.135486555094659
231,2026-08-23 14:51:49,train,Urban,60,5,222.376063465435,4000000000,480000,ETU,2,9,207.104136088118,4,MRC,OTFS,3,0.0804597701149425,0.147270114942529,1.0,0.0,0.0,12.3090333333333,1.0,0.0,7.33333333333333,0.212965264600902
231,2026-08-23 14:51:49,train,Urban,60,5,222.376063465435,4000000000,480000,ETU,2,9,207.104136088118,4,LMMSE,ODDM,3,0.0766882183908046,0.14367816091954,1.0,0.0,0.0,64.8935666666667,1.0,0.0,7.33333333333333,0.19209416907679
232,2026-08-23 14:51:49,train,Urban,60,5,222.376063465435,4000000000,480000,ETU,2,9,207.104136088118,16,MRC,OTFS,3,0.148796695402299,0.491738505747126,1.0,0.0,0.0,15.4482666666667,1.0,0.0,6.66666666666667,0.193708589658537
232,2026-08-23 14:51:49,train,Urban,60,5,222.376063465435,4000000000,480000,ETU,2,9,207.104136088118,16,LMMSE,ODDM,3,0.296156609195402,0.839439655172414,1.0,0.0,0.0,62.9683333333333,1.0,0.0,5.0,0.145010383788816
233,2026-08-23 14:51:49,val,Urban,60,10,222.376063465435,4000000000,480000,ETU,2,9,207.104136088118,4,MRC,OTFS,3,0.0208333333333333,0.0402298850574713,0.333333333333333,580000.0,1.20833333333333,14.229,0.333333333333333,0.666666666666667,12.3333333333333,0.613601068885125
233,2026-08-23 14:51:49,val,Urban,60,10,222.376063465435,4000000000,480000,ETU,2,9,207.104136088118,4,LMMSE,ODDM,3,0.0244252873563218,0.0470545977011494,0.666666666666667,289152.872444012,0.602401817591691,63.6255333333333,0.666666666666667,0.333333333333333,11.0,0.413377761178051
234,2026-08-23 14:51:50,train,Urban,60,10,222.376063465435,4000000000,480000,ETU,2,9,207.104136088118,16,MRC,OTFS,3,0.0469647988505747,0.179238505747126,1.0,0.0,0.0,22.6607,1.0,0.0,9.33333333333333,0.237964110227124
234,2026-08-23 14:51:50,train,Urban,60,10,222.376063465435,4000000000,480000,ETU,2,9,207.104136088118,16,LMMSE,ODDM,3,0.198455459770115,0.626077586206897,1.0,0.0,0.0,66.1630666666667,1.0,0.0,6.0,0.161097820508415
235,2026-08-23 14:51:50,train,Urban,60,15,222.376063465435,4000000000,480000,ETU,2,9,207.104136088118,4,MRC,OTFS,3,0.0005387931034482,0.0010775862068965,0.333333333333333,580000.0,1.20833333333333,10.9368333333333,0.333333333333333,0.666666666666667,14.6666666666667,0.704619161500848
235,2026-08-23 14:51:50,train,Urban,60,15,222.376063465435,4000000000,480000,ETU,2,9,207.104136088118,4,LMMSE,ODDM,3,0.0028735632183908,0.0057471264367816,0.333333333333333,578305.744888023,1.20480363518338,64.8853666666667,0.333333333333333,0.666666666666667,13.6666666666667,0.64176681035114
236,2026-08-23 14:51:50,train,Urban,60,15,222.376063465435,4000000000,480000,ETU,2,9,207.104136088118,16,MRC,OTFS,3,0.004040948275862,0.0161637931034483,0.666666666666667,580000.0,1.20833333333333,17.4061,0.666666666666667,0.333333333333333,14.0,0.494936443261274
236,2026-08-23 14:51:50,train,Urban,60,15,222.376063465435,4000000000,480000,ETU,2,9,207.104136088118,16,LMMSE,ODDM,3,0.0429238505747126,0.15948275862069,1.0,0.0,0.0,63.8295666666667,1.0,0.0,11.0,0.239647698650272
237,2026-08-23 14:51:50,train,Urban,60,20,222.376063465435,4000000000,480000,ETU,2,9,207.104136088118,4,MRC,OTFS,3,0.0,0.0,0.0,870000.0,1.8125,11.3559666666667,0.0,1.0,15.0,0.985105206038963
237,2026-08-23 14:51:50,train,Urban,60,20,222.376063465435,4000000000,480000,ETU,2,9,207.104136088118,4,LMMSE,ODDM,3,0.0,0.0,0.0,867458.617332035,1.80720545277507,64.0845333333333,0.0,1.0,15.0,0.96294449093213
238,2026-08-23 14:51:51,train,Urban,60,20,222.376063465435,4000000000,480000,ETU,2,9,207.104136088118,16,MRC,OTFS,3,0.0,0.0,0.0,1740000.0,3.625,12.3058666666667,0.0,1.0,15.0,0.984657536245758
238,2026-08-23 14:51:51,train,Urban,60,20,222.376063465435,4000000000,480000,ETU,2,9,207.104136088118,16,LMMSE,ODDM,3,0.0003591954022988,0.0014367816091954,0.666666666666667,578305.744888023,1.20480363518338,70.4875,0.666666666666667,0.333333333333333,15.0,0.527278559257283
239,2026-08-23 14:51:51,val,Highway,100,-10,370.626772442391,4000000000,480000,ETU,2,9,345.173560146863,4,MRC,OTFS,3,0.374640804597701,0.609913793103448,1.0,0.0,0.0,15.4288333333333,1.0,0.0,3.0,0.1403416765154
239,2026-08-23 14:51:51,val,Highway,100,-10,370.626772442391,4000000000,480000,ETU,2,9,345.173560146863,4,LMMSE,ODDM,3,0.360632183908046,0.594109195402299,1.0,0.0,0.0,64.261,1.0,0.0,3.0,0.120975849652371
240,2026-08-23 14:51:51,train,Highway,100,-10,370.626772442391,4000000000,480000,ETU,2,9,345.173560146863,16,MRC,OTFS,3,0.44360632183908,0.90301724137931,1.0,0.0,0.0,21.5785333333333,1.0,0.0,2.66666666666667,0.131147489418935
240,2026-08-23 14:51:51,train,Highway,100,-10,370.626772442391,4000000000,480000,ETU,2,9,345.173560146863,16,LMMSE,ODDM,3,0.432650862068966,0.913074712643678,1.0,0.0,0.0,63.8543333333333,1.0,0.0,3.66666666666667,0.124495411935413
241,2026-08-23 14:51:52,train,Highway,100,-5,370.626772442391,4000000000,480000,ETU,2,9,345.173560146863,4,MRC,OTFS,3,0.300646551724138,0.506824712643678,1.0,0.0,0.0,15.7350666666667,1.0,0.0,3.0,0.144181655017383
241,2026-08-23 14:51:52,train,Highway,100,-5,370.626772442391,4000000000,480000,ETU,2,9,345.173560146863,4,LMMSE,ODDM,3,0.273886494252874,0.470905172413793,1.0,0.0,0.0,64.4714666666667,1.0,0.0,3.33333333333333,0.129211818732157
242,2026-08-23 14:51:52,train,Highway,100,-5,370.626772442391,4000000000,480000,ETU,2,9,345.173560146863,16,MRC,OTFS,3,0.382722701149425,0.850574712643678,1.0,0.0,0.0,18.7316333333333,1.0,0.0,3.0,0.138439222079113
242,2026-08-23 14:51:52,train,Highway,100,-5,370.626772442391,4000000000,480000,ETU,2,9,345.173560146863,16,LMMSE,ODDM,3,0.393588362068966,0.898347701149425,1.0,0.0,0.0,63.3151666666667,1.0,0.0,4.0,0.129737215078849
243,2026-08-23 14:51:52,train,Highway,100,0,370.626772442391,4000000000,480000,ETU,2,9,345.173560146863,4,MRC,OTFS,3,0.191091954022989,0.342313218390805,1.0,0.0,0.0,11.0725666666667,1.0,0.0,4.0,0.164562412665433
243,2026-08-23 14:51:52,train,Highway,100,0,370.626772442391,4000000000,480000,ETU,2,9,345.173560146863,4,LMMSE,ODDM,3,0.169540229885057,0.310704022988506,1.0,0.0,0.0,63.2211,1.0,0.0,4.33333333333333,0.148345221857964
244,2026-08-23 14:51:53,train,Highway,100,0,370.626772442391,4000000000,480000,ETU,2,9,345.173560146863,16,MRC,OTFS,3,0.283854166666667,0.730603448275862,1.0,0.0,0.0,14.3624,1.0,0.0,4.33333333333333,0.159191615474287
244,2026-08-23 14:51:53,train,Highway,100,0,370.626772442391,4000000000,480000,ETU,2,9,345.173560146863,16,LMMSE,ODDM,3,0.348239942528736,0.877155172413793,1.0,0.0,0.0,64.8201333333333,1.0,0.0,4.0,0.131406136282153
245,2026-08-23 14:51:53,train,Highway,100,5,370.626772442391,4000000000,480000,ETU,2,9,345.173560146863,4,MRC,OTFS,3,0.0790229885057471,0.151580459770115,1.0,0.0,0.0,12.1139666666667,1.0,0.0,7.0,0.210049743351382
245,2026-08-23 14:51:53,train,Highway,100,5,370.626772442391,4000000000,480000,ETU,2,9,345.173560146863,4,LMMSE,ODDM,3,0.069683908045977,0.133261494252874,1.0,0.0,0.0,65.1248666666667,1.0,0.0,7.0,0.19041045219395
246,2026-08-23 14:51:53,train,Highway,100,5,370.626772442391,4000000000,480000,ETU,2,9,345.173560146863,16,MRC,OTFS,3,0.168013649425287,0.533405172413793,1.0,0.0,0.0,18.5066666666667,1.0,0.0,6.33333333333333,0.186772525431659
246,2026-08-23 14:51:53,train,Highway,100,5,370.626772442391,4000000000,480000,ETU,2,9,345.173560146863,16,LMMSE,ODDM,3,0.30298132183908,0.841235632183908,1.0,0.0,0.0,66.9347,1.0,0.0,5.0,0.143164840904247
247,2026-08-23 14:51:54,train,Highway,100,10,370.626772442391,4000000000,480000,ETU,2,9,345.173560146863,4,MRC,OTFS,3,0.0114942528735632,0.0226293103448276,0.666666666666667,290000.0,0.604166666666667,13.9939666666667,0.666666666666667,0.333333333333333,11.6666666666667,0.454263830280153
247,2026-08-23 14:51:54,train,Highway,100,10,370.626772442391,4000000000,480000,ETU,2,9,345.173560146863,4,LMMSE,ODDM,3,0.0147270114942529,0.0283764367816092,0.666666666666667,289152.872444012,0.602401817591691,71.6200333333333,0.666666666666667,0.333333333333333,11.0,0.41968228694141
248,2026-08-23 14:51:54,val,Highway,100,10,370.626772442391,4000000000,480000,ETU,2,9,345.173560146863,16,MRC,OTFS,3,0.061871408045977,0.220905172413793,1.0,0.0,0.0,16.6753333333333,1.0,0.0,9.0,0.232355038038469
248,2026-08-23 14:51:54,val,Highway,100,10,370.626772442391,4000000000,480000,ETU,2,9,345.173560146863,16,LMMSE,ODDM,3,0.216235632183908,0.667744252873563,1.0,0.0,0.0,68.5472,1.0,0.0,5.66666666666667,0.155360588898
249,2026-08-23 14:51:54,train,Highway,100,15,370.626772442391,4000000000,480000,ETU,2,9,345.173560146863,4,MRC,OTFS,3,0.0,0.0,0.0,870000.0,1.8125,12.3915,0.0,1.0,15.0,0.984617283266262
249,2026-08-23 14:51:54,train,Highway,100,15,370.626772442391,4000000000,480000,ETU,2,9,345.173560146863,4,LMMSE,ODDM,3,0.0005387931034482,0.0010775862068965,0.333333333333333,578305.744888023,1.20480363518338,65.6935,0.333333333333333,0.666666666666667,14.6666666666667,0.681766896791079
250,2026-08-23 14:51:54,train,Highway,100,15,370.626772442391,4000000000,480000,ETU,2,9,345.173560146863,16,MRC,OTFS,3,0.0085308908045977,0.0323275862068966,1.0,0.0,0.0,17.7464,1.0,0.0,13.3333333333333,0.311050979211906
250,2026-08-23 14:51:54,train,Highway,100,15,370.626772442391,4000000000,480000,ETU,2,9,345.173560146863,16,LMMSE,ODDM,3,0.0697737068965517,0.248922413793103,1.0,0.0,0.0,69.8824,1.0,0.0,9.33333333333333,0.212023098627084
251,2026-08-23 14:51:55,train,Highway,100,20,370.626772442391,4000000000,480000,ETU,2,9,345.173560146863,4,MRC,OTFS,3,0.0,0.0,0.0,870000.0,1.8125,13.6489666666667,0.0,1.0,15.0,0.984028176347034
251,2026-08-23 14:51:55,train,Highway,100,20,370.626772442391,4000000000,480000,ETU,2,9,345.173560146863,4,LMMSE,ODDM,3,0.0,0.0,0.0,867458.617332035,1.80720545277507,68.6199333333333,0.0,1.0,15.0,0.961317021419712
252,2026-08-23 14:51:55,train,Highway,100,20,370.626772442391,4000000000,480000,ETU,2,9,345.173560146863,16,MRC,OTFS,3,0.0,0.0,0.0,1740000.0,3.625,12.1631666666667,0.0,1.0,15.0,0.98472465240121
252,2026-08-23 14:51:55,train,Highway,100,20,370.626772442391,4000000000,480000,ETU,2,9,345.173560146863,16,LMMSE,ODDM,3,0.0045797413793103,0.0183189655172414,0.666666666666667,578305.744888023,1.20480363518338,69.6730333333333,0.666666666666667,0.333333333333333,14.0,0.471502492421307
253,2026-08-23 14:51:55,train,HighSpeedRail,150,-10,555.940158663587,4000000000,480000,ETU,2,9,517.760340220295,4,MRC,OTFS,3,0.391702586206897,0.634698275862069,1.0,0.0,0.0,16.7974666666667,1.0,0.0,3.0,0.138904438605805
253,2026-08-23 14:51:55,train,HighSpeedRail,150,-10,555.940158663587,4000000000,480000,ETU,2,9,517.760340220295,4,LMMSE,ODDM,3,0.37805316091954,0.617816091954023,1.0,0.0,0.0,64.5735,1.0,0.0,3.0,0.120008942327187
254,2026-08-23 14:51:56,train,HighSpeedRail,150,-10,555.940158663587,4000000000,480000,ETU,2,9,517.760340220295,16,MRC,OTFS,3,0.441271551724138,0.88433908045977,1.0,0.0,0.0,14.4140333333333,1.0,0.0,2.33333333333333,0.131183813506831
254,2026-08-23 14:51:56,train,HighSpeedRail,150,-10,555.940158663587,4000000000,480000,ETU,2,9,517.760340220295,16,LMMSE,ODDM,3,0.439565373563218,0.923132183908046,1.0,0.0,0.0,67.4597,1.0,0.0,3.33333333333333,0.119576932246934
255,2026-08-23 14:51:56,train,HighSpeedRail,150,-5,555.940158663587,4000000000,480000,ETU,2,9,517.760340220295,4,MRC,OTFS,3,0.327945402298851,0.549568965517241,1.0,0.0,0.0,14.9577666666667,1.0,0.0,3.0,0.142968877109931
255,2026-08-23 14:51:56,train,HighSpeedRail,150,-5,555.940158663587,4000000000,480000,ETU,2,9,517.760340220295,4,LMMSE,ODDM,3,0.297234195402299,0.504310344827586,1.0,0.0,0.0,66.5886,1.0,0.0,3.0,0.1236353229759
256,2026-08-23 14:51:56,train,HighSpeedRail,150,-5,555.940158663587,4000000000,480000,ETU,2,9,517.760340220295,16,MRC,OTFS,3,0.3828125,0.839080459770115,1.0,0.0,0.0,17.9255333333333,1.0,0.0,2.66666666666667,0.135469398968191
256,2026-08-23 14:51:56,train,HighSpeedRail,150,-5,555.940158663587,4000000000,480000,ETU,2,9,517.760340220295,16,LMMSE,ODDM,3,0.398617097701149,0.908764367816092,1.0,0.0,0.0,65.0605333333333,1.0,0.0,4.0,0.128874373397115
257,2026-08-23 14:51:57,train,HighSpeedRail,150,0,555.940158663587,4000000000,480000,ETU,2,9,517.760340220295,4,MRC,OTFS,3,0.216594827586207,0.387212643678161,1.0,0.0,0.0,17.3333,1.0,0.0,3.66666666666667,0.156046282459365
257,2026-08-23 14:51:57,train,HighSpeedRail,150,0,555.940158663587,4000000000,480000,ETU,2,9,517.760340220295,4,LMMSE,ODDM,3,0.188397988505747,0.336925287356322,1.0,0.0,0.0,66.1183666666667,1.0,0.0,4.33333333333333,0.145388326728877
258,2026-08-23 14:51:57,val,HighSpeedRail,150,0,555.940158663587,4000000000,480000,ETU,2,9,517.760340220295,16,MRC,OTFS,3,0.290140086206897,0.738146551724138,1.0,0.0,0.0,15.5097666666667,1.0,0.0,4.33333333333333,0.158262861058404
258,2026-08-23 14:51:57,val,HighSpeedRail,150,0,555.940158663587,4000000000,480000,ETU,2,9,517.760340220295,16,LMMSE,ODDM,3,0.352640086206897,0.890445402298851,1.0,0.0,0.0,63.3750666666667,1.0,0.0,4.0,0.131703335976822
259,2026-08-23 14:51:57,train,HighSpeedRail,150,5,555.940158663587,4000000000,480000,ETU,2,9,517.760340220295,4,MRC,OTFS,3,0.0921336206896552,0.173132183908046,1.0,0.0,0.0,12.0058,1.0,0.0,6.33333333333333,0.20065629984299
259,2026-08-23 14:51:57,train,HighSpeedRail,150,5,555.940158663587,4000000000,480000,ETU,2,9,517.760340220295,4,LMMSE,ODDM,3,0.0858477011494253,0.157686781609195,1.0,0.0,0.0,69.4926,1.0,0.0,6.33333333333333,0.178409120730031
260,2026-08-23 14:51:58,train,HighSpeedRail,150,5,555.940158663587,4000000000,480000,ETU,2,9,517.760340220295,16,MRC,OTFS,3,0.180765086206897,0.549209770114943,1.0,0.0,0.0,18.3530666666667,1.0,0.0,6.0,0.182185481841035
260,2026-08-23 14:51:58,train,HighSpeedRail,150,5,555.940158663587,4000000000,480000,ETU,2,9,517.760340220295,16,LMMSE,ODDM,3,0.306752873563218,0.851652298850575,1.0,0.0,0.0,68.3506,1.0,0.0,4.66666666666667,0.139102841582364
261,2026-08-23 14:51:58,train,HighSpeedRail,150,10,555.940158663587,4000000000,480000,ETU,2,9,517.760340220295,4,MRC,OTFS,3,0.0149066091954023,0.0298132183908046,0.666666666666667,290000.0,0.604166666666667,13.4054333333333,0.666666666666667,0.333333333333333,10.6666666666667,0.439834526813992
261,2026-08-23 14:51:58,train,HighSpeedRail,150,10,555.940158663587,4000000000,480000,ETU,2,9,517.760340220295,4,LMMSE,ODDM,3,0.0206537356321839,0.0402298850574713,1.0,0.0,0.0,66.6670333333333,1.0,0.0,10.3333333333333,0.245194724120463
262,2026-08-23 14:51:58,train,HighSpeedRail,150,10,555.940158663587,4000000000,480000,ETU,2,9,517.760340220295,16,MRC,OTFS,3,0.0784841954022989,0.267241379310345,1.0,0.0,0.0,16.9586333333333,1.0,0.0,8.66666666666667,0.224587636202066
262,2026-08-23 14:51:58,train,HighSpeedRail,150,10,555.940158663587,4000000000,480000,ETU,2,9,517.760340220295,16,LMMSE,ODDM,3,0.220366379310345,0.681752873563218,1.0,0.0,0.0,68.2036666666667,1.0,0.0,5.66666666666667,0.155140198219405
263,2026-08-23 14:51:59,train,HighSpeedRail,150,15,555.940158663587,4000000000,480000,ETU,2,9,517.760340220295,4,MRC,OTFS,3,0.0,0.0,0.0,870000.0,1.8125,10.7057666666667,0.0,1.0,15.0,0.985412861010986
263,2026-08-23 14:51:59,train,HighSpeedRail,150,15,555.940158663587,4000000000,480000,ETU,2,9,517.760340220295,4,LMMSE,ODDM,3,0.0008979885057471,0.0017959770114942,0.666666666666667,289152.872444012,0.602401817591691,68.2962333333333,0.666666666666667,0.333333333333333,14.3333333333333,0.504805493740142
264,2026-08-23 14:51:59,val,HighSpeedRail,150,15,555.940158663587,4000000000,480000,ETU,2,9,517.760340220295,16,MRC,OTFS,3,0.0214619252873563,0.0783045977011494,1.0,0.0,0.0,15.7654,1.0,0.0,12.6666666666667,0.288600451439659
264,2026-08-23 14:51:59,val,HighSpeedRail,150,15,555.940158663587,4000000000,480000,ETU,2,9,517.760340220295,16,LMMSE,ODDM,3,0.0872844827586207,0.289870689655172,1.0,0.0,0.0,72.5563333333333,1.0,0.0,8.66666666666667,0.200368121867581
265,2026-08-23 14:51:59,val,HighSpeedRail,150,20,555.940158663587,4000000000,480000,ETU,2,9,517.760340220295,4,MRC,OTFS,3,0.0,0.0,0.0,870000.0,1.8125,15.3567666666667,0.0,1.0,15.0,0.983234002176391
265,2026-08-23 14:51:59,val,HighSpeedRail,150,20,555.940158663587,4000000000,480000,ETU,2,9,517.760340220295,4,LMMSE,ODDM,3,0.0,0.0,0.0,867458.617332035,1.80720545277507,84.2156333333333,0.0,1.0,15.0,0.955994152197568
266,2026-08-23 14:52:00,train,HighSpeedRail,150,20,555.940158663587,4000000000,480000,ETU,2,9,517.760340220295,16,MRC,OTFS,3,0.0007183908045977,0.0028735632183908,0.333333333333333,1160000.0,2.41666666666667,17.5786666666667,0.333333333333333,0.666666666666667,15.0,0.699654157779108
266,2026-08-23 14:52:00,train,HighSpeedRail,150,20,555.940158663587,4000000000,480000,ETU,2,9,517.760340220295,16,LMMSE,ODDM,3,0.0292744252873563,0.111350574712644,0.333333333333333,1156611.48977605,2.40960727036676,76.6872,0.333333333333333,0.666666666666667,12.6666666666667,0.585621402049852
267,2026-08-23 14:52:00,train,HighSpeedRail,200,-10,741.253544884782,4000000000,480000,ETU,2,9,690.347120293727,4,MRC,OTFS,3,0.401221264367816,0.641522988505747,1.0,0.0,0.0,11.8835,1.0,0.0,3.0,0.140756996198893
267,2026-08-23 14:52:00,train,HighSpeedRail,200,-10,741.253544884782,4000000000,480000,ETU,2,9,690.347120293727,4,LMMSE,ODDM,3,0.368534482758621,0.599497126436782,1.0,0.0,0.0,65.0189,1.0,0.0,3.0,0.120309319060103
268,2026-08-23 14:52:00,val,HighSpeedRail,200,-10,741.253544884782,4000000000,480000,ETU,2,9,690.347120293727,16,MRC,OTFS,3,0.44207974137931,0.891163793103448,1.0,0.0,0.0,14.9576333333333,1.0,0.0,2.33333333333333,0.130898144517975
268,2026-08-23 14:52:00,val,HighSpeedRail,200,-10,741.253544884782,4000000000,480000,ETU,2,9,690.347120293727,16,LMMSE,ODDM,3,0.432830459770115,0.919540229885057,1.0,0.0,0.0,66.5361333333333,1.0,0.0,3.33333333333333,0.120186669599899
269,2026-08-23 14:52:01,train,HighSpeedRail,200,-5,741.253544884782,4000000000,480000,ETU,2,9,690.347120293727,4,MRC,OTFS,3,0.327586206896552,0.544181034482759,1.0,0.0,0.0,13.6133,1.0,0.0,3.0,0.143614601090899
269,2026-08-23 14:52:01,train,HighSpeedRail,200,-5,741.253544884782,4000000000,480000,ETU,2,9,690.347120293727,4,LMMSE,ODDM,3,0.293103448275862,0.502514367816092,1.0,0.0,0.0,63.2097,1.0,0.0,3.0,0.125109870505202
270,2026-08-23 14:52:01,train,HighSpeedRail,200,-5,741.253544884782,4000000000,480000,ETU,2,9,690.347120293727,16,MRC,OTFS,3,0.38739224137931,0.844109195402299,1.0,0.0,0.0,14.2328666666667,1.0,0.0,3.33333333333333,0.143624595175822
270,2026-08-23 14:52:01,train,HighSpeedRail,200,-5,741.253544884782,4000000000,480000,ETU,2,9,690.347120293727,16,LMMSE,ODDM,3,0.397000718390805,0.903735632183908,1.0,0.0,0.0,64.4999,1.0,0.0,4.0,0.129150658870856
271,2026-08-23 14:52:01,train,HighSpeedRail,200,0,741.253544884782,4000000000,480000,ETU,2,9,690.347120293727,4,MRC,OTFS,3,0.216415229885057,0.385416666666667,1.0,0.0,0.0,15.3468,1.0,0.0,4.0,0.160309958127143
271,2026-08-23 14:52:01,train,HighSpeedRail,200,0,741.253544884782,4000000000,480000,ETU,2,9,690.347120293727,4,LMMSE,ODDM,3,0.186961206896552,0.33441091954023,1.0,0.0,0.0,64.6187,1.0,0.0,4.33333333333333,0.146067637309867
272,2026-08-23 14:52:01,train,HighSpeedRail,200,0,741.253544884782,4000000000,480000,ETU,2,9,690.347120293727,16,MRC,OTFS,3,0.286907327586207,0.741020114942529,1.0,0.0,0.0,20.7068666666667,1.0,0.0,4.0,0.15275860489682
272,2026-08-23 14:52:01,train,HighSpeedRail,200,0,741.253544884782,4000000000,480000,ETU,2,9,690.347120293727,16,LMMSE,ODDM,3,0.349676724137931,0.88433908045977,1.0,0.0,0.0,68.0181333333333,1.0,0.0,4.33333333333333,0.133517798979649
273,2026-08-23 14:52:02,train,HighSpeedRail,200,5,741.253544884782,4000000000,480000,ETU,2,9,690.347120293727,4,MRC,OTFS,3,0.0905172413793103,0.171336206896552,1.0,0.0,0.0,14.8459666666667,1.0,0.0,6.0,0.196315356622163
273,2026-08-23 14:52:02,train,HighSpeedRail,200,5,741.253544884782,4000000000,480000,ETU,2,9,690.347120293727,4,LMMSE,ODDM,3,0.0806393678160919,0.150862068965517,1.0,0.0,0.0,68.3757333333333,1.0,0.0,6.33333333333333,0.179937310118668
274,2026-08-23 14:52:02,train,HighSpeedRail,200,5,741.253544884782,4000000000,480000,ETU,2,9,690.347120293727,16,MRC,OTFS,3,0.175197557471264,0.54992816091954,1.0,0.0,0.0,17.3178,1.0,0.0,6.0,0.183225057438306
274,2026-08-23 14:52:02,train,HighSpeedRail,200,5,741.253544884782,4000000000,480000,ETU,2,9,690.347120293727,16,LMMSE,ODDM,3,0.305316091954023,0.845186781609195,1.0,0.0,0.0,64.4950333333333,1.0,0.0,4.66666666666667,0.140570821354933
275,2026-08-23 14:52:02,train,HighSpeedRail,200,10,741.253544884782,4000000000,480000,ETU,2,9,690.347120293727,4,MRC,OTFS,3,0.0136494252873563,0.0269396551724138,0.666666666666667,290000.0,0.604166666666667,13.1684333333333,0.666666666666667,0.333333333333333,11.0,0.444873097624117
275,2026-08-23 14:52:02,train,HighSpeedRail,200,10,741.253544884782,4000000000,480000,ETU,2,9,690.347120293727,4,LMMSE,ODDM,3,0.0184985632183908,0.0362787356321839,1.0,0.0,0.0,65.1481333333333,1.0,0.0,10.6666666666667,0.251068490064171
276,2026-08-23 14:52:03,val,HighSpeedRail,200,10,741.253544884782,4000000000,480000,ETU,2,9,690.347120293727,16,MRC,OTFS,3,0.0734554597701149,0.258979885057471,1.0,0.0,0.0,22.0389666666667,1.0,0.0,8.66666666666667,0.223481624669566
276,2026-08-23 14:52:03,val,HighSpeedRail,200,10,741.253544884782,4000000000,480000,ETU,2,9,690.347120293727,16,LMMSE,ODDM,3,0.218660201149425,0.678520114942529,1.0,0.0,0.0,64.5736666666667,1.0,0.0,6.0,0.159916512416606
277,2026-08-23 14:52:03,train,HighSpeedRail,200,15,741.253544884782,4000000000,480000,ETU,2,9,690.347120293727,4,MRC,OTFS,3,0.0,0.0,0.0,870000.0,1.8125,10.2621333333333,0.0,1.0,15.0,0.985623349647819
277,2026-08-23 14:52:03,train,HighSpeedRail,200,15,741.253544884782,4000000000,480000,ETU,2,9,690.347120293727,4,LMMSE,ODDM,3,0.0007183908045977,0.0014367816091954,0.666666666666667,289152.872444012,0.602401817591691,63.7343666666667,0.666666666666667,0.333333333333333,15.0,0.517149804827013
278,2026-08-23 14:52:03,train,HighSpeedRail,200,15,741.253544884782,4000000000,480000,ETU,2,9,690.347120293727,16,MRC,OTFS,3,0.015625,0.0603448275862069,0.666666666666667,580000.0,1.20833333333333,14.5768666666667,0.666666666666667,0.333333333333333,13.0,0.461770001590045
278,2026-08-23 14:52:03,train,HighSpeedRail,200,15,741.253544884782,4000000000,480000,ETU,2,9,690.347120293727,16,LMMSE,ODDM,3,0.0765086206896552,0.268318965517241,1.0,0.0,0.0,65.7598,1.0,0.0,8.66666666666667,0.205157502432314
279,2026-08-23 14:52:04,train,HighSpeedRail,200,20,741.253544884782,4000000000,480000,ETU,2,9,690.347120293727,4,MRC,OTFS,3,0.0,0.0,0.0,870000.0,1.8125,11.1098666666667,0.0,1.0,15.0,0.985221535489511
279,2026-08-23 14:52:04,train,HighSpeedRail,200,20,741.253544884782,4000000000,480000,ETU,2,9,690.347120293727,4,LMMSE,ODDM,3,0.0,0.0,0.0,867458.617332035,1.80720545277507,66.4045,0.0,1.0,15.0,0.962107390595883
280,2026-08-23 14:52:04,train,HighSpeedRail,200,20,741.253544884782,4000000000,480000,ETU,2,9,690.347120293727,16,MRC,OTFS,3,0.0001795977011494,0.0007183908045977,0.333333333333333,1160000.0,2.41666666666667,12.6967666666667,0.333333333333333,0.666666666666667,15.0,0.727003063583928
280,2026-08-23 14:52:04,train,HighSpeedRail,200,20,741.253544884782,4000000000,480000,ETU,2,9,690.347120293727,16,LMMSE,ODDM,3,0.0190373563218391,0.0725574712643678,0.333333333333333,1156611.48977605,2.40960727036676,67.2086,0.333333333333333,0.666666666666667,13.0,0.600049142916558
281,2026-08-23 14:52:04,train,HighSpeedRail,300,-10,1111.88031732717,4000000000,480000,ETU,2,9,1035.52068044059,4,MRC,OTFS,3,0.39673132183908,0.635416666666667,1.0,0.0,0.0,12.9785333333333,1.0,0.0,3.0,0.1404461176821
281,2026-08-23 14:52:04,train,HighSpeedRail,300,-10,1111.88031732717,4000000000,480000,ETU,2,9,1035.52068044059,4,LMMSE,ODDM,3,0.371048850574713,0.607399425287356,1.0,0.0,0.0,62.4659333333333,1.0,0.0,3.0,0.121114397034726
282,2026-08-23 14:52:05,train,HighSpeedRail,300,-10,1111.88031732717,4000000000,480000,ETU,2,9,1035.52068044059,16,MRC,OTFS,3,0.458782327586207,0.908405172413793,1.0,0.0,0.0,14.7767,1.0,0.0,2.0,0.126977710688937
282,2026-08-23 14:52:05,train,HighSpeedRail,300,-10,1111.88031732717,4000000000,480000,ETU,2,9,1035.52068044059,16,LMMSE,ODDM,3,0.432112068965517,0.913793103448276,1.0,0.0,0.0,62.7940333333333,1.0,0.0,3.66666666666667,0.124904232380164
283,2026-08-23 14:52:05,train,HighSpeedRail,300,-5,1111.88031732717,4000000000,480000,ETU,2,9,1035.52068044059,4,MRC,OTFS,3,0.327047413793103,0.54992816091954,1.0,0.0,0.0,17.6771666666667,1.0,0.0,3.0,0.141765314747624
283,2026-08-23 14:52:05,train,HighSpeedRail,300,-5,1111.88031732717,4000000000,480000,ETU,2,9,1035.52068044059,4,LMMSE,ODDM,3,0.29364224137931,0.500718390804598,1.0,0.0,0.0,62.6226666666667,1.0,0.0,3.0,0.125290932127745
284,2026-08-23 14:52:05,train,HighSpeedRail,300,-5,1111.88031732717,4000000000,480000,ETU,2,9,1035.52068044059,16,MRC,OTFS,3,0.412266522988506,0.86566091954023,1.0,0.0,0.0,19.2475333333333,1.0,0.0,3.0,0.136859060073488
284,2026-08-23 14:52:05,train,HighSpeedRail,300,-5,1111.88031732717,4000000000,480000,ETU,2,9,1035.52068044059,16,LMMSE,ODDM,3,0.39367816091954,0.89367816091954,1.0,0.0,0.0,63.9617333333333,1.0,0.0,4.0,0.129497910221113
285,2026-08-23 14:52:05,val,HighSpeedRail,300,0,1111.88031732717,4000000000,480000,ETU,2,9,1035.52068044059,4,MRC,OTFS,3,0.229525862068966,0.404094827586207,1.0,0.0,0.0,14.2304333333333,1.0,0.0,3.33333333333333,0.153097365411804
285,2026-08-23 14:52:05,val,HighSpeedRail,300,0,1111.88031732717,4000000000,480000,ETU,2,9,1035.52068044059,4,LMMSE,ODDM,3,0.187320402298851,0.33764367816092,1.0,0.0,0.0,65.2687,1.0,0.0,4.33333333333333,0.145798017250199
286,2026-08-23 14:52:06,train,HighSpeedRail,300,0,1111.88031732717,4000000000,480000,ETU,2,9,1035.52068044059,16,MRC,OTFS,3,0.330010775862069,0.787715517241379,1.0,0.0,0.0,16.1522666666667,1.0,0.0,3.33333333333333,0.14563604307919
286,2026-08-23 14:52:06,train,HighSpeedRail,300,0,1111.88031732717,4000000000,480000,ETU,2,9,1035.52068044059,16,LMMSE,ODDM,3,0.350574712643678,0.871048850574713,1.0,0.0,0.0,63.4246333333333,1.0,0.0,4.0,0.131791581010846
287,2026-08-23 14:52:06,train,HighSpeedRail,300,5,1111.88031732717,4000000000,480000,ETU,2,9,1035.52068044059,4,MRC,OTFS,3,0.09375,0.175646551724138,1.0,0.0,0.0,16.4034666666667,1.0,0.0,5.66666666666667,0.191626795828756
287,2026-08-23 14:52:06,train,HighSpeedRail,300,5,1111.88031732717,4000000000,480000,ETU,2,9,1035.52068044059,4,LMMSE,ODDM,3,0.0774066091954023,0.149784482758621,1.0,0.0,0.0,65.5213666666667,1.0,0.0,6.33333333333333,0.181698877996745
288,2026-08-23 14:52:06,train,HighSpeedRail,300,5,1111.88031732717,4000000000,480000,ETU,2,9,1035.52068044059,16,MRC,OTFS,3,0.208423132183908,0.626077586206897,1.0,0.0,0.0,14.4683666666667,1.0,0.0,5.33333333333333,0.174731873111448
288,2026-08-23 14:52:06,train,HighSpeedRail,300,5,1111.88031732717,4000000000,480000,ETU,2,9,1035.52068044059,16,LMMSE,ODDM,3,0.310883620689655,0.841594827586207,1.0,0.0,0.0,62.9861333333333,1.0,0.0,4.66666666666667,0.140792370752143
289,2026-08-23 14:52:07,train,HighSpeedRail,300,10,1111.88031732717,4000000000,480000,ETU,2,9,1035.52068044059,4,MRC,OTFS,3,0.0159841954022989,0.03125,1.0,0.0,0.0,16.4861666666667,1.0,0.0,11.0,0.276933730449956
289,2026-08-23 14:52:07,train,HighSpeedRail,300,10,1111.88031732717,4000000000,480000,ETU,2,9,1035.52068044059,4,LMMSE,ODDM,3,0.0149066091954023,0.0298132183908046,1.0,0.0,0.0,65.9357666666667,1.0,0.0,11.0,0.258024680411375
290,2026-08-23 14:52:07,train,HighSpeedRail,300,10,1111.88031732717,4000000000,480000,ETU,2,9,1035.52068044059,16,MRC,OTFS,3,0.102101293103448,0.361709770114943,1.0,0.0,0.0,18.3268666666667,1.0,0.0,7.33333333333333,0.205867571930644
290,2026-08-23 14:52:07,train,HighSpeedRail,300,10,1111.88031732717,4000000000,480000,ETU,2,9,1035.52068044059,16,LMMSE,ODDM,3,0.239403735632184,0.72485632183908,1.0,0.0,0.0,63.3865,1.0,0.0,5.33333333333333,0.152040870127287
291,2026-08-23 14:52:07,train,HighSpeedRail,300,15,1111.88031732717,4000000000,480000,ETU,2,9,1035.52068044059,4,MRC,OTFS,3,0.0,0.0,0.0,870000.0,1.8125,10.1593,0.0,1.0,15.0,0.98567220719198
291,2026-08-23 14:52:07,train,HighSpeedRail,300,15,1111.88031732717,4000000000,480000,ETU,2,9,1035.52068044059,4,LMMSE,ODDM,3,0.0003591954022988,0.0007183908045977,0.333333333333333,578305.744888023,1.20480363518338,65.7854,0.333333333333333,0.666666666666667,15.0,0.692404288308758
292,2026-08-23 14:52:08,train,HighSpeedRail,300,15,1111.88031732717,4000000000,480000,ETU,2,9,1035.52068044059,16,MRC,OTFS,3,0.020923132183908,0.0815373563218391,1.0,0.0,0.0,19.3731666666667,1.0,0.0,11.0,0.270741665358297
292,2026-08-23 14:52:08,train,HighSpeedRail,300,15,1111.88031732717,4000000000,480000,ETU,2,9,1035.52068044059,16,LMMSE,ODDM,3,0.105244252873563,0.373922413793103,1.0,0.0,0.0,66.1112333333333,1.0,0.0,7.33333333333333,0.185927467426098
293,2026-08-23 14:52:08,train,HighSpeedRail,300,20,1111.88031732717,4000000000,480000,ETU,2,9,1035.52068044059,4,MRC,OTFS,3,0.0,0.0,0.0,870000.0,1.8125,11.1620333333333,0.0,1.0,15.0,0.985196864777449
293,2026-08-23 14:52:08,train,HighSpeedRail,300,20,1111.88031732717,4000000000,480000,ETU,2,9,1035.52068044059,4,LMMSE,ODDM,3,0.0,0.0,0.0,867458.617332035,1.80720545277507,65.8385666666667,0.0,1.0,15.0,0.962310698535187
294,2026-08-23 14:52:08,train,HighSpeedRail,300,20,1111.88031732717,4000000000,480000,ETU,2,9,1035.52068044059,16,MRC,OTFS,3,0.0002693965517241,0.0010775862068965,0.666666666666667,580000.0,1.20833333333333,12.7355,0.666666666666667,0.333333333333333,15.0,0.556106087473869
294,2026-08-23 14:52:08,train,HighSpeedRail,300,20,1111.88031732717,4000000000,480000,ETU,2,9,1035.52068044059,16,LMMSE,ODDM,3,0.0197557471264368,0.0772270114942529,1.0,0.0,0.0,64.8987,1.0,0.0,12.0,0.263302113204352
295,2026-08-23 14:52:08,test,Pedestrian,10,-3,37.0626772442391,4000000000,480000,EPA,0,7,37.0626711742796,4,MRC,OTFS,3,0.251041666666667,0.421875,1.0,0.0,0.0,10.6208333333333,1.0,0.0,3.66666666666667,0.156505380740307
295,2026-08-23 14:52:08,test,Pedestrian,10,-3,37.0626772442391,4000000000,480000,EPA,0,7,37.0626711742796,4,LMMSE,ODDM,3,0.239756944444444,0.409375,1.0,0.0,0.0,65.9171333333333,1.0,0.0,3.66666666666667,0.134431700456882
296,2026-08-23 14:52:09,test,Pedestrian,10,-3,37.0626772442391,4000000000,480000,EPA,0,7,37.0626711742796,16,MRC,OTFS,3,0.337152777777778,0.789583333333333,1.0,0.0,0.0,11.785,1.0,0.0,3.66666666666667,0.150618299892089
296,2026-08-23 14:52:09,test,Pedestrian,10,-3,37.0626772442391,4000000000,480000,EPA,0,7,37.0626711742796,16,LMMSE,ODDM,3,0.373958333333333,0.890972222222222,1.0,0.0,0.0,67.6206333333333,1.0,0.0,4.33333333333333,0.13244453739052
297,2026-08-23 14:52:09,test,Pedestrian,10,2,37.0626772442391,4000000000,480000,EPA,0,7,37.0626711742796,4,MRC,OTFS,3,0.145138888888889,0.252430555555556,1.0,0.0,0.0,10.6360666666667,1.0,0.0,6.0,0.189746575586658
297,2026-08-23 14:52:09,test,Pedestrian,10,2,37.0626772442391,4000000000,480000,EPA,0,7,37.0626711742796,4,LMMSE,ODDM,3,0.139756944444444,0.249305555555556,1.0,0.0,0.0,67.5272666666667,1.0,0.0,6.0,0.166954911835803
298,2026-08-23 14:52:09,test,Pedestrian,10,2,37.0626772442391,4000000000,480000,EPA,0,7,37.0626711742796,16,MRC,OTFS,3,0.232204861111111,0.634027777777778,1.0,0.0,0.0,11.9589666666667,1.0,0.0,5.33333333333333,0.173951139406757
298,2026-08-23 14:52:09,test,Pedestrian,10,2,37.0626772442391,4000000000,480000,EPA,0,7,37.0626711742796,16,LMMSE,ODDM,3,0.327430555555556,0.861805555555556,1.0,0.0,0.0,67.7942666666667,1.0,0.0,4.66666666666667,0.138120320513795
299,2026-08-23 14:52:09,test,Pedestrian,10,7,37.0626772442391,4000000000,480000,EPA,0,7,37.0626711742796,4,MRC,OTFS,3,0.071875,0.130208333333333,0.666666666666667,300000.0,0.625,10.839,0.666666666666667,0.333333333333333,9.66666666666667,0.403617326787888
299,2026-08-23 14:52:09,test,Pedestrian,10,7,37.0626772442391,4000000000,480000,EPA,0,7,37.0626711742796,4,LMMSE,ODDM,3,0.0671875,0.123611111111111,0.666666666666667,299415.204678363,0.623781676413255,68.0160666666667,0.666666666666667,0.333333333333333,9.66666666666667,0.381223378371839
300,2026-08-23 14:52:10,test,Pedestrian,10,7,37.0626772442391,4000000000,480000,EPA,0,7,37.0626711742796,16,MRC,OTFS,3,0.123871527777778,0.394444444444444,1.0,0.0,0.0,11.1712666666667,1.0,0.0,7.33333333333333,0.20569368655933
300,2026-08-23 14:52:10,test,Pedestrian,10,7,37.0626772442391,4000000000,480000,EPA,0,7,37.0626711742796,16,LMMSE,ODDM,3,0.261024305555556,0.756944444444444,1.0,0.0,0.0,68.9194,1.0,0.0,5.33333333333333,0.148488876169977
301,2026-08-23 14:52:10,test,Pedestrian,10,12,37.0626772442391,4000000000,480000,EPA,0,7,37.0626711742796,4,MRC,OTFS,3,0.0251736111111111,0.0486111111111111,0.333333333333333,600000.0,1.25,11.2963666666667,0.333333333333333,0.666666666666667,12.0,0.610302302052066
301,2026-08-23 14:52:10,test,Pedestrian,10,12,37.0626772442391,4000000000,480000,EPA,0,7,37.0626711742796,4,LMMSE,ODDM,3,0.0201388888888889,0.0378472222222222,0.333333333333333,598830.409356725,1.24756335282651,67.0338666666667,0.333333333333333,0.666666666666667,12.3333333333333,0.594565051502013
302,2026-08-23 14:52:10,test,Pedestrian,10,12,37.0626772442391,4000000000,480000,EPA,0,7,37.0626711742796,16,MRC,OTFS,3,0.0440972222222222,0.160763888888889,1.0,0.0,0.0,11.1391,1.0,0.0,10.6666666666667,0.25773224158984
302,2026-08-23 14:52:10,test,Pedestrian,10,12,37.0626772442391,4000000000,480000,EPA,0,7,37.0626711742796,16,LMMSE,ODDM,3,0.152604166666667,0.469097222222222,1.0,0.0,0.0,66.1426666666667,1.0,0.0,8.0,0.185859175418103
303,2026-08-23 14:52:11,test,Pedestrian,10,17,37.0626772442391,4000000000,480000,EPA,0,7,37.0626711742796,4,MRC,OTFS,3,0.0020833333333333,0.0038194444444444,0.333333333333333,600000.0,1.25,11.5824333333333,0.333333333333333,0.666666666666667,13.6666666666667,0.67192500172371
303,2026-08-23 14:52:11,test,Pedestrian,10,17,37.0626772442391,4000000000,480000,EPA,0,7,37.0626711742796,4,LMMSE,ODDM,3,0.0008680555555555,0.0017361111111111,0.333333333333333,598830.409356725,1.24756335282651,68.2254666666667,0.333333333333333,0.666666666666667,14.3333333333333,0.671035524850258
304,2026-08-23 14:52:11,test,Pedestrian,10,17,37.0626772442391,4000000000,480000,EPA,0,7,37.0626711742796,16,MRC,OTFS,3,0.0075520833333333,0.0298611111111111,0.666666666666667,600000.0,1.25,10.9926666666667,0.666666666666667,0.333333333333333,13.6666666666667,0.484315869740707
304,2026-08-23 14:52:11,test,Pedestrian,10,17,37.0626772442391,4000000000,480000,EPA,0,7,37.0626711742796,16,LMMSE,ODDM,3,0.0528645833333333,0.18125,0.666666666666667,598830.409356725,1.24756335282651,67.1097,0.666666666666667,0.333333333333333,11.6666666666667,0.405885133022732
305,2026-08-23 14:52:11,test,Pedestrian,10,22,37.0626772442391,4000000000,480000,EPA,0,7,37.0626711742796,4,MRC,OTFS,3,0.0,0.0,0.0,900000.0,1.875,11.3204,0.0,1.0,15.0,0.98824700926298
305,2026-08-23 14:52:11,test,Pedestrian,10,22,37.0626772442391,4000000000,480000,EPA,0,7,37.0626711742796,4,LMMSE,ODDM,3,0.0,0.0,0.0,898245.614035088,1.87134502923977,68.1631333333333,0.0,1.0,15.0,0.964686250676624
306,2026-08-23 14:52:11,test,Pedestrian,10,22,37.0626772442391,4000000000,480000,EPA,0,7,37.0626711742796,16,MRC,OTFS,3,0.0002604166666666,0.0010416666666666,0.333333333333333,1200000.0,2.5,10.4684333333333,0.333333333333333,0.666666666666667,15.0,0.723414210386853
306,2026-08-23 14:52:11,test,Pedestrian,10,22,37.0626772442391,4000000000,480000,EPA,0,7,37.0626711742796,16,LMMSE,ODDM,3,0.0016493055555555,0.0065972222222222,0.333333333333333,1197660.81871345,2.49512670565302,70.1870333333333,0.333333333333333,0.666666666666667,14.3333333333333,0.658726893925115
307,2026-08-23 14:52:12,test,Urban,40,-3,148.250708976956,4000000000,480000,EPA,0,7,148.250684697118,4,MRC,OTFS,3,0.272222222222222,0.462847222222222,1.0,0.0,0.0,12.6397666666667,1.0,0.0,3.33333333333333,0.15075386427688
307,2026-08-23 14:52:12,test,Urban,40,-3,148.250708976956,4000000000,480000,EPA,0,7,148.250684697118,4,LMMSE,ODDM,3,0.260243055555556,0.448958333333333,1.0,0.0,0.0,71.7216,1.0,0.0,3.33333333333333,0.127557352216804
308,2026-08-23 14:52:12,test,Urban,40,-3,148.250708976956,4000000000,480000,EPA,0,7,148.250684697118,16,MRC,OTFS,3,0.362847222222222,0.817708333333333,1.0,0.0,0.0,11.0069666666667,1.0,0.0,3.33333333333333,0.14632339281751
308,2026-08-23 14:52:12,test,Urban,40,-3,148.250708976956,4000000000,480000,EPA,0,7,148.250684697118,16,LMMSE,ODDM,3,0.390538194444444,0.89375,1.0,0.0,0.0,67.4906333333333,1.0,0.0,3.66666666666667,0.125039226264055
309,2026-08-23 14:52:12,test,Urban,40,2,148.250708976956,4000000000,480000,EPA,0,7,148.250684697118,4,MRC,OTFS,3,0.153993055555556,0.274652777777778,1.0,0.0,0.0,12.0408,1.0,0.0,5.33333333333333,0.181344695971075
309,2026-08-23 14:52:12,test,Urban,40,2,148.250708976956,4000000000,480000,EPA,0,7,148.250684697118,4,LMMSE,ODDM,3,0.148611111111111,0.270138888888889,1.0,0.0,0.0,67.9967,1.0,0.0,5.33333333333333,0.159009403321402
310,2026-08-23 14:52:12,test,Urban,40,2,148.250708976956,4000000000,480000,EPA,0,7,148.250684697118,16,MRC,OTFS,3,0.2640625,0.693055555555556,1.0,0.0,0.0,10.6384333333333,1.0,0.0,4.66666666666667,0.165581997853727
310,2026-08-23 14:52:12,test,Urban,40,2,148.250708976956,4000000000,480000,EPA,0,7,148.250684697118,16,LMMSE,ODDM,3,0.343836805555556,0.866319444444444,1.0,0.0,0.0,68.5053,1.0,0.0,4.33333333333333,0.133649415343506
311,2026-08-23 14:52:13,test,Urban,40,7,148.250708976956,4000000000,480000,EPA,0,7,148.250684697118,4,MRC,OTFS,3,0.0614583333333333,0.113194444444444,1.0,0.0,0.0,11.5824,1.0,0.0,9.33333333333333,0.238182433453502
311,2026-08-23 14:52:13,test,Urban,40,7,148.250708976956,4000000000,480000,EPA,0,7,148.250684697118,4,LMMSE,ODDM,3,0.0619791666666667,0.114583333333333,0.666666666666667,299415.204678363,0.623781676413255,67.9559,0.666666666666667,0.333333333333333,9.0,0.376038240167616
312,2026-08-23 14:52:13,test,Urban,40,7,148.250708976956,4000000000,480000,EPA,0,7,148.250684697118,16,MRC,OTFS,3,0.152864583333333,0.473611111111111,1.0,0.0,0.0,10.8806333333333,1.0,0.0,6.66666666666667,0.195358901174654
312,2026-08-23 14:52:13,test,Urban,40,7,148.250708976956,4000000000,480000,EPA,0,7,148.250684697118,16,LMMSE,ODDM,3,0.291319444444444,0.803125,1.0,0.0,0.0,69.394,1.0,0.0,4.66666666666667,0.139667258562338
313,2026-08-23 14:52:13,test,Urban,40,12,148.250708976956,4000000000,480000,EPA,0,7,148.250684697118,4,MRC,OTFS,3,0.0170138888888889,0.0333333333333333,0.333333333333333,600000.0,1.25,11.8374666666667,0.333333333333333,0.666666666666667,12.3333333333333,0.620469535518402
313,2026-08-23 14:52:13,test,Urban,40,12,148.250708976956,4000000000,480000,EPA,0,7,148.250684697118,4,LMMSE,ODDM,3,0.0118055555555556,0.0225694444444444,0.333333333333333,598830.409356725,1.24756335282651,65.8248333333333,0.333333333333333,0.666666666666667,12.6666666666667,0.607996599749843
314,2026-08-23 14:52:14,test,Urban,40,12,148.250708976956,4000000000,480000,EPA,0,7,148.250684697118,16,MRC,OTFS,3,0.0612847222222222,0.214930555555556,1.0,0.0,0.0,13.1506333333333,1.0,0.0,10.0,0.244163186862806
314,2026-08-23 14:52:14,test,Urban,40,12,148.250708976956,4000000000,480000,EPA,0,7,148.250684697118,16,LMMSE,ODDM,3,0.185503472222222,0.562847222222222,1.0,0.0,0.0,68.2782333333333,1.0,0.0,6.66666666666667,0.168230080210774
315,2026-08-23 14:52:14,test,Urban,40,17,148.250708976956,4000000000,480000,EPA,0,7,148.250684697118,4,MRC,OTFS,3,0.0006944444444444,0.0013888888888888,0.333333333333333,600000.0,1.25,10.8904,0.333333333333333,0.666666666666667,14.3333333333333,0.698798833566352
315,2026-08-23 14:52:14,test,Urban,40,17,148.250708976956,4000000000,480000,EPA,0,7,148.250684697118,4,LMMSE,ODDM,3,0.0003472222222222,0.0006944444444444,0.333333333333333,598830.409356725,1.24756335282651,71.2453333333333,0.333333333333333,0.666666666666667,15.0,0.69321757440806
316,2026-08-23 14:52:14,test,Urban,40,17,148.250708976956,4000000000,480000,EPA,0,7,148.250684697118,16,MRC,OTFS,3,0.01484375,0.0559027777777778,0.666666666666667,600000.0,1.25,12.7591,0.666666666666667,0.333333333333333,13.0,0.464588699479121
316,2026-08-23 14:52:14,test,Urban,40,17,148.250708976956,4000000000,480000,EPA,0,7,148.250684697118,16,LMMSE,ODDM,3,0.07734375,0.247569444444444,0.666666666666667,598830.409356725,1.24756335282651,66.9569666666667,0.666666666666667,0.333333333333333,10.6666666666667,0.389053901430182
317,2026-08-23 14:52:14,test,Urban,40,22,148.250708976956,4000000000,480000,EPA,0,7,148.250684697118,4,MRC,OTFS,3,0.0,0.0,0.0,900000.0,1.875,11.3444333333333,0.0,1.0,15.0,0.988235654554609
317,2026-08-23 14:52:14,test,Urban,40,22,148.250708976956,4000000000,480000,EPA,0,7,148.250684697118,4,LMMSE,ODDM,3,0.0,0.0,0.0,898245.614035088,1.87134502923977,70.2205,0.0,1.0,15.0,0.963958411383872
318,2026-08-23 14:52:15,test,Urban,40,22,148.250708976956,4000000000,480000,EPA,0,7,148.250684697118,16,MRC,OTFS,3,0.0008680555555555,0.0034722222222222,0.333333333333333,1200000.0,2.5,11.3669,0.333333333333333,0.666666666666667,15.0,0.701202227890838
318,2026-08-23 14:52:15,test,Urban,40,22,148.250708976956,4000000000,480000,EPA,0,7,148.250684697118,16,LMMSE,ODDM,3,0.0092013888888888,0.0361111111111111,0.333333333333333,1197660.81871345,2.49512670565302,69.7762333333333,0.333333333333333,0.666666666666667,13.3333333333333,0.617765305830695
319,2026-08-23 14:52:15,test,Highway,80,-3,296.501417953913,4000000000,480000,EPA,0,7,296.501369394237,4,MRC,OTFS,3,0.269965277777778,0.464930555555556,1.0,0.0,0.0,10.7771333333333,1.0,0.0,3.33333333333333,0.151782880662383
319,2026-08-23 14:52:15,test,Highway,80,-3,296.501417953913,4000000000,480000,EPA,0,7,296.501369394237,4,LMMSE,ODDM,3,0.263194444444444,0.453819444444444,1.0,0.0,0.0,69.5532333333333,1.0,0.0,3.33333333333333,0.128114870586015
320,2026-08-23 14:52:15,test,Highway,80,-3,296.501417953913,4000000000,480000,EPA,0,7,296.501369394237,16,MRC,OTFS,3,0.365104166666667,0.814583333333333,1.0,0.0,0.0,10.2821333333333,1.0,0.0,3.0,0.143221484068534
320,2026-08-23 14:52:15,test,Highway,80,-3,296.501417953913,4000000000,480000,EPA,0,7,296.501369394237,16,LMMSE,ODDM,3,0.395052083333333,0.895486111111111,1.0,0.0,0.0,68.2103666666667,1.0,0.0,3.66666666666667,0.124574940410018
321,2026-08-23 14:52:15,test,Highway,80,2,296.501417953913,4000000000,480000,EPA,0,7,296.501369394237,4,MRC,OTFS,3,0.152604166666667,0.274652777777778,1.0,0.0,0.0,9.91886666666667,1.0,0.0,5.0,0.179179605499652
321,2026-08-23 14:52:15,test,Highway,80,2,296.501417953913,4000000000,480000,EPA,0,7,296.501369394237,4,LMMSE,ODDM,3,0.147916666666667,0.267708333333333,1.0,0.0,0.0,67.3365333333333,1.0,0.0,5.0,0.155996162653073
322,2026-08-23 14:52:16,test,Highway,80,2,296.501417953913,4000000000,480000,EPA,0,7,296.501369394237,16,MRC,OTFS,3,0.271354166666667,0.698611111111111,1.0,0.0,0.0,12.0730666666667,1.0,0.0,4.66666666666667,0.164411366569993
322,2026-08-23 14:52:16,test,Highway,80,2,296.501417953913,4000000000,480000,EPA,0,7,296.501369394237,16,LMMSE,ODDM,3,0.348177083333333,0.867708333333333,1.0,0.0,0.0,73.7815666666667,1.0,0.0,4.33333333333333,0.131573906355643
323,2026-08-23 14:52:16,test,Highway,80,7,296.501417953913,4000000000,480000,EPA,0,7,296.501369394237,4,MRC,OTFS,3,0.0555555555555556,0.103819444444444,1.0,0.0,0.0,11.0446333333333,1.0,0.0,9.33333333333333,0.240263749137833
323,2026-08-23 14:52:16,test,Highway,80,7,296.501417953913,4000000000,480000,EPA,0,7,296.501369394237,4,LMMSE,ODDM,3,0.0536458333333333,0.102083333333333,1.0,0.0,0.0,68.7041,1.0,0.0,9.33333333333333,0.217196227598142
324,2026-08-23 14:52:16,test,Highway,80,7,296.501417953913,4000000000,480000,EPA,0,7,296.501369394237,16,MRC,OTFS,3,0.165451388888889,0.489930555555556,1.0,0.0,0.0,10.8793333333333,1.0,0.0,6.33333333333333,0.190594369245332
324,2026-08-23 14:52:16,test,Highway,80,7,296.501417953913,4000000000,480000,EPA,0,7,296.501369394237,16,LMMSE,ODDM,3,0.296440972222222,0.813194444444444,1.0,0.0,0.0,67.7005,1.0,0.0,4.66666666666667,0.139952940190652
325,2026-08-23 14:52:17,test,Highway,80,12,296.501417953913,4000000000,480000,EPA,0,7,296.501369394237,4,MRC,OTFS,3,0.0112847222222222,0.0222222222222222,0.333333333333333,600000.0,1.25,11.1053666666667,0.333333333333333,0.666666666666667,12.6666666666667,0.631578210884686
325,2026-08-23 14:52:17,test,Highway,80,12,296.501417953913,4000000000,480000,EPA,0,7,296.501369394237,4,LMMSE,ODDM,3,0.0081597222222222,0.015625,0.333333333333333,598830.409356725,1.24756335282651,66.9014666666666,0.333333333333333,0.666666666666667,12.6666666666667,0.614294086677733
326,2026-08-23 14:52:17,test,Highway,80,12,296.501417953913,4000000000,480000,EPA,0,7,296.501369394237,16,MRC,OTFS,3,0.0703993055555556,0.238194444444444,1.0,0.0,0.0,10.4010333333333,1.0,0.0,9.33333333333333,0.236283713902143
326,2026-08-23 14:52:17,test,Highway,80,12,296.501417953913,4000000000,480000,EPA,0,7,296.501369394237,16,LMMSE,ODDM,3,0.19375,0.587152777777778,1.0,0.0,0.0,69.7088,1.0,0.0,6.33333333333333,0.163603081656251
327,2026-08-23 14:52:17,test,Highway,80,17,296.501417953913,4000000000,480000,EPA,0,7,296.501369394237,4,MRC,OTFS,3,0.0006944444444444,0.0013888888888888,0.333333333333333,600000.0,1.25,12.4787,0.333333333333333,0.666666666666667,14.3333333333333,0.698049748733874
327,2026-08-23 14:52:17,test,Highway,80,17,296.501417953913,4000000000,480000,EPA,0,7,296.501369394237,4,LMMSE,ODDM,3,0.0,0.0,0.0,898245.614035088,1.87134502923977,66.0094,0.0,1.0,15.0,0.965456245943038
328,2026-08-23 14:52:17,test,Highway,80,17,296.501417953913,4000000000,480000,EPA,0,7,296.501369394237,16,MRC,OTFS,3,0.0220486111111111,0.0836805555555555,0.666666666666667,600000.0,1.25,10.4201,0.666666666666667,0.333333333333333,12.6666666666667,0.455199128178053
328,2026-08-23 14:52:17,test,Highway,80,17,296.501417953913,4000000000,480000,EPA,0,7,296.501369394237,16,LMMSE,ODDM,3,0.0875868055555555,0.276388888888889,0.666666666666667,598830.409356725,1.24756335282651,68.3271666666667,0.666666666666667,0.333333333333333,10.3333333333333,0.382981498884927
329,2026-08-23 14:52:18,test,Highway,80,22,296.501417953913,4000000000,480000,EPA,0,7,296.501369394237,4,MRC,OTFS,3,0.0,0.0,0.0,900000.0,1.875,11.8799333333333,0.0,1.0,15.0,0.98798300759659
329,2026-08-23 14:52:18,test,Highway,80,22,296.501417953913,4000000000,480000,EPA,0,7,296.501369394237,4,LMMSE,ODDM,3,0.0,0.0,0.0,898245.614035088,1.87134502923977,66.4761,0.0,1.0,15.0,0.965288688548039
330,2026-08-23 14:52:18,test,Highway,80,22,296.501417953913,4000000000,480000,EPA,0,7,296.501369394237,16,MRC,OTFS,3,0.0018229166666666,0.0072916666666666,0.333333333333333,1200000.0,2.5,11.6614333333333,0.333333333333333,0.666666666666667,14.3333333333333,0.680970729428791
330,2026-08-23 14:52:18,test,Highway,80,22,296.501417953913,4000000000,480000,EPA,0,7,296.501369394237,16,LMMSE,ODDM,3,0.0205729166666667,0.0770833333333333,0.333333333333333,1197660.81871345,2.49512670565302,67.4146666666667,0.333333333333333,0.666666666666667,12.6666666666667,0.597376488703608
331,2026-08-23 14:52:18,test,Highway,120,-3,444.752126930869,4000000000,480000,EPA,0,7,444.752054091355,4,MRC,OTFS,3,0.280034722222222,0.478125,1.0,0.0,0.0,12.4687,1.0,0.0,3.33333333333333,0.150322180747685
331,2026-08-23 14:52:18,test,Highway,120,-3,444.752126930869,4000000000,480000,EPA,0,7,444.752054091355,4,LMMSE,ODDM,3,0.2625,0.449652777777778,1.0,0.0,0.0,68.2848,1.0,0.0,3.33333333333333,0.12861202715768
332,2026-08-23 14:52:18,test,Highway,120,-3,444.752126930869,4000000000,480000,EPA,0,7,444.752054091355,16,MRC,OTFS,3,0.376475694444444,0.833333333333333,1.0,0.0,0.0,10.6422666666667,1.0,0.0,3.0,0.142495588307402
332,2026-08-23 14:52:18,test,Highway,120,-3,444.752126930869,4000000000,480000,EPA,0,7,444.752054091355,16,LMMSE,ODDM,3,0.396267361111111,0.897916666666667,1.0,0.0,0.0,65.4027,1.0,0.0,3.66666666666667,0.125524554896882
333,2026-08-23 14:52:19,test,Highway,120,2,444.752126930869,4000000000,480000,EPA,0,7,444.752054091355,4,MRC,OTFS,3,0.156076388888889,0.283333333333333,1.0,0.0,0.0,10.5678333333333,1.0,0.0,5.0,0.178464205240517
333,2026-08-23 14:52:19,test,Highway,120,2,444.752126930869,4000000000,480000,EPA,0,7,444.752054091355,4,LMMSE,ODDM,3,0.146354166666667,0.263194444444444,1.0,0.0,0.0,66.1692666666667,1.0,0.0,5.0,0.156606342038099
334,2026-08-23 14:52:19,test,Highway,120,2,444.752126930869,4000000000,480000,EPA,0,7,444.752054091355,16,MRC,OTFS,3,0.28359375,0.721875,1.0,0.0,0.0,13.1671666666667,1.0,0.0,4.66666666666667,0.163099428531212
334,2026-08-23 14:52:19,test,Highway,120,2,444.752126930869,4000000000,480000,EPA,0,7,444.752054091355,16,LMMSE,ODDM,3,0.350694444444444,0.877083333333333,1.0,0.0,0.0,75.4969666666667,1.0,0.0,4.33333333333333,0.130852989701361
335,2026-08-23 14:52:19,test,Highway,120,7,444.752126930869,4000000000,480000,EPA,0,7,444.752054091355,4,MRC,OTFS,3,0.0572916666666667,0.109027777777778,1.0,0.0,0.0,13.0564333333333,1.0,0.0,9.0,0.235426498461893
335,2026-08-23 14:52:19,test,Highway,120,7,444.752126930869,4000000000,480000,EPA,0,7,444.752054091355,4,LMMSE,ODDM,3,0.0545138888888889,0.103819444444444,1.0,0.0,0.0,76.2714,1.0,0.0,8.66666666666667,0.207605605337246
336,2026-08-23 14:52:20,test,Highway,120,7,444.752126930869,4000000000,480000,EPA,0,7,444.752054091355,16,MRC,OTFS,3,0.16875,0.513888888888889,1.0,0.0,0.0,14.1794333333333,1.0,0.0,6.33333333333333,0.188687277342435
336,2026-08-23 14:52:20,test,Highway,120,7,444.752126930869,4000000000,480000,EPA,0,7,444.752054091355,16,LMMSE,ODDM,3,0.302951388888889,0.830555555555556,1.0,0.0,0.0,78.7232666666667,1.0,0.0,4.66666666666667,0.13573741047722
337,2026-08-23 14:52:20,test,Highway,120,12,444.752126930869,4000000000,480000,EPA,0,7,444.752054091355,4,MRC,OTFS,3,0.0118055555555556,0.0236111111111111,0.333333333333333,600000.0,1.25,17.7231333333333,0.333333333333333,0.666666666666667,12.6666666666667,0.627682790126418
337,2026-08-23 14:52:20,test,Highway,120,12,444.752126930869,4000000000,480000,EPA,0,7,444.752054091355,4,LMMSE,ODDM,3,0.0085069444444444,0.0170138888888889,0.333333333333333,598830.409356725,1.24756335282651,83.3900333333333,0.333333333333333,0.666666666666667,12.6666666666667,0.607876310646599
338,2026-08-23 14:52:20,test,Highway,120,12,444.752126930869,4000000000,480000,EPA,0,7,444.752054091355,16,MRC,OTFS,3,0.0730902777777778,0.253819444444444,1.0,0.0,0.0,17.4751666666667,1.0,0.0,9.0,0.228972447071872
338,2026-08-23 14:52:20,test,Highway,120,12,444.752126930869,4000000000,480000,EPA,0,7,444.752054091355,16,LMMSE,ODDM,3,0.199652777777778,0.600694444444444,1.0,0.0,0.0,81.5285,1.0,0.0,6.33333333333333,0.159010191921654
339,2026-08-23 14:52:21,test,Highway,120,17,444.752126930869,4000000000,480000,EPA,0,7,444.752054091355,4,MRC,OTFS,3,0.0006944444444444,0.0013888888888888,0.333333333333333,600000.0,1.25,12.6836,0.333333333333333,0.666666666666667,14.3333333333333,0.697953544904004
339,2026-08-23 14:52:21,test,Highway,120,17,444.752126930869,4000000000,480000,EPA,0,7,444.752054091355,4,LMMSE,ODDM,3,0.0,0.0,0.0,898245.614035088,1.87134502923977,79.0832333333333,0.0,1.0,15.0,0.960907224902323
340,2026-08-23 14:52:21,test,Highway,120,17,444.752126930869,4000000000,480000,EPA,0,7,444.752054091355,16,MRC,OTFS,3,0.0199652777777778,0.0767361111111111,0.666666666666667,600000.0,1.25,12.7748,0.666666666666667,0.333333333333333,12.6666666666667,0.455884179688587
340,2026-08-23 14:52:21,test,Highway,120,17,444.752126930869,4000000000,480000,EPA,0,7,444.752054091355,16,LMMSE,ODDM,3,0.0861979166666667,0.26875,1.0,0.0,0.0,72.8757666666667,1.0,0.0,10.3333333333333,0.217150434273248
341,2026-08-23 14:52:21,test,Highway,120,22,444.752126930869,4000000000,480000,EPA,0,7,444.752054091355,4,MRC,OTFS,3,0.0,0.0,0.0,900000.0,1.875,11.5030333333333,0.0,1.0,15.0,0.9881607571313
341,2026-08-23 14:52:21,test,Highway,120,22,444.752126930869,4000000000,480000,EPA,0,7,444.752054091355,4,LMMSE,ODDM,3,0.0,0.0,0.0,898245.614035088,1.87134502923977,66.5735666666667,0.0,1.0,15.0,0.965253744816347
342,2026-08-23 14:52:21,test,Highway,120,22,444.752126930869,4000000000,480000,EPA,0,7,444.752054091355,16,MRC,OTFS,3,0.0013020833333333,0.0052083333333333,0.333333333333333,1200000.0,2.5,10.4589333333333,0.333333333333333,0.666666666666667,14.6666666666667,0.690961634749358
342,2026-08-23 14:52:21,test,Highway,120,22,444.752126930869,4000000000,480000,EPA,0,7,444.752054091355,16,LMMSE,ODDM,3,0.0159722222222222,0.0628472222222222,0.333333333333333,1197660.81871345,2.49512670565302,65.0551333333333,0.333333333333333,0.666666666666667,13.0,0.60613743208312
343,2026-08-23 14:52:22,test,HighSpeedRail,250,-3,926.566931105978,4000000000,480000,EPA,0,7,926.566779356989,4,MRC,OTFS,3,0.314409722222222,0.528819444444444,1.0,0.0,0.0,10.4279333333333,1.0,0.0,3.0,0.145857296696538
343,2026-08-23 14:52:22,test,HighSpeedRail,250,-3,926.566931105978,4000000000,480000,EPA,0,7,926.566779356989,4,LMMSE,ODDM,3,0.289756944444444,0.490277777777778,1.0,0.0,0.0,68.1305666666667,1.0,0.0,3.33333333333333,0.126879170148907
344,2026-08-23 14:52:22,test,HighSpeedRail,250,-3,926.566931105978,4000000000,480000,EPA,0,7,926.566779356989,16,MRC,OTFS,3,0.395659722222222,0.846875,1.0,0.0,0.0,11.9277,1.0,0.0,3.0,0.140988760894102
344,2026-08-23 14:52:22,test,HighSpeedRail,250,-3,926.566931105978,4000000000,480000,EPA,0,7,926.566779356989,16,LMMSE,ODDM,3,0.3984375,0.911111111111111,1.0,0.0,0.0,65.4866666666667,1.0,0.0,4.0,0.128728792174241
345,2026-08-23 14:52:22,test,HighSpeedRail,250,2,926.566931105978,4000000000,480000,EPA,0,7,926.566779356989,4,MRC,OTFS,3,0.197916666666667,0.353472222222222,1.0,0.0,0.0,9.6806,1.0,0.0,4.0,0.164588209825248
345,2026-08-23 14:52:22,test,HighSpeedRail,250,2,926.566931105978,4000000000,480000,EPA,0,7,926.566779356989,4,LMMSE,ODDM,3,0.176215277777778,0.314236111111111,1.0,0.0,0.0,66.4088333333333,1.0,0.0,4.33333333333333,0.146493748501996
346,2026-08-23 14:52:22,test,HighSpeedRail,250,2,926.566931105978,4000000000,480000,EPA,0,7,926.566779356989,16,MRC,OTFS,3,0.307725694444444,0.759027777777778,1.0,0.0,0.0,10.7841666666667,1.0,0.0,4.0,0.156077221433264
346,2026-08-23 14:52:22,test,HighSpeedRail,250,2,926.566931105978,4000000000,480000,EPA,0,7,926.566779356989,16,LMMSE,ODDM,3,0.357899305555556,0.888888888888889,1.0,0.0,0.0,65.1102333333333,1.0,0.0,4.0,0.130806220716097
347,2026-08-23 14:52:23,test,HighSpeedRail,250,7,926.566931105978,4000000000,480000,EPA,0,7,926.566779356989,4,MRC,OTFS,3,0.0791666666666667,0.146875,1.0,0.0,0.0,11.3535333333333,1.0,0.0,7.0,0.210375423920079
347,2026-08-23 14:52:23,test,HighSpeedRail,250,7,926.566931105978,4000000000,480000,EPA,0,7,926.566779356989,4,LMMSE,ODDM,3,0.0736111111111111,0.134722222222222,1.0,0.0,0.0,66.5775,1.0,0.0,7.0,0.188895776318456
348,2026-08-23 14:52:23,test,HighSpeedRail,250,7,926.566931105978,4000000000,480000,EPA,0,7,926.566779356989,16,MRC,OTFS,3,0.188020833333333,0.567708333333333,1.0,0.0,0.0,10.4335666666667,1.0,0.0,6.0,0.185158372901681
348,2026-08-23 14:52:23,test,HighSpeedRail,250,7,926.566931105978,4000000000,480000,EPA,0,7,926.566779356989,16,LMMSE,ODDM,3,0.317361111111111,0.851736111111111,1.0,0.0,0.0,65.3260666666667,1.0,0.0,4.66666666666667,0.139570297460289
349,2026-08-23 14:52:23,test,HighSpeedRail,250,12,926.566931105978,4000000000,480000,EPA,0,7,926.566779356989,4,MRC,OTFS,3,0.0164930555555556,0.0315972222222222,0.666666666666667,300000.0,0.625,10.6285333333333,0.666666666666667,0.333333333333333,12.3333333333333,0.45702025858076
349,2026-08-23 14:52:23,test,HighSpeedRail,250,12,926.566931105978,4000000000,480000,EPA,0,7,926.566779356989,4,LMMSE,ODDM,3,0.0149305555555556,0.0291666666666667,0.666666666666667,299415.204678363,0.623781676413255,66.2409,0.666666666666667,0.333333333333333,12.3333333333333,0.435741749604838
350,2026-08-23 14:52:24,test,HighSpeedRail,250,12,926.566931105978,4000000000,480000,EPA,0,7,926.566779356989,16,MRC,OTFS,3,0.0790798611111111,0.279861111111111,1.0,0.0,0.0,10.5167333333333,1.0,0.0,8.33333333333333,0.224124747944614
350,2026-08-23 14:52:24,test,HighSpeedRail,250,12,926.566931105978,4000000000,480000,EPA,0,7,926.566779356989,16,LMMSE,ODDM,3,0.234982638888889,0.706597222222222,1.0,0.0,0.0,64.9989333333333,1.0,0.0,5.66666666666667,0.155126630018019
351,2026-08-23 14:52:24,test,HighSpeedRail,250,17,926.566931105978,4000000000,480000,EPA,0,7,926.566779356989,4,MRC,OTFS,3,0.0001736111111111,0.0003472222222222,0.333333333333333,600000.0,1.25,10.5343666666667,0.333333333333333,0.666666666666667,15.0,0.730720065835543
351,2026-08-23 14:52:24,test,HighSpeedRail,250,17,926.566931105978,4000000000,480000,EPA,0,7,926.566779356989,4,LMMSE,ODDM,3,0.0001736111111111,0.0003472222222222,0.333333333333333,598830.409356725,1.24756335282651,67.9880666666667,0.333333333333333,0.666666666666667,15.0,0.706910383749848
352,2026-08-23 14:52:24,test,HighSpeedRail,250,17,926.566931105978,4000000000,480000,EPA,0,7,926.566779356989,16,MRC,OTFS,3,0.015625,0.0600694444444444,1.0,0.0,0.0,11.1749666666667,1.0,0.0,13.0,0.299823248243924
352,2026-08-23 14:52:24,test,HighSpeedRail,250,17,926.566931105978,4000000000,480000,EPA,0,7,926.566779356989,16,LMMSE,ODDM,3,0.0884548611111111,0.298958333333333,1.0,0.0,0.0,65.8369,1.0,0.0,8.66666666666667,0.202504287780847
353,2026-08-23 14:52:24,test,HighSpeedRail,250,22,926.566931105978,4000000000,480000,EPA,0,7,926.566779356989,4,MRC,OTFS,3,0.0,0.0,0.0,900000.0,1.875,10.0725333333333,0.0,1.0,15.0,0.988838450784476
353,2026-08-23 14:52:24,test,HighSpeedRail,250,22,926.566931105978,4000000000,480000,EPA,0,7,926.566779356989,4,LMMSE,ODDM,3,0.0,0.0,0.0,898245.614035088,1.87134502923977,66.4943,0.0,1.0,15.0,0.965282162194218
354,2026-08-23 14:52:25,test,HighSpeedRail,250,22,926.566931105978,4000000000,480000,EPA,0,7,926.566779356989,16,MRC,OTFS,3,0.0006944444444444,0.0027777777777777,0.333333333333333,1200000.0,2.5,11.3160666666667,0.333333333333333,0.666666666666667,15.0,0.705264160557663
354,2026-08-23 14:52:25,test,HighSpeedRail,250,22,926.566931105978,4000000000,480000,EPA,0,7,926.566779356989,16,LMMSE,ODDM,3,0.0116319444444444,0.0444444444444444,0.666666666666667,598830.409356725,1.24756335282651,66.0295333333333,0.666666666666667,0.333333333333333,13.3333333333333,0.450335328537275
355,2026-08-23 14:52:25,test,HighSpeedRail,350,-3,1297.19370354837,4000000000,480000,EPA,0,7,1297.19349109978,4,MRC,OTFS,3,0.311111111111111,0.521875,1.0,0.0,0.0,10.4979666666667,1.0,0.0,3.0,0.146014916699756
355,2026-08-23 14:52:25,test,HighSpeedRail,350,-3,1297.19370354837,4000000000,480000,EPA,0,7,1297.19349109978,4,LMMSE,ODDM,3,0.274479166666667,0.474305555555556,1.0,0.0,0.0,65.6697,1.0,0.0,3.33333333333333,0.128739977255396
356,2026-08-23 14:52:25,test,HighSpeedRail,350,-3,1297.19370354837,4000000000,480000,EPA,0,7,1297.19349109978,16,MRC,OTFS,3,0.402083333333333,0.844097222222222,1.0,0.0,0.0,10.2591,1.0,0.0,2.66666666666667,0.138153287482374
356,2026-08-23 14:52:25,test,HighSpeedRail,350,-3,1297.19370354837,4000000000,480000,EPA,0,7,1297.19349109978,16,LMMSE,ODDM,3,0.396354166666667,0.905902777777778,1.0,0.0,0.0,66.5422,1.0,0.0,4.0,0.128444260898278
357,2026-08-23 14:52:25,test,HighSpeedRail,350,2,1297.19370354837,4000000000,480000,EPA,0,7,1297.19349109978,4,MRC,OTFS,3,0.19375,0.346875,1.0,0.0,0.0,10.3453666666667,1.0,0.0,4.0,0.164657084761007
357,2026-08-23 14:52:25,test,HighSpeedRail,350,2,1297.19370354837,4000000000,480000,EPA,0,7,1297.19349109978,4,LMMSE,ODDM,3,0.167361111111111,0.301041666666667,1.0,0.0,0.0,66.9590666666667,1.0,0.0,4.33333333333333,0.147229511116428
358,2026-08-23 14:52:26,test,HighSpeedRail,350,2,1297.19370354837,4000000000,480000,EPA,0,7,1297.19349109978,16,MRC,OTFS,3,0.307725694444444,0.753472222222222,1.0,0.0,0.0,10.7590333333333,1.0,0.0,4.0,0.156089129187524
358,2026-08-23 14:52:26,test,HighSpeedRail,350,2,1297.19370354837,4000000000,480000,EPA,0,7,1297.19349109978,16,LMMSE,ODDM,3,0.352951388888889,0.885416666666667,1.0,0.0,0.0,67.2093333333333,1.0,0.0,4.0,0.130304188450974
359,2026-08-23 14:52:26,test,HighSpeedRail,350,7,1297.19370354837,4000000000,480000,EPA,0,7,1297.19349109978,4,MRC,OTFS,3,0.0765625,0.141666666666667,1.0,0.0,0.0,11.7355,1.0,0.0,6.66666666666667,0.207467079693386
359,2026-08-23 14:52:26,test,HighSpeedRail,350,7,1297.19370354837,4000000000,480000,EPA,0,7,1297.19349109978,4,LMMSE,ODDM,3,0.0642361111111111,0.120833333333333,1.0,0.0,0.0,67.939,1.0,0.0,7.33333333333333,0.194207942888573
360,2026-08-23 14:52:26,test,HighSpeedRail,350,7,1297.19370354837,4000000000,480000,EPA,0,7,1297.19349109978,16,MRC,OTFS,3,0.19140625,0.584027777777778,1.0,0.0,0.0,11.7444,1.0,0.0,6.0,0.184215383027177
360,2026-08-23 14:52:26,test,HighSpeedRail,350,7,1297.19370354837,4000000000,480000,EPA,0,7,1297.19349109978,16,LMMSE,ODDM,3,0.309809027777778,0.848958333333333,1.0,0.0,0.0,67.0761,1.0,0.0,4.66666666666667,0.139377675662569
361,2026-08-23 14:52:26,test,HighSpeedRail,350,12,1297.19370354837,4000000000,480000,EPA,0,7,1297.19349109978,4,MRC,OTFS,3,0.0130208333333333,0.0260416666666667,1.0,0.0,0.0,10.0047333333333,1.0,0.0,12.0,0.293677408735053
361,2026-08-23 14:52:26,test,HighSpeedRail,350,12,1297.19370354837,4000000000,480000,EPA,0,7,1297.19349109978,4,LMMSE,ODDM,3,0.0145833333333333,0.0284722222222222,0.666666666666667,299415.204678363,0.623781676413255,66.1289333333333,0.666666666666667,0.333333333333333,12.3333333333333,0.436207758706412
362,2026-08-23 14:52:27,test,HighSpeedRail,350,12,1297.19370354837,4000000000,480000,EPA,0,7,1297.19349109978,16,MRC,OTFS,3,0.0809027777777778,0.287847222222222,1.0,0.0,0.0,10.7449,1.0,0.0,8.0,0.220270839614445
362,2026-08-23 14:52:27,test,HighSpeedRail,350,12,1297.19370354837,4000000000,480000,EPA,0,7,1297.19349109978,16,LMMSE,ODDM,3,0.232725694444444,0.714930555555556,1.0,0.0,0.0,66.8123,1.0,0.0,5.66666666666667,0.154649127340052
363,2026-08-23 14:52:27,test,HighSpeedRail,350,17,1297.19370354837,4000000000,480000,EPA,0,7,1297.19349109978,4,MRC,OTFS,3,0.0003472222222222,0.0006944444444444,0.333333333333333,600000.0,1.25,15.1670333333333,0.333333333333333,0.666666666666667,15.0,0.716004919258861
363,2026-08-23 14:52:27,test,HighSpeedRail,350,17,1297.19370354837,4000000000,480000,EPA,0,7,1297.19349109978,4,LMMSE,ODDM,3,0.0,0.0,0.0,898245.614035088,1.87134502923977,68.8396666666667,0.0,1.0,15.0,0.964446085237433
364,2026-08-23 14:52:27,test,HighSpeedRail,350,17,1297.19370354837,4000000000,480000,EPA,0,7,1297.19349109978,16,MRC,OTFS,3,0.0139756944444444,0.0548611111111111,1.0,0.0,0.0,12.1155,1.0,0.0,12.6666666666667,0.298064857285112
364,2026-08-23 14:52:27,test,HighSpeedRail,350,17,1297.19370354837,4000000000,480000,EPA,0,7,1297.19349109978,16,LMMSE,ODDM,3,0.0852430555555556,0.294097222222222,1.0,0.0,0.0,76.5825,1.0,0.0,8.66666666666667,0.199409797356659
365,2026-08-23 14:52:28,test,HighSpeedRail,350,22,1297.19370354837,4000000000,480000,EPA,0,7,1297.19349109978,4,MRC,OTFS,3,0.0,0.0,0.0,900000.0,1.875,11.5212,0.0,1.0,15.0,0.988152181876993
365,2026-08-23 14:52:28,test,HighSpeedRail,350,22,1297.19370354837,4000000000,480000,EPA,0,7,1297.19349109978,4,LMMSE,ODDM,3,0.0,0.0,0.0,898245.614035088,1.87134502923977,67.5807333333333,0.0,1.0,15.0,0.964893651030694
366,2026-08-23 14:52:28,test,HighSpeedRail,350,22,1297.19370354837,4000000000,480000,EPA,0,7,1297.19349109978,16,MRC,OTFS,3,0.0005208333333333,0.0020833333333333,0.333333333333333,1200000.0,2.5,10.565,0.333333333333333,0.666666666666667,15.0,0.710825483880055
366,2026-08-23 14:52:28,test,HighSpeedRail,350,22,1297.19370354837,4000000000,480000,EPA,0,7,1297.19349109978,16,LMMSE,ODDM,3,0.0067708333333333,0.0270833333333333,0.666666666666667,598830.409356725,1.24756335282651,68.1721,0.666666666666667,0.333333333333333,13.6666666666667,0.462694806121504
367,2026-08-23 14:52:28,test,Pedestrian,10,-3,37.0626772442391,4000000000,480000,EVA,1,9,37.0626711742796,4,MRC,OTFS,3,0.184027777777778,0.33125,1.0,0.0,0.0,10.6938666666667,1.0,0.0,4.33333333333333,0.168756693479774
367,2026-08-23 14:52:28,test,Pedestrian,10,-3,37.0626772442391,4000000000,480000,EVA,1,9,37.0626711742796,4,LMMSE,ODDM,3,0.180555555555556,0.329513888888889,1.0,0.0,0.0,67.4971333333333,1.0,0.0,4.33333333333333,0.145664101240995
368,2026-08-23 14:52:28,test,Pedestrian,10,-3,37.0626772442391,4000000000,480000,EVA,1,9,37.0626711742796,16,MRC,OTFS,3,0.353645833333333,0.803472222222222,1.0,0.0,0.0,13.8326333333333,1.0,0.0,3.66666666666667,0.148793751070798
368,2026-08-23 14:52:28,test,Pedestrian,10,-3,37.0626772442391,4000000000,480000,EVA,1,9,37.0626711742796,16,LMMSE,ODDM,3,0.38125,0.896180555555556,1.0,0.0,0.0,68.0815333333333,1.0,0.0,4.0,0.128597611171712
369,2026-08-23 14:52:29,test,Pedestrian,10,2,37.0626772442391,4000000000,480000,EVA,1,9,37.0626711742796,4,MRC,OTFS,3,0.0637152777777778,0.122916666666667,1.0,0.0,0.0,11.0538,1.0,0.0,6.66666666666667,0.211112908567789
369,2026-08-23 14:52:29,test,Pedestrian,10,2,37.0626772442391,4000000000,480000,EVA,1,9,37.0626711742796,4,LMMSE,ODDM,3,0.0628472222222222,0.121180555555556,1.0,0.0,0.0,66.7409,1.0,0.0,7.0,0.191697953775679
370,2026-08-23 14:52:29,test,Pedestrian,10,2,37.0626772442391,4000000000,480000,EVA,1,9,37.0626711742796,16,MRC,OTFS,3,0.268315972222222,0.673958333333333,1.0,0.0,0.0,13.2501666666667,1.0,0.0,4.66666666666667,0.164062669509009
370,2026-08-23 14:52:29,test,Pedestrian,10,2,37.0626772442391,4000000000,480000,EVA,1,9,37.0626711742796,16,LMMSE,ODDM,3,0.345399305555556,0.871527777777778,1.0,0.0,0.0,65.7837333333333,1.0,0.0,4.66666666666667,0.13787342750681
371,2026-08-23 14:52:29,test,Pedestrian,10,7,37.0626772442391,4000000000,480000,EVA,1,9,37.0626711742796,4,MRC,OTFS,3,0.0064236111111111,0.0128472222222222,0.666666666666667,300000.0,0.625,11.6129333333333,0.666666666666667,0.333333333333333,12.3333333333333,0.473618090977831
371,2026-08-23 14:52:29,test,Pedestrian,10,7,37.0626772442391,4000000000,480000,EVA,1,9,37.0626711742796,4,LMMSE,ODDM,3,0.0052083333333333,0.0104166666666667,0.666666666666667,299415.204678363,0.623781676413255,66.9494333333333,0.666666666666667,0.333333333333333,12.3333333333333,0.454545198736431
372,2026-08-23 14:52:30,test,Pedestrian,10,7,37.0626772442391,4000000000,480000,EVA,1,9,37.0626711742796,16,MRC,OTFS,3,0.186458333333333,0.456944444444444,1.0,0.0,0.0,17.3540666666667,1.0,0.0,6.66666666666667,0.188747856750871
372,2026-08-23 14:52:30,test,Pedestrian,10,7,37.0626772442391,4000000000,480000,EVA,1,9,37.0626711742796,16,LMMSE,ODDM,3,0.288368055555556,0.781944444444444,1.0,0.0,0.0,65.7786666666667,1.0,0.0,5.0,0.144474180400123
373,2026-08-23 14:52:30,test,Pedestrian,10,12,37.0626772442391,4000000000,480000,EVA,1,9,37.0626711742796,4,MRC,OTFS,3,0.0,0.0,0.0,900000.0,1.875,13.7402666666667,0.0,1.0,15.0,0.9871105475278
373,2026-08-23 14:52:30,test,Pedestrian,10,12,37.0626772442391,4000000000,480000,EVA,1,9,37.0626711742796,4,LMMSE,ODDM,3,0.0,0.0,0.0,898245.614035088,1.87134502923977,67.5881333333333,0.0,1.0,15.0,0.964891012002732
374,2026-08-23 14:52:30,test,Pedestrian,10,12,37.0626772442391,4000000000,480000,EVA,1,9,37.0626711742796,16,MRC,OTFS,3,0.1234375,0.293055555555556,1.0,0.0,0.0,15.2747666666667,1.0,0.0,9.66666666666667,0.227170016431028
374,2026-08-23 14:52:30,test,Pedestrian,10,12,37.0626772442391,4000000000,480000,EVA,1,9,37.0626711742796,16,LMMSE,ODDM,3,0.163975694444444,0.446875,1.0,0.0,0.0,66.3717666666667,1.0,0.0,7.66666666666667,0.181143049911648
375,2026-08-23 14:52:30,test,Pedestrian,10,17,37.0626772442391,4000000000,480000,EVA,1,9,37.0626711742796,4,MRC,OTFS,3,0.0,0.0,0.0,900000.0,1.875,11.2931666666667,0.0,1.0,15.0,0.988259877481832
375,2026-08-23 14:52:30,test,Pedestrian,10,17,37.0626772442391,4000000000,480000,EVA,1,9,37.0626711742796,4,LMMSE,ODDM,3,0.0,0.0,0.0,898245.614035088,1.87134502923977,67.1297,0.0,1.0,15.0,0.965054685460945
376,2026-08-23 14:52:31,test,Pedestrian,10,17,37.0626772442391,4000000000,480000,EVA,1,9,37.0626711742796,16,MRC,OTFS,3,0.0814236111111111,0.229513888888889,0.333333333333333,1200000.0,2.5,14.6579,0.333333333333333,0.666666666666667,11.6666666666667,0.584151909983183
376,2026-08-23 14:52:31,test,Pedestrian,10,17,37.0626772442391,4000000000,480000,EVA,1,9,37.0626711742796,16,LMMSE,ODDM,3,0.112239583333333,0.293055555555556,0.666666666666667,598830.409356725,1.24756335282651,66.5667333333333,0.666666666666667,0.333333333333333,11.3333333333333,0.389121941264003
377,2026-08-23 14:52:31,test,Pedestrian,10,22,37.0626772442391,4000000000,480000,EVA,1,9,37.0626711742796,4,MRC,OTFS,3,0.0,0.0,0.0,900000.0,1.875,11.664,0.0,1.0,15.0,0.988084802776334
377,2026-08-23 14:52:31,test,Pedestrian,10,22,37.0626772442391,4000000000,480000,EVA,1,9,37.0626711742796,4,LMMSE,ODDM,3,0.0,0.0,0.0,898245.614035088,1.87134502923977,68.0527,0.0,1.0,15.0,0.964725531061018
378,2026-08-23 14:52:31,test,Pedestrian,10,22,37.0626772442391,4000000000,480000,EVA,1,9,37.0626711742796,16,MRC,OTFS,3,0.0479166666666667,0.1625,0.333333333333333,1200000.0,2.5,13.1073333333333,0.333333333333333,0.666666666666667,12.3333333333333,0.601136195599001
378,2026-08-23 14:52:31,test,Pedestrian,10,22,37.0626772442391,4000000000,480000,EVA,1,9,37.0626711742796,16,LMMSE,ODDM,3,0.0880208333333333,0.259722222222222,0.333333333333333,1197660.81871345,2.49512670565302,69.0183,0.333333333333333,0.666666666666667,11.6666666666667,0.560502661572077
379,2026-08-23 14:52:32,test,Urban,40,-3,148.250708976956,4000000000,480000,EVA,1,9,148.250684697118,4,MRC,OTFS,3,0.214583333333333,0.378819444444444,1.0,0.0,0.0,12.7915,1.0,0.0,3.66666666666667,0.158321320420303
379,2026-08-23 14:52:32,test,Urban,40,-3,148.250708976956,4000000000,480000,EVA,1,9,148.250684697118,4,LMMSE,ODDM,3,0.199652777777778,0.352777777777778,1.0,0.0,0.0,66.6174666666667,1.0,0.0,3.66666666666667,0.137492620023777
380,2026-08-23 14:52:32,test,Urban,40,-3,148.250708976956,4000000000,480000,EVA,1,9,148.250684697118,16,MRC,OTFS,3,0.359027777777778,0.819444444444444,1.0,0.0,0.0,15.8689666666667,1.0,0.0,3.33333333333333,0.144241798502751
380,2026-08-23 14:52:32,test,Urban,40,-3,148.250708976956,4000000000,480000,EVA,1,9,148.250684697118,16,LMMSE,ODDM,3,0.369444444444444,0.897916666666667,1.0,0.0,0.0,66.6377666666667,1.0,0.0,4.0,0.129682271507929
381,2026-08-23 14:52:32,test,Urban,40,2,148.250708976956,4000000000,480000,EVA,1,9,148.250684697118,4,MRC,OTFS,3,0.0803819444444445,0.154166666666667,1.0,0.0,0.0,13.0415,1.0,0.0,6.33333333333333,0.202639033055285
381,2026-08-23 14:52:32,test,Urban,40,2,148.250708976956,4000000000,480000,EVA,1,9,148.250684697118,4,LMMSE,ODDM,3,0.0782986111111111,0.148263888888889,1.0,0.0,0.0,66.9522666666667,1.0,0.0,6.0,0.177644464306144
382,2026-08-23 14:52:32,test,Urban,40,2,148.250708976956,4000000000,480000,EVA,1,9,148.250684697118,16,MRC,OTFS,3,0.269010416666667,0.689930555555556,1.0,0.0,0.0,16.6098333333333,1.0,0.0,4.66666666666667,0.162456877392107
382,2026-08-23 14:52:32,test,Urban,40,2,148.250708976956,4000000000,480000,EVA,1,9,148.250684697118,16,LMMSE,ODDM,3,0.327170138888889,0.871527777777778,1.0,0.0,0.0,67.0136,1.0,0.0,4.66666666666667,0.138413375403217
383,2026-08-23 14:52:33,test,Urban,40,7,148.250708976956,4000000000,480000,EVA,1,9,148.250684697118,4,MRC,OTFS,3,0.0118055555555556,0.0229166666666667,0.666666666666667,300000.0,0.625,10.4778,0.666666666666667,0.333333333333333,11.6666666666667,0.456475697086315
383,2026-08-23 14:52:33,test,Urban,40,7,148.250708976956,4000000000,480000,EVA,1,9,148.250684697118,4,LMMSE,ODDM,3,0.0105902777777778,0.0208333333333333,1.0,0.0,0.0,70.2227666666667,1.0,0.0,11.3333333333333,0.266019222510444
384,2026-08-23 14:52:33,test,Urban,40,7,148.250708976956,4000000000,480000,EVA,1,9,148.250684697118,16,MRC,OTFS,3,0.169444444444444,0.466319444444444,1.0,0.0,0.0,16.5543666666667,1.0,0.0,6.66666666666667,0.190846644203067
384,2026-08-23 14:52:33,test,Urban,40,7,148.250708976956,4000000000,480000,EVA,1,9,148.250684697118,16,LMMSE,ODDM,3,0.278038194444444,0.795138888888889,1.0,0.0,0.0,67.5321,1.0,0.0,5.0,0.144506060064778
385,2026-08-23 14:52:33,test,Urban,40,12,148.250708976956,4000000000,480000,EVA,1,9,148.250684697118,4,MRC,OTFS,3,0.0,0.0,0.0,900000.0,1.875,11.6678333333333,0.0,1.0,15.0,0.988082994709942
385,2026-08-23 14:52:33,test,Urban,40,12,148.250708976956,4000000000,480000,EVA,1,9,148.250684697118,4,LMMSE,ODDM,3,0.0,0.0,0.0,898245.614035088,1.87134502923977,68.7891,0.0,1.0,15.0,0.964464008034884
386,2026-08-23 14:52:34,test,Urban,40,12,148.250708976956,4000000000,480000,EVA,1,9,148.250684697118,16,MRC,OTFS,3,0.0875,0.257986111111111,1.0,0.0,0.0,17.1107,1.0,0.0,9.66666666666667,0.232550067309887
386,2026-08-23 14:52:34,test,Urban,40,12,148.250708976956,4000000000,480000,EVA,1,9,148.250684697118,16,LMMSE,ODDM,3,0.145486111111111,0.465625,1.0,0.0,0.0,67.5898333333333,1.0,0.0,6.66666666666667,0.172872256991061
387,2026-08-23 14:52:34,test,Urban,40,17,148.250708976956,4000000000,480000,EVA,1,9,148.250684697118,4,MRC,OTFS,3,0.0,0.0,0.0,900000.0,1.875,12.0907,0.0,1.0,15.0,0.987883754019634
387,2026-08-23 14:52:34,test,Urban,40,17,148.250708976956,4000000000,480000,EVA,1,9,148.250684697118,4,LMMSE,ODDM,3,0.0,0.0,0.0,898245.614035088,1.87134502923977,69.1803666666667,0.0,1.0,15.0,0.964325445927802
388,2026-08-23 14:52:34,test,Urban,40,17,148.250708976956,4000000000,480000,EVA,1,9,148.250684697118,16,MRC,OTFS,3,0.0424479166666667,0.145833333333333,0.333333333333333,1200000.0,2.5,12.8918666666667,0.333333333333333,0.666666666666667,12.3333333333333,0.60343007498241
388,2026-08-23 14:52:34,test,Urban,40,17,148.250708976956,4000000000,480000,EVA,1,9,148.250684697118,16,LMMSE,ODDM,3,0.0537326388888889,0.180902777777778,1.0,0.0,0.0,71.5148,1.0,0.0,12.0,0.242843837277259
389,2026-08-23 14:52:34,test,Urban,40,22,148.250708976956,4000000000,480000,EVA,1,9,148.250684697118,4,MRC,OTFS,3,0.0,0.0,0.0,900000.0,1.875,11.9924666666667,0.0,1.0,15.0,0.98793000073831
389,2026-08-23 14:52:34,test,Urban,40,22,148.250708976956,4000000000,480000,EVA,1,9,148.250684697118,4,LMMSE,ODDM,3,0.0,0.0,0.0,898245.614035088,1.87134502923977,68.8294,0.0,1.0,15.0,0.964449723777622
390,2026-08-23 14:52:35,test,Urban,40,22,148.250708976956,4000000000,480000,EVA,1,9,148.250684697118,16,MRC,OTFS,3,0.0100694444444444,0.0395833333333333,0.333333333333333,1200000.0,2.5,15.784,0.333333333333333,0.666666666666667,13.3333333333333,0.638119488803783
390,2026-08-23 14:52:35,test,Urban,40,22,148.250708976956,4000000000,480000,EVA,1,9,148.250684697118,16,LMMSE,ODDM,3,0.0271701388888889,0.101388888888889,0.333333333333333,1197660.81871345,2.49512670565302,68.9002,0.333333333333333,0.666666666666667,12.6666666666667,0.59181505790012
391,2026-08-23 14:52:35,test,Highway,80,-3,296.501417953913,4000000000,480000,EVA,1,9,296.501369394237,4,MRC,OTFS,3,0.312847222222222,0.523958333333333,1.0,0.0,0.0,14.6993666666667,1.0,0.0,3.0,0.143941729505238
391,2026-08-23 14:52:35,test,Highway,80,-3,296.501417953913,4000000000,480000,EVA,1,9,296.501369394237,4,LMMSE,ODDM,3,0.260243055555556,0.451041666666667,1.0,0.0,0.0,65.6892666666667,1.0,0.0,3.33333333333333,0.129696692382605
392,2026-08-23 14:52:35,test,Highway,80,-3,296.501417953913,4000000000,480000,EVA,1,9,296.501369394237,16,MRC,OTFS,3,0.392795138888889,0.85,1.0,0.0,0.0,14.2856333333333,1.0,0.0,2.66666666666667,0.1366827279707
392,2026-08-23 14:52:35,test,Highway,80,-3,296.501417953913,4000000000,480000,EVA,1,9,296.501369394237,16,LMMSE,ODDM,3,0.378298611111111,0.896875,1.0,0.0,0.0,67.3966333333333,1.0,0.0,4.0,0.128982304629307
393,2026-08-23 14:52:36,test,Highway,80,2,296.501417953913,4000000000,480000,EVA,1,9,296.501369394237,4,MRC,OTFS,3,0.206076388888889,0.360069444444444,1.0,0.0,0.0,11.6085666666667,1.0,0.0,4.0,0.162943109715828
393,2026-08-23 14:52:36,test,Highway,80,2,296.501417953913,4000000000,480000,EVA,1,9,296.501369394237,4,LMMSE,ODDM,3,0.156076388888889,0.288888888888889,1.0,0.0,0.0,67.828,1.0,0.0,4.66666666666667,0.151515887173248
394,2026-08-23 14:52:36,test,Highway,80,2,296.501417953913,4000000000,480000,EVA,1,9,296.501369394237,16,MRC,OTFS,3,0.305902777777778,0.753819444444444,1.0,0.0,0.0,16.0534666666667,1.0,0.0,4.0,0.153720984099465
394,2026-08-23 14:52:36,test,Highway,80,2,296.501417953913,4000000000,480000,EVA,1,9,296.501369394237,16,LMMSE,ODDM,3,0.337065972222222,0.871875,1.0,0.0,0.0,67.9693333333333,1.0,0.0,4.0,0.130866492280526
395,2026-08-23 14:52:36,test,Highway,80,7,296.501417953913,4000000000,480000,EVA,1,9,296.501369394237,4,MRC,OTFS,3,0.0927083333333333,0.167013888888889,1.0,0.0,0.0,15.3527333333333,1.0,0.0,7.33333333333333,0.208980920909878
395,2026-08-23 14:52:36,test,Highway,80,7,296.501417953913,4000000000,480000,EVA,1,9,296.501369394237,4,LMMSE,ODDM,3,0.0597222222222222,0.113541666666667,1.0,0.0,0.0,67.5651666666667,1.0,0.0,7.33333333333333,0.195659619725013
396,2026-08-23 14:52:37,test,Highway,80,7,296.501417953913,4000000000,480000,EVA,1,9,296.501369394237,16,MRC,OTFS,3,0.197829861111111,0.579861111111111,1.0,0.0,0.0,15.6614,1.0,0.0,5.66666666666667,0.178455890350979
396,2026-08-23 14:52:37,test,Highway,80,7,296.501417953913,4000000000,480000,EVA,1,9,296.501369394237,16,LMMSE,ODDM,3,0.301302083333333,0.840277777777778,1.0,0.0,0.0,65.4425333333333,1.0,0.0,5.0,0.143801285277894
397,2026-08-23 14:52:37,test,Highway,80,12,296.501417953913,4000000000,480000,EVA,1,9,296.501369394237,4,MRC,OTFS,3,0.0336805555555556,0.0638888888888889,0.666666666666667,300000.0,0.625,11.2966333333333,0.666666666666667,0.333333333333333,11.3333333333333,0.433784104053694
397,2026-08-23 14:52:37,test,Highway,80,12,296.501417953913,4000000000,480000,EVA,1,9,296.501369394237,4,LMMSE,ODDM,3,0.0154513888888889,0.0298611111111111,1.0,0.0,0.0,68.1340333333333,1.0,0.0,11.6666666666667,0.263255700980957
398,2026-08-23 14:52:37,test,Highway,80,12,296.501417953913,4000000000,480000,EVA,1,9,296.501369394237,16,MRC,OTFS,3,0.0973958333333333,0.327430555555556,1.0,0.0,0.0,17.3485333333333,1.0,0.0,8.0,0.213835452679602
398,2026-08-23 14:52:37,test,Highway,80,12,296.501417953913,4000000000,480000,EVA,1,9,296.501369394237,16,LMMSE,ODDM,3,0.201128472222222,0.641666666666667,1.0,0.0,0.0,67.3358666666667,1.0,0.0,6.0,0.160435715558641
399,2026-08-23 14:52:37,test,Highway,80,17,296.501417953913,4000000000,480000,EVA,1,9,296.501369394237,4,MRC,OTFS,3,0.0053819444444444,0.0107638888888889,0.333333333333333,600000.0,1.25,12.5579,0.333333333333333,0.666666666666667,13.3333333333333,0.650958313775627
399,2026-08-23 14:52:37,test,Highway,80,17,296.501417953913,4000000000,480000,EVA,1,9,296.501369394237,4,LMMSE,ODDM,3,0.0022569444444444,0.0045138888888888,0.333333333333333,598830.409356725,1.24756335282651,67.5988333333333,0.333333333333333,0.666666666666667,13.6666666666667,0.647301409592801
400,2026-08-23 14:52:38,test,Highway,80,17,296.501417953913,4000000000,480000,EVA,1,9,296.501369394237,16,MRC,OTFS,3,0.0250868055555556,0.090625,1.0,0.0,0.0,14.5143666666667,1.0,0.0,11.6666666666667,0.276356337114144
400,2026-08-23 14:52:38,test,Highway,80,17,296.501417953913,4000000000,480000,EVA,1,9,296.501369394237,16,LMMSE,ODDM,3,0.0681423611111111,0.248611111111111,1.0,0.0,0.0,67.3292,1.0,0.0,8.66666666666667,0.20669044510119
401,2026-08-23 14:52:38,test,Highway,80,22,296.501417953913,4000000000,480000,EVA,1,9,296.501369394237,4,MRC,OTFS,3,0.0,0.0,0.0,900000.0,1.875,10.3695666666667,0.0,1.0,15.0,0.988697333404339
401,2026-08-23 14:52:38,test,Highway,80,22,296.501417953913,4000000000,480000,EVA,1,9,296.501369394237,4,LMMSE,ODDM,3,0.0001736111111111,0.0003472222222222,0.333333333333333,598830.409356725,1.24756335282651,69.8250666666667,0.333333333333333,0.666666666666667,15.0,0.706259577104397
402,2026-08-23 14:52:38,test,Highway,80,22,296.501417953913,4000000000,480000,EVA,1,9,296.501369394237,16,MRC,OTFS,3,0.0032986111111111,0.0131944444444444,0.333333333333333,1200000.0,2.5,15.0969,0.333333333333333,0.666666666666667,14.0,0.66529894711772
402,2026-08-23 14:52:38,test,Highway,80,22,296.501417953913,4000000000,480000,EVA,1,9,296.501369394237,16,LMMSE,ODDM,3,0.0173611111111111,0.0690972222222222,0.666666666666667,598830.409356725,1.24756335282651,69.0752333333333,0.666666666666667,0.333333333333333,12.0,0.428668753431193
403,2026-08-23 14:52:39,test,Highway,120,-3,444.752126930869,4000000000,480000,EVA,1,9,444.752054091355,4,MRC,OTFS,3,0.307291666666667,0.522916666666667,1.0,0.0,0.0,15.6832,1.0,0.0,3.0,0.143810022847524
403,2026-08-23 14:52:39,test,Highway,120,-3,444.752126930869,4000000000,480000,EVA,1,9,444.752054091355,4,LMMSE,ODDM,3,0.243923611111111,0.427777777777778,1.0,0.0,0.0,68.604,1.0,0.0,3.33333333333333,0.129826825193045
404,2026-08-23 14:52:39,test,Highway,120,-3,444.752126930869,4000000000,480000,EVA,1,9,444.752054091355,16,MRC,OTFS,3,0.388194444444444,0.847569444444444,1.0,0.0,0.0,20.6297,1.0,0.0,3.0,0.13732224693261
404,2026-08-23 14:52:39,test,Highway,120,-3,444.752126930869,4000000000,480000,EVA,1,9,444.752054091355,16,LMMSE,ODDM,3,0.387326388888889,0.904861111111111,1.0,0.0,0.0,69.7792333333333,1.0,0.0,4.0,0.127710092453407
405,2026-08-23 14:52:39,test,Highway,120,2,444.752126930869,4000000000,480000,EVA,1,9,444.752054091355,4,MRC,OTFS,3,0.187847222222222,0.335416666666667,1.0,0.0,0.0,13.8789,1.0,0.0,4.33333333333333,0.166887323142557
405,2026-08-23 14:52:39,test,Highway,120,2,444.752126930869,4000000000,480000,EVA,1,9,444.752054091355,4,LMMSE,ODDM,3,0.131423611111111,0.244791666666667,1.0,0.0,0.0,67.3793333333333,1.0,0.0,4.66666666666667,0.154786869926243
406,2026-08-23 14:52:40,test,Highway,120,2,444.752126930869,4000000000,480000,EVA,1,9,444.752054091355,16,MRC,OTFS,3,0.295052083333333,0.746180555555556,1.0,0.0,0.0,17.6767333333333,1.0,0.0,4.33333333333333,0.156961847823511
406,2026-08-23 14:52:40,test,Highway,120,2,444.752126930869,4000000000,480000,EVA,1,9,444.752054091355,16,LMMSE,ODDM,3,0.344010416666667,0.882291666666667,1.0,0.0,0.0,66.4743,1.0,0.0,4.0,0.131031599529931
407,2026-08-23 14:52:40,test,Highway,120,7,444.752126930869,4000000000,480000,EVA,1,9,444.752054091355,4,MRC,OTFS,3,0.0779513888888889,0.141319444444444,1.0,0.0,0.0,14.4736666666667,1.0,0.0,7.0,0.209192827272076
407,2026-08-23 14:52:40,test,Highway,120,7,444.752126930869,4000000000,480000,EVA,1,9,444.752054091355,4,LMMSE,ODDM,3,0.0432291666666667,0.0836805555555555,1.0,0.0,0.0,70.4982666666667,1.0,0.0,7.33333333333333,0.200469430202117
408,2026-08-23 14:52:40,test,Highway,120,7,444.752126930869,4000000000,480000,EVA,1,9,444.752054091355,16,MRC,OTFS,3,0.184982638888889,0.563194444444444,1.0,0.0,0.0,13.7523666666667,1.0,0.0,6.0,0.18389110894274
408,2026-08-23 14:52:40,test,Highway,120,7,444.752126930869,4000000000,480000,EVA,1,9,444.752054091355,16,LMMSE,ODDM,3,0.30546875,0.847569444444444,1.0,0.0,0.0,65.8918333333333,1.0,0.0,5.0,0.143390982828456
409,2026-08-23 14:52:40,test,Highway,120,12,444.752126930869,4000000000,480000,EVA,1,9,444.752054091355,4,MRC,OTFS,3,0.0196180555555556,0.0381944444444444,0.333333333333333,600000.0,1.25,12.9241333333333,0.333333333333333,0.666666666666667,12.3333333333333,0.617381634170437
409,2026-08-23 14:52:40,test,Highway,120,12,444.752126930869,4000000000,480000,EVA,1,9,444.752054091355,4,LMMSE,ODDM,3,0.0057291666666666,0.0114583333333333,0.666666666666667,299415.204678363,0.623781676413255,67.9143,0.666666666666667,0.333333333333333,13.3333333333333,0.462476144638397
410,2026-08-23 14:52:41,test,Highway,120,12,444.752126930869,4000000000,480000,EVA,1,9,444.752054091355,16,MRC,OTFS,3,0.0785590277777778,0.273611111111111,1.0,0.0,0.0,16.6291666666667,1.0,0.0,8.66666666666667,0.224721856408156
410,2026-08-23 14:52:41,test,Highway,120,12,444.752126930869,4000000000,480000,EVA,1,9,444.752054091355,16,LMMSE,ODDM,3,0.209982638888889,0.667013888888889,1.0,0.0,0.0,67.3593333333333,1.0,0.0,5.66666666666667,0.15631442705948
411,2026-08-23 14:52:41,test,Highway,120,17,444.752126930869,4000000000,480000,EVA,1,9,444.752054091355,4,MRC,OTFS,3,0.0012152777777777,0.0024305555555555,0.333333333333333,600000.0,1.25,11.1963666666667,0.333333333333333,0.666666666666667,14.0,0.685194149809446
411,2026-08-23 14:52:41,test,Highway,120,17,444.752126930869,4000000000,480000,EVA,1,9,444.752054091355,4,LMMSE,ODDM,3,0.0003472222222222,0.0006944444444444,0.333333333333333,598830.409356725,1.24756335282651,68.3549666666667,0.333333333333333,0.666666666666667,15.0,0.694237004910156
412,2026-08-23 14:52:41,test,Highway,120,17,444.752126930869,4000000000,480000,EVA,1,9,444.752054091355,16,MRC,OTFS,3,0.0171875,0.0642361111111111,1.0,0.0,0.0,16.0494,1.0,0.0,13.0,0.295821640181666
412,2026-08-23 14:52:41,test,Highway,120,17,444.752126930869,4000000000,480000,EVA,1,9,444.752054091355,16,LMMSE,ODDM,3,0.0713541666666667,0.263541666666667,1.0,0.0,0.0,68.0017333333333,1.0,0.0,8.33333333333333,0.202283942975785
413,2026-08-23 14:52:42,test,Highway,120,22,444.752126930869,4000000000,480000,EVA,1,9,444.752054091355,4,MRC,OTFS,3,0.0,0.0,0.0,900000.0,1.875,11.1032,0.0,1.0,15.0,0.988349688759914
413,2026-08-23 14:52:42,test,Highway,120,22,444.752126930869,4000000000,480000,EVA,1,9,444.752054091355,4,LMMSE,ODDM,3,0.0,0.0,0.0,898245.614035088,1.87134502923977,69.7711666666667,0.0,1.0,15.0,0.964116734639693
414,2026-08-23 14:52:42,test,Highway,120,22,444.752126930869,4000000000,480000,EVA,1,9,444.752054091355,16,MRC,OTFS,3,0.0013020833333333,0.0052083333333333,0.333333333333333,1200000.0,2.5,12.9044,0.333333333333333,0.666666666666667,14.6666666666667,0.689808266370755
414,2026-08-23 14:52:42,test,Highway,120,22,444.752126930869,4000000000,480000,EVA,1,9,444.752054091355,16,LMMSE,ODDM,3,0.0113715277777778,0.0451388888888889,0.666666666666667,598830.409356725,1.24756335282651,68.9094333333333,0.666666666666667,0.333333333333333,12.6666666666667,0.443050746317835
415,2026-08-23 14:52:42,test,HighSpeedRail,250,-3,926.566931105978,4000000000,480000,EVA,1,9,926.566779356989,4,MRC,OTFS,3,0.291666666666667,0.497222222222222,1.0,0.0,0.0,13.2324,1.0,0.0,3.0,0.145894305741541
415,2026-08-23 14:52:42,test,HighSpeedRail,250,-3,926.566931105978,4000000000,480000,EVA,1,9,926.566779356989,4,LMMSE,ODDM,3,0.23125,0.407638888888889,1.0,0.0,0.0,66.2591333333333,1.0,0.0,3.33333333333333,0.131629212551353
416,2026-08-23 14:52:42,test,HighSpeedRail,250,-3,926.566931105978,4000000000,480000,EVA,1,9,926.566779356989,16,MRC,OTFS,3,0.387934027777778,0.839583333333333,1.0,0.0,0.0,15.7620333333333,1.0,0.0,3.0,0.139556623985265
416,2026-08-23 14:52:42,test,HighSpeedRail,250,-3,926.566931105978,4000000000,480000,EVA,1,9,926.566779356989,16,LMMSE,ODDM,3,0.386979166666667,0.902777777777778,1.0,0.0,0.0,65.2637,1.0,0.0,4.0,0.129337216864598
417,2026-08-23 14:52:43,test,HighSpeedRail,250,2,926.566931105978,4000000000,480000,EVA,1,9,926.566779356989,4,MRC,OTFS,3,0.1828125,0.328472222222222,1.0,0.0,0.0,13.4183666666667,1.0,0.0,4.0,0.164260686995314
417,2026-08-23 14:52:43,test,HighSpeedRail,250,2,926.566931105978,4000000000,480000,EVA,1,9,926.566779356989,4,LMMSE,ODDM,3,0.122916666666667,0.225694444444444,1.0,0.0,0.0,66.5472666666667,1.0,0.0,5.0,0.159628805153632
418,2026-08-23 14:52:43,test,HighSpeedRail,250,2,926.566931105978,4000000000,480000,EVA,1,9,926.566779356989,16,MRC,OTFS,3,0.295920138888889,0.740972222222222,1.0,0.0,0.0,13.0836666666667,1.0,0.0,4.33333333333333,0.159035282124612
418,2026-08-23 14:52:43,test,HighSpeedRail,250,2,926.566931105978,4000000000,480000,EVA,1,9,926.566779356989,16,LMMSE,ODDM,3,0.342881944444444,0.875694444444444,1.0,0.0,0.0,67.4551666666667,1.0,0.0,4.0,0.130740169031239
419,2026-08-23 14:52:43,test,HighSpeedRail,250,7,926.566931105978,4000000000,480000,EVA,1,9,926.566779356989,4,MRC,OTFS,3,0.0628472222222222,0.119444444444444,1.0,0.0,0.0,14.6480333333333,1.0,0.0,7.33333333333333,0.216342506140486
419,2026-08-23 14:52:43,test,HighSpeedRail,250,7,926.566931105978,4000000000,480000,EVA,1,9,926.566779356989,4,LMMSE,ODDM,3,0.0388888888888889,0.075,1.0,0.0,0.0,68.6091333333333,1.0,0.0,8.0,0.20971784992756
420,2026-08-23 14:52:44,test,HighSpeedRail,250,7,926.566931105978,4000000000,480000,EVA,1,9,926.566779356989,16,MRC,OTFS,3,0.18046875,0.556597222222222,1.0,0.0,0.0,16.3522,1.0,0.0,6.0,0.183132466474011
420,2026-08-23 14:52:44,test,HighSpeedRail,250,7,926.566931105978,4000000000,480000,EVA,1,9,926.566779356989,16,LMMSE,ODDM,3,0.301996527777778,0.840972222222222,1.0,0.0,0.0,67.0773666666667,1.0,0.0,5.0,0.143172727755903
421,2026-08-23 14:52:44,test,HighSpeedRail,250,12,926.566931105978,4000000000,480000,EVA,1,9,926.566779356989,4,MRC,OTFS,3,0.0072916666666666,0.0145833333333333,0.666666666666667,300000.0,0.625,10.8315666666667,0.666666666666667,0.333333333333333,12.6666666666667,0.475027141236183
421,2026-08-23 14:52:44,test,HighSpeedRail,250,12,926.566931105978,4000000000,480000,EVA,1,9,926.566779356989,4,LMMSE,ODDM,3,0.0039930555555555,0.0079861111111111,0.666666666666667,299415.204678363,0.623781676413255,72.9202,0.666666666666667,0.333333333333333,13.3333333333333,0.46724872985664
422,2026-08-23 14:52:44,test,HighSpeedRail,250,12,926.566931105978,4000000000,480000,EVA,1,9,926.566779356989,16,MRC,OTFS,3,0.0751736111111111,0.271875,1.0,0.0,0.0,21.8253333333333,1.0,0.0,8.33333333333333,0.219825625011792
422,2026-08-23 14:52:44,test,HighSpeedRail,250,12,926.566931105978,4000000000,480000,EVA,1,9,926.566779356989,16,LMMSE,ODDM,3,0.209722222222222,0.664930555555556,1.0,0.0,0.0,67.2224333333333,1.0,0.0,5.66666666666667,0.156385776556053
423,2026-08-23 14:52:45,test,HighSpeedRail,250,17,926.566931105978,4000000000,480000,EVA,1,9,926.566779356989,4,MRC,OTFS,3,0.0,0.0,0.0,900000.0,1.875,11.3342666666667,0.0,1.0,15.0,0.988240457697461
423,2026-08-23 14:52:45,test,HighSpeedRail,250,17,926.566931105978,4000000000,480000,EVA,1,9,926.566779356989,4,LMMSE,ODDM,3,0.0001736111111111,0.0003472222222222,0.333333333333333,598830.409356725,1.24756335282651,68.5343333333333,0.333333333333333,0.666666666666667,15.0,0.70671622922006
424,2026-08-23 14:52:45,test,HighSpeedRail,250,17,926.566931105978,4000000000,480000,EVA,1,9,926.566779356989,16,MRC,OTFS,3,0.0105034722222222,0.040625,1.0,0.0,0.0,15.5970666666667,1.0,0.0,13.0,0.304942262144242
424,2026-08-23 14:52:45,test,HighSpeedRail,250,17,926.566931105978,4000000000,480000,EVA,1,9,926.566779356989,16,LMMSE,ODDM,3,0.0657986111111111,0.246875,1.0,0.0,0.0,67.7923,1.0,0.0,8.66666666666667,0.207158624413117
425,2026-08-23 14:52:45,test,HighSpeedRail,250,22,926.566931105978,4000000000,480000,EVA,1,9,926.566779356989,4,MRC,OTFS,3,0.0,0.0,0.0,900000.0,1.875,12.1135,0.0,1.0,15.0,0.987873023383333
425,2026-08-23 14:52:45,test,HighSpeedRail,250,22,926.566931105978,4000000000,480000,EVA,1,9,926.566779356989,4,LMMSE,ODDM,3,0.0,0.0,0.0,898245.614035088,1.87134502923977,69.5871333333333,0.0,1.0,15.0,0.964181681798986
426,2026-08-23 14:52:45,test,HighSpeedRail,250,22,926.566931105978,4000000000,480000,EVA,1,9,926.566779356989,16,MRC,OTFS,3,0.0003472222222222,0.0013888888888888,0.333333333333333,1200000.0,2.5,13.0949,0.333333333333333,0.666666666666667,15.0,0.716970313357285
426,2026-08-23 14:52:45,test,HighSpeedRail,250,22,926.566931105978,4000000000,480000,EVA,1,9,926.566779356989,16,LMMSE,ODDM,3,0.0058159722222222,0.0232638888888889,0.666666666666667,598830.409356725,1.24756335282651,68.9845666666667,0.666666666666667,0.333333333333333,13.0,0.458490654328136
427,2026-08-23 14:52:46,test,HighSpeedRail,350,-3,1297.19370354837,4000000000,480000,EVA,1,9,1297.19349109978,4,MRC,OTFS,3,0.309548611111111,0.520486111111111,1.0,0.0,0.0,13.1282,1.0,0.0,3.0,0.144866330404047
427,2026-08-23 14:52:46,test,HighSpeedRail,350,-3,1297.19370354837,4000000000,480000,EVA,1,9,1297.19349109978,4,LMMSE,ODDM,3,0.253993055555556,0.440277777777778,1.0,0.0,0.0,65.7736666666667,1.0,0.0,3.33333333333333,0.130106200818992
428,2026-08-23 14:52:46,test,HighSpeedRail,350,-3,1297.19370354837,4000000000,480000,EVA,1,9,1297.19349109978,16,MRC,OTFS,3,0.384461805555556,0.837152777777778,1.0,0.0,0.0,14.2034666666667,1.0,0.0,3.0,0.14044235797624
428,2026-08-23 14:52:46,test,HighSpeedRail,350,-3,1297.19370354837,4000000000,480000,EVA,1,9,1297.19349109978,16,LMMSE,ODDM,3,0.388888888888889,0.904861111111111,1.0,0.0,0.0,66.7825333333333,1.0,0.0,4.0,0.128702234744208
429,2026-08-23 14:52:46,test,HighSpeedRail,350,2,1297.19370354837,4000000000,480000,EVA,1,9,1297.19349109978,4,MRC,OTFS,3,0.195659722222222,0.351041666666667,1.0,0.0,0.0,14.2385,1.0,0.0,4.0,0.162649033937762
429,2026-08-23 14:52:46,test,HighSpeedRail,350,2,1297.19370354837,4000000000,480000,EVA,1,9,1297.19349109978,4,LMMSE,ODDM,3,0.142361111111111,0.264236111111111,1.0,0.0,0.0,66.9079,1.0,0.0,4.66666666666667,0.153508783833348
430,2026-08-23 14:52:47,test,HighSpeedRail,350,2,1297.19370354837,4000000000,480000,EVA,1,9,1297.19349109978,16,MRC,OTFS,3,0.29296875,0.751041666666667,1.0,0.0,0.0,16.6357666666667,1.0,0.0,4.33333333333333,0.157567769827286
430,2026-08-23 14:52:47,test,HighSpeedRail,350,2,1297.19370354837,4000000000,480000,EVA,1,9,1297.19349109978,16,LMMSE,ODDM,3,0.351736111111111,0.882986111111111,1.0,0.0,0.0,67.5932,1.0,0.0,4.0,0.130229580461653
431,2026-08-23 14:52:47,test,HighSpeedRail,350,7,1297.19370354837,4000000000,480000,EVA,1,9,1297.19349109978,4,MRC,OTFS,3,0.0739583333333333,0.141666666666667,1.0,0.0,0.0,15.7001333333333,1.0,0.0,6.66666666666667,0.206242347873059
431,2026-08-23 14:52:47,test,HighSpeedRail,350,7,1297.19370354837,4000000000,480000,EVA,1,9,1297.19349109978,4,LMMSE,ODDM,3,0.0451388888888889,0.0871527777777778,1.0,0.0,0.0,67.5192666666667,1.0,0.0,7.66666666666667,0.204075371228225
432,2026-08-23 14:52:47,test,HighSpeedRail,350,7,1297.19370354837,4000000000,480000,EVA,1,9,1297.19349109978,16,MRC,OTFS,3,0.177690972222222,0.553819444444444,1.0,0.0,0.0,15.5356333333333,1.0,0.0,6.0,0.183790159067929
432,2026-08-23 14:52:47,test,HighSpeedRail,350,7,1297.19370354837,4000000000,480000,EVA,1,9,1297.19349109978,16,LMMSE,ODDM,3,0.309982638888889,0.851388888888889,1.0,0.0,0.0,65.1147666666667,1.0,0.0,5.0,0.143405562433749
433,2026-08-23 14:52:47,test,HighSpeedRail,350,12,1297.19370354837,4000000000,480000,EVA,1,9,1297.19349109978,4,MRC,OTFS,3,0.0118055555555556,0.0236111111111111,1.0,0.0,0.0,10.6110333333333,1.0,0.0,12.6666666666667,0.301829168276012
433,2026-08-23 14:52:47,test,HighSpeedRail,350,12,1297.19370354837,4000000000,480000,EVA,1,9,1297.19349109978,4,LMMSE,ODDM,3,0.0053819444444444,0.0107638888888889,0.666666666666667,299415.204678363,0.623781676413255,69.1065333333333,0.666666666666667,0.333333333333333,12.3333333333333,0.453184270908339
434,2026-08-23 14:52:48,test,HighSpeedRail,350,12,1297.19370354837,4000000000,480000,EVA,1,9,1297.19349109978,16,MRC,OTFS,3,0.07890625,0.285416666666667,1.0,0.0,0.0,19.7735666666667,1.0,0.0,8.0,0.216539933987309
434,2026-08-23 14:52:48,test,HighSpeedRail,350,12,1297.19370354837,4000000000,480000,EVA,1,9,1297.19349109978,16,LMMSE,ODDM,3,0.219618055555556,0.684027777777778,1.0,0.0,0.0,65.6201333333333,1.0,0.0,5.33333333333333,0.15279288226076
435,2026-08-23 14:52:48,test,HighSpeedRail,350,17,1297.19370354837,4000000000,480000,EVA,1,9,1297.19349109978,4,MRC,OTFS,3,0.0001736111111111,0.0003472222222222,0.333333333333333,600000.0,1.25,10.0507666666667,0.333333333333333,0.666666666666667,15.0,0.730949736950004
435,2026-08-23 14:52:48,test,HighSpeedRail,350,17,1297.19370354837,4000000000,480000,EVA,1,9,1297.19349109978,4,LMMSE,ODDM,3,0.0001736111111111,0.0003472222222222,0.333333333333333,598830.409356725,1.24756335282651,69.3039,0.333333333333333,0.666666666666667,15.0,0.7064436074331
436,2026-08-23 14:52:48,test,HighSpeedRail,350,17,1297.19370354837,4000000000,480000,EVA,1,9,1297.19349109978,16,MRC,OTFS,3,0.0100694444444444,0.0395833333333333,1.0,0.0,0.0,16.7808,1.0,0.0,13.0,0.305160056317437
436,2026-08-23 14:52:48,test,HighSpeedRail,350,17,1297.19370354837,4000000000,480000,EVA,1,9,1297.19349109978,16,LMMSE,ODDM,3,0.0811631944444444,0.293402777777778,1.0,0.0,0.0,69.1655,1.0,0.0,8.33333333333333,0.199540157196037
437,2026-08-23 14:52:49,test,HighSpeedRail,350,22,1297.19370354837,4000000000,480000,EVA,1,9,1297.19349109978,4,MRC,OTFS,3,0.0,0.0,0.0,900000.0,1.875,11.106,0.0,1.0,15.0,0.988348364373542
437,2026-08-23 14:52:49,test,HighSpeedRail,350,22,1297.19370354837,4000000000,480000,EVA,1,9,1297.19349109978,4,LMMSE,ODDM,3,0.0,0.0,0.0,898245.614035088,1.87134502923977,68.4886,0.0,1.0,15.0,0.964570610476664
438,2026-08-23 14:52:49,test,HighSpeedRail,350,22,1297.19370354837,4000000000,480000,EVA,1,9,1297.19349109978,16,MRC,OTFS,3,0.0006944444444444,0.0027777777777777,0.333333333333333,1200000.0,2.5,12.5787666666667,0.333333333333333,0.666666666666667,15.0,0.704669420185272
438,2026-08-23 14:52:49,test,HighSpeedRail,350,22,1297.19370354837,4000000000,480000,EVA,1,9,1297.19349109978,16,LMMSE,ODDM,3,0.0157986111111111,0.0600694444444444,0.666666666666667,598830.409356725,1.24756335282651,68.7604333333333,0.666666666666667,0.333333333333333,12.6666666666667,0.437153548452891
439,2026-08-23 14:52:49,test,Pedestrian,10,-3,37.0626772442391,4000000000,480000,ETU,2,9,37.0626711742796,4,MRC,OTFS,3,0.238326149425287,0.409123563218391,1.0,0.0,0.0,12.4333333333333,1.0,0.0,4.0,0.159923804592069
439,2026-08-23 14:52:49,test,Pedestrian,10,-3,37.0626772442391,4000000000,480000,ETU,2,9,37.0626711742796,4,LMMSE,ODDM,3,0.243534482758621,0.415229885057471,1.0,0.0,0.0,62.4297666666667,1.0,0.0,3.66666666666667,0.135413906686409
440,2026-08-23 14:52:50,test,Pedestrian,10,-3,37.0626772442391,4000000000,480000,ETU,2,9,34.5173560146863,16,MRC,OTFS,3,0.327316810344828,0.774066091954023,1.0,0.0,0.0,18.7094333333333,1.0,0.0,3.66666666666667,0.147945826596796
440,2026-08-23 14:52:50,test,Pedestrian,10,-3,37.0626772442391,4000000000,480000,ETU,2,9,34.5173560146863,16,LMMSE,ODDM,3,0.37194683908046,0.89367816091954,1.0,0.0,0.0,61.3497,1.0,0.0,4.0,0.131480194351322
441,2026-08-23 14:52:50,test,Pedestrian,10,2,37.0626772442391,4000000000,480000,ETU,2,9,34.5173560146863,4,MRC,OTFS,3,0.136494252873563,0.239583333333333,1.0,0.0,0.0,16.5638666666667,1.0,0.0,5.66666666666667,0.184755311998268
441,2026-08-23 14:52:50,test,Pedestrian,10,2,37.0626772442391,4000000000,480000,ETU,2,9,34.5173560146863,4,LMMSE,ODDM,3,0.129130747126437,0.230603448275862,1.0,0.0,0.0,62.5040333333333,1.0,0.0,5.66666666666667,0.166867184827174
442,2026-08-23 14:52:50,test,Pedestrian,10,2,37.0626772442391,4000000000,480000,ETU,2,9,34.5173560146863,16,MRC,OTFS,3,0.213002873563218,0.615301724137931,1.0,0.0,0.0,18.0939666666667,1.0,0.0,5.66666666666667,0.176000794811495
442,2026-08-23 14:52:50,test,Pedestrian,10,2,37.0626772442391,4000000000,480000,ETU,2,9,34.5173560146863,16,LMMSE,ODDM,3,0.321569683908046,0.863864942528736,1.0,0.0,0.0,62.9182,1.0,0.0,4.66666666666667,0.140205612782294
443,2026-08-23 14:52:50,test,Pedestrian,10,7,37.0626772442391,4000000000,480000,ETU,2,9,34.5173560146863,4,MRC,OTFS,3,0.0578304597701149,0.104525862068966,0.666666666666667,290000.0,0.604166666666667,15.7595,0.666666666666667,0.333333333333333,9.66666666666667,0.404207845935455
443,2026-08-23 14:52:50,test,Pedestrian,10,7,37.0626772442391,4000000000,480000,ETU,2,9,34.5173560146863,4,LMMSE,ODDM,3,0.055316091954023,0.102011494252874,1.0,0.0,0.0,62.0267666666667,1.0,0.0,10.0,0.225716068235073
444,2026-08-23 14:52:51,test,Pedestrian,10,7,37.0626772442391,4000000000,480000,ETU,2,9,34.5173560146863,16,MRC,OTFS,3,0.101472701149425,0.347341954022989,1.0,0.0,0.0,16.1645333333333,1.0,0.0,8.0,0.213637839945319
444,2026-08-23 14:52:51,test,Pedestrian,10,7,37.0626772442391,4000000000,480000,ETU,2,9,34.5173560146863,16,LMMSE,ODDM,3,0.270833333333333,0.790948275862069,1.0,0.0,0.0,62.5533666666667,1.0,0.0,5.33333333333333,0.150112788766484
445,2026-08-23 14:52:51,test,Pedestrian,10,12,37.0626772442391,4000000000,480000,ETU,2,9,34.5173560146863,4,MRC,OTFS,3,0.015625,0.0294540229885057,0.333333333333333,580000.0,1.20833333333333,13.1231666666667,0.333333333333333,0.666666666666667,12.3333333333333,0.619323221947977
445,2026-08-23 14:52:51,test,Pedestrian,10,12,37.0626772442391,4000000000,480000,ETU,2,9,34.5173560146863,4,LMMSE,ODDM,3,0.0188577586206897,0.0366379310344828,0.333333333333333,578305.744888023,1.20480363518338,61.8519,0.333333333333333,0.666666666666667,12.3333333333333,0.595493789556452
446,2026-08-23 14:52:51,test,Pedestrian,10,12,37.0626772442391,4000000000,480000,ETU,2,9,34.5173560146863,16,MRC,OTFS,3,0.0264906609195402,0.101293103448276,1.0,0.0,0.0,17.0103666666667,1.0,0.0,11.3333333333333,0.270884267870204
446,2026-08-23 14:52:51,test,Pedestrian,10,12,37.0626772442391,4000000000,480000,ETU,2,9,34.5173560146863,16,LMMSE,ODDM,3,0.129669540229885,0.432112068965517,1.0,0.0,0.0,62.2782666666667,1.0,0.0,7.33333333333333,0.183541137536684
447,2026-08-23 14:52:52,test,Pedestrian,10,17,37.0626772442391,4000000000,480000,ETU,2,9,34.5173560146863,4,MRC,OTFS,3,0.0001795977011494,0.0003591954022988,0.333333333333333,580000.0,1.20833333333333,12.2123333333333,0.333333333333333,0.666666666666667,15.0,0.727230656854944
447,2026-08-23 14:52:52,test,Pedestrian,10,17,37.0626772442391,4000000000,480000,ETU,2,9,34.5173560146863,4,LMMSE,ODDM,3,0.0017959770114942,0.0035919540229885,0.333333333333333,578305.744888023,1.20480363518338,62.1309666666667,0.333333333333333,0.666666666666667,14.0,0.654607665660435
448,2026-08-23 14:52:52,test,Pedestrian,10,17,37.0626772442391,4000000000,480000,ETU,2,9,34.5173560146863,16,MRC,OTFS,3,0.0008081896551724,0.0032327586206896,0.666666666666667,580000.0,1.20833333333333,13.0833,0.666666666666667,0.333333333333333,15.0,0.536063005305654
448,2026-08-23 14:52:52,test,Pedestrian,10,17,37.0626772442391,4000000000,480000,ETU,2,9,34.5173560146863,16,LMMSE,ODDM,3,0.0123922413793103,0.048132183908046,0.666666666666667,578305.744888023,1.20480363518338,63.6468,0.666666666666667,0.333333333333333,12.6666666666667,0.442315434802056
449,2026-08-23 14:52:52,test,Pedestrian,10,22,37.0626772442391,4000000000,480000,ETU,2,9,34.5173560146863,4,MRC,OTFS,3,0.0,0.0,0.0,870000.0,1.8125,14.6290666666667,0.0,1.0,15.0,0.983571573785543
449,2026-08-23 14:52:52,test,Pedestrian,10,22,37.0626772442391,4000000000,480000,ETU,2,9,34.5173560146863,4,LMMSE,ODDM,3,0.0,0.0,0.0,867458.617332035,1.80720545277507,63.2716333333333,0.0,1.0,15.0,0.963240109851961
450,2026-08-23 14:52:52,test,Pedestrian,10,22,37.0626772442391,4000000000,480000,ETU,2,9,34.5173560146863,16,MRC,OTFS,3,0.0,0.0,0.0,1740000.0,3.625,11.4289,0.0,1.0,15.0,0.985070758538471
450,2026-08-23 14:52:52,test,Pedestrian,10,22,37.0626772442391,4000000000,480000,ETU,2,9,34.5173560146863,16,LMMSE,ODDM,3,0.0,0.0,0.0,1734917.23466407,3.61441090555015,65.3809,0.0,1.0,15.0,0.962475533619994
451,2026-08-23 14:52:53,test,Urban,40,-3,148.250708976956,4000000000,480000,ETU,2,9,138.069424058745,4,MRC,OTFS,3,0.252155172413793,0.430675287356322,1.0,0.0,0.0,12.6273,1.0,0.0,3.66666666666667,0.155478703282219
451,2026-08-23 14:52:53,test,Urban,40,-3,148.250708976956,4000000000,480000,ETU,2,9,138.069424058745,4,LMMSE,ODDM,3,0.250359195402299,0.430675287356322,1.0,0.0,0.0,62.1205,1.0,0.0,3.66666666666667,0.13502703762129
452,2026-08-23 14:52:53,test,Urban,40,-3,148.250708976956,4000000000,480000,ETU,2,9,138.069424058745,16,MRC,OTFS,3,0.316271551724138,0.769396551724138,1.0,0.0,0.0,15.6654,1.0,0.0,3.66666666666667,0.149963695872144
452,2026-08-23 14:52:53,test,Urban,40,-3,148.250708976956,4000000000,480000,ETU,2,9,138.069424058745,16,LMMSE,ODDM,3,0.36413433908046,0.892241379310345,1.0,0.0,0.0,62.3117,1.0,0.0,4.0,0.131511242097298
453,2026-08-23 14:52:53,test,Urban,40,2,148.250708976956,4000000000,480000,ETU,2,9,138.069424058745,4,MRC,OTFS,3,0.148168103448276,0.260775862068966,1.0,0.0,0.0,13.3963333333333,1.0,0.0,5.33333333333333,0.181406454592788
453,2026-08-23 14:52:53,test,Urban,40,2,148.250708976956,4000000000,480000,ETU,2,9,138.069424058745,4,LMMSE,ODDM,3,0.141522988505747,0.248922413793103,1.0,0.0,0.0,63.024,1.0,0.0,5.33333333333333,0.161685672532214
454,2026-08-23 14:52:54,test,Urban,40,2,148.250708976956,4000000000,480000,ETU,2,9,138.069424058745,16,MRC,OTFS,3,0.200251436781609,0.604525862068966,1.0,0.0,0.0,14.2347,1.0,0.0,6.0,0.182231044718235
454,2026-08-23 14:52:54,test,Urban,40,2,148.250708976956,4000000000,480000,ETU,2,9,138.069424058745,16,LMMSE,ODDM,3,0.315373563218391,0.858117816091954,1.0,0.0,0.0,63.3762,1.0,0.0,4.66666666666667,0.140390689623955
455,2026-08-23 14:52:54,test,Urban,40,7,148.250708976956,4000000000,480000,ETU,2,9,138.069424058745,4,MRC,OTFS,3,0.0720186781609195,0.130028735632184,0.666666666666667,290000.0,0.604166666666667,15.4863,0.666666666666667,0.333333333333333,9.66666666666667,0.400363827414499
455,2026-08-23 14:52:54,test,Urban,40,7,148.250708976956,4000000000,480000,ETU,2,9,138.069424058745,4,LMMSE,ODDM,3,0.0651939655172414,0.119612068965517,1.0,0.0,0.0,63.2635,1.0,0.0,9.33333333333333,0.215624159452118
456,2026-08-23 14:52:54,test,Urban,40,7,148.250708976956,4000000000,480000,ETU,2,9,138.069424058745,16,MRC,OTFS,3,0.0905172413793103,0.324353448275862,1.0,0.0,0.0,21.0529666666667,1.0,0.0,8.0,0.213478140577738
456,2026-08-23 14:52:54,test,Urban,40,7,148.250708976956,4000000000,480000,ETU,2,9,138.069424058745,16,LMMSE,ODDM,3,0.257004310344828,0.760775862068966,1.0,0.0,0.0,62.3616666666667,1.0,0.0,5.33333333333333,0.151131333515163
457,2026-08-23 14:52:55,test,Urban,40,12,148.250708976956,4000000000,480000,ETU,2,9,138.069424058745,4,MRC,OTFS,3,0.0170617816091954,0.033764367816092,0.333333333333333,580000.0,1.20833333333333,13.7049666666667,0.333333333333333,0.666666666666667,12.3333333333333,0.617459344673455
457,2026-08-23 14:52:55,test,Urban,40,12,148.250708976956,4000000000,480000,ETU,2,9,138.069424058745,4,LMMSE,ODDM,3,0.0231681034482759,0.0445402298850575,0.333333333333333,578305.744888023,1.20480363518338,63.1531666666667,0.333333333333333,0.666666666666667,12.0,0.587959430763045
458,2026-08-23 14:52:55,test,Urban,40,12,148.250708976956,4000000000,480000,ETU,2,9,138.069424058745,16,MRC,OTFS,3,0.0158943965517241,0.0617816091954023,1.0,0.0,0.0,16.4823333333333,1.0,0.0,12.3333333333333,0.290370776141998
458,2026-08-23 14:52:55,test,Urban,40,12,148.250708976956,4000000000,480000,ETU,2,9,138.069424058745,16,LMMSE,ODDM,3,0.105244252873563,0.36242816091954,1.0,0.0,0.0,61.5623,1.0,0.0,8.0,0.194247120034744
459,2026-08-23 14:52:55,test,Urban,40,17,148.250708976956,4000000000,480000,ETU,2,9,138.069424058745,4,MRC,OTFS,3,0.0001795977011494,0.0003591954022988,0.333333333333333,580000.0,1.20833333333333,10.7657,0.333333333333333,0.666666666666667,15.0,0.727913594945963
459,2026-08-23 14:52:55,test,Urban,40,17,148.250708976956,4000000000,480000,ETU,2,9,138.069424058745,4,LMMSE,ODDM,3,0.0032327586206896,0.0064655172413793,0.333333333333333,578305.744888023,1.20480363518338,63.2104333333333,0.333333333333333,0.666666666666667,13.6666666666667,0.6402434370108
460,2026-08-23 14:52:55,test,Urban,40,17,148.250708976956,4000000000,480000,ETU,2,9,138.069424058745,16,MRC,OTFS,3,0.0001795977011494,0.0007183908045977,0.333333333333333,1160000.0,2.41666666666667,12.7616333333333,0.333333333333333,0.666666666666667,15.0,0.726972630183459
460,2026-08-23 14:52:55,test,Urban,40,17,148.250708976956,4000000000,480000,ETU,2,9,138.069424058745,16,LMMSE,ODDM,3,0.0061961206896551,0.0244252873563218,0.666666666666667,578305.744888023,1.20480363518338,64.5951,0.666666666666667,0.333333333333333,13.6666666666667,0.464514255554432
461,2026-08-23 14:52:56,test,Urban,40,22,148.250708976956,4000000000,480000,ETU,2,9,138.069424058745,4,MRC,OTFS,3,0.0,0.0,0.0,870000.0,1.8125,11.4925333333333,0.0,1.0,15.0,0.985040713826162
461,2026-08-23 14:52:56,test,Urban,40,22,148.250708976956,4000000000,480000,ETU,2,9,138.069424058745,4,LMMSE,ODDM,3,0.0,0.0,0.0,867458.617332035,1.80720545277507,64.0796,0.0,1.0,15.0,0.96294628136493
462,2026-08-23 14:52:56,test,Urban,40,22,148.250708976956,4000000000,480000,ETU,2,9,138.069424058745,16,MRC,OTFS,3,0.0,0.0,0.0,1740000.0,3.625,12.3961,0.0,1.0,15.0,0.984615121468608
462,2026-08-23 14:52:56,test,Urban,40,22,148.250708976956,4000000000,480000,ETU,2,9,138.069424058745,16,LMMSE,ODDM,3,0.0,0.0,0.0,1734917.23466407,3.61441090555015,66.9198666666667,0.0,1.0,15.0,0.961922748229233
463,2026-08-23 14:52:56,test,Highway,80,-3,296.501417953913,4000000000,480000,ETU,2,9,276.138848117491,4,MRC,OTFS,3,0.248922413793103,0.433908045977011,1.0,0.0,0.0,14.6493666666667,1.0,0.0,3.33333333333333,0.151434473367347
463,2026-08-23 14:52:56,test,Highway,80,-3,296.501417953913,4000000000,480000,ETU,2,9,276.138848117491,4,LMMSE,ODDM,3,0.239224137931034,0.424209770114943,1.0,0.0,0.0,64.1770333333333,1.0,0.0,3.33333333333333,0.131767114261337
464,2026-08-23 14:52:57,test,Highway,80,-3,296.501417953913,4000000000,480000,ETU,2,9,276.138848117491,16,MRC,OTFS,3,0.341774425287356,0.804956896551724,1.0,0.0,0.0,14.9395666666667,1.0,0.0,3.66666666666667,0.148896571114139
464,2026-08-23 14:52:57,test,Highway,80,-3,296.501417953913,4000000000,480000,ETU,2,9,276.138848117491,16,LMMSE,ODDM,3,0.372934626436782,0.89367816091954,1.0,0.0,0.0,64.6583333333333,1.0,0.0,4.0,0.130224909743335
465,2026-08-23 14:52:57,test,Highway,80,2,296.501417953913,4000000000,480000,ETU,2,9,276.138848117491,4,MRC,OTFS,3,0.133081896551724,0.246408045977011,1.0,0.0,0.0,15.2375333333333,1.0,0.0,5.33333333333333,0.182492604813059
465,2026-08-23 14:52:57,test,Highway,80,2,296.501417953913,4000000000,480000,ETU,2,9,276.138848117491,4,LMMSE,ODDM,3,0.125359195402299,0.233117816091954,1.0,0.0,0.0,62.1810333333333,1.0,0.0,5.33333333333333,0.164188494985484
466,2026-08-23 14:52:57,test,Highway,80,2,296.501417953913,4000000000,480000,ETU,2,9,276.138848117491,16,MRC,OTFS,3,0.230872844827586,0.667385057471264,1.0,0.0,0.0,19.3798,1.0,0.0,5.0,0.167290898459555
466,2026-08-23 14:52:57,test,Highway,80,2,296.501417953913,4000000000,480000,ETU,2,9,276.138848117491,16,LMMSE,ODDM,3,0.325700431034483,0.867097701149425,1.0,0.0,0.0,62.9510666666667,1.0,0.0,4.66666666666667,0.139962647891116
467,2026-08-23 14:52:57,test,Highway,80,7,296.501417953913,4000000000,480000,ETU,2,9,276.138848117491,4,MRC,OTFS,3,0.0431034482758621,0.0826149425287356,1.0,0.0,0.0,11.4902666666667,1.0,0.0,9.33333333333333,0.244645449914103
467,2026-08-23 14:52:57,test,Highway,80,7,296.501417953913,4000000000,480000,ETU,2,9,276.138848117491,4,LMMSE,ODDM,3,0.0434626436781609,0.0818965517241379,1.0,0.0,0.0,63.1628333333333,1.0,0.0,8.66666666666667,0.21633132215641
468,2026-08-23 14:52:58,test,Highway,80,7,296.501417953913,4000000000,480000,ETU,2,9,276.138848117491,16,MRC,OTFS,3,0.111889367816092,0.393318965517241,1.0,0.0,0.0,20.3524,1.0,0.0,7.33333333333333,0.20329158232562
468,2026-08-23 14:52:58,test,Highway,80,7,296.501417953913,4000000000,480000,ETU,2,9,276.138848117491,16,LMMSE,ODDM,3,0.27954382183908,0.806752873563218,1.0,0.0,0.0,61.2756,1.0,0.0,5.0,0.146675419357624
469,2026-08-23 14:52:58,test,Highway,80,12,296.501417953913,4000000000,480000,ETU,2,9,276.138848117491,4,MRC,OTFS,3,0.0044899425287356,0.0089798850574712,0.333333333333333,580000.0,1.20833333333333,11.1312666666667,0.333333333333333,0.666666666666667,13.3333333333333,0.652826381615481
469,2026-08-23 14:52:58,test,Highway,80,12,296.501417953913,4000000000,480000,ETU,2,9,276.138848117491,4,LMMSE,ODDM,3,0.0080818965517241,0.0158045977011494,0.666666666666667,289152.872444012,0.602401817591691,66.2737666666667,0.666666666666667,0.333333333333333,12.6666666666667,0.449101069235349
470,2026-08-23 14:52:58,test,Highway,80,12,296.501417953913,4000000000,480000,ETU,2,9,276.138848117491,16,MRC,OTFS,3,0.0281070402298851,0.10632183908046,1.0,0.0,0.0,20.6331,1.0,0.0,10.6666666666667,0.261497138578815
470,2026-08-23 14:52:58,test,Highway,80,12,296.501417953913,4000000000,480000,ETU,2,9,276.138848117491,16,LMMSE,ODDM,3,0.149604885057471,0.500718390804598,1.0,0.0,0.0,63.4734333333333,1.0,0.0,7.0,0.177183597926928
471,2026-08-23 14:52:59,test,Highway,80,17,296.501417953913,4000000000,480000,ETU,2,9,276.138848117491,4,MRC,OTFS,3,0.0,0.0,0.0,870000.0,1.8125,11.8043666666667,0.0,1.0,15.0,0.984893618695066
471,2026-08-23 14:52:59,test,Highway,80,17,296.501417953913,4000000000,480000,ETU,2,9,276.138848117491,4,LMMSE,ODDM,3,0.0001795977011494,0.0003591954022988,0.333333333333333,578305.744888023,1.20480363518338,67.3713333333333,0.333333333333333,0.666666666666667,15.0,0.704378766951296
472,2026-08-23 14:52:59,test,Highway,80,17,296.501417953913,4000000000,480000,ETU,2,9,276.138848117491,16,MRC,OTFS,3,0.0005387931034482,0.0021551724137931,0.333333333333333,1160000.0,2.41666666666667,13.2704,0.333333333333333,0.666666666666667,15.0,0.706854222583362
472,2026-08-23 14:52:59,test,Highway,80,17,296.501417953913,4000000000,480000,ETU,2,9,276.138848117491,16,LMMSE,ODDM,3,0.0163433908045977,0.0632183908045977,1.0,0.0,0.0,63.7513,1.0,0.0,12.0,0.267149332933731
473,2026-08-23 14:52:59,test,Highway,80,22,296.501417953913,4000000000,480000,ETU,2,9,276.138848117491,4,MRC,OTFS,3,0.0,0.0,0.0,870000.0,1.8125,10.3343,0.0,1.0,15.0,0.985589077260336
473,2026-08-23 14:52:59,test,Highway,80,22,296.501417953913,4000000000,480000,ETU,2,9,276.138848117491,4,LMMSE,ODDM,3,0.0,0.0,0.0,867458.617332035,1.80720545277507,65.8710666666667,0.0,1.0,15.0,0.962299007540898
474,2026-08-23 14:53:00,test,Highway,80,22,296.501417953913,4000000000,480000,ETU,2,9,276.138848117491,16,MRC,OTFS,3,0.0,0.0,0.0,1740000.0,3.625,12.7400333333333,0.0,1.0,15.0,0.984453628686397
474,2026-08-23 14:53:00,test,Highway,80,22,296.501417953913,4000000000,480000,ETU,2,9,276.138848117491,16,LMMSE,ODDM,3,0.0,0.0,0.0,1734917.23466407,3.61441090555015,67.2096333333333,0.0,1.0,15.0,0.961819141201962
475,2026-08-23 14:53:00,test,Highway,120,-3,444.752126930869,4000000000,480000,ETU,2,9,414.208272176236,4,MRC,OTFS,3,0.276939655172414,0.473419540229885,1.0,0.0,0.0,14.9536333333333,1.0,0.0,3.33333333333333,0.149363144849679
475,2026-08-23 14:53:00,test,Highway,120,-3,444.752126930869,4000000000,480000,ETU,2,9,414.208272176236,4,LMMSE,ODDM,3,0.248024425287356,0.43139367816092,1.0,0.0,0.0,62.4795333333333,1.0,0.0,3.33333333333333,0.13173178131202
476,2026-08-23 14:53:00,test,Highway,120,-3,444.752126930869,4000000000,480000,ETU,2,9,414.208272176236,16,MRC,OTFS,3,0.353538074712644,0.80316091954023,1.0,0.0,0.0,18.1757,1.0,0.0,3.66666666666667,0.146794690240562
476,2026-08-23 14:53:00,test,Highway,120,-3,444.752126930869,4000000000,480000,ETU,2,9,414.208272176236,16,LMMSE,ODDM,3,0.376257183908046,0.896551724137931,1.0,0.0,0.0,62.8274333333333,1.0,0.0,4.0,0.130730016521307
477,2026-08-23 14:53:00,test,Highway,120,2,444.752126930869,4000000000,480000,ETU,2,9,414.208272176236,4,MRC,OTFS,3,0.16235632183908,0.29382183908046,1.0,0.0,0.0,18.3207666666667,1.0,0.0,5.0,0.174143773184082
477,2026-08-23 14:53:00,test,Highway,120,2,444.752126930869,4000000000,480000,ETU,2,9,414.208272176236,4,LMMSE,ODDM,3,0.13739224137931,0.251077586206897,1.0,0.0,0.0,65.6875333333333,1.0,0.0,4.66666666666667,0.154589688957751
478,2026-08-23 14:53:01,test,Highway,120,2,444.752126930869,4000000000,480000,ETU,2,9,414.208272176236,16,MRC,OTFS,3,0.238775143678161,0.66558908045977,1.0,0.0,0.0,17.3841,1.0,0.0,5.33333333333333,0.17092545097487
478,2026-08-23 14:53:01,test,Highway,120,2,444.752126930869,4000000000,480000,ETU,2,9,414.208272176236,16,LMMSE,ODDM,3,0.334500718390805,0.867816091954023,1.0,0.0,0.0,64.1107333333333,1.0,0.0,4.66666666666667,0.139058166432819
479,2026-08-23 14:53:01,test,Highway,120,7,444.752126930869,4000000000,480000,ETU,2,9,414.208272176236,4,MRC,OTFS,3,0.0578304597701149,0.111350574712644,1.0,0.0,0.0,15.2513,1.0,0.0,8.66666666666667,0.230901323989957
479,2026-08-23 14:53:01,test,Highway,120,7,444.752126930869,4000000000,480000,ETU,2,9,414.208272176236,4,LMMSE,ODDM,3,0.0526221264367816,0.0994971264367816,1.0,0.0,0.0,64.4592,1.0,0.0,8.0,0.205733021401351
480,2026-08-23 14:53:01,test,Highway,120,7,444.752126930869,4000000000,480000,ETU,2,9,414.208272176236,16,MRC,OTFS,3,0.131196120689655,0.417744252873563,1.0,0.0,0.0,15.8181,1.0,0.0,7.0,0.199148922192095
480,2026-08-23 14:53:01,test,Highway,120,7,444.752126930869,4000000000,480000,ETU,2,9,414.208272176236,16,LMMSE,ODDM,3,0.275323275862069,0.788793103448276,1.0,0.0,0.0,63.9301666666667,1.0,0.0,5.0,0.145980140827776
481,2026-08-23 14:53:02,test,Highway,120,12,444.752126930869,4000000000,480000,ETU,2,9,414.208272176236,4,MRC,OTFS,3,0.0043103448275862,0.0086206896551724,0.666666666666667,290000.0,0.604166666666667,12.1388333333333,0.666666666666667,0.333333333333333,12.3333333333333,0.479548101259203
481,2026-08-23 14:53:02,test,Highway,120,12,444.752126930869,4000000000,480000,ETU,2,9,414.208272176236,4,LMMSE,ODDM,3,0.0073635057471264,0.014367816091954,0.666666666666667,289152.872444012,0.602401817591691,63.6059,0.666666666666667,0.333333333333333,12.0,0.445083030402927
482,2026-08-23 14:53:02,test,Highway,120,12,444.752126930869,4000000000,480000,ETU,2,9,414.208272176236,16,MRC,OTFS,3,0.0467852011494253,0.162715517241379,1.0,0.0,0.0,17.436,1.0,0.0,10.6666666666667,0.253730023317478
482,2026-08-23 14:53:02,test,Highway,120,12,444.752126930869,4000000000,480000,ETU,2,9,414.208272176236,16,LMMSE,ODDM,3,0.157596982758621,0.510416666666667,1.0,0.0,0.0,63.6924333333333,1.0,0.0,6.66666666666667,0.172828830129811
483,2026-08-23 14:53:02,test,Highway,120,17,444.752126930869,4000000000,480000,ETU,2,9,414.208272176236,4,MRC,OTFS,3,0.0,0.0,0.0,870000.0,1.8125,11.3003,0.0,1.0,15.0,0.985131506689648
483,2026-08-23 14:53:02,test,Highway,120,17,444.752126930869,4000000000,480000,ETU,2,9,414.208272176236,4,LMMSE,ODDM,3,0.0003591954022988,0.0007183908045977,0.666666666666667,289152.872444012,0.602401817591691,65.1680666666667,0.666666666666667,0.333333333333333,15.0,0.529173353321468
484,2026-08-23 14:53:03,test,Highway,120,17,444.752126930869,4000000000,480000,ETU,2,9,414.208272176236,16,MRC,OTFS,3,0.0102370689655172,0.0395114942528736,0.333333333333333,1160000.0,2.41666666666667,17.2196,0.333333333333333,0.666666666666667,13.3333333333333,0.635076446594581
484,2026-08-23 14:53:03,test,Highway,120,17,444.752126930869,4000000000,480000,ETU,2,9,414.208272176236,16,LMMSE,ODDM,3,0.0515445402298851,0.176724137931034,1.0,0.0,0.0,65.1677,1.0,0.0,12.0,0.245851232249503
485,2026-08-23 14:53:03,test,Highway,120,22,444.752126930869,4000000000,480000,ETU,2,9,414.208272176236,4,MRC,OTFS,3,0.0,0.0,0.0,870000.0,1.8125,11.1289,0.0,1.0,15.0,0.985212533480902
485,2026-08-23 14:53:03,test,Highway,120,22,444.752126930869,4000000000,480000,ETU,2,9,414.208272176236,4,LMMSE,ODDM,3,0.0,0.0,0.0,867458.617332035,1.80720545277507,63.1873666666667,0.0,1.0,15.0,0.963270823026494
486,2026-08-23 14:53:03,test,Highway,120,22,444.752126930869,4000000000,480000,ETU,2,9,414.208272176236,16,MRC,OTFS,3,0.0001795977011494,0.0007183908045977,0.333333333333333,1160000.0,2.41666666666667,15.6871333333333,0.333333333333333,0.666666666666667,15.0,0.725610288256165
486,2026-08-23 14:53:03,test,Highway,120,22,444.752126930869,4000000000,480000,ETU,2,9,414.208272176236,16,LMMSE,ODDM,3,0.0158045977011494,0.0589080459770115,0.333333333333333,1156611.48977605,2.40960727036676,64.4776666666667,0.333333333333333,0.666666666666667,13.0,0.6043992202449
487,2026-08-23 14:53:03,test,HighSpeedRail,250,-3,926.566931105978,4000000000,480000,ETU,2,9,862.933900367158,4,MRC,OTFS,3,0.306034482758621,0.516882183908046,1.0,0.0,0.0,13.8855333333333,1.0,0.0,3.0,0.144718996111294
487,2026-08-23 14:53:03,test,HighSpeedRail,250,-3,926.566931105978,4000000000,480000,ETU,2,9,862.933900367158,4,LMMSE,ODDM,3,0.25305316091954,0.44073275862069,1.0,0.0,0.0,60.8424666666667,1.0,0.0,3.33333333333333,0.131969930791431
488,2026-08-23 14:53:04,test,HighSpeedRail,250,-3,926.566931105978,4000000000,480000,ETU,2,9,862.933900367158,16,MRC,OTFS,3,0.364852729885057,0.827945402298851,1.0,0.0,0.0,15.2321666666667,1.0,0.0,3.33333333333333,0.144245148891436
488,2026-08-23 14:53:04,test,HighSpeedRail,250,-3,926.566931105978,4000000000,480000,ETU,2,9,862.933900367158,16,LMMSE,ODDM,3,0.375897988505747,0.889367816091954,1.0,0.0,0.0,61.2824666666667,1.0,0.0,4.0,0.131313721124111
489,2026-08-23 14:53:04,test,HighSpeedRail,250,2,926.566931105978,4000000000,480000,ETU,2,9,862.933900367158,4,MRC,OTFS,3,0.184806034482759,0.329382183908046,1.0,0.0,0.0,18.8996666666667,1.0,0.0,4.0,0.161536418927355
489,2026-08-23 14:53:04,test,HighSpeedRail,250,2,926.566931105978,4000000000,480000,ETU,2,9,862.933900367158,4,LMMSE,ODDM,3,0.147629310344828,0.274784482758621,1.0,0.0,0.0,63.4597666666667,1.0,0.0,4.33333333333333,0.150762455857829
490,2026-08-23 14:53:04,test,HighSpeedRail,250,2,926.566931105978,4000000000,480000,ETU,2,9,862.933900367158,16,MRC,OTFS,3,0.257632902298851,0.702945402298851,1.0,0.0,0.0,12.8456333333333,1.0,0.0,4.66666666666667,0.164987378331297
490,2026-08-23 14:53:04,test,HighSpeedRail,250,2,926.566931105978,4000000000,480000,ETU,2,9,862.933900367158,16,LMMSE,ODDM,3,0.330818965517241,0.860991379310345,1.0,0.0,0.0,63.1022666666667,1.0,0.0,4.33333333333333,0.136291980459007
491,2026-08-23 14:53:05,test,HighSpeedRail,250,7,926.566931105978,4000000000,480000,ETU,2,9,862.933900367158,4,MRC,OTFS,3,0.0630387931034483,0.120689655172414,1.0,0.0,0.0,16.1942666666667,1.0,0.0,7.33333333333333,0.215571684059964
491,2026-08-23 14:53:05,test,HighSpeedRail,250,7,926.566931105978,4000000000,480000,ETU,2,9,862.933900367158,4,LMMSE,ODDM,3,0.0515445402298851,0.100574712643678,1.0,0.0,0.0,63.7716666666667,1.0,0.0,7.33333333333333,0.199690241808204
492,2026-08-23 14:53:05,test,HighSpeedRail,250,7,926.566931105978,4000000000,480000,ETU,2,9,862.933900367158,16,MRC,OTFS,3,0.141073994252874,0.465158045977011,1.0,0.0,0.0,18.6406333333333,1.0,0.0,7.0,0.196540549379863
492,2026-08-23 14:53:05,test,HighSpeedRail,250,7,926.566931105978,4000000000,480000,ETU,2,9,862.933900367158,16,LMMSE,ODDM,3,0.28600933908046,0.80316091954023,1.0,0.0,0.0,62.7397666666667,1.0,0.0,5.0,0.14572473132709
493,2026-08-23 14:53:05,test,HighSpeedRail,250,12,926.566931105978,4000000000,480000,ETU,2,9,862.933900367158,4,MRC,OTFS,3,0.0062859195402298,0.0125718390804598,0.666666666666667,290000.0,0.604166666666667,10.6506333333333,0.666666666666667,0.333333333333333,12.6666666666667,0.476756960393743
493,2026-08-23 14:53:05,test,HighSpeedRail,250,12,926.566931105978,4000000000,480000,ETU,2,9,862.933900367158,4,LMMSE,ODDM,3,0.0068247126436781,0.0136494252873563,0.666666666666667,289152.872444012,0.602401817591691,64.7635,0.666666666666667,0.333333333333333,12.0,0.446038133555074
494,2026-08-23 14:53:06,test,HighSpeedRail,250,12,926.566931105978,4000000000,480000,ETU,2,9,862.933900367158,16,MRC,OTFS,3,0.0458872126436782,0.172054597701149,1.0,0.0,0.0,22.701,1.0,0.0,10.0,0.245032820045627
494,2026-08-23 14:53:06,test,HighSpeedRail,250,12,926.566931105978,4000000000,480000,ETU,2,9,862.933900367158,16,LMMSE,ODDM,3,0.173042385057471,0.554238505747126,1.0,0.0,0.0,63.4413,1.0,0.0,6.0,0.164561683185713
495,2026-08-23 14:53:06,test,HighSpeedRail,250,17,926.566931105978,4000000000,480000,ETU,2,9,862.933900367158,4,MRC,OTFS,3,0.0,0.0,0.0,870000.0,1.8125,11.3376,0.0,1.0,15.0,0.985113882869623
495,2026-08-23 14:53:06,test,HighSpeedRail,250,17,926.566931105978,4000000000,480000,ETU,2,9,862.933900367158,4,LMMSE,ODDM,3,0.0,0.0,0.0,867458.617332035,1.80720545277507,63.0689666666667,0.0,1.0,15.0,0.963313998851107
496,2026-08-23 14:53:06,test,HighSpeedRail,250,17,926.566931105978,4000000000,480000,ETU,2,9,862.933900367158,16,MRC,OTFS,3,0.0030531609195402,0.0118534482758621,0.666666666666667,580000.0,1.20833333333333,17.6315333333333,0.666666666666667,0.333333333333333,14.0,0.499905413031694
496,2026-08-23 14:53:06,test,HighSpeedRail,250,17,926.566931105978,4000000000,480000,ETU,2,9,862.933900367158,16,LMMSE,ODDM,3,0.0483117816091954,0.176005747126437,1.0,0.0,0.0,64.8195333333333,1.0,0.0,10.3333333333333,0.230482416947223
497,2026-08-23 14:53:06,test,HighSpeedRail,250,22,926.566931105978,4000000000,480000,ETU,2,9,862.933900367158,4,MRC,OTFS,3,0.0,0.0,0.0,870000.0,1.8125,11.4210666666667,0.0,1.0,15.0,0.985074457736455
497,2026-08-23 14:53:06,test,HighSpeedRail,250,22,926.566931105978,4000000000,480000,ETU,2,9,862.933900367158,4,LMMSE,ODDM,3,0.0,0.0,0.0,867458.617332035,1.80720545277507,63.0167666666667,0.0,1.0,15.0,0.963333042258705
498,2026-08-23 14:53:07,test,HighSpeedRail,250,22,926.566931105978,4000000000,480000,ETU,2,9,862.933900367158,16,MRC,OTFS,3,0.0,0.0,0.0,1740000.0,3.625,12.3970333333333,0.0,1.0,15.0,0.984614682849065
498,2026-08-23 14:53:07,test,HighSpeedRail,250,22,926.566931105978,4000000000,480000,ETU,2,9,862.933900367158,16,LMMSE,ODDM,3,0.0074533045977011,0.0294540229885057,0.333333333333333,1156611.48977605,2.40960727036676,65.0068333333333,0.333333333333333,0.666666666666667,13.6666666666667,0.624475912275857
499,2026-08-23 14:53:07,test,HighSpeedRail,350,-3,1297.19370354837,4000000000,480000,ETU,2,9,1208.10746051402,4,MRC,OTFS,3,0.29076867816092,0.497844827586207,1.0,0.0,0.0,13.3512333333333,1.0,0.0,3.33333333333333,0.149227841834031
499,2026-08-23 14:53:07,test,HighSpeedRail,350,-3,1297.19370354837,4000000000,480000,ETU,2,9,1208.10746051402,4,LMMSE,ODDM,3,0.242636494252874,0.426364942528736,1.0,0.0,0.0,62.8583333333333,1.0,0.0,3.33333333333333,0.131990760683748
500,2026-08-23 14:53:07,test,HighSpeedRail,350,-3,1297.19370354837,4000000000,480000,ETU,2,9,1208.10746051402,16,MRC,OTFS,3,0.380477729885057,0.833333333333333,1.0,0.0,0.0,17.7155333333333,1.0,0.0,3.33333333333333,0.142342817423222
500,2026-08-23 14:53:07,test,HighSpeedRail,350,-3,1297.19370354837,4000000000,480000,ETU,2,9,1208.10746051402,16,LMMSE,ODDM,3,0.379310344827586,0.893318965517241,1.0,0.0,0.0,61.8439,1.0,0.0,4.0,0.130943851534109
501,2026-08-23 14:53:08,test,HighSpeedRail,350,2,1297.19370354837,4000000000,480000,ETU,2,9,1208.10746051402,4,MRC,OTFS,3,0.167564655172414,0.307830459770115,1.0,0.0,0.0,12.5419666666667,1.0,0.0,4.33333333333333,0.169580662284221
501,2026-08-23 14:53:08,test,HighSpeedRail,350,2,1297.19370354837,4000000000,480000,ETU,2,9,1208.10746051402,4,LMMSE,ODDM,3,0.128951149425287,0.242097701149425,1.0,0.0,0.0,62.7675,1.0,0.0,4.66666666666667,0.156796057313058
502,2026-08-23 14:53:08,test,HighSpeedRail,350,2,1297.19370354837,4000000000,480000,ETU,2,9,1208.10746051402,16,MRC,OTFS,3,0.284752155172414,0.733477011494253,1.0,0.0,0.0,12.4719666666667,1.0,0.0,4.33333333333333,0.160018348820614
502,2026-08-23 14:53:08,test,HighSpeedRail,350,2,1297.19370354837,4000000000,480000,ETU,2,9,1208.10746051402,16,LMMSE,ODDM,3,0.338631465517241,0.869612068965517,1.0,0.0,0.0,62.4512666666667,1.0,0.0,4.33333333333333,0.136107420845129
503,2026-08-23 14:53:08,test,HighSpeedRail,350,7,1297.19370354837,4000000000,480000,ETU,2,9,1208.10746051402,4,MRC,OTFS,3,0.0520833333333333,0.100933908045977,1.0,0.0,0.0,17.5921666666667,1.0,0.0,8.0,0.225050559001989
503,2026-08-23 14:53:08,test,HighSpeedRail,350,7,1297.19370354837,4000000000,480000,ETU,2,9,1208.10746051402,4,LMMSE,ODDM,3,0.0368175287356322,0.0729166666666667,1.0,0.0,0.0,75.2581666666667,1.0,0.0,8.0,0.208387991087657
504,2026-08-23 14:53:09,test,HighSpeedRail,350,7,1297.19370354837,4000000000,480000,ETU,2,9,1208.10746051402,16,MRC,OTFS,3,0.166127873563218,0.540229885057471,1.0,0.0,0.0,27.4294,1.0,0.0,6.33333333333333,0.182999101170606
504,2026-08-23 14:53:09,test,HighSpeedRail,350,7,1297.19370354837,4000000000,480000,ETU,2,9,1208.10746051402,16,LMMSE,ODDM,3,0.295707614942529,0.824712643678161,1.0,0.0,0.0,77.5918,1.0,0.0,5.0,0.13989141135548
505,2026-08-23 14:53:09,test,HighSpeedRail,350,12,1297.19370354837,4000000000,480000,ETU,2,9,1208.10746051402,4,MRC,OTFS,3,0.003412356321839,0.0068247126436781,0.666666666666667,290000.0,0.604166666666667,14.5616666666667,0.666666666666667,0.333333333333333,13.6666666666667,0.495975636461496
505,2026-08-23 14:53:09,test,HighSpeedRail,350,12,1297.19370354837,4000000000,480000,ETU,2,9,1208.10746051402,4,LMMSE,ODDM,3,0.0037715517241379,0.0075431034482758,1.0,0.0,0.0,75.4421333333333,1.0,0.0,13.0,0.299555489440793
506,2026-08-23 14:53:09,test,HighSpeedRail,350,12,1297.19370354837,4000000000,480000,ETU,2,9,1208.10746051402,16,MRC,OTFS,3,0.0702227011494253,0.262212643678161,1.0,0.0,0.0,19.9008666666667,1.0,0.0,8.66666666666667,0.225258705578999
506,2026-08-23 14:53:09,test,HighSpeedRail,350,12,1297.19370354837,4000000000,480000,ETU,2,9,1208.10746051402,16,LMMSE,ODDM,3,0.1953125,0.627873563218391,1.0,0.0,0.0,64.0810666666667,1.0,0.0,5.66666666666667,0.158805058138057
507,2026-08-23 14:53:10,test,HighSpeedRail,350,17,1297.19370354837,4000000000,480000,ETU,2,9,1208.10746051402,4,MRC,OTFS,3,0.0,0.0,0.0,870000.0,1.8125,11.5868333333333,0.0,1.0,15.0,0.984996207310329
507,2026-08-23 14:53:10,test,HighSpeedRail,350,17,1297.19370354837,4000000000,480000,ETU,2,9,1208.10746051402,4,LMMSE,ODDM,3,0.0,0.0,0.0,867458.617332035,1.80720545277507,64.5839333333333,0.0,1.0,15.0,0.962763474232454
508,2026-08-23 14:53:10,test,HighSpeedRail,350,17,1297.19370354837,4000000000,480000,ETU,2,9,1208.10746051402,16,MRC,OTFS,3,0.0052083333333333,0.0208333333333333,0.666666666666667,580000.0,1.20833333333333,16.0042333333333,0.666666666666667,0.333333333333333,13.3333333333333,0.484322231925724
508,2026-08-23 14:53:10,test,HighSpeedRail,350,17,1297.19370354837,4000000000,480000,ETU,2,9,1208.10746051402,16,LMMSE,ODDM,3,0.0677083333333333,0.247485632183908,1.0,0.0,0.0,63.3229666666667,1.0,0.0,8.66666666666667,0.208251045305228
509,2026-08-23 14:53:10,test,HighSpeedRail,350,22,1297.19370354837,4000000000,480000,ETU,2,9,1208.10746051402,4,MRC,OTFS,3,0.0,0.0,0.0,870000.0,1.8125,12.2382666666667,0.0,1.0,15.0,0.984689324614941
509,2026-08-23 14:53:10,test,HighSpeedRail,350,22,1297.19370354837,4000000000,480000,ETU,2,9,1208.10746051402,4,LMMSE,ODDM,3,0.0,0.0,0.0,867458.617332035,1.80720545277507,65.4192333333333,0.0,1.0,15.0,0.962461712852838
510,2026-08-23 14:53:11,test,HighSpeedRail,350,22,1297.19370354837,4000000000,480000,ETU,2,9,1208.10746051402,16,MRC,OTFS,3,0.0,0.0,0.0,1740000.0,3.625,14.1567666666667,0.0,1.0,15.0,0.98379132649042
510,2026-08-23 14:53:11,test,HighSpeedRail,350,22,1297.19370354837,4000000000,480000,ETU,2,9,1208.10746051402,16,LMMSE,ODDM,3,0.0093390804597701,0.0373563218390805,0.666666666666667,578305.744888023,1.20480363518338,65.1422,0.666666666666667,0.333333333333333,12.6666666666667,0.446892134597579
511,2026-08-23 14:53:11,val,Urban,60,0,222.376063465435,4000000000,480000,EPA,0,7,222.376027045677,64,MRC,OTFS,3,0.313715277777778,0.887152777777778,1.0,0.0,0.0,11.7778333333333,1.0,0.0,5.33333333333333,0.16859213961403
511,2026-08-23 14:53:11,val,Urban,60,0,222.376063465435,4000000000,480000,EPA,0,7,222.376027045677,64,LMMSE,ODDM,3,0.391377314814815,0.979166666666667,1.0,0.0,0.0,68.129,1.0,0.0,4.0,0.12810631917287
512,2026-08-23 14:53:11,train,Urban,60,10,222.376063465435,4000000000,480000,EPA,0,7,222.376027045677,64,MRC,OTFS,3,0.112905092592593,0.522916666666667,1.0,0.0,0.0,11.5742333333333,1.0,0.0,9.66666666666667,0.230514089081521
512,2026-08-23 14:53:11,train,Urban,60,10,222.376063465435,4000000000,480000,EPA,0,7,222.376027045677,64,LMMSE,ODDM,3,0.370717592592593,0.961458333333333,1.0,0.0,0.0,66.883,1.0,0.0,5.0,0.139532201648318
513,2026-08-23 14:53:11,train,Urban,60,20,222.376063465435,4000000000,480000,EPA,0,7,222.376027045677,64,MRC,OTFS,3,0.0053819444444444,0.0315972222222222,0.666666666666667,900000.0,1.875,14.0429,0.666666666666667,0.333333333333333,14.3333333333333,0.495680250520861
513,2026-08-23 14:53:11,train,Urban,60,20,222.376063465435,4000000000,480000,EPA,0,7,222.376027045677,64,LMMSE,ODDM,3,0.114930555555556,0.501736111111111,1.0,0.0,0.0,71.3890666666667,1.0,0.0,10.6666666666667,0.215796262550325
514,2026-08-23 14:53:12,val,HighSpeedRail,150,0,555.940158663587,4000000000,480000,EPA,0,7,555.940067614193,64,MRC,OTFS,3,0.378240740740741,0.932986111111111,1.0,0.0,0.0,12.2983666666667,1.0,0.0,4.0,0.151629049807756
514,2026-08-23 14:53:12,val,HighSpeedRail,150,0,555.940158663587,4000000000,480000,EPA,0,7,555.940067614193,64,LMMSE,ODDM,3,0.40306712962963,0.981944444444444,1.0,0.0,0.0,65.2504,1.0,0.0,4.0,0.128604940601752
515,2026-08-23 14:53:12,train,HighSpeedRail,150,10,555.940158663587,4000000000,480000,EPA,0,7,555.940067614193,64,MRC,OTFS,3,0.189236111111111,0.705208333333333,1.0,0.0,0.0,13.0322333333333,1.0,0.0,7.66666666666667,0.200483144545833
515,2026-08-23 14:53:12,train,HighSpeedRail,150,10,555.940158663587,4000000000,480000,EPA,0,7,555.940067614193,64,LMMSE,ODDM,3,0.383564814814815,0.970833333333333,1.0,0.0,0.0,65.5055333333333,1.0,0.0,4.33333333333333,0.132743720087181
516,2026-08-23 14:53:12,train,HighSpeedRail,150,20,555.940158663587,4000000000,480000,EPA,0,7,555.940067614193,64,MRC,OTFS,3,0.0335648148148148,0.177777777777778,1.0,0.0,0.0,12.9761,1.0,0.0,13.0,0.28513943432053
516,2026-08-23 14:53:12,train,HighSpeedRail,150,20,555.940158663587,4000000000,480000,EPA,0,7,555.940067614193,64,LMMSE,ODDM,3,0.205613425925926,0.800347222222222,1.0,0.0,0.0,68.8923,1.0,0.0,8.0,0.179483038727122
517,2026-08-23 14:53:12,train,HighSpeedRail,300,0,1111.88031732717,4000000000,480000,EPA,0,7,1111.88013522839,64,MRC,OTFS,3,0.398726851851852,0.939583333333333,1.0,0.0,0.0,13.0417333333333,1.0,0.0,3.66666666666667,0.146992383079744
517,2026-08-23 14:53:12,train,HighSpeedRail,300,0,1111.88031732717,4000000000,480000,EPA,0,7,1111.88013522839,64,LMMSE,ODDM,3,0.413252314814815,0.982986111111111,1.0,0.0,0.0,65.4446333333333,1.0,0.0,4.0,0.128083313290453
518,2026-08-23 14:53:13,train,HighSpeedRail,300,10,1111.88031732717,4000000000,480000,EPA,0,7,1111.88013522839,64,MRC,OTFS,3,0.211168981481481,0.779166666666667,1.0,0.0,0.0,13.0386333333333,1.0,0.0,7.66666666666667,0.19849572518181
518,2026-08-23 14:53:13,train,HighSpeedRail,300,10,1111.88031732717,4000000000,480000,EPA,0,7,1111.88013522839,64,LMMSE,ODDM,3,0.382002314814815,0.973958333333333,1.0,0.0,0.0,65.8788333333333,1.0,0.0,4.0,0.129349858226819
519,2026-08-23 14:53:13,train,HighSpeedRail,300,20,1111.88031732717,4000000000,480000,EPA,0,7,1111.88013522839,64,MRC,OTFS,3,0.0344328703703704,0.19375,1.0,0.0,0.0,13.7589666666667,1.0,0.0,12.0,0.274311267575281
519,2026-08-23 14:53:13,train,HighSpeedRail,300,20,1111.88031732717,4000000000,480000,EPA,0,7,1111.88013522839,64,LMMSE,ODDM,3,0.234143518518519,0.864236111111111,1.0,0.0,0.0,64.9972666666667,1.0,0.0,7.33333333333333,0.171858633646175
520,2026-08-23 14:53:13,test,Urban,40,7,148.250708976956,4000000000,480000,EPA,0,7,148.250684697118,64,MRC,OTFS,3,0.164409722222222,0.668402777777778,1.0,0.0,0.0,10.996,1.0,0.0,8.33333333333333,0.210653428802072
520,2026-08-23 14:53:13,test,Urban,40,7,148.250708976956,4000000000,480000,EPA,0,7,148.250684697118,64,LMMSE,ODDM,3,0.375694444444444,0.96875,1.0,0.0,0.0,65.4994666666667,1.0,0.0,4.33333333333333,0.133121072445216
521,2026-08-23 14:53:14,test,Highway,120,7,444.752126930869,4000000000,480000,EPA,0,7,444.752054091355,64,MRC,OTFS,3,0.20787037037037,0.776041666666667,1.0,0.0,0.0,12.2459,1.0,0.0,7.33333333333333,0.195819376651212
521,2026-08-23 14:53:14,test,Highway,120,7,444.752126930869,4000000000,480000,EPA,0,7,444.752054091355,64,LMMSE,ODDM,3,0.372511574074074,0.975694444444444,1.0,0.0,0.0,65.6484666666667,1.0,0.0,4.0,0.129888023497276
522,2026-08-23 14:53:14,test,HighSpeedRail,250,7,926.566931105978,4000000000,480000,EPA,0,7,926.566779356989,64,MRC,OTFS,3,0.278819444444444,0.852430555555556,1.0,0.0,0.0,13.7319666666667,1.0,0.0,6.0,0.176475961340941
522,2026-08-23 14:53:14,test,HighSpeedRail,250,7,926.566931105978,4000000000,480000,EPA,0,7,926.566779356989,64,LMMSE,ODDM,3,0.381770833333333,0.976736111111111,1.0,0.0,0.0,67.9813666666667,1.0,0.0,4.0,0.128608549497955
523,2026-08-23 14:53:14,test,Urban,40,17,148.250708976956,4000000000,480000,EPA,0,7,148.250684697118,64,MRC,OTFS,3,0.0193865740740741,0.107986111111111,1.0,0.0,0.0,12.9107,1.0,0.0,13.3333333333333,0.298436051204916
523,2026-08-23 14:53:14,test,Urban,40,17,148.250708976956,4000000000,480000,EPA,0,7,148.250684697118,64,LMMSE,ODDM,3,0.215162037037037,0.780902777777778,1.0,0.0,0.0,65.7718,1.0,0.0,7.66666666666667,0.176442547386097
524,2026-08-23 14:53:14,test,Highway,120,17,444.752126930869,4000000000,480000,EPA,0,7,444.752054091355,64,MRC,OTFS,3,0.0311342592592593,0.177083333333333,1.0,0.0,0.0,11.5475,1.0,0.0,12.0,0.27717149640944
524,2026-08-23 14:53:14,test,Highway,120,17,444.752126930869,4000000000,480000,EPA,0,7,444.752054091355,64,LMMSE,ODDM,3,0.266030092592593,0.894097222222222,1.0,0.0,0.0,66.2312,1.0,0.0,7.0,0.165770531876977
525,2026-08-23 14:53:15,test,HighSpeedRail,250,17,926.566931105978,4000000000,480000,EPA,0,7,926.566779356989,64,MRC,OTFS,3,0.0774884259259259,0.398263888888889,1.0,0.0,0.0,12.518,1.0,0.0,10.3333333333333,0.243547983658019
525,2026-08-23 14:53:15,test,HighSpeedRail,250,17,926.566931105978,4000000000,480000,EPA,0,7,926.566779356989,64,LMMSE,ODDM,3,0.322395833333333,0.927430555555556,1.0,0.0,0.0,68.8228333333333,1.0,0.0,6.33333333333333,0.154701907148491
526,2026-08-23 14:53:15,train,Urban,60,0,222.376063465435,4000000000,480000,EVA,1,9,222.376027045677,64,MRC,OTFS,3,0.381365740740741,0.934375,1.0,0.0,0.0,24.0727,1.0,0.0,3.66666666666667,0.142770573453874
526,2026-08-23 14:53:15,train,Urban,60,0,222.376063465435,4000000000,480000,EVA,1,9,222.376027045677,64,LMMSE,ODDM,3,0.410648148148148,0.977777777777778,1.0,0.0,0.0,63.5838666666667,1.0,0.0,4.0,0.128871570545656
527,2026-08-23 14:53:15,val,Urban,60,10,222.376063465435,4000000000,480000,EVA,1,9,222.376027045677,64,MRC,OTFS,3,0.193171296296296,0.743055555555556,1.0,0.0,0.0,20.6059,1.0,0.0,7.66666666666667,0.196629094687819
527,2026-08-23 14:53:15,val,Urban,60,10,222.376063465435,4000000000,480000,EVA,1,9,222.376027045677,64,LMMSE,ODDM,3,0.37974537037037,0.972222222222222,1.0,0.0,0.0,69.8916333333333,1.0,0.0,4.0,0.128028148004838
528,2026-08-23 14:53:16,train,Urban,60,20,222.376063465435,4000000000,480000,EVA,1,9,222.376027045677,64,MRC,OTFS,3,0.0393518518518519,0.207638888888889,1.0,0.0,0.0,22.6691666666667,1.0,0.0,12.6666666666667,0.274493967618255
528,2026-08-23 14:53:16,train,Urban,60,20,222.376063465435,4000000000,480000,EVA,1,9,222.376027045677,64,LMMSE,ODDM,3,0.228298611111111,0.855555555555556,1.0,0.0,0.0,68.1116666666667,1.0,0.0,7.33333333333333,0.171199666633628
529,2026-08-23 14:53:16,train,HighSpeedRail,150,0,555.940158663587,4000000000,480000,EVA,1,9,555.940067614193,64,MRC,OTFS,3,0.418576388888889,0.954861111111111,1.0,0.0,0.0,29.8813666666667,1.0,0.0,2.66666666666667,0.128547920159071
529,2026-08-23 14:53:16,train,HighSpeedRail,150,0,555.940158663587,4000000000,480000,EVA,1,9,555.940067614193,64,LMMSE,ODDM,3,0.4234375,0.982291666666667,1.0,0.0,0.0,69.6489666666667,1.0,0.0,4.0,0.126143047212972
530,2026-08-23 14:53:16,train,HighSpeedRail,150,10,555.940158663587,4000000000,480000,EVA,1,9,555.940067614193,64,MRC,OTFS,3,0.262094907407407,0.840625,1.0,0.0,0.0,34.2904333333333,1.0,0.0,6.33333333333333,0.171808282107154
530,2026-08-23 14:53:16,train,HighSpeedRail,150,10,555.940158663587,4000000000,480000,EVA,1,9,555.940067614193,64,LMMSE,ODDM,3,0.393287037037037,0.978125,1.0,0.0,0.0,64.2010666666667,1.0,0.0,4.0,0.129429036872056
531,2026-08-23 14:53:17,train,HighSpeedRail,150,20,555.940158663587,4000000000,480000,EVA,1,9,555.940067614193,64,MRC,OTFS,3,0.0752893518518519,0.370138888888889,1.0,0.0,0.0,25.9710333333333,1.0,0.0,10.6666666666667,0.241291696827789
531,2026-08-23 14:53:17,train,HighSpeedRail,150,20,555.940158663587,4000000000,480000,EVA,1,9,555.940067614193,64,LMMSE,ODDM,3,0.293460648148148,0.909375,1.0,0.0,0.0,69.0653666666667,1.0,0.0,6.33333333333333,0.156317647443546
532,2026-08-23 14:53:17,train,HighSpeedRail,300,0,1111.88031732717,4000000000,480000,EVA,1,9,1111.88013522839,64,MRC,OTFS,3,0.398611111111111,0.938541666666667,1.0,0.0,0.0,21.3768333333333,1.0,0.0,3.66666666666667,0.143173417478278
532,2026-08-23 14:53:17,train,HighSpeedRail,300,0,1111.88031732717,4000000000,480000,EVA,1,9,1111.88013522839,64,LMMSE,ODDM,3,0.41400462962963,0.978819444444444,1.0,0.0,0.0,71.0394666666667,1.0,0.0,4.0,0.126061625960435
533,2026-08-23 14:53:17,train,HighSpeedRail,300,10,1111.88031732717,4000000000,480000,EVA,1,9,1111.88013522839,64,MRC,OTFS,3,0.222395833333333,0.780555555555556,1.0,0.0,0.0,21.3468,1.0,0.0,7.0,0.18707952766429
533,2026-08-23 14:53:17,train,HighSpeedRail,300,10,1111.88031732717,4000000000,480000,EVA,1,9,1111.88013522839,64,LMMSE,ODDM,3,0.393923611111111,0.971875,1.0,0.0,0.0,67.3939666666667,1.0,0.0,4.0,0.128250870461851
534,2026-08-23 14:53:18,val,HighSpeedRail,300,20,1111.88031732717,4000000000,480000,EVA,1,9,1111.88013522839,64,MRC,OTFS,3,0.0511574074074074,0.268055555555556,1.0,0.0,0.0,30.0815666666667,1.0,0.0,12.0,0.259831180306296
534,2026-08-23 14:53:18,val,HighSpeedRail,300,20,1111.88031732717,4000000000,480000,EVA,1,9,1111.88013522839,64,LMMSE,ODDM,3,0.254050925925926,0.85625,1.0,0.0,0.0,67.7980333333333,1.0,0.0,7.0,0.166043912932637
535,2026-08-23 14:53:18,test,Urban,40,7,148.250708976956,4000000000,480000,EVA,1,9,148.250684697118,64,MRC,OTFS,3,0.192013888888889,0.747569444444444,1.0,0.0,0.0,24.2614333333333,1.0,0.0,7.66666666666667,0.195103990647932
535,2026-08-23 14:53:18,test,Urban,40,7,148.250708976956,4000000000,480000,EVA,1,9,148.250684697118,64,LMMSE,ODDM,3,0.37037037037037,0.971180555555556,1.0,0.0,0.0,65.3683666666667,1.0,0.0,4.0,0.130093270519158
536,2026-08-23 14:53:18,test,Highway,120,7,444.752126930869,4000000000,480000,EVA,1,9,444.752054091355,64,MRC,OTFS,3,0.291840277777778,0.864236111111111,1.0,0.0,0.0,30.2771333333333,1.0,0.0,5.66666666666667,0.164903896882811
536,2026-08-23 14:53:18,test,Highway,120,7,444.752126930869,4000000000,480000,EVA,1,9,444.752054091355,64,LMMSE,ODDM,3,0.388252314814815,0.976736111111111,1.0,0.0,0.0,64.2807,1.0,0.0,4.0,0.129633307936557
537,2026-08-23 14:53:19,test,HighSpeedRail,250,7,926.566931105978,4000000000,480000,EVA,1,9,926.566779356989,64,MRC,OTFS,3,0.298958333333333,0.876041666666667,1.0,0.0,0.0,40.6567333333333,1.0,0.0,5.66666666666667,0.160120894679698
537,2026-08-23 14:53:19,test,HighSpeedRail,250,7,926.566931105978,4000000000,480000,EVA,1,9,926.566779356989,64,LMMSE,ODDM,3,0.395486111111111,0.982638888888889,1.0,0.0,0.0,71.7928333333333,1.0,0.0,4.0,0.126626136174759
538,2026-08-23 14:53:19,test,Urban,40,17,148.250708976956,4000000000,480000,EVA,1,9,148.250684697118,64,MRC,OTFS,3,0.0251736111111111,0.144444444444444,1.0,0.0,0.0,23.9207666666667,1.0,0.0,12.3333333333333,0.2786877908468
538,2026-08-23 14:53:19,test,Urban,40,17,148.250708976956,4000000000,480000,EVA,1,9,148.250684697118,64,LMMSE,ODDM,3,0.252141203703704,0.879861111111111,1.0,0.0,0.0,68.2209666666667,1.0,0.0,7.33333333333333,0.169363277702431
539,2026-08-23 14:53:19,test,Highway,120,17,444.752126930869,4000000000,480000,EVA,1,9,444.752054091355,64,MRC,OTFS,3,0.0982638888888889,0.465277777777778,1.0,0.0,0.0,27.4900333333333,1.0,0.0,9.66666666666667,0.225808030430568
539,2026-08-23 14:53:19,test,Highway,120,17,444.752126930869,4000000000,480000,EVA,1,9,444.752054091355,64,LMMSE,ODDM,3,0.339236111111111,0.931944444444444,1.0,0.0,0.0,64.4931666666667,1.0,0.0,5.66666666666667,0.148665148205756
540,2026-08-23 14:53:20,test,HighSpeedRail,250,17,926.566931105978,4000000000,480000,EVA,1,9,926.566779356989,64,MRC,OTFS,3,0.109201388888889,0.514930555555556,1.0,0.0,0.0,26.1347,1.0,0.0,9.66666666666667,0.224490916524697
540,2026-08-23 14:53:20,test,HighSpeedRail,250,17,926.566931105978,4000000000,480000,EVA,1,9,926.566779356989,64,LMMSE,ODDM,3,0.339988425925926,0.941319444444444,1.0,0.0,0.0,66.2724333333333,1.0,0.0,6.0,0.151316838416404
541,2026-08-23 14:53:20,train,Urban,60,0,222.376063465435,4000000000,480000,ETU,2,9,222.376027045677,64,MRC,OTFS,3,0.347880747126437,0.912715517241379,1.0,0.0,0.0,20.1753333333333,1.0,0.0,4.33333333333333,0.152844852728653
541,2026-08-23 14:53:20,train,Urban,60,0,222.376063465435,4000000000,480000,ETU,2,9,222.376027045677,64,LMMSE,ODDM,3,0.399425287356322,0.980603448275862,1.0,0.0,0.0,61.1500666666667,1.0,0.0,4.0,0.130263901180663
542,2026-08-23 14:53:20,train,Urban,60,10,222.376063465435,4000000000,480000,ETU,2,9,207.104136088118,64,MRC,OTFS,3,0.144516283524904,0.645114942528736,1.0,0.0,0.0,23.3452,1.0,0.0,9.0,0.213986364605299
542,2026-08-23 14:53:20,train,Urban,60,10,222.376063465435,4000000000,480000,ETU,2,9,207.104136088118,64,LMMSE,ODDM,3,0.383800287356322,0.967313218390805,1.0,0.0,0.0,61.0933,1.0,0.0,4.66666666666667,0.137673571338158
543,2026-08-23 14:53:21,train,Urban,60,20,222.376063465435,4000000000,480000,ETU,2,9,207.104136088118,64,MRC,OTFS,3,0.0072437739463601,0.0427442528735632,1.0,0.0,0.0,18.7213666666667,1.0,0.0,14.3333333333333,0.323565535503083
543,2026-08-23 14:53:21,train,Urban,60,20,222.376063465435,4000000000,480000,ETU,2,9,207.104136088118,64,LMMSE,ODDM,3,0.163553639846743,0.716235632183908,1.0,0.0,0.0,62.9380666666667,1.0,0.0,8.66666666666667,0.192432314484867
544,2026-08-23 14:53:21,train,HighSpeedRail,150,0,555.940158663587,4000000000,480000,ETU,2,9,517.760340220295,64,MRC,OTFS,3,0.37919061302682,0.924568965517241,1.0,0.0,0.0,23.5203,1.0,0.0,4.33333333333333,0.149785961118371
544,2026-08-23 14:53:21,train,HighSpeedRail,150,0,555.940158663587,4000000000,480000,ETU,2,9,517.760340220295,64,LMMSE,ODDM,3,0.404633620689655,0.983836206896552,1.0,0.0,0.0,59.5602666666667,1.0,0.0,4.0,0.130617300612976
545,2026-08-23 14:53:21,train,HighSpeedRail,150,10,555.940158663587,4000000000,480000,ETU,2,9,517.760340220295,64,MRC,OTFS,3,0.186482279693487,0.721623563218391,1.0,0.0,0.0,24.3052,1.0,0.0,8.0,0.198946904091705
545,2026-08-23 14:53:21,train,HighSpeedRail,150,10,555.940158663587,4000000000,480000,ETU,2,9,517.760340220295,64,LMMSE,ODDM,3,0.386314655172414,0.971264367816092,1.0,0.0,0.0,60.1142,1.0,0.0,4.33333333333333,0.134583650764622
546,2026-08-23 14:53:21,val,HighSpeedRail,150,20,555.940158663587,4000000000,480000,ETU,2,9,517.760340220295,64,MRC,OTFS,3,0.0335249042145594,0.172772988505747,1.0,0.0,0.0,24.8893333333333,1.0,0.0,13.3333333333333,0.28307488752944
546,2026-08-23 14:53:21,val,HighSpeedRail,150,20,555.940158663587,4000000000,480000,ETU,2,9,517.760340220295,64,LMMSE,ODDM,3,0.201508620689655,0.76257183908046,1.0,0.0,0.0,63.1203,1.0,0.0,8.0,0.181922769228866
547,2026-08-23 14:53:22,train,HighSpeedRail,300,0,1111.88031732717,4000000000,480000,ETU,2,9,1035.52068044059,64,MRC,OTFS,3,0.385237068965517,0.93426724137931,1.0,0.0,0.0,19.7591333333333,1.0,0.0,3.66666666666667,0.144520777122725
547,2026-08-23 14:53:22,train,HighSpeedRail,300,0,1111.88031732717,4000000000,480000,ETU,2,9,1035.52068044059,64,LMMSE,ODDM,3,0.410201149425287,0.977729885057471,1.0,0.0,0.0,60.0966333333333,1.0,0.0,4.0,0.130171167139814
548,2026-08-23 14:53:22,train,HighSpeedRail,300,10,1111.88031732717,4000000000,480000,ETU,2,9,1035.52068044059,64,MRC,OTFS,3,0.19683908045977,0.760775862068966,1.0,0.0,0.0,24.5517,1.0,0.0,7.66666666666667,0.194526418487943
548,2026-08-23 14:53:22,train,HighSpeedRail,300,10,1111.88031732717,4000000000,480000,ETU,2,9,1035.52068044059,64,LMMSE,ODDM,3,0.387990900383142,0.975574712643678,1.0,0.0,0.0,59.6782,1.0,0.0,4.33333333333333,0.134666884827051
549,2026-08-23 14:53:22,train,HighSpeedRail,300,20,1111.88031732717,4000000000,480000,ETU,2,9,1035.52068044059,64,MRC,OTFS,3,0.0289152298850575,0.161278735632184,1.0,0.0,0.0,22.6633333333333,1.0,0.0,12.6666666666667,0.280073176992161
549,2026-08-23 14:53:22,train,HighSpeedRail,300,20,1111.88031732717,4000000000,480000,ETU,2,9,1035.52068044059,64,LMMSE,ODDM,3,0.225574712643678,0.838721264367816,1.0,0.0,0.0,63.1497666666667,1.0,0.0,7.66666666666667,0.176537158326492
550,2026-08-23 14:53:23,test,Urban,40,7,148.250708976956,4000000000,480000,ETU,2,9,138.069424058745,64,MRC,OTFS,3,0.203484195402299,0.75610632183908,1.0,0.0,0.0,25.2379666666667,1.0,0.0,7.66666666666667,0.19362263847572
550,2026-08-23 14:53:23,test,Urban,40,7,148.250708976956,4000000000,480000,ETU,2,9,138.069424058745,64,LMMSE,ODDM,3,0.372365900383142,0.974137931034483,1.0,0.0,0.0,62.0700666666667,1.0,0.0,4.0,0.131195259057433
551,2026-08-23 14:53:23,test,Highway,120,7,444.752126930869,4000000000,480000,ETU,2,9,414.208272176236,64,MRC,OTFS,3,0.244612068965517,0.824353448275862,1.0,0.0,0.0,19.2626,1.0,0.0,7.0,0.186298059425508
551,2026-08-23 14:53:23,test,Highway,120,7,444.752126930869,4000000000,480000,ETU,2,9,414.208272176236,64,LMMSE,ODDM,3,0.384818007662835,0.978448275862069,1.0,0.0,0.0,61.2482333333333,1.0,0.0,4.0,0.130901930447547
552,2026-08-23 14:53:23,test,HighSpeedRail,250,7,926.566931105978,4000000000,480000,ETU,2,9,862.933900367158,64,MRC,OTFS,3,0.267420977011494,0.850215517241379,1.0,0.0,0.0,24.4233333333333,1.0,0.0,6.33333333333333,0.175704699423763
552,2026-08-23 14:53:23,test,HighSpeedRail,250,7,926.566931105978,4000000000,480000,ETU,2,9,862.933900367158,64,LMMSE,ODDM,3,0.383860153256705,0.97485632183908,1.0,0.0,0.0,59.4156333333333,1.0,0.0,4.0,0.131624716987495
553,2026-08-23 14:53:24,test,Urban,40,17,148.250708976956,4000000000,480000,ETU,2,9,138.069424058745,64,MRC,OTFS,3,0.0332255747126437,0.184626436781609,1.0,0.0,0.0,19.5945666666667,1.0,0.0,12.3333333333333,0.275605999230016
553,2026-08-23 14:53:24,test,Urban,40,17,148.250708976956,4000000000,480000,ETU,2,9,138.069424058745,64,LMMSE,ODDM,3,0.262811302681992,0.877155172413793,1.0,0.0,0.0,61.7109,1.0,0.0,7.0,0.167632290421
554,2026-08-23 14:53:24,test,Highway,120,17,444.752126930869,4000000000,480000,ETU,2,9,414.208272176236,64,MRC,OTFS,3,0.0624401340996169,0.305316091954023,1.0,0.0,0.0,20.8095333333333,1.0,0.0,11.3333333333333,0.253640574541237
554,2026-08-23 14:53:24,test,Highway,120,17,444.752126930869,4000000000,480000,ETU,2,9,414.208272176236,64,LMMSE,ODDM,3,0.284901819923372,0.901221264367816,1.0,0.0,0.0,61.6874,1.0,0.0,6.33333333333333,0.159513788706265
555,2026-08-23 14:53:24,test,HighSpeedRail,250,17,926.566931105978,4000000000,480000,ETU,2,9,862.933900367158,64,MRC,OTFS,3,0.0718390804597701,0.380028735632184,1.0,0.0,0.0,26.7026,1.0,0.0,10.6666666666667,0.241819910839219
555,2026-08-23 14:53:24,test,HighSpeedRail,250,17,926.566931105978,4000000000,480000,ETU,2,9,862.933900367158,64,LMMSE,ODDM,3,0.310943486590038,0.917385057471264,1.0,0.0,0.0,61.4141,1.0,0.0,6.66666666666667,0.161364812938007
556,2026-08-23 14:53:25,train,HighSpeedRail,150,5,277.970079331793,2000000000,480000,EVA,1,9,258.880170110148,4,MRC,OTFS,3,0.141666666666667,0.249652777777778,1.0,0.0,0.0,15.0182666666667,1.0,0.0,5.66666666666667,0.184796389157176
556,2026-08-23 14:53:25,train,HighSpeedRail,150,5,277.970079331793,2000000000,480000,EVA,1,9,258.880170110148,4,LMMSE,ODDM,3,0.0932291666666667,0.177777777777778,1.0,0.0,0.0,67.3314,1.0,0.0,5.66666666666667,0.17101738350198
557,2026-08-23 14:53:25,train,HighSpeedRail,150,15,277.970079331793,2000000000,480000,EVA,1,9,277.970033807097,4,MRC,OTFS,3,0.0126736111111111,0.0253472222222222,0.333333333333333,600000.0,1.25,12.1864,0.333333333333333,0.666666666666667,12.6666666666667,0.628967872764103
557,2026-08-23 14:53:25,train,HighSpeedRail,150,15,277.970079331793,2000000000,480000,EVA,1,9,277.970033807097,4,LMMSE,ODDM,3,0.0052083333333333,0.0104166666666667,0.333333333333333,598830.409356725,1.24756335282651,68.4819,0.333333333333333,0.666666666666667,13.3333333333333,0.628521456504352
558,2026-08-23 14:53:25,train,HighSpeedRail,350,5,648.596851774185,2000000000,480000,EVA,1,9,648.596745549892,4,MRC,OTFS,3,0.136979166666667,0.252083333333333,1.0,0.0,0.0,14.4519,1.0,0.0,5.0,0.179001673779454
558,2026-08-23 14:53:25,train,HighSpeedRail,350,5,648.596851774185,2000000000,480000,EVA,1,9,648.596745549892,4,LMMSE,ODDM,3,0.0704861111111111,0.135416666666667,1.0,0.0,0.0,67.3538,1.0,0.0,6.33333333333333,0.182736395932949
559,2026-08-23 14:53:25,train,HighSpeedRail,350,15,648.596851774185,2000000000,480000,EVA,1,9,648.596745549892,4,MRC,OTFS,3,0.0045138888888888,0.0090277777777777,0.666666666666667,300000.0,0.625,12.3705666666667,0.666666666666667,0.333333333333333,13.3333333333333,0.489645835617293
559,2026-08-23 14:53:25,train,HighSpeedRail,350,15,648.596851774185,2000000000,480000,EVA,1,9,648.596745549892,4,LMMSE,ODDM,3,0.0006944444444444,0.0013888888888888,0.666666666666667,299415.204678363,0.623781676413255,68.4990666666667,0.666666666666667,0.333333333333333,14.6666666666667,0.513787164260749
560,2026-08-23 14:53:26,test,Urban,40,2,74.1253544884782,2000000000,480000,EVA,1,9,74.1253423485591,4,MRC,OTFS,3,0.0618055555555556,0.118402777777778,1.0,0.0,0.0,12.8535333333333,1.0,0.0,7.33333333333333,0.217482582939572
560,2026-08-23 14:53:26,test,Urban,40,2,74.1253544884782,2000000000,480000,EVA,1,9,74.1253423485591,4,LMMSE,ODDM,3,0.0618055555555556,0.118055555555556,1.0,0.0,0.0,67.7458,1.0,0.0,6.66666666666667,0.188308076026894
561,2026-08-23 14:53:26,test,Urban,40,17,74.1253544884782,2000000000,480000,EVA,1,9,74.1253423485591,4,MRC,OTFS,3,0.0,0.0,0.0,900000.0,1.875,12.7835,0.0,1.0,15.0,0.987558238813543
561,2026-08-23 14:53:26,test,Urban,40,17,74.1253544884782,2000000000,480000,EVA,1,9,74.1253423485591,4,LMMSE,ODDM,3,0.0,0.0,0.0,898245.614035088,1.87134502923977,67.7138666666667,0.0,1.0,15.0,0.964846187223337
562,2026-08-23 14:53:26,test,HighSpeedRail,250,2,463.283465552989,2000000000,480000,EVA,1,9,463.283389678495,4,MRC,OTFS,3,0.190451388888889,0.342361111111111,1.0,0.0,0.0,14.4067,1.0,0.0,4.33333333333333,0.166392299681854
562,2026-08-23 14:53:26,test,HighSpeedRail,250,2,463.283465552989,2000000000,480000,EVA,1,9,463.283389678495,4,LMMSE,ODDM,3,0.132465277777778,0.245138888888889,1.0,0.0,0.0,67.0523666666667,1.0,0.0,4.66666666666667,0.154760828879389
563,2026-08-23 14:53:27,test,HighSpeedRail,250,17,463.283465552989,2000000000,480000,EVA,1,9,463.283389678495,4,MRC,OTFS,3,0.0012152777777777,0.0024305555555555,0.333333333333333,600000.0,1.25,11.0515,0.333333333333333,0.666666666666667,14.0,0.685262664415786
563,2026-08-23 14:53:27,test,HighSpeedRail,250,17,463.283465552989,2000000000,480000,EVA,1,9,463.283389678495,4,LMMSE,ODDM,3,0.0001736111111111,0.0003472222222222,0.333333333333333,598830.409356725,1.24756335282651,68.9226333333333,0.333333333333333,0.666666666666667,15.0,0.706578541421002
564,2026-08-23 14:53:27,train,HighSpeedRail,150,5,486.447638830638,3500000000,480000,EVA,1,9,486.447559162419,4,MRC,OTFS,3,0.120833333333333,0.218055555555556,1.0,0.0,0.0,16.1960333333333,1.0,0.0,5.66666666666667,0.187130083338947
564,2026-08-23 14:53:27,train,HighSpeedRail,150,5,486.447638830638,3500000000,480000,EVA,1,9,486.447559162419,4,LMMSE,ODDM,3,0.0772569444444444,0.146875,1.0,0.0,0.0,68.0048666666667,1.0,0.0,6.0,0.177511236674643
565,2026-08-23 14:53:27,train,HighSpeedRail,150,15,486.447638830638,3500000000,480000,EVA,1,9,486.447559162419,4,MRC,OTFS,3,0.0048611111111111,0.0097222222222222,0.333333333333333,600000.0,1.25,12.4996666666667,0.333333333333333,0.666666666666667,13.3333333333333,0.65282748168703
565,2026-08-23 14:53:27,train,HighSpeedRail,150,15,486.447638830638,3500000000,480000,EVA,1,9,486.447559162419,4,LMMSE,ODDM,3,0.0003472222222222,0.0006944444444444,0.333333333333333,598830.409356725,1.24756335282651,68.4506333333333,0.333333333333333,0.666666666666667,15.0,0.694203027063067
566,2026-08-23 14:53:27,train,HighSpeedRail,350,5,1135.04449060482,3500000000,480000,EVA,1,9,1135.04430471231,4,MRC,OTFS,3,0.115625,0.208333333333333,1.0,0.0,0.0,17.6357666666667,1.0,0.0,5.66666666666667,0.187265889540135
566,2026-08-23 14:53:27,train,HighSpeedRail,350,5,1135.04449060482,3500000000,480000,EVA,1,9,1135.04430471231,4,LMMSE,ODDM,3,0.0678819444444444,0.129861111111111,1.0,0.0,0.0,66.2620333333333,1.0,0.0,6.66666666666667,0.187141815945867
567,2026-08-23 14:53:28,train,HighSpeedRail,350,15,1135.04449060482,3500000000,480000,EVA,1,9,1135.04430471231,4,MRC,OTFS,3,0.0027777777777777,0.0055555555555555,0.333333333333333,600000.0,1.25,13.2086,0.333333333333333,0.666666666666667,13.6666666666667,0.66595499868496
567,2026-08-23 14:53:28,train,HighSpeedRail,350,15,1135.04449060482,3500000000,480000,EVA,1,9,1135.04430471231,4,LMMSE,ODDM,3,0.0020833333333333,0.0041666666666666,0.333333333333333,598830.409356725,1.24756335282651,67.6218,0.333333333333333,0.666666666666667,13.6666666666667,0.648741641250157
568,2026-08-23 14:53:28,test,Urban,40,2,129.719370354837,3500000000,480000,EVA,1,9,129.719349109978,4,MRC,OTFS,3,0.0701388888888889,0.134722222222222,1.0,0.0,0.0,13.6620333333333,1.0,0.0,6.33333333333333,0.20481545413521
568,2026-08-23 14:53:28,test,Urban,40,2,129.719370354837,3500000000,480000,EVA,1,9,129.719349109978,4,LMMSE,ODDM,3,0.0697916666666667,0.132291666666667,1.0,0.0,0.0,66.7648,1.0,0.0,6.33333333333333,0.183126166475825
569,2026-08-23 14:53:28,test,Urban,40,17,129.719370354837,3500000000,480000,EVA,1,9,129.719349109978,4,MRC,OTFS,3,0.0,0.0,0.0,900000.0,1.875,11.9511666666667,0.0,1.0,15.0,0.987949450916624
569,2026-08-23 14:53:28,test,Urban,40,17,129.719370354837,3500000000,480000,EVA,1,9,129.719349109978,4,LMMSE,ODDM,3,0.0,0.0,0.0,898245.614035088,1.87134502923977,69.9194333333333,0.0,1.0,15.0,0.964064453337494
570,2026-08-23 14:53:29,test,HighSpeedRail,250,2,810.746064717731,3500000000,480000,EVA,1,9,810.745931937365,4,MRC,OTFS,3,0.192708333333333,0.339583333333333,1.0,0.0,0.0,12.0151333333333,1.0,0.0,4.0,0.163965140302905
570,2026-08-23 14:53:29,test,HighSpeedRail,250,2,810.746064717731,3500000000,480000,EVA,1,9,810.745931937365,4,LMMSE,ODDM,3,0.130729166666667,0.245486111111111,1.0,0.0,0.0,67.2120333333333,1.0,0.0,4.66666666666667,0.154942490529536
571,2026-08-23 14:53:29,test,HighSpeedRail,250,17,810.746064717731,3500000000,480000,EVA,1,9,810.745931937365,4,MRC,OTFS,3,0.0001736111111111,0.0003472222222222,0.333333333333333,600000.0,1.25,11.694,0.333333333333333,0.666666666666667,15.0,0.730171590426432
571,2026-08-23 14:53:29,test,HighSpeedRail,250,17,810.746064717731,3500000000,480000,EVA,1,9,810.745931937365,4,LMMSE,ODDM,3,0.0001736111111111,0.0003472222222222,0.333333333333333,598830.409356725,1.24756335282651,68.2769,0.333333333333333,0.666666666666667,15.0,0.706807660311729
572,2026-08-23 14:53:29,train,HighSpeedRail,150,5,820.011734028791,5900000000,480000,EVA,1,9,820.011599730935,4,MRC,OTFS,3,0.113368055555556,0.207638888888889,1.0,0.0,0.0,13.7944666666667,1.0,0.0,5.66666666666667,0.189398137836862
572,2026-08-23 14:53:29,train,HighSpeedRail,150,5,820.011734028791,5900000000,480000,EVA,1,9,820.011599730935,4,LMMSE,ODDM,3,0.0673611111111111,0.128472222222222,1.0,0.0,0.0,68.0993333333333,1.0,0.0,6.33333333333333,0.183291304703882
573,2026-08-23 14:53:30,val,HighSpeedRail,150,15,820.011734028791,5900000000,480000,EVA,1,9,820.011599730935,4,MRC,OTFS,3,0.0012152777777777,0.0020833333333333,0.333333333333333,600000.0,1.25,10.7759666666667,0.333333333333333,0.666666666666667,14.0,0.685393114785441
573,2026-08-23 14:53:30,val,HighSpeedRail,150,15,820.011734028791,5900000000,480000,EVA,1,9,820.011599730935,4,LMMSE,ODDM,3,0.0017361111111111,0.0034722222222222,0.666666666666667,299415.204678363,0.623781676413255,68.8,0.666666666666667,0.333333333333333,14.0,0.490432913434914
574,2026-08-23 14:53:30,train,HighSpeedRail,350,5,1913.36071273384,5900000000,480000,EVA,1,9,1913.36039937218,4,MRC,OTFS,3,0.112847222222222,0.209027777777778,1.0,0.0,0.0,18.2145333333333,1.0,0.0,5.33333333333333,0.184108017018127
574,2026-08-23 14:53:30,train,HighSpeedRail,350,5,1913.36071273384,5900000000,480000,EVA,1,9,1913.36039937218,4,LMMSE,ODDM,3,0.0736111111111111,0.142361111111111,1.0,0.0,0.0,68.1814333333333,1.0,0.0,6.0,0.178323184908515
575,2026-08-23 14:53:30,train,HighSpeedRail,350,15,1913.36071273384,5900000000,480000,EVA,1,9,1913.36039937218,4,MRC,OTFS,3,0.0020833333333333,0.0041666666666666,0.333333333333333,600000.0,1.25,11.3361333333333,0.333333333333333,0.666666666666667,13.6666666666667,0.672041294014621
575,2026-08-23 14:53:30,train,HighSpeedRail,350,15,1913.36071273384,5900000000,480000,EVA,1,9,1913.36039937218,4,LMMSE,ODDM,3,0.0006944444444444,0.0013888888888888,0.666666666666667,299415.204678363,0.623781676413255,71.8627666666667,0.666666666666667,0.333333333333333,14.6666666666667,0.512603042250228
576,2026-08-23 14:53:30,test,Urban,40,2,218.669795741011,5900000000,480000,EVA,1,9,218.669759928249,4,MRC,OTFS,3,0.170138888888889,0.306597222222222,1.0,0.0,0.0,12.4390666666667,1.0,0.0,4.0,0.16601978174845
576,2026-08-23 14:53:30,test,Urban,40,2,218.669795741011,5900000000,480000,EVA,1,9,218.669759928249,4,LMMSE,ODDM,3,0.132465277777778,0.242361111111111,1.0,0.0,0.0,67.697,1.0,0.0,4.66666666666667,0.154530694932924
577,2026-08-23 14:53:31,test,Urban,40,17,218.669795741011,5900000000,480000,EVA,1,9,218.669759928249,4,MRC,OTFS,3,0.0,0.0,0.0,900000.0,1.875,11.5863333333333,0.0,1.0,15.0,0.988121443238642
577,2026-08-23 14:53:31,test,Urban,40,17,218.669795741011,5900000000,480000,EVA,1,9,218.669759928249,4,LMMSE,ODDM,3,0.0,0.0,0.0,898245.614035088,1.87134502923977,69.9244,0.0,1.0,15.0,0.964062702678718
578,2026-08-23 14:53:31,test,HighSpeedRail,250,2,1366.68622338132,5900000000,480000,EVA,1,9,1366.68599955156,4,MRC,OTFS,3,0.198090277777778,0.355902777777778,1.0,0.0,0.0,14.5068666666667,1.0,0.0,4.0,0.162300749786989
578,2026-08-23 14:53:31,test,HighSpeedRail,250,2,1366.68622338132,5900000000,480000,EVA,1,9,1366.68599955156,4,LMMSE,ODDM,3,0.136805555555556,0.255555555555556,1.0,0.0,0.0,66.5875666666667,1.0,0.0,4.66666666666667,0.154343819889354
579,2026-08-23 14:53:31,test,HighSpeedRail,250,17,1366.68622338132,5900000000,480000,EVA,1,9,1366.68599955156,4,MRC,OTFS,3,0.0006944444444444,0.0013888888888888,0.333333333333333,600000.0,1.25,10.868,0.333333333333333,0.666666666666667,14.3333333333333,0.698809440604731
579,2026-08-23 14:53:31,test,HighSpeedRail,250,17,1366.68622338132,5900000000,480000,EVA,1,9,1366.68599955156,4,LMMSE,ODDM,3,0.0,0.0,0.0,898245.614035088,1.87134502923977,68.9399666666667,0.0,1.0,15.0,0.964410548413898
