Environment,Speed_kmh,DelayProfile,DelaySpread,NumPaths,DopplerSpread,Modulation,Detector,SNR_dB,BER,SER,PER,EVM_percent,SINR_est_dB,CQI,Throughput_bps,SpectralEfficiency_bps_per_Hz,Runtime_sec,AvgIterations,ScenarioID,Category,FocusMode,Timestamp
Pedestrian,2,EPA,0,7,0.0273354354150626,QPSK,MRC,0,0.226744791666667,0.385755208333333,1,91.0675054400911,0.812731192814131,4,0,0,0.8096554,2,1,LowMobility,0,2026-08-06 15:43:49
Pedestrian,2,EPA,0,7,0.0312319522439121,QPSK,MRC,5,0.0797135416666667,0.144401041666667,1,45.2556997012348,6.88653432125951,7,0,0,0.3726657,2,1,LowMobility,0,2026-08-06 15:43:50
Pedestrian,2,EPA,0,7,0.0302476229298586,QPSK,MRC,10,0.0721875,0.12921875,0.8,37.9679994878084,8.41164569970812,8,360000,0.375,0.3656427,2,1,LowMobility,0,2026-08-06 15:43:50
Pedestrian,2,EPA,0,7,0.0313363270858584,QPSK,MRC,15,0.00118489583333333,0.00234375,0.3,2.84259162419908,30.9257105592407,15,1260000,1.3125,0.2972198,2,1,LowMobility,0,2026-08-06 15:43:50
Pedestrian,2,EPA,0,7,0.0316266331995314,QPSK,MRC,20,0.00829427083333333,0.0158854166666667,0.2,6.07365433795156,24.3309985631128,15,1440000,1.5,0.2797962,2,1,LowMobility,0,2026-08-06 15:43:51
Pedestrian,2,EPA,0,7,0.0316268027797492,QPSK,MRC,25,0,0,0,0,160,15,1800000,1.875,0.2679209,2,1,LowMobility,0,2026-08-06 15:43:51
Pedestrian,2,EPA,0,7,0.0305104748020825,QPSK,MRC,30,0,0,0,0,160,15,1800000,1.875,0.2866944,2,1,LowMobility,0,2026-08-06 15:43:51
Pedestrian,2,EPA,0,7,0.0315955360900087,QPSK,LMMSE,0,0.17109375,0.308098958333333,1,80.8331460975953,1.84821035493697,4,0,0,0.1647447,1,1,LowMobility,0,2026-08-06 15:43:51
Pedestrian,2,EPA,0,7,0.0314040206604692,QPSK,LMMSE,5,0.0661979166666667,0.122421875,0.9,40.4429559536464,7.86314219147148,7,180000,0.1875,0.056176,1,1,LowMobility,0,2026-08-06 15:43:51
Pedestrian,2,EPA,0,7,0.0303026514242457,QPSK,LMMSE,10,0.0220442708333333,0.0409375,0.7,15.6504011589063,16.1094905184318,11,540000,0.5625,0.0559736,1,1,LowMobility,0,2026-08-06 15:43:51
Pedestrian,2,EPA,0,7,0.0315879654292643,QPSK,LMMSE,15,0.000104166666666667,0.000208333333333333,0.2,0.832025096718379,41.5972714741393,15,1440000,1.5,0.0542032,1,1,LowMobility,0,2026-08-06 15:43:51
Pedestrian,2,EPA,0,7,0.0302277443999443,QPSK,LMMSE,20,0.000572916666666667,0.00114583333333333,0.2,1.85659120058356,34.6256742448098,15,1440000,1.5,0.0552636,1,1,LowMobility,0,2026-08-06 15:43:52
Pedestrian,2,EPA,0,7,0.0272807126588226,QPSK,LMMSE,25,0.0100911458333333,0.0194270833333333,0.1,6.35331278415704,23.9399952619724,15,1620000,1.6875,0.0527121,1,1,LowMobility,0,2026-08-06 15:43:52
Pedestrian,2,EPA,0,7,0.0302880111309084,QPSK,LMMSE,30,6.51041666666667e-05,0.000130208333333333,0.1,0.510310363079829,45.8433122436753,15,1620000,1.6875,0.0516429,1,1,LowMobility,0,2026-08-06 15:43:52
Pedestrian,2,EPA,0,7,0.0315010503063465,QPSK,MPA,0,0.276223958333333,0.47546875,1,104.741475545658,-0.402373754651598,3,0,0,0.1324987,10,1,LowMobility,0,2026-08-06 15:43:52
Pedestrian,2,EPA,0,7,0.0303124557191092,QPSK,MPA,5,0.1609765625,0.291770833333333,1,78.5356462468228,2.09866356459431,4,0,0,0.0837527,10,1,LowMobility,0,2026-08-06 15:43:52
Pedestrian,2,EPA,0,7,0.0310222007686279,QPSK,MPA,10,0.124947916666667,0.231015625,1,69.2625769714462,3.19002708401324,5,0,0,0.082169,10,1,LowMobility,0,2026-08-06 15:43:52
Pedestrian,2,EPA,0,7,0.0309067966381556,QPSK,MPA,15,0.0764713541666667,0.146848958333333,1,54.996358168792,5.19332136632014,6,0,0,0.0807637,10,1,LowMobility,0,2026-08-06 15:43:52
Pedestrian,2,EPA,0,7,0.0296085030299109,QPSK,MPA,20,0.0649088541666667,0.126302083333333,1,50.9152411255764,5.8630439029935,6,0,0,0.0871009,10,1,LowMobility,0,2026-08-06 15:43:52
Pedestrian,2,EPA,0,7,0.0313882275592339,QPSK,MPA,25,0.0640364583333333,0.124765625,1,50.5558291641628,5.92457524740333,7,0,0,0.0902902,10,1,LowMobility,0,2026-08-06 15:43:52
Pedestrian,2,EPA,0,7,0.0271003924019525,QPSK,MPA,30,0.0585026041666667,0.113697916666667,1,48.3672600437922,6.30897028512968,7,0,0,0.0866075,10,1,LowMobility,0,2026-08-06 15:43:52
Pedestrian,2,EPA,0,7,0.0314388373680545,16QAM,MRC,0,0.3456640625,0.791953125,1,100.891100656527,-0.0770571986300129,3,0,0,0.2916214,2,1,LowMobility,0,2026-08-06 15:43:53
Pedestrian,2,EPA,0,7,0.0303744431984296,16QAM,MRC,5,0.18099609375,0.497369791666667,1,59.5437467273078,4.50327682616764,6,0,0,0.295265,2,1,LowMobility,0,2026-08-06 15:43:53
Pedestrian,2,EPA,0,7,0.0309392013948634,16QAM,MRC,10,0.153294270833333,0.443177083333333,1,50.6837843942021,5.90261930428067,7,0,0,0.3201631,2,1,LowMobility,0,2026-08-06 15:43:53
Pedestrian,2,EPA,0,7,0.0300351884846546,16QAM,MRC,15,0.0199674479166667,0.076484375,0.8,13.7190466935391,17.2535213150339,12,720000,0.75,0.3304962,2,1,LowMobility,0,2026-08-06 15:43:54
Pedestrian,2,EPA,0,7,0.0262510099628918,16QAM,MRC,20,0.00871744791666667,0.0331770833333333,0.5,6.70267627970947,23.4750351058771,15,1800000,1.875,0.2963751,2,1,LowMobility,0,2026-08-06 15:43:54
Pedestrian,2,EPA,0,7,0.027038680068525,16QAM,MRC,25,0,0,0,0,160,15,3600000,3.75,0.2749043,2,1,LowMobility,0,2026-08-06 15:43:54
Pedestrian,2,EPA,0,7,0.0311808556539245,16QAM,MRC,30,0,0,0,0,160,15,3600000,3.75,0.3165898,2,1,LowMobility,0,2026-08-06 15:43:54
Pedestrian,2,EPA,0,7,0.028982256698356,16QAM,LMMSE,0,0.396595052083333,0.902890625,1,88.6836207268149,1.04313168111582,4,0,0,0.0503912,1,1,LowMobility,0,2026-08-06 15:43:54
Pedestrian,2,EPA,0,7,0.0307823668798887,16QAM,LMMSE,5,0.314303385416667,0.850572916666667,1,72.2959951015054,2.81771520306957,5,0,0,0.0517903,1,1,LowMobility,0,2026-08-06 15:43:55
Pedestrian,2,EPA,0,7,0.0315501156565516,16QAM,LMMSE,10,0.247057291666667,0.688515625,1,60.9575046490924,4.29945639088577,5,0,0,0.0555753,1,1,LowMobility,0,2026-08-06 15:43:55
Pedestrian,2,EPA,0,7,0.0316190003709053,16QAM,LMMSE,15,0.110338541666667,0.346536458333333,0.8,33.6753467286049,9.4537584798533,8,720000,0.75,0.0567269,1,1,LowMobility,0,2026-08-06 15:43:55
Pedestrian,2,EPA,0,7,0.0315687084792233,16QAM,LMMSE,20,0.0244075520833333,0.0840364583333333,0.5,10.7694864199469,19.356100140728,13,1800000,1.875,0.0576675,1,1,LowMobility,0,2026-08-06 15:43:55
Pedestrian,2,EPA,0,7,0.0314862960197102,16QAM,LMMSE,25,0.00134765625,0.00536458333333333,0.2,1.78799371898618,34.9526802232677,15,2880000,3,0.0668295,1,1,LowMobility,0,2026-08-06 15:43:55
Pedestrian,2,EPA,0,7,0.0315105959770271,16QAM,LMMSE,30,0.0314908854166667,0.085546875,0.1,7.30175855298583,22.7314506390093,15,3240000,3.375,0.0561215,1,1,LowMobility,0,2026-08-06 15:43:55
Pedestrian,2,EPA,0,7,0.030553151792482,16QAM,MPA,0,0.423639322916667,0.912916666666667,1,94.4776415760145,0.493419129081953,4,0,0,0.1863602,10,1,LowMobility,0,2026-08-06 15:43:55
Pedestrian,2,EPA,0,7,0.0258864517263021,16QAM,MPA,5,0.343072916666667,0.874817708333333,1,78.0056505130583,2.1574787416368,4,0,0,0.1765788,10,1,LowMobility,0,2026-08-06 15:43:55
Pedestrian,2,EPA,0,7,0.0316216598459342,16QAM,MPA,10,0.348723958333333,0.8778125,1,79.0038674324132,2.04703296825569,4,0,0,0.1781327,10,1,LowMobility,0,2026-08-06 15:43:55
Pedestrian,2,EPA,0,7,0.0316216861010619,16QAM,MPA,15,0.33818359375,0.873385416666667,1,76.6891770024373,2.3053184575994,4,0,0,0.1723294,10,1,LowMobility,0,2026-08-06 15:43:56
Pedestrian,2,EPA,0,7,0.030903361533248,16QAM,MPA,20,0.353424479166667,0.8859375,1,80.0468054158948,1.93311991272827,4,0,0,0.1885061,10,1,LowMobility,0,2026-08-06 15:43:56
Pedestrian,2,EPA,0,7,0.0315900292478385,16QAM,MPA,25,0.35328125,0.883619791666667,1,79.7929402101157,1.96071063499585,4,0,0,0.1556864,10,1,LowMobility,0,2026-08-06 15:43:56
Pedestrian,2,EPA,0,7,0.0316208198433416,16QAM,MPA,30,0.3612890625,0.88828125,1,81.3574904610162,1.79204912101345,4,0,0,0.1654364,10,1,LowMobility,0,2026-08-06 15:43:56
Pedestrian,2,EPA,0,7,0.031445123873533,64QAM,MRC,0,0.367282986111111,0.924635416666667,1,88.2440350297438,1.08629283296052,4,0,0,0.3310099,2.3,1,LowMobility,0,2026-08-06 15:43:56
Pedestrian,2,EPA,0,7,0.0295134894437222,64QAM,MRC,5,0.305342881944444,0.878046875,1,66.2572833791759,3.57532749272132,5,0,0,0.3292504,2.3,1,LowMobility,0,2026-08-06 15:43:57
Pedestrian,2,EPA,0,7,0.0313517383820724,64QAM,MRC,10,0.187061631944444,0.684635416666667,1,38.3417182575801,8.32656856830132,8,0,0,0.3095769,2.4,1,LowMobility,0,2026-08-06 15:43:57
Pedestrian,2,EPA,0,7,0.0314583081663342,64QAM,MRC,15,0.0988715277777778,0.404609375,1,24.3406876209927,12.2733431434957,10,0,0,0.3004593,2.1,1,LowMobility,0,2026-08-06 15:43:57
Pedestrian,2,EPA,0,7,0.0314833514745832,64QAM,MRC,20,0.0269921875,0.146458333333333,0.9,10.2531297204448,19.782870959774,13,540000,0.5625,0.3407357,2.5,1,LowMobility,0,2026-08-06 15:43:58
Pedestrian,2,EPA,0,7,0.0312566131610361,64QAM,MRC,25,0.0033203125,0.0195052083333333,0.6,2.46117515780699,32.1771495433996,15,2160000,2.25,0.3457189,2.2,1,LowMobility,0,2026-08-06 15:43:58
Pedestrian,2,EPA,0,7,0.0313526354789375,64QAM,MRC,30,0.0105164930555556,0.0525,0.2,2.52077937227669,31.9693032736651,15,4320000,4.5,0.3135022,2.1,1,LowMobility,0,2026-08-06 15:43:58
Pedestrian,2,EPA,0,7,0.0301306705729024,64QAM,LMMSE,0,0.403932291666667,0.978255208333333,1,87.8397628933495,1.12617690374691,4,0,0,0.0568701,1,1,LowMobility,0,2026-08-06 15:43:58
Pedestrian,2,EPA,0,7,0.0315620014616588,64QAM,LMMSE,5,0.394379340277778,0.975,1,87.0750097949956,1.20212936032595,4,0,0,0.0747205,1,1,LowMobility,0,2026-08-06 15:43:58
Pedestrian,2,EPA,0,7,0.0303551635845125,64QAM,LMMSE,10,0.379982638888889,0.963359375,1,74.8838924808496,2.51223177925124,5,0,0,0.0753516,1,1,LowMobility,0,2026-08-06 15:43:59
Pedestrian,2,EPA,0,7,0.0316248448026257,64QAM,LMMSE,15,0.3494140625,0.940911458333333,1,60.4058996715611,4.37841286013405,6,0,0,0.0667214,1,1,LowMobility,0,2026-08-06 15:43:59
Pedestrian,2,EPA,0,7,0.0296068522526275,64QAM,LMMSE,20,0.269205729166667,0.868828125,1,48.2146610846543,6.33641763356554,7,0,0,0.063547,1,1,LowMobility,0,2026-08-06 15:43:59
Pedestrian,2,EPA,0,7,0.0298393352636432,64QAM,LMMSE,25,0.0758376736111111,0.318619791666667,0.8,14.6839439749638,16.6631456233916,12,1080000,1.125,0.0579126,1,1,LowMobility,0,2026-08-06 15:43:59
Pedestrian,2,EPA,0,7,0.0298062682840758,64QAM,LMMSE,30,0.0978255208333333,0.361458333333333,0.7,20.5524188649828,13.7427411517737,10,1620000,1.6875,0.060043,1,1,LowMobility,0,2026-08-06 15:43:59
Pedestrian,2,EPA,0,7,0.0312050275396565,64QAM,MPA,0,0.426458333333333,0.979348958333333,1,91.2198895080158,0.798209162859318,4,0,0,0.3754118,10,1,LowMobility,0,2026-08-06 15:43:59
Pedestrian,2,EPA,0,7,0.0315619354058422,64QAM,MPA,5,0.398628472222222,0.977135416666667,1,87.5544013389185,1.15444034303052,4,0,0,0.4033758,10,1,LowMobility,0,2026-08-06 15:44:00
Pedestrian,2,EPA,0,7,0.0291080863145786,64QAM,MPA,10,0.374539930555556,0.973098958333333,1,84.111080174604,1.50293579350133,4,0,0,0.4323973,10,1,LowMobility,0,2026-08-06 15:44:00
Pedestrian,2,EPA,0,7,0.0316073316055962,64QAM,MPA,15,0.400208333333333,0.976927083333333,1,86.9393334903709,1.21567387194518,4,0,0,0.4040167,10,1,LowMobility,0,2026-08-06 15:44:00
Pedestrian,2,EPA,0,7,0.030802209553348,64QAM,MPA,20,0.433897569444444,0.97984375,1,92.0551284340379,0.719040234766579,4,0,0,0.3935883,10,1,LowMobility,0,2026-08-06 15:44:01
Pedestrian,2,EPA,0,7,0.0316266713277272,64QAM,MPA,25,0.438888888888889,0.979401041666667,1,93.1900107485996,0.612612763492938,4,0,0,0.3945619,10,1,LowMobility,0,2026-08-06 15:44:01
Pedestrian,2,EPA,0,7,0.026367475495942,64QAM,MPA,30,0.460399305555556,0.982447916666667,1,96.4550495533453,0.313500630334573,4,0,0,0.3922857,10,1,LowMobility,0,2026-08-06 15:44:02
Pedestrian,3,EPA,0,7,0.0448210956072916,QPSK,MRC,0,0.221666666666667,0.381328125,1,90.5091508828427,0.866150188931801,4,0,0,0.2955993,2,2,LowMobility,0,2026-08-06 15:44:02
Pedestrian,3,EPA,0,7,0.0470831299300825,QPSK,MRC,5,0.0824869791666667,0.148125,1,46.8993327965248,6.576666712798,7,0,0,0.2727808,2,2,LowMobility,0,2026-08-06 15:44:02
Pedestrian,3,EPA,0,7,0.0474346244782402,QPSK,MRC,10,0.0246744791666667,0.0480729166666667,1,24.8951935542596,12.0776898567641,10,0,0,0.279903,2,2,LowMobility,0,2026-08-06 15:44:02
Pedestrian,3,EPA,0,7,0.0452161748494706,QPSK,MRC,15,0.000208333333333333,0.000416666666666667,0.3,1.37381708023325,37.2414217696017,15,1260000,1.3125,0.2837099,2,2,LowMobility,0,2026-08-06 15:44:03
Pedestrian,3,EPA,0,7,0.0473181142489784,QPSK,MRC,20,1.30208333333333e-05,2.60416666666667e-05,0.1,0.228217732293819,52.8330122870355,15,1620000,1.6875,0.2720203,2,2,LowMobility,0,2026-08-06 15:44:03
Pedestrian,3,EPA,0,7,0.0474021707492166,QPSK,MRC,25,0,0,0,0,160,15,1800000,1.875,0.2776382,2,2,LowMobility,0,2026-08-06 15:44:03
Pedestrian,3,EPA,0,7,0.0451722872994068,QPSK,MRC,30,0,0,0,0,160,15,1800000,1.875,0.3418974,2,2,LowMobility,0,2026-08-06 15:44:04
Pedestrian,3,EPA,0,7,0.0473618794392187,QPSK,LMMSE,0,0.2013671875,0.350729166666667,1,86.0064653640756,1.30937800619823,4,0,0,0.0522234,1,2,LowMobility,0,2026-08-06 15:44:04
Pedestrian,3,EPA,0,7,0.0474208072401628,QPSK,LMMSE,5,0.061171875,0.111119791666667,0.9,36.1943553044967,8.82718309279418,8,180000,0.1875,0.0506361,1,2,LowMobility,0,2026-08-06 15:44:04
Pedestrian,3,EPA,0,7,0.0474176294200954,QPSK,LMMSE,10,0.0662369791666667,0.11984375,0.8,33.9427469340016,9.38506027630982,8,360000,0.375,0.0581054,1,2,LowMobility,0,2026-08-06 15:44:04
Pedestrian,3,EPA,0,7,0.0473676381767798,QPSK,LMMSE,15,0.00334635416666667,0.00661458333333333,0.4,4.49655914320908,26.9423937988171,15,1080000,1.125,0.0505359,1,2,LowMobility,0,2026-08-06 15:44:04
Pedestrian,3,EPA,0,7,0.0396134039646167,QPSK,LMMSE,20,0.0030859375,0.00606770833333333,0.1,3.5133673306388,29.0855288269345,15,1620000,1.6875,0.0500493,1,2,LowMobility,0,2026-08-06 15:44:04
Pedestrian,3,EPA,0,7,0.0474349074314031,QPSK,LMMSE,25,0,0,0,0,160,15,1800000,1.875,0.0518393,1,2,LowMobility,0,2026-08-06 15:44:04
Pedestrian,3,EPA,0,7,0.0419198775897248,QPSK,LMMSE,30,0.000169270833333333,0.000338541666666667,0.1,0.822850735755479,41.6935787639671,15,1620000,1.6875,0.0510741,1,2,LowMobility,0,2026-08-06 15:44:04
Pedestrian,3,EPA,0,7,0.0458714527008142,QPSK,MPA,0,0.260572916666667,0.448177083333333,1,101.084876591906,-0.0937237045041316,3,0,0,0.0821267,10,2,LowMobility,0,2026-08-06 15:44:04
Pedestrian,3,EPA,0,7,0.0466783724658101,QPSK,MPA,5,0.210807291666667,0.366614583333333,1,89.3736047512329,0.975814501818993,4,0,0,0.0834257,10,2,LowMobility,0,2026-08-06 15:44:04
Pedestrian,3,EPA,0,7,0.0432793787810504,QPSK,MPA,10,0.128515625,0.237864583333333,1,70.3461419005897,3.05519432484941,5,0,0,0.0845201,10,2,LowMobility,0,2026-08-06 15:44:04
Pedestrian,3,EPA,0,7,0.0472237670111233,QPSK,MPA,15,0.0836197916666667,0.160130208333333,1,57.4040618892441,4.82114752009928,6,0,0,0.0812288,10,2,LowMobility,0,2026-08-06 15:44:04
Pedestrian,3,EPA,0,7,0.0471710095562319,QPSK,MPA,20,0.0694401041666667,0.134010416666667,1,52.5731372637655,5.58472212001276,6,0,0,0.0949079,10,2,LowMobility,0,2026-08-06 15:44:04
Pedestrian,3,EPA,0,7,0.046556145318945,QPSK,MPA,25,0.0698567708333333,0.134765625,1,52.3145359761129,5.62755244938806,6,0,0,0.0843103,10,2,LowMobility,0,2026-08-06 15:44:05
Pedestrian,3,EPA,0,7,0.0438954012251028,QPSK,MPA,30,0.0594270833333333,0.115494791666667,1,48.7172952330977,6.24633663162037,7,0,0,0.0863967,10,2,LowMobility,0,2026-08-06 15:44:05
Pedestrian,3,EPA,0,7,0.0471088427185007,16QAM,MRC,0,0.345045572916667,0.77609375,1,102.938293007781,-0.251539244195621,3,0,0,0.2981603,2,2,LowMobility,0,2026-08-06 15:44:05
Pedestrian,3,EPA,0,7,0.0450501013570338,16QAM,MRC,5,0.177044270833333,0.520520833333333,1,55.8708506854458,5.05629432107581,6,0,0,0.29023,2,2,LowMobility,0,2026-08-06 15:44:05
Pedestrian,3,EPA,0,7,0.0468374171457712,16QAM,MRC,10,0.119733072916667,0.360052083333333,1,40.0937026498372,7.93847669682083,7,0,0,0.2678106,2,2,LowMobility,0,2026-08-06 15:44:05
Pedestrian,3,EPA,0,7,0.0431987802157324,16QAM,MRC,15,0.0184830729166667,0.0704166666666667,1,13.1292857074175,17.6351780170762,12,0,0,0.3127425,2,2,LowMobility,0,2026-08-06 15:44:06
Pedestrian,3,EPA,0,7,0.047103204305716,16QAM,MRC,20,0.0126692708333333,0.0489322916666667,0.6,9.47872814463461,20.4649986473803,13,1440000,1.5,0.3155026,2,2,LowMobility,0,2026-08-06 15:44:06
Pedestrian,3,EPA,0,7,0.0400702185080493,16QAM,MRC,25,0.000130208333333333,0.000520833333333333,0.2,0.576225940552018,44.7881438907403,15,2880000,3,0.2987882,2,2,LowMobility,0,2026-08-06 15:44:06
Pedestrian,3,EPA,0,7,0.0474399696070519,16QAM,MRC,30,0.00116536458333333,0.00463541666666667,0.2,1.49975691425982,36.4795825435632,15,2880000,3,0.2803209,2,2,LowMobility,0,2026-08-06 15:44:07
Pedestrian,3,EPA,0,7,0.0456915562173386,16QAM,LMMSE,0,0.36560546875,0.887395833333333,1,82.3532233328945,1.68638795458562,4,0,0,0.0514465,1,2,LowMobility,0,2026-08-06 15:44:07
Pedestrian,3,EPA,0,7,0.0420996239789084,16QAM,LMMSE,5,0.311959635416667,0.843411458333333,1,72.3153105342661,2.81539489045595,5,0,0,0.0542438,1,2,LowMobility,0,2026-08-06 15:44:07
Pedestrian,3,EPA,0,7,0.047125207714067,16QAM,LMMSE,10,0.282786458333333,0.767864583333333,1,68.8059063980555,3.24748559401546,5,0,0,0.0540131,1,2,LowMobility,0,2026-08-06 15:44:07
Pedestrian,3,EPA,0,7,0.0462966084992862,16QAM,LMMSE,15,0.22603515625,0.637890625,1,56.6703741919654,4.93287839443699,6,0,0,0.0564872,1,2,LowMobility,0,2026-08-06 15:44:07
Pedestrian,3,EPA,0,7,0.0464875157952024,16QAM,LMMSE,20,0.00864583333333333,0.0330989583333333,0.5,6.25927434021701,24.0695202632899,15,1800000,1.875,0.0567827,1,2,LowMobility,0,2026-08-06 15:44:07
Pedestrian,3,EPA,0,7,0.0466990309181878,16QAM,LMMSE,25,0.0119856770833333,0.0425520833333333,0.3,5.44517995334286,25.2797552604878,15,2520000,2.625,0.0560209,1,2,LowMobility,0,2026-08-06 15:44:07
Pedestrian,3,EPA,0,7,0.0414880334182211,16QAM,LMMSE,30,0.00015625,0.000625,0.1,0.496852881077584,46.0754437502692,15,3240000,3.375,0.0537339,1,2,LowMobility,0,2026-08-06 15:44:07
Pedestrian,3,EPA,0,7,0.0451291159072785,16QAM,MPA,0,0.38517578125,0.898151041666667,1,86.6123789282803,1.24840065479379,4,0,0,0.1620082,10,2,LowMobility,0,2026-08-06 15:44:07
Pedestrian,3,EPA,0,7,0.0393092646316081,16QAM,MPA,5,0.32365234375,0.860572916666667,1,73.6760125461455,2.65347773658975,5,0,0,0.159508,10,2,LowMobility,0,2026-08-06 15:44:07
Pedestrian,3,EPA,0,7,0.0472839172745543,16QAM,MPA,10,0.319251302083333,0.858385416666667,1,72.9197279637189,2.74309920409222,5,0,0,0.1784354,10,2,LowMobility,0,2026-08-06 15:44:08
Pedestrian,3,EPA,0,7,0.0446910631970159,16QAM,MPA,15,0.332649739583333,0.869296875,1,75.7529516895765,2.41200880700276,5,0,0,0.1804439,10,2,LowMobility,0,2026-08-06 15:44:08
Pedestrian,3,EPA,0,7,0.0469459839069024,16QAM,MPA,20,0.338990885416667,0.875026041666667,1,76.9612224779203,2.27456084871921,4,0,0,0.1673532,10,2,LowMobility,0,2026-08-06 15:44:08
Pedestrian,3,EPA,0,7,0.0467780569739506,16QAM,MPA,25,0.349244791666667,0.881354166666667,1,79.0028766743122,2.04714189544829,4,0,0,0.1636832,10,2,LowMobility,0,2026-08-06 15:44:08
Pedestrian,3,EPA,0,7,0.0461940903870006,16QAM,MPA,30,0.347643229166667,0.879609375,1,78.8111660448779,2.06824493748594,4,0,0,0.1602559,10,2,LowMobility,0,2026-08-06 15:44:08
Pedestrian,3,EPA,0,7,0.0469378354042467,64QAM,MRC,0,0.373081597222222,0.923671875,1,93.2113105108301,0.610627719786099,4,0,0,0.2993262,2.1,2,LowMobility,0,2026-08-06 15:44:09
Pedestrian,3,EPA,0,7,0.0458055924493003,64QAM,MRC,5,0.286888020833333,0.846614583333333,1,63.3084905627766,3.97076082104799,5,0,0,0.2857542,2,2,LowMobility,0,2026-08-06 15:44:09
Pedestrian,3,EPA,0,7,0.0474400431734964,64QAM,MRC,10,0.154661458333333,0.658463541666667,1,32.1142357254431,9.86604818274215,8,0,0,0.3047959,2.2,2,LowMobility,0,2026-08-06 15:44:09
Pedestrian,3,EPA,0,7,0.0469601949212081,64QAM,MRC,15,0.114301215277778,0.4990625,1,26.2071033609656,11.6316195687585,9,0,0,0.3079284,2.4,2,LowMobility,0,2026-08-06 15:44:09
Pedestrian,3,EPA,0,7,0.0470076967589477,64QAM,MRC,20,0.0296831597222222,0.155,1,10.1838992457537,19.8417181203749,13,0,0,0.3194465,2.6,2,LowMobility,0,2026-08-06 15:44:10
Pedestrian,3,EPA,0,7,0.0386573922649797,64QAM,MRC,25,0.0148611111111111,0.079375,0.5,5.46650051503468,25.2458121328303,15,2700000,2.8125,0.2996092,2.3,2,LowMobility,0,2026-08-06 15:44:10
Pedestrian,3,EPA,0,7,0.0409318163058878,64QAM,MRC,30,0.0001171875,0.000703125,0.2,0.320740932417885,49.8769122520796,15,4320000,4.5,0.2825799,2.1,2,LowMobility,0,2026-08-06 15:44:10
Pedestrian,3,EPA,0,7,0.0423730111851682,64QAM,LMMSE,0,0.419674479166667,0.978489583333333,1,90.4886727880848,0.86811563214229,4,0,0,0.0601801,1,2,LowMobility,0,2026-08-06 15:44:10
Pedestrian,3,EPA,0,7,0.0450569051563743,64QAM,LMMSE,5,0.394105902777778,0.975833333333333,1,86.7037567085853,1.23924169927328,4,0,0,0.0632798,1,2,LowMobility,0,2026-08-06 15:44:10
Pedestrian,3,EPA,0,7,0.0474395530895336,64QAM,LMMSE,10,0.374900173611111,0.963489583333333,1,75.1017319400107,2.48700095011196,5,0,0,0.0573975,1,2,LowMobility,0,2026-08-06 15:44:11
Pedestrian,3,EPA,0,7,0.0455611080531907,64QAM,LMMSE,15,0.356462673611111,0.953411458333333,1,68.840648693731,3.24310091831882,5,0,0,0.060995,1,2,LowMobility,0,2026-08-06 15:44:11
Pedestrian,3,EPA,0,7,0.0473749721763921,64QAM,LMMSE,20,0.237973090277778,0.819010416666667,1,40.9334542188406,7.75843210690694,7,0,0,0.0608477,1,2,LowMobility,0,2026-08-06 15:44:11
Pedestrian,3,EPA,0,7,0.0408706862058446,64QAM,LMMSE,25,0.125403645833333,0.429895833333333,0.9,26.1467482974478,11.6516462768783,9,540000,0.5625,0.0602337,1,2,LowMobility,0,2026-08-06 15:44:11
Pedestrian,3,EPA,0,7,0.0473952949454203,64QAM,LMMSE,30,0.0576605902777778,0.171692708333333,0.3,11.2131930353602,19.0054140278866,13,3780000,3.9375,0.0590449,1,2,LowMobility,0,2026-08-06 15:44:11
Pedestrian,3,EPA,0,7,0.0470208191780457,64QAM,MPA,0,0.412764756944444,0.977760416666667,1,89.3317125211426,0.97988680699129,4,0,0,0.3643817,10,2,LowMobility,0,2026-08-06 15:44:11
Pedestrian,3,EPA,0,7,0.0460247176153445,64QAM,MPA,5,0.391740451388889,0.975182291666667,1,86.3654782574036,1.27319635373568,4,0,0,0.3920966,10,2,LowMobility,0,2026-08-06 15:44:12
Pedestrian,3,EPA,0,7,0.0443211838063514,64QAM,MPA,10,0.3772265625,0.971041666666667,1,84.6914944573336,1.44320407100772,4,0,0,0.398984,10,2,LowMobility,0,2026-08-06 15:44:12
Pedestrian,3,EPA,0,7,0.0473823675245179,64QAM,MPA,15,0.396905381944444,0.976458333333333,1,86.4448697909487,1.26521551051799,4,0,0,0.4308802,10,2,LowMobility,0,2026-08-06 15:44:12
Pedestrian,3,EPA,0,7,0.0471159636004538,64QAM,MPA,20,0.431223958333333,0.979114583333333,1,91.799300423156,0.743212568463315,4,0,0,0.4838637,10,2,LowMobility,0,2026-08-06 15:44:13
Pedestrian,3,EPA,0,7,0.0474268870583426,64QAM,MPA,25,0.456532118055556,0.981770833333333,1,96.0385837031901,0.351085063600638,4,0,0,0.4866207,10,2,LowMobility,0,2026-08-06 15:44:13
Pedestrian,3,EPA,0,7,0.0474376127500658,64QAM,MPA,30,0.462469618055556,0.983020833333333,1,96.8239634928698,0.280342869380645,4,0,0,0.4756803,10,2,LowMobility,0,2026-08-06 15:44:14
Pedestrian,0,EPA,0,7,0,QPSK,MRC,0,0.260455729166667,0.445182291666667,1,100.683156195731,-0.0591364253503298,3,0,0,0.330994,2,3,LowMobility,0,2026-08-06 15:44:14
Pedestrian,0,EPA,0,7,0,QPSK,MRC,5,0.158984375,0.276067708333333,1,68.8464438598712,3.2423697506745,5,0,0,0.3136384,2,3,LowMobility,0,2026-08-06 15:44:14
Pedestrian,0,EPA,0,7,0,QPSK,MRC,10,0.0111067708333333,0.0218489583333333,0.8,14.399977163719,16.8327639326488,12,360000,0.375,0.312425,2,3,LowMobility,0,2026-08-06 15:44:15
Pedestrian,0,EPA,0,7,0,QPSK,MRC,15,0.0106640625,0.0201822916666667,0.2,7.57180920170925,22.4160067628622,14,1440000,1.5,0.2969421,2,3,LowMobility,0,2026-08-06 15:44:15
Pedestrian,0,EPA,0,7,0,QPSK,MRC,20,0,0,0,0,160,15,1800000,1.875,0.3059098,2,3,LowMobility,0,2026-08-06 15:44:15
Pedestrian,0,EPA,0,7,0,QPSK,MRC,25,0.000130208333333333,0.000260416666666667,0.2,0.912870929175277,40.7918124604763,15,1440000,1.5,0.3063878,2,3,LowMobility,0,2026-08-06 15:44:16
Pedestrian,0,EPA,0,7,0,QPSK,MRC,30,0,0,0,0,160,15,1800000,1.875,0.2857633,2,3,LowMobility,0,2026-08-06 15:44:16
Pedestrian,0,EPA,0,7,0,QPSK,LMMSE,0,0.181536458333333,0.32109375,1,81.9267626672833,1.73148411860916,4,0,0,0.0323945,1,3,LowMobility,0,2026-08-06 15:44:16
Pedestrian,0,EPA,0,7,0,QPSK,LMMSE,5,0.087890625,0.161145833333333,1,50.1536553943774,5.99394816822376,7,0,0,0.0342409,1,3,LowMobility,0,2026-08-06 15:44:16
Pedestrian,0,EPA,0,7,0,QPSK,LMMSE,10,0.0410286458333333,0.0776302083333333,0.6,28.2129320902754,10.9910355300264,9,720000,0.75,0.0329983,1,3,LowMobility,0,2026-08-06 15:44:16
Pedestrian,0,EPA,0,7,0,QPSK,LMMSE,15,0.0302473958333333,0.0563020833333333,0.5,18.9691303392709,14.4390515873015,11,900000,0.9375,0.0330974,1,3,LowMobility,0,2026-08-06 15:44:16
Pedestrian,0,EPA,0,7,0,QPSK,LMMSE,20,0.0363802083333333,0.0593489583333333,0.2,12.3816319214571,18.1444422149199,12,1440000,1.5,0.0329403,1,3,LowMobility,0,2026-08-06 15:44:16
Pedestrian,0,EPA,0,7,0,QPSK,LMMSE,25,0.000481770833333333,0.000963541666666667,0.1,1.38819427074647,37.1509950463655,15,1620000,1.6875,0.0327383,1,3,LowMobility,0,2026-08-06 15:44:16
Pedestrian,0,EPA,0,7,0,QPSK,LMMSE,30,3.90625e-05,7.8125e-05,0.1,0.395284707521047,48.0617997398389,15,1620000,1.6875,0.034999,1,3,LowMobility,0,2026-08-06 15:44:16
Pedestrian,0,EPA,0,7,0,QPSK,MPA,0,0.298776041666667,0.498776041666667,1,107.871953084156,-0.658170839137218,3,0,0,0.0741238,10,3,LowMobility,0,2026-08-06 15:44:16
Pedestrian,0,EPA,0,7,0,QPSK,MPA,5,0.220872395833333,0.384895833333333,1,91.9777533211244,0.72634405704759,4,0,0,0.0717059,10,3,LowMobility,0,2026-08-06 15:44:16
Pedestrian,0,EPA,0,7,0,QPSK,MPA,10,0.14484375,0.2590625,1,73.1808594682096,2.71204988547991,5,0,0,0.078304,10,3,LowMobility,0,2026-08-06 15:44:16
Pedestrian,0,EPA,0,7,0,QPSK,MPA,15,0.08296875,0.158567708333333,1,57.0383850603925,4.87665558503437,6,0,0,0.0788575,10,3,LowMobility,0,2026-08-06 15:44:17
Pedestrian,0,EPA,0,7,0,QPSK,MPA,20,0.0633333333333333,0.12265625,1,50.230533206245,5.9806442340215,7,0,0,0.0725259,10,3,LowMobility,0,2026-08-06 15:44:17
Pedestrian,0,EPA,0,7,0,QPSK,MPA,25,0.0721484375,0.137291666666667,1,52.4755194021609,5.60086508163786,6,0,0,0.0722646,10,3,LowMobility,0,2026-08-06 15:44:17
Pedestrian,0,EPA,0,7,0,QPSK,MPA,30,0.0613541666666667,0.118932291666667,1,49.4841722860657,6.11067379426853,7,0,0,0.0747,10,3,LowMobility,0,2026-08-06 15:44:17
Pedestrian,0,EPA,0,7,0,16QAM,MRC,0,0.3894140625,0.841510416666667,1,115.343456493777,-1.23985923518259,3,0,0,0.3287694,2,3,LowMobility,0,2026-08-06 15:44:17
Pedestrian,0,EPA,0,7,0,16QAM,MRC,5,0.186875,0.54296875,1,58.0960349466243,4.71707014378149,6,0,0,0.3199224,2,3,LowMobility,0,2026-08-06 15:44:17
Pedestrian,0,EPA,0,7,0,16QAM,MRC,10,0.16427734375,0.454661458333333,1,52.0299969202317,5.67492399621588,6,0,0,0.3031235,2,3,LowMobility,0,2026-08-06 15:44:18
Pedestrian,0,EPA,0,7,0,16QAM,MRC,15,0.04509765625,0.161510416666667,0.9,22.6489961567615,12.8990208383567,10,360000,0.375,0.3009211,2,3,LowMobility,0,2026-08-06 15:44:18
Pedestrian,0,EPA,0,7,0,16QAM,MRC,20,0.0160286458333333,0.0557291666666667,0.6,8.02089056857961,21.9155481765926,14,1440000,1.5,0.2951537,2,3,LowMobility,0,2026-08-06 15:44:18
Pedestrian,0,EPA,0,7,0,16QAM,MRC,25,0.00485677083333333,0.0190104166666667,0.3,4.406386679273,27.1183478863019,15,2520000,2.625,0.3171056,2,3,LowMobility,0,2026-08-06 15:44:19
Pedestrian,0,EPA,0,7,0,16QAM,MRC,30,0,0,0,0,160,15,3600000,3.75,0.3223722,2,3,LowMobility,0,2026-08-06 15:44:19
Pedestrian,0,EPA,0,7,0,16QAM,LMMSE,0,0.380885416666667,0.895911458333333,1,85.7749459061178,1.3327909431815,4,0,0,0.0385692,1,3,LowMobility,0,2026-08-06 15:44:19
Pedestrian,0,EPA,0,7,0,16QAM,LMMSE,5,0.34783203125,0.869869791666667,1,79.2445505984243,2.02061186331603,4,0,0,0.0405179,1,3,LowMobility,0,2026-08-06 15:44:19
Pedestrian,0,EPA,0,7,0,16QAM,LMMSE,10,0.313815104166667,0.841875,1,72.53692823322,2.7888167941381,5,0,0,0.0511481,1,3,LowMobility,0,2026-08-06 15:44:19
Pedestrian,0,EPA,0,7,0,16QAM,LMMSE,15,0.149641927083333,0.464713541666667,1,43.6136181664674,7.20755765907888,7,0,0,0.0498939,1,3,LowMobility,0,2026-08-06 15:44:19
Pedestrian,0,EPA,0,7,0,16QAM,LMMSE,20,0.0501041666666667,0.158463541666667,0.6,16.585919369279,15.6052090045199,11,1440000,1.5,0.0487163,1,3,LowMobility,0,2026-08-06 15:44:19
Pedestrian,0,EPA,0,7,0,16QAM,LMMSE,25,0.00347005208333333,0.0135416666666667,0.4,3.67596068408391,28.6925828443949,15,2160000,2.25,0.0447016,1,3,LowMobility,0,2026-08-06 15:44:19
Pedestrian,0,EPA,0,7,0,16QAM,LMMSE,30,6.51041666666667e-06,2.60416666666667e-05,0.1,0.101492772449556,59.871297676599,15,3240000,3.375,0.0452799,1,3,LowMobility,0,2026-08-06 15:44:19
Pedestrian,0,EPA,0,7,0,16QAM,MPA,0,0.35224609375,0.880260416666667,1,79.7449478686392,1.96593643056243,4,0,0,0.1833957,10,3,LowMobility,0,2026-08-06 15:44:19
Pedestrian,0,EPA,0,7,0,16QAM,MPA,5,0.341184895833333,0.873151041666667,1,77.0161583129243,2.26836296929283,4,0,0,0.1808315,10,3,LowMobility,0,2026-08-06 15:44:20
Pedestrian,0,EPA,0,7,0,16QAM,MPA,10,0.321295572916667,0.861875,1,73.2974185802804,2.69822640515318,5,0,0,0.1778431,10,3,LowMobility,0,2026-08-06 15:44:20
Pedestrian,0,EPA,0,7,0,16QAM,MPA,15,0.334270833333333,0.871588541666667,1,76.1767974622105,2.36354578806323,4,0,0,0.1763751,10,3,LowMobility,0,2026-08-06 15:44:20
Pedestrian,0,EPA,0,7,0,16QAM,MPA,20,0.350325520833333,0.883411458333333,1,79.4142665302848,2.00202941775273,4,0,0,0.1923124,10,3,LowMobility,0,2026-08-06 15:44:20
Pedestrian,0,EPA,0,7,0,16QAM,MPA,25,0.358678385416667,0.884088541666667,1,81.4253792064561,1.78480420407654,4,0,0,0.1769101,10,3,LowMobility,0,2026-08-06 15:44:20
Pedestrian,0,EPA,0,7,0,16QAM,MPA,30,0.36470703125,0.893229166666667,1,82.3454921471054,1.68720340996291,4,0,0,0.182692,10,3,LowMobility,0,2026-08-06 15:44:21
Pedestrian,0,EPA,0,7,0,64QAM,MRC,0,0.389322916666667,0.936458333333333,1,98.6798973089995,0.115426222591728,3,0,0,0.3663843,2.2,3,LowMobility,0,2026-08-06 15:44:21
Pedestrian,0,EPA,0,7,0,64QAM,MRC,5,0.286076388888889,0.848255208333333,1,63.1026101485021,3.99905352838299,5,0,0,0.308284,2,3,LowMobility,0,2026-08-06 15:44:21
Pedestrian,0,EPA,0,7,0,64QAM,MRC,10,0.19375,0.694270833333333,1,44.7123375856184,6.99145248767763,7,0,0,0.3263625,2.4,3,LowMobility,0,2026-08-06 15:44:22
Pedestrian,0,EPA,0,7,0,64QAM,MRC,15,0.117348090277778,0.479296875,1,25.8890459721022,11.7376790659921,10,0,0,0.3224204,2.3,3,LowMobility,0,2026-08-06 15:44:22
Pedestrian,0,EPA,0,7,0,64QAM,MRC,20,0.0290798611111111,0.155520833333333,0.9,10.0642495686062,19.9443720466314,13,540000,0.5625,0.3295396,2.3,3,LowMobility,0,2026-08-06 15:44:22
Pedestrian,0,EPA,0,7,0,64QAM,MRC,25,0.05265625,0.245078125,0.9,13.3619412871349,17.4826088176834,12,540000,0.5625,0.3266684,2.2,3,LowMobility,0,2026-08-06 15:44:23
Pedestrian,0,EPA,0,7,0,64QAM,MRC,30,0.0134331597222222,0.07296875,0.4,4.66388955965422,26.6250348433712,15,3240000,3.375,0.3138497,2,3,LowMobility,0,2026-08-06 15:44:23
Pedestrian,0,EPA,0,7,0,64QAM,LMMSE,0,0.423858506944444,0.979505208333333,1,90.7403941490838,0.843986772416048,4,0,0,0.0387563,1,3,LowMobility,0,2026-08-06 15:44:23
Pedestrian,0,EPA,0,7,0,64QAM,LMMSE,5,0.392664930555556,0.972994791666667,1,86.2869126824593,1.28110139295008,4,0,0,0.0383247,1,3,LowMobility,0,2026-08-06 15:44:23
Pedestrian,0,EPA,0,7,0,64QAM,LMMSE,10,0.375824652777778,0.966536458333333,1,79.1484415375457,2.03115264276849,4,0,0,0.0415048,1,3,LowMobility,0,2026-08-06 15:44:23
Pedestrian,0,EPA,0,7,0,64QAM,LMMSE,15,0.349835069444444,0.955052083333333,1,73.9540561049329,2.62076003153449,5,0,0,0.0390845,1,3,LowMobility,0,2026-08-06 15:44:23
Pedestrian,0,EPA,0,7,0,64QAM,LMMSE,20,0.268098958333333,0.78015625,1,51.9457597381318,5.68899795058252,6,0,0,0.0400623,1,3,LowMobility,0,2026-08-06 15:44:23
Pedestrian,0,EPA,0,7,0,64QAM,LMMSE,25,0.178650173611111,0.621432291666667,1,35.3713256420565,9.02697326893447,8,0,0,0.0411395,1,3,LowMobility,0,2026-08-06 15:44:23
Pedestrian,0,EPA,0,7,0,64QAM,LMMSE,30,0.00781684027777778,0.0414583333333333,0.2,2.33458484618453,32.6358067562728,15,4320000,4.5,0.0437141,1,3,LowMobility,0,2026-08-06 15:44:23
Pedestrian,0,EPA,0,7,0,64QAM,MPA,0,0.411276041666667,0.978203125,1,89.0969135761104,1.00274680368015,4,0,0,0.48951,10,3,LowMobility,0,2026-08-06 15:44:24
Pedestrian,0,EPA,0,7,0,64QAM,MPA,5,0.372743055555556,0.970651041666667,1,84.2741098759297,1.48611651817802,4,0,0,0.4614507,10,3,LowMobility,0,2026-08-06 15:44:24
Pedestrian,0,EPA,0,7,0,64QAM,MPA,10,0.382599826388889,0.973411458333333,1,85.232069667629,1.38793931144432,4,0,0,0.4682609,10,3,LowMobility,0,2026-08-06 15:44:25
Pedestrian,0,EPA,0,7,0,64QAM,MPA,15,0.418654513888889,0.979453125,1,89.8550594557872,0.929149282203698,4,0,0,0.4585003,10,3,LowMobility,0,2026-08-06 15:44:25
Pedestrian,0,EPA,0,7,0,64QAM,MPA,20,0.426605902777778,0.979739583333333,1,91.0946732966628,0.810140347587416,4,0,0,0.452801,10,3,LowMobility,0,2026-08-06 15:44:25
Pedestrian,0,EPA,0,7,0,64QAM,MPA,25,0.443676215277778,0.980442708333333,1,93.9741667977848,0.53983032355802,4,0,0,0.4537515,10,3,LowMobility,0,2026-08-06 15:44:26
Pedestrian,0,EPA,0,7,0,64QAM,MPA,30,0.466002604166667,0.982265625,1,97.3502510489401,0.23325848348941,4,0,0,0.4555145,10,3,LowMobility,0,2026-08-06 15:44:26
Pedestrian,2,EPA,0,7,0.03159867738849,QPSK,MRC,0,0.237747395833333,0.405416666666667,1,93.9022546659617,0.546479597227289,4,0,0,0.3352052,2,4,LowMobility,0,2026-08-06 15:44:27
Pedestrian,2,EPA,0,7,0.0275392902301683,QPSK,MRC,5,0.0781770833333333,0.144244791666667,1,47.7610058800639,6.41853070475925,7,0,0,0.3344378,2,4,LowMobility,0,2026-08-06 15:44:27
Pedestrian,2,EPA,0,7,0.0307709479518978,QPSK,MRC,10,0.0521223958333333,0.0910677083333333,0.5,26.3702976456379,11.577699364595,9,900000,0.9375,0.2990601,2,4,LowMobility,0,2026-08-06 15:44:27
Pedestrian,2,EPA,0,7,0.0316205573895675,QPSK,MRC,15,0.043359375,0.07078125,0.7,20.2484394141757,13.8721688612621,10,540000,0.5625,0.3030841,2,4,LowMobility,0,2026-08-06 15:44:28
Pedestrian,2,EPA,0,7,0.031622919235733,QPSK,MRC,20,0.000364583333333333,0.000729166666666667,0.2,1.69787840441072,35.4018683099257,15,1440000,1.5,0.3160503,2,4,LowMobility,0,2026-08-06 15:44:28
Pedestrian,2,EPA,0,7,0.0312599921902157,QPSK,MRC,25,0,0,0,0,160,15,1800000,1.875,0.3101651,2,4,LowMobility,0,2026-08-06 15:44:28
Pedestrian,2,EPA,0,7,0.0309742513186301,QPSK,MRC,30,0,0,0,0,160,15,1800000,1.875,0.3029607,2,4,LowMobility,0,2026-08-06 15:44:29
Pedestrian,2,EPA,0,7,0.0316224610433689,QPSK,LMMSE,0,0.225963541666667,0.390260416666667,1,92.7055398459198,0.657886255054786,4,0,0,0.053011,1,4,LowMobility,0,2026-08-06 15:44:29
Pedestrian,2,EPA,0,7,0.0313969702767511,QPSK,LMMSE,5,0.226861979166667,0.390026041666667,1,92.3190687733358,0.694171698290578,4,0,0,0.0527374,1,4,LowMobility,0,2026-08-06 15:44:29
Pedestrian,2,EPA,0,7,0.0316008571240247,QPSK,LMMSE,10,0.0910286458333333,0.156744791666667,0.8,42.0856657597083,7.51731596523241,7,360000,0.375,0.0529412,1,4,LowMobility,0,2026-08-06 15:44:29
Pedestrian,2,EPA,0,7,0.0315501414048557,QPSK,LMMSE,15,0.0105338541666667,0.0200260416666667,0.6,10.31816766086,19.727948390284,13,720000,0.75,0.0537705,1,4,LowMobility,0,2026-08-06 15:44:29
Pedestrian,2,EPA,0,7,0.0308867098105263,QPSK,LMMSE,20,0.000729166666666667,0.00145833333333333,0.2,2.22663605445209,33.0470152593188,15,1440000,1.5,0.0524336,1,4,LowMobility,0,2026-08-06 15:44:29
Pedestrian,2,EPA,0,7,0.0273916170809967,QPSK,LMMSE,25,0,0,0,0,160,15,1800000,1.875,0.0516076,1,4,LowMobility,0,2026-08-06 15:44:29
Pedestrian,2,EPA,0,7,0.0296250253255694,QPSK,LMMSE,30,0,0,0,0,160,15,1800000,1.875,0.0543506,1,4,LowMobility,0,2026-08-06 15:44:29
Pedestrian,2,EPA,0,7,0.0298852870051525,QPSK,MPA,0,0.250026041666667,0.429505208333333,1,98.3929530402051,0.140720097500464,3,0,0,0.0900862,10,4,LowMobility,0,2026-08-06 15:44:29
Pedestrian,2,EPA,0,7,0.031617594544228,QPSK,MPA,5,0.194830729166667,0.3446875,1,86.1722067707897,1.2926557026285,4,0,0,0.0880338,10,4,LowMobility,0,2026-08-06 15:44:29
Pedestrian,2,EPA,0,7,0.0305946754455108,QPSK,MPA,10,0.136770833333333,0.250026041666667,1,71.9200569355804,2.86299954930117,5,0,0,0.0875526,10,4,LowMobility,0,2026-08-06 15:44:29
Pedestrian,2,EPA,0,7,0.031546693805407,QPSK,MPA,15,0.116341145833333,0.216588541666667,1,66.4078622982131,3.55560999378735,5,0,0,0.0925117,10,4,LowMobility,0,2026-08-06 15:44:29
Pedestrian,2,EPA,0,7,0.0312974263754507,QPSK,MPA,20,0.102864583333333,0.190416666666667,1,61.4284409025242,4.2326101448616,5,0,0,0.0936979,10,4,LowMobility,0,2026-08-06 15:44:29
Pedestrian,2,EPA,0,7,0.03077022976285,QPSK,MPA,25,0.066796875,0.128333333333333,1,51.5587979001503,5.75394433661993,6,0,0,0.0944058,10,4,LowMobility,0,2026-08-06 15:44:30
Pedestrian,2,EPA,0,7,0.0302780230926286,QPSK,MPA,30,0.0610546875,0.118697916666667,1,49.3955589635801,6.12624191396094,7,0,0,0.0937456,10,4,LowMobility,0,2026-08-06 15:44:30
Pedestrian,2,EPA,0,7,0.0312547704597841,16QAM,MRC,0,0.320416666666667,0.764869791666667,1,93.4517659942664,0.588249743526813,4,0,0,0.340754,2,4,LowMobility,0,2026-08-06 15:44:30
Pedestrian,2,EPA,0,7,0.0310796339962605,16QAM,MRC,5,0.180279947916667,0.50046875,1,60.7819238756417,4.32451115410744,6,0,0,0.3594151,2,4,LowMobility,0,2026-08-06 15:44:30
Pedestrian,2,EPA,0,7,0.0299924899520035,16QAM,MRC,10,0.1119921875,0.322265625,1,42.0214371219221,7.53058197841672,7,0,0,0.3641833,2,4,LowMobility,0,2026-08-06 15:44:31
Pedestrian,2,EPA,0,7,0.0312613200747407,16QAM,MRC,15,0.030390625,0.11203125,0.9,17.0465442958837,15.3672729731249,11,360000,0.375,0.3397492,2,4,LowMobility,0,2026-08-06 15:44:31
Pedestrian,2,EPA,0,7,0.0316132088729423,16QAM,MRC,20,0.00909505208333333,0.0351302083333333,0.5,6.60051932188211,23.6084378656628,15,1800000,1.875,0.3457882,2,4,LowMobility,0,2026-08-06 15:44:31
Pedestrian,2,EPA,0,7,0.031616550575495,16QAM,MRC,25,0.00531901041666667,0.0204166666666667,0.3,3.96058383505124,28.0448157882997,15,2520000,2.625,0.3715759,2,4,LowMobility,0,2026-08-06 15:44:32
Pedestrian,2,EPA,0,7,0.0293011084322057,16QAM,MRC,30,0.0133854166666667,0.0454947916666667,0.1,4.70437536140385,26.5499606651576,15,3240000,3.375,0.3278602,2,4,LowMobility,0,2026-08-06 15:44:32
Pedestrian,2,EPA,0,7,0.029766002008015,16QAM,LMMSE,0,0.373697916666667,0.893541666666667,1,84.3124225033195,1.48216864340671,4,0,0,0.0658448,1,4,LowMobility,0,2026-08-06 15:44:32
Pedestrian,2,EPA,0,7,0.0316187443387131,16QAM,LMMSE,5,0.32720703125,0.823072916666667,1,75.9539779251487,2.38898951944686,4,0,0,0.0826454,1,4,LowMobility,0,2026-08-06 15:44:32
Pedestrian,2,EPA,0,7,0.0313504145113653,16QAM,LMMSE,10,0.259576822916667,0.712526041666667,1,65.0993614847257,3.72846542219074,5,0,0,0.0770445,1,4,LowMobility,0,2026-08-06 15:44:32
Pedestrian,2,EPA,0,7,0.0265876194021698,16QAM,LMMSE,15,0.13802734375,0.4025,1,38.6576763628284,8.25528508226405,8,0,0,0.0587832,1,4,LowMobility,0,2026-08-06 15:44:32
Pedestrian,2,EPA,0,7,0.0312715954920131,16QAM,LMMSE,20,0.00887369791666667,0.033828125,0.5,6.07722388068842,24.3258952850444,15,1800000,1.875,0.0627676,1,4,LowMobility,0,2026-08-06 15:44:32
Pedestrian,2,EPA,0,7,0.0304185302753238,16QAM,LMMSE,25,0.00231770833333333,0.00911458333333333,0.2,2.71462320788269,31.3258088470529,15,2880000,3,0.0585315,1,4,LowMobility,0,2026-08-06 15:44:32
Pedestrian,2,EPA,0,7,0.0291476963436352,16QAM,LMMSE,30,0.000852864583333333,0.00338541666666667,0.2,1.43028771810194,36.8915318127239,15,2880000,3,0.059429,1,4,LowMobility,0,2026-08-06 15:44:33
Pedestrian,2,EPA,0,7,0.0314266303580506,16QAM,MPA,0,0.389459635416667,0.900364583333333,1,87.3621000725687,1.17353869265722,4,0,0,0.1841831,10,4,LowMobility,0,2026-08-06 15:44:33
Pedestrian,2,EPA,0,7,0.0315569640766095,16QAM,MPA,5,0.35625,0.883151041666667,1,80.2942914636867,1.90630659727759,4,0,0,0.2865128,10,4,LowMobility,0,2026-08-06 15:44:33
Pedestrian,2,EPA,0,7,0.0309644330437279,16QAM,MPA,10,0.325885416666667,0.866171875,1,74.1081866602726,2.60267626551671,5,0,0,0.2962646,10,4,LowMobility,0,2026-08-06 15:44:33
Pedestrian,2,EPA,0,7,0.0276785431804593,16QAM,MPA,15,0.33615234375,0.872369791666667,1,76.5978139135151,2.31567249738582,4,0,0,0.2469358,10,4,LowMobility,0,2026-08-06 15:44:34
Pedestrian,2,EPA,0,7,0.0311200892802957,16QAM,MPA,20,0.34869140625,0.881328125,1,78.975272741271,2.05017731166628,4,0,0,0.2465234,10,4,LowMobility,0,2026-08-06 15:44:34
Pedestrian,2,EPA,0,7,0.0269947055366627,16QAM,MPA,25,0.357825520833333,0.888489583333333,1,80.7285113434284,1.85946111911536,4,0,0,0.2276527,10,4,LowMobility,0,2026-08-06 15:44:34
Pedestrian,2,EPA,0,7,0.0294554955239239,16QAM,MPA,30,0.352415364583333,0.8825,1,80.0125707160006,1.93683551923373,4,0,0,0.2284851,10,4,LowMobility,0,2026-08-06 15:44:34
Pedestrian,2,EPA,0,7,0.0299780627800196,64QAM,MRC,0,0.373350694444444,0.926822916666667,1,90.7023239655143,0.847631706985747,4,0,0,0.4452423,2.4,4,LowMobility,0,2026-08-06 15:44:35
Pedestrian,2,EPA,0,7,0.0315977273410498,64QAM,MRC,5,0.312960069444444,0.872890625,1,73.2029037892898,2.70943382291621,5,0,0,0.4457034,2.1,4,LowMobility,0,2026-08-06 15:44:35
Pedestrian,2,EPA,0,7,0.0310292295985276,64QAM,MRC,10,0.198532986111111,0.683020833333333,1,43.5261923899063,7.22498645302901,7,0,0,0.5220485,2.2,4,LowMobility,0,2026-08-06 15:44:36
Pedestrian,2,EPA,0,7,0.0314171290137196,64QAM,MRC,15,0.135282118055556,0.502447916666667,1,32.0097030462099,9.89436709568069,8,0,0,0.3553249,2.2,4,LowMobility,0,2026-08-06 15:44:36
Pedestrian,2,EPA,0,7,0.03040784454727,64QAM,MRC,20,0.0442274305555556,0.211432291666667,0.9,12.6023411607959,17.9909753535742,12,540000,0.5625,0.3618335,2.6,4,LowMobility,0,2026-08-06 15:44:36
Pedestrian,2,EPA,0,7,0.0312150368695804,64QAM,MRC,25,0.00184895833333333,0.0108854166666667,0.6,2.02842832108049,33.8568066885421,15,2160000,2.25,0.345597,2.3,4,LowMobility,0,2026-08-06 15:44:37
Pedestrian,2,EPA,0,7,0.0314908227323978,64QAM,MRC,30,0.00536892361111111,0.0296875,0.2,1.89874220082879,34.4306799402024,15,4320000,4.5,0.3387869,2.5,4,LowMobility,0,2026-08-06 15:44:37
Pedestrian,2,EPA,0,7,0.0304673462453611,64QAM,LMMSE,0,0.431931423611111,0.97984375,1,92.1287120832151,0.712100000616518,4,0,0,0.0584287,1,4,LowMobility,0,2026-08-06 15:44:37
Pedestrian,2,EPA,0,7,0.0316206623516855,64QAM,LMMSE,5,0.410199652777778,0.977135416666667,1,89.0967356904493,1.00276414543421,4,0,0,0.0613888,1,4,LowMobility,0,2026-08-06 15:44:37
Pedestrian,2,EPA,0,7,0.0314384064812653,64QAM,LMMSE,10,0.375768229166667,0.9615625,1,74.9338889757376,2.50643454945934,5,0,0,0.0636722,1,4,LowMobility,0,2026-08-06 15:44:37
Pedestrian,2,EPA,0,7,0.0305903315467832,64QAM,LMMSE,15,0.371801215277778,0.95796875,1,70.3800640824068,3.05100684134277,5,0,0,0.088965,1,4,LowMobility,0,2026-08-06 15:44:37
Pedestrian,2,EPA,0,7,0.0274215082321943,64QAM,LMMSE,20,0.253736979166667,0.82921875,1,44.7607593163615,6.98205109519335,7,0,0,0.0763313,1,4,LowMobility,0,2026-08-06 15:44:37
Pedestrian,2,EPA,0,7,0.0316140917106283,64QAM,LMMSE,25,0.0200998263888889,0.104010416666667,0.7,6.94399258707903,23.1678150290748,15,1620000,1.6875,0.0806133,1,4,LowMobility,0,2026-08-06 15:44:38
Pedestrian,2,EPA,0,7,0.0315373314762096,64QAM,LMMSE,30,0.018359375,0.0985416666666667,0.4,6.05092315531779,24.3635672485184,15,3240000,3.375,0.0761203,1,4,LowMobility,0,2026-08-06 15:44:38
Pedestrian,2,EPA,0,7,0.0247977230924204,64QAM,MPA,0,0.408828125,0.978072916666667,1,88.7036395002349,1.04117121499067,4,0,0,0.4609764,10,4,LowMobility,0,2026-08-06 15:44:38
Pedestrian,2,EPA,0,7,0.0314700497412371,64QAM,MPA,5,0.385203993055556,0.9740625,1,85.6742151613342,1.34299730671895,4,0,0,0.532244,10,4,LowMobility,0,2026-08-06 15:44:39
Pedestrian,2,EPA,0,7,0.0316097940782007,64QAM,MPA,10,0.379691840277778,0.972760416666667,1,84.9670638339546,1.41498778387214,4,0,0,0.5868581,10,4,LowMobility,0,2026-08-06 15:44:39
Pedestrian,2,EPA,0,7,0.0270184530309938,64QAM,MPA,15,0.405590277777778,0.978177083333333,1,87.7021578637082,1.13979441847804,4,0,0,0.5502929,10,4,LowMobility,0,2026-08-06 15:44:40
Pedestrian,2,EPA,0,7,0.0304324320089661,64QAM,MPA,20,0.440112847222222,0.980104166666667,1,93.5115756088165,0.582692507284199,4,0,0,0.6966914,10,4,LowMobility,0,2026-08-06 15:44:40
Pedestrian,2,EPA,0,7,0.0316200931916529,64QAM,MPA,25,0.453988715277778,0.980989583333333,1,95.3659027217125,0.412137517821086,4,0,0,0.6826335,10,4,LowMobility,0,2026-08-06 15:44:41
Pedestrian,2,EPA,0,7,0.031304970972369,64QAM,MPA,30,0.459418402777778,0.9834375,1,95.9823645802899,0.356171103591355,4,0,0,0.6404582,10,4,LowMobility,0,2026-08-06 15:44:42
Pedestrian,1,EPA,0,7,0.0157092959051443,QPSK,MRC,0,0.267552083333333,0.449244791666667,1,100.02663363741,-0.00231306033961773,3,0,0,0.8472075,2,5,LowMobility,0,2026-08-06 15:44:43
Pedestrian,1,EPA,0,7,0.0156912498810621,QPSK,MRC,5,0.11578125,0.202734375,0.9,53.486386538097,5.43513482825553,6,180000,0.1875,0.8625744,2,5,LowMobility,0,2026-08-06 15:44:43
Pedestrian,1,EPA,0,7,0.0158133982134834,QPSK,MRC,10,0.0993489583333333,0.173359375,0.9,47.4464911372591,6.47591799816826,7,180000,0.1875,0.890729,2,5,LowMobility,0,2026-08-06 15:44:44
Pedestrian,1,EPA,0,7,0.015034445182942,QPSK,MRC,15,0.0176692708333333,0.033515625,0.6,15.6769466847354,16.0947703726939,11,720000,0.75,0.8540562,2,5,LowMobility,0,2026-08-06 15:44:45
Pedestrian,1,EPA,0,7,0.0155930828255001,QPSK,MRC,20,0,0,0,0,160,15,1800000,1.875,0.9082386,2,5,LowMobility,0,2026-08-06 15:44:46
Pedestrian,1,EPA,0,7,0.0153013056518798,QPSK,MRC,25,0,0,0,0,160,15,1800000,1.875,0.8709339,2,5,LowMobility,0,2026-08-06 15:44:47
Pedestrian,1,EPA,0,7,0.0157016169850056,QPSK,MRC,30,0,0,0,0,160,15,1800000,1.875,0.7567687,2,5,LowMobility,0,2026-08-06 15:44:48
Pedestrian,1,EPA,0,7,0.0157148088598278,QPSK,LMMSE,0,0.240846354166667,0.402942708333333,1,92.0384669489478,0.720612476547106,4,0,0,0.1001247,1,5,LowMobility,0,2026-08-06 15:44:48
Pedestrian,1,EPA,0,7,0.0153806869676472,QPSK,LMMSE,5,0.13484375,0.237942708333333,1,63.8412476289264,3.89797268594613,5,0,0,0.0974919,1,5,LowMobility,0,2026-08-06 15:44:48
Pedestrian,1,EPA,0,7,0.0158116275846819,QPSK,LMMSE,10,0.0250520833333333,0.0469270833333333,0.6,16.8127678181761,15.4872156905072,11,720000,0.75,0.1029203,1,5,LowMobility,0,2026-08-06 15:44:48
Pedestrian,1,EPA,0,7,0.0142700853229824,QPSK,LMMSE,15,0.00977864583333333,0.0191666666666667,0.3,9.464843647932,20.4777311171547,13,1260000,1.3125,0.0914895,1,5,LowMobility,0,2026-08-06 15:44:48
Pedestrian,1,EPA,0,7,0.0157368064416803,QPSK,LMMSE,20,0.000677083333333333,0.00135416666666667,0.1,1.64570147151096,35.6729788506875,15,1620000,1.6875,0.1026494,1,5,LowMobility,0,2026-08-06 15:44:48
Pedestrian,1,EPA,0,7,0.0152992152889025,QPSK,LMMSE,25,0,0,0,0,160,15,1800000,1.875,0.0902442,1,5,LowMobility,0,2026-08-06 15:44:48
Pedestrian,1,EPA,0,7,0.0158132321248423,QPSK,LMMSE,30,0,0,0,0,160,15,1800000,1.875,0.1025378,1,5,LowMobility,0,2026-08-06 15:44:48
Pedestrian,1,EPA,0,7,0.0157785005781426,QPSK,MPA,0,0.25921875,0.443229166666667,1,100.123908483499,-0.0107558917730146,3,0,0,0.1753337,10,5,LowMobility,0,2026-08-06 15:44:49
Pedestrian,1,EPA,0,7,0.015812410155904,QPSK,MPA,5,0.163815104166667,0.29671875,1,79.349992636118,2.00906218425537,4,0,0,0.1602177,10,5,LowMobility,0,2026-08-06 15:44:49
Pedestrian,1,EPA,0,7,0.0151631368684661,QPSK,MPA,10,0.1205859375,0.224192708333333,1,67.7959937817379,3.37591937631365,5,0,0,0.1771373,10,5,LowMobility,0,2026-08-06 15:44:49
Pedestrian,1,EPA,0,7,0.0156962248180401,QPSK,MPA,15,0.0826692708333333,0.157734375,1,56.7536170541902,4.92012909093757,6,0,0,0.159002,10,5,LowMobility,0,2026-08-06 15:44:49
Pedestrian,1,EPA,0,7,0.014710393861754,QPSK,MPA,20,0.07546875,0.144947916666667,1,54.7693155033923,5.22925373536158,6,0,0,0.1881668,10,5,LowMobility,0,2026-08-06 15:44:49
Pedestrian,1,EPA,0,7,0.015813152433023,QPSK,MPA,25,0.0591276041666667,0.114895833333333,1,48.6213606467613,6.26345783576404,7,0,0,0.1565616,10,5,LowMobility,0,2026-08-06 15:44:50
Pedestrian,1,EPA,0,7,0.015811306434475,QPSK,MPA,30,0.0600520833333333,0.116796875,1,49.0028056005348,6.19558108434837,7,0,0,0.1641314,10,5,LowMobility,0,2026-08-06 15:44:50
Pedestrian,1,EPA,0,7,0.0143669026767207,16QAM,MRC,0,0.312903645833333,0.761432291666667,1,88.6891473760853,1.04259040450205,4,0,0,0.7928734,2,5,LowMobility,0,2026-08-06 15:44:50
Pedestrian,1,EPA,0,7,0.0154198995026532,16QAM,MRC,5,0.221770833333333,0.614427083333333,1,66.4806084652159,3.54610028632114,5,0,0,0.808855,2,5,LowMobility,0,2026-08-06 15:44:51
Pedestrian,1,EPA,0,7,0.0156056279928523,16QAM,MRC,10,0.0999283854166667,0.312135416666667,1,38.1827623041526,8.36265312175131,8,0,0,0.8230294,2,5,LowMobility,0,2026-08-06 15:44:52
Pedestrian,1,EPA,0,7,0.0155744099248279,16QAM,MRC,15,0.0632682291666667,0.21484375,1,25.0757033183122,12.0149375426387,10,0,0,0.841374,2,5,LowMobility,0,2026-08-06 15:44:53
Pedestrian,1,EPA,0,7,0.0157928864591337,16QAM,MRC,20,0.0141341145833333,0.053125,0.6,8.71127222349556,21.1983682906711,14,1440000,1.5,0.7786716,2,5,LowMobility,0,2026-08-06 15:44:54
Pedestrian,1,EPA,0,7,0.0145447043559051,16QAM,MRC,25,0,0,0,0,160,15,3600000,3.75,0.7439384,2,5,LowMobility,0,2026-08-06 15:44:54
Pedestrian,1,EPA,0,7,0.0155642098221949,16QAM,MRC,30,0.0110481770833333,0.0397916666666667,0.1,4.21918667824342,27.4954251759963,15,3240000,3.375,0.8086794,2,5,LowMobility,0,2026-08-06 15:44:55
Pedestrian,1,EPA,0,7,0.0142587702352736,16QAM,LMMSE,0,0.3799609375,0.893958333333333,1,85.5221162880354,1.35843121659266,4,0,0,0.1004419,1,5,LowMobility,0,2026-08-06 15:44:55
Pedestrian,1,EPA,0,7,0.015467235073469,16QAM,LMMSE,5,0.322630208333333,0.849661458333333,1,74.1992231424679,2.59201283423229,5,0,0,0.1116925,1,5,LowMobility,0,2026-08-06 15:44:55
Pedestrian,1,EPA,0,7,0.0139028681862819,16QAM,LMMSE,10,0.222174479166667,0.664453125,1,58.7936403973338,4.61339296477543,6,0,0,0.1171648,1,5,LowMobility,0,2026-08-06 15:44:56
Pedestrian,1,EPA,0,7,0.0153520495100895,16QAM,LMMSE,15,0.193203125,0.552109375,1,49.1910873854716,6.16227154218991,7,0,0,0.1193557,1,5,LowMobility,0,2026-08-06 15:44:56
Pedestrian,1,EPA,0,7,0.0153219367793644,16QAM,LMMSE,20,0.0568294270833333,0.189348958333333,0.6,19.8083069877572,14.0630528388459,10,1440000,1.5,0.1077585,1,5,LowMobility,0,2026-08-06 15:44:56
Pedestrian,1,EPA,0,7,0.0158061914491343,16QAM,LMMSE,25,0.0453580729166667,0.13546875,0.3,12.0667822598845,18.368170477228,12,2520000,2.625,0.1099007,1,5,LowMobility,0,2026-08-06 15:44:56
Pedestrian,1,EPA,0,7,0.0157655571690705,16QAM,LMMSE,30,0.0313020833333333,0.085234375,0.2,7.55406607796755,22.436384411427,14,2880000,3,0.114488,1,5,LowMobility,0,2026-08-06 15:44:56
Pedestrian,1,EPA,0,7,0.0139551788037283,16QAM,MPA,0,0.380774739583333,0.897265625,1,85.4135481155071,1.36946473958369,4,0,0,0.2620142,10,5,LowMobility,0,2026-08-06 15:44:56
Pedestrian,1,EPA,0,7,0.0155413576636333,16QAM,MPA,5,0.34986328125,0.877890625,1,79.192119010305,2.02636072190669,4,0,0,0.2217054,10,5,LowMobility,0,2026-08-06 15:44:57
Pedestrian,1,EPA,0,7,0.0157746452003395,16QAM,MPA,10,0.330709635416667,0.870390625,1,75.0366434623601,2.49453202093227,5,0,0,0.263701,10,5,LowMobility,0,2026-08-06 15:44:57
Pedestrian,1,EPA,0,7,0.0137876561124963,16QAM,MPA,15,0.336985677083333,0.873385416666667,1,76.667450290256,2.30777959447752,4,0,0,0.2526311,10,5,LowMobility,0,2026-08-06 15:44:57
Pedestrian,1,EPA,0,7,0.0143043552428632,16QAM,MPA,20,0.347083333333333,0.879427083333333,1,78.8142260596706,2.06790769549175,4,0,0,0.2496989,10,5,LowMobility,0,2026-08-06 15:44:57
Pedestrian,1,EPA,0,7,0.0152840383697183,16QAM,MPA,25,0.360598958333333,0.8865625,1,81.4434912079619,1.78287235735284,4,0,0,0.2371436,10,5,LowMobility,0,2026-08-06 15:44:58
Pedestrian,1,EPA,0,7,0.0158056717128518,16QAM,MPA,30,0.363424479166667,0.891276041666667,1,81.9454794347293,1.72949999030239,4,0,0,0.242691,10,5,LowMobility,0,2026-08-06 15:44:58
Pedestrian,1,EPA,0,7,0.0156716383220495,64QAM,MRC,0,0.365889756944444,0.917604166666667,1,92.1731469555735,0.707911693381013,4,0,0,0.9256532,2.5,5,LowMobility,0,2026-08-06 15:44:59
Pedestrian,1,EPA,0,7,0.0157077938876297,64QAM,MRC,5,0.311193576388889,0.879739583333333,1,67.1361548059654,3.46087072806125,5,0,0,0.8948713,2.2,5,LowMobility,0,2026-08-06 15:45:00
Pedestrian,1,EPA,0,7,0.0155756354174986,64QAM,MRC,10,0.208489583333333,0.730182291666667,1,43.7146181029415,7.18746622633511,7,0,0,0.684651,2.2,5,LowMobility,0,2026-08-06 15:45:00
Pedestrian,1,EPA,0,7,0.0157485734605048,64QAM,MRC,15,0.0822265625,0.398229166666667,1,21.2916613856951,13.4358089858991,10,0,0,0.6858449,2.3,5,LowMobility,0,2026-08-06 15:45:01
Pedestrian,1,EPA,0,7,0.0158092931876018,64QAM,MRC,20,0.0538585069444444,0.278046875,0.9,15.6809794443982,16.0925362896479,11,540000,0.5625,0.7595873,2.1,5,LowMobility,0,2026-08-06 15:45:02
Pedestrian,1,EPA,0,7,0.0156746363785429,64QAM,MRC,25,0.00622395833333333,0.0357552083333333,0.5,3.4494482065718,29.2450074319093,15,2700000,2.8125,0.8519333,2.4,5,LowMobility,0,2026-08-06 15:45:03
Pedestrian,1,EPA,0,7,0.0157604804086348,64QAM,MRC,30,3.90625e-05,0.000234375,0.1,0.149355428655288,56.5155797474792,15,4860000,5.0625,0.830506,2.3,5,LowMobility,0,2026-08-06 15:45:03
Pedestrian,1,EPA,0,7,0.0145587953512185,64QAM,LMMSE,0,0.416944444444444,0.979505208333333,1,89.8650356817863,0.928184978261447,4,0,0,0.1211748,1,5,LowMobility,0,2026-08-06 15:45:04
Pedestrian,1,EPA,0,7,0.0150412673776376,64QAM,LMMSE,5,0.407630208333333,0.97625,1,88.8742057837178,1.02448534556197,4,0,0,0.1242569,1,5,LowMobility,0,2026-08-06 15:45:04
Pedestrian,1,EPA,0,7,0.0130892302478421,64QAM,LMMSE,10,0.374340277777778,0.9678125,1,83.3666064917111,1.58015752935391,4,0,0,0.1091523,1,5,LowMobility,0,2026-08-06 15:45:04
Pedestrian,1,EPA,0,7,0.0153886625532087,64QAM,LMMSE,15,0.335238715277778,0.916328125,1,62.136566189509,4.13305501072719,5,0,0,0.1014025,1,5,LowMobility,0,2026-08-06 15:45:04
Pedestrian,1,EPA,0,7,0.0156770179851505,64QAM,LMMSE,20,0.308793402777778,0.897239583333333,1,56.9567199114184,4.88910058594539,6,0,0,0.1139618,1,5,LowMobility,0,2026-08-06 15:45:04
Pedestrian,1,EPA,0,7,0.0156856576879825,64QAM,LMMSE,25,0.0878168402777778,0.346041666666667,1,20.4082128188499,13.8039005101819,10,0,0,0.1210606,1,5,LowMobility,0,2026-08-06 15:45:04
Pedestrian,1,EPA,0,7,0.0154373794158671,64QAM,LMMSE,30,0.0452994791666667,0.184947916666667,0.4,8.85573244601376,21.0555102612297,14,3240000,3.375,0.1215611,1,5,LowMobility,0,2026-08-06 15:45:04
Pedestrian,1,EPA,0,7,0.0153912911084395,64QAM,MPA,0,0.41359375,0.978177083333333,1,89.3142139008128,0.981588397265791,4,0,0,0.6307268,10,5,LowMobility,0,2026-08-06 15:45:05
Pedestrian,1,EPA,0,7,0.0154636724149583,64QAM,MPA,5,0.382556423611111,0.973854166666667,1,85.2935921358947,1.38167189823331,4,0,0,0.6296192,10,5,LowMobility,0,2026-08-06 15:45:06
Pedestrian,1,EPA,0,7,0.0157920669300215,64QAM,MPA,10,0.392417534722222,0.973880208333333,1,86.6878470945722,1.24083565363853,4,0,0,0.5318447,10,5,LowMobility,0,2026-08-06 15:45:06
Pedestrian,1,EPA,0,7,0.0154718367935592,64QAM,MPA,15,0.392495659722222,0.977395833333333,1,85.5633838654411,1.35424096517326,4,0,0,0.6357359,10,5,LowMobility,0,2026-08-06 15:45:07
Pedestrian,1,EPA,0,7,0.0148499978792238,64QAM,MPA,20,0.434483506944444,0.980078125,1,91.8930399897536,0.734347619614241,4,0,0,0.6296822,10,5,LowMobility,0,2026-08-06 15:45:07
Pedestrian,1,EPA,0,7,0.0158120589807825,64QAM,MPA,25,0.4624609375,0.983203125,1,96.7883675801015,0.283536696670892,4,0,0,0.6343925,10,5,LowMobility,0,2026-08-06 15:45:08
Pedestrian,1,EPA,0,7,0.012591427980683,64QAM,MPA,30,0.465338541666667,0.983098958333333,1,97.218065513736,0.245060499022668,4,0,0,0.5861611,10,5,LowMobility,0,2026-08-06 15:45:09
Pedestrian,1,EPA,0,7,0.0155112985907328,QPSK,MRC,0,0.1340234375,0.2440625,1,68.7945768206619,3.24891592996788,5,0,0,0.8020759,2,6,LowMobility,0,2026-08-06 15:45:09
Pedestrian,1,EPA,0,7,0.0151169185559148,QPSK,MRC,5,0.105963541666667,0.179427083333333,1,49.5839391293986,6.09317948512527,7,0,0,0.7834435,2,6,LowMobility,0,2026-08-06 15:45:10
Pedestrian,1,EPA,0,7,0.0155715854991865,QPSK,MRC,10,0.0997395833333333,0.173333333333333,0.9,48.4742868964557,6.28977142186487,7,180000,0.1875,0.7666919,2,6,LowMobility,0,2026-08-06 15:45:11
Pedestrian,1,EPA,0,7,0.0157632069263412,QPSK,MRC,15,0.0440104166666667,0.0772395833333333,0.3,18.6173653653864,14.6016355629387,11,1260000,1.3125,0.6914747,2,6,LowMobility,0,2026-08-06 15:45:12
Pedestrian,1,EPA,0,7,0.0158073844905507,QPSK,MRC,20,0,0,0,0,160,15,1800000,1.875,0.7579301,2,6,LowMobility,0,2026-08-06 15:45:12
Pedestrian,1,EPA,0,7,0.0158081418734664,QPSK,MRC,25,3.90625e-05,7.8125e-05,0.1,0.395284707521047,48.0617997398389,15,1620000,1.6875,0.746217,2,6,LowMobility,0,2026-08-06 15:45:13
Pedestrian,1,EPA,0,7,0.0143415153132129,QPSK,MRC,30,0,0,0,0,160,15,1800000,1.875,0.7084533,2,6,LowMobility,0,2026-08-06 15:45:14
Pedestrian,1,EPA,0,7,0.0156121913983555,QPSK,LMMSE,0,0.290299479166667,0.477994791666667,1,104.154691157547,-0.353576709478359,3,0,0,0.0960942,1,6,LowMobility,0,2026-08-06 15:45:14
Pedestrian,1,EPA,0,7,0.0157794875578524,QPSK,LMMSE,5,0.0836458333333333,0.155598958333333,1,49.8746942001388,6.04239508228413,7,0,0,0.1048516,1,6,LowMobility,0,2026-08-06 15:45:14
Pedestrian,1,EPA,0,7,0.0155123905943377,QPSK,LMMSE,10,0.0701822916666667,0.124401041666667,0.7,34.6244867529372,9.21233311061879,8,540000,0.5625,0.1046301,1,6,LowMobility,0,2026-08-06 15:45:14
Pedestrian,1,EPA,0,7,0.0157624353449096,QPSK,LMMSE,15,0.0130989583333333,0.0253385416666667,0.4,12.0244419181994,18.3987014216953,12,1080000,1.125,0.1117539,1,6,LowMobility,0,2026-08-06 15:45:14
Pedestrian,1,EPA,0,7,0.0156672992030062,QPSK,LMMSE,20,0.0158723958333333,0.02953125,0.1,7.96803509865094,21.9729752308517,14,1620000,1.6875,0.0886066,1,6,LowMobility,0,2026-08-06 15:45:14
Pedestrian,1,EPA,0,7,0.014595847460786,QPSK,LMMSE,25,0,0,0,0,160,15,1800000,1.875,0.0932241,1,6,LowMobility,0,2026-08-06 15:45:14
Pedestrian,1,EPA,0,7,0.015777672954392,QPSK,LMMSE,30,0,0,0,0,160,15,1800000,1.875,0.0990214,1,6,LowMobility,0,2026-08-06 15:45:15
Pedestrian,1,EPA,0,7,0.0155186588557546,QPSK,MPA,0,0.2714453125,0.463645833333333,1,102.922766315135,-0.250229009618236,3,0,0,0.1709104,10,6,LowMobility,0,2026-08-06 15:45:15
Pedestrian,1,EPA,0,7,0.0152718443261673,QPSK,MPA,5,0.2058984375,0.357083333333333,1,88.1794508534295,1.0926522022937,4,0,0,0.1680862,10,6,LowMobility,0,2026-08-06 15:45:15
Pedestrian,1,EPA,0,7,0.0154910252573214,QPSK,MPA,10,0.128802083333333,0.238020833333333,1,70.2239746391486,3.07029186682409,5,0,0,0.1480837,10,6,LowMobility,0,2026-08-06 15:45:15
Pedestrian,1,EPA,0,7,0.0157066797321495,QPSK,MPA,15,0.0825,0.158645833333333,1,57.1531175989428,4.85920149291937,6,0,0,0.1415598,10,6,LowMobility,0,2026-08-06 15:45:15
Pedestrian,1,EPA,0,7,0.0157604994287861,QPSK,MPA,20,0.0671744791666667,0.130260416666667,1,51.7662728951711,5.7190620506932,6,0,0,0.1671429,10,6,LowMobility,0,2026-08-06 15:45:15
Pedestrian,1,EPA,0,7,0.0155462354280716,QPSK,MPA,25,0.06125,0.119166666666667,1,49.445066032936,6.11754077560402,7,0,0,0.1514376,10,6,LowMobility,0,2026-08-06 15:45:16
Pedestrian,1,EPA,0,7,0.0157366948091452,QPSK,MPA,30,0.0595963541666667,0.115885416666667,1,48.8030370302711,6.23106301713947,7,0,0,0.1431415,10,6,LowMobility,0,2026-08-06 15:45:16
Pedestrian,1,EPA,0,7,0.0158107393896777,16QAM,MRC,0,0.364856770833333,0.810442708333333,1,109.503810755561,-0.788584659561941,3,0,0,0.7869934,2,6,LowMobility,0,2026-08-06 15:45:16
Pedestrian,1,EPA,0,7,0.015813408598151,16QAM,MRC,5,0.191048177083333,0.538385416666667,1,60.2269000073402,4.40418980428026,6,0,0,0.8700429,2,6,LowMobility,0,2026-08-06 15:45:17
Pedestrian,1,EPA,0,7,0.0157931479237258,16QAM,MRC,10,0.125130208333333,0.386953125,1,43.078294397452,7.31483000183519,7,0,0,0.7749786,2,6,LowMobility,0,2026-08-06 15:45:18
Pedestrian,1,EPA,0,7,0.0148106409521301,16QAM,MRC,15,0.061484375,0.187369791666667,0.8,24.2106517613195,12.3198703800753,10,720000,0.75,0.7975872,2,6,LowMobility,0,2026-08-06 15:45:19
Pedestrian,1,EPA,0,7,0.0157998729501853,16QAM,MRC,20,0.00868489583333333,0.033125,0.7,6.58682256110823,23.6264807125558,15,1080000,1.125,0.7429487,2,6,LowMobility,0,2026-08-06 15:45:20
Pedestrian,1,EPA,0,7,0.0147323849139613,16QAM,MRC,25,0.000338541666666667,0.00135416666666667,0.3,1.06743835279489,39.4331439431847,15,2520000,2.625,0.7972294,2,6,LowMobility,0,2026-08-06 15:45:20
Pedestrian,1,EPA,0,7,0.013536742244633,16QAM,MRC,30,6.51041666666667e-06,2.60416666666667e-05,0.1,0.101628955205949,59.8596507830487,15,3240000,3.375,0.8161296,2,6,LowMobility,0,2026-08-06 15:45:21
Pedestrian,1,EPA,0,7,0.0142589393871684,16QAM,LMMSE,0,0.3847265625,0.893411458333333,1,86.9194414111188,1.21766146682968,4,0,0,0.0941709,1,6,LowMobility,0,2026-08-06 15:45:21
Pedestrian,1,EPA,0,7,0.0152982815635398,16QAM,LMMSE,5,0.3207421875,0.8509375,1,74.1700127199827,2.59543293015435,5,0,0,0.0971649,1,6,LowMobility,0,2026-08-06 15:45:21
Pedestrian,1,EPA,0,7,0.0149327799748338,16QAM,LMMSE,10,0.281848958333333,0.772109375,1,68.6792316746976,3.26349144008427,5,0,0,0.0855743,1,6,LowMobility,0,2026-08-06 15:45:22
Pedestrian,1,EPA,0,7,0.0155854012087371,16QAM,LMMSE,15,0.163190104166667,0.465677083333333,0.9,44.6588421130402,7.00185082477045,7,360000,0.375,0.1137,1,6,LowMobility,0,2026-08-06 15:45:22
Pedestrian,1,EPA,0,7,0.0156543434261852,16QAM,LMMSE,20,0.003671875,0.0145572916666667,0.8,4.72225550797746,26.5170103633474,15,720000,0.75,0.0991732,1,6,LowMobility,0,2026-08-06 15:45:22
Pedestrian,1,EPA,0,7,0.01569092075137,16QAM,LMMSE,25,0.0353059895833333,0.101223958333333,0.4,10.7649343199902,19.3597723117989,13,2160000,2.25,0.1072727,1,6,LowMobility,0,2026-08-06 15:45:22
Pedestrian,1,EPA,0,7,0.0158038051052644,16QAM,LMMSE,30,0.0334440104166667,0.101822916666667,0.3,10.5008266835726,19.5755301900655,13,2520000,2.625,0.1023942,1,6,LowMobility,0,2026-08-06 15:45:22
Pedestrian,1,EPA,0,7,0.014981402157418,16QAM,MPA,0,0.377819010416667,0.898359375,1,84.6355670180609,1.44894183765523,4,0,0,0.283184,10,6,LowMobility,0,2026-08-06 15:45:22
Pedestrian,1,EPA,0,7,0.0156789748388816,16QAM,MPA,5,0.329772135416667,0.864010416666667,1,75.1129136786335,2.48570782256878,5,0,0,0.2813857,10,6,LowMobility,0,2026-08-06 15:45:23
Pedestrian,1,EPA,0,7,0.0143856968830973,16QAM,MPA,10,0.32044921875,0.86125,1,73.4816583848917,2.67642101594734,5,0,0,0.2695517,10,6,LowMobility,0,2026-08-06 15:45:23
Pedestrian,1,EPA,0,7,0.0151197428653155,16QAM,MPA,15,0.3396484375,0.877317708333333,1,76.7875557230741,2.29418313028242,4,0,0,0.2601878,10,6,LowMobility,0,2026-08-06 15:45:23
Pedestrian,1,EPA,0,7,0.0157582838869486,16QAM,MPA,20,0.342278645833333,0.877395833333333,1,77.8986610036215,2.16940014660938,4,0,0,0.2612375,10,6,LowMobility,0,2026-08-06 15:45:23
Pedestrian,1,EPA,0,7,0.0131371509838713,16QAM,MPA,25,0.359134114583333,0.886927083333333,1,81.099415579774,1.81964550798249,4,0,0,0.2555325,10,6,LowMobility,0,2026-08-06 15:45:24
Pedestrian,1,EPA,0,7,0.0158049265786496,16QAM,MPA,30,0.364361979166667,0.889453125,1,82.1972041672875,1.70285908359537,4,0,0,0.2315024,10,6,LowMobility,0,2026-08-06 15:45:24
Pedestrian,1,EPA,0,7,0.0157639577896195,64QAM,MRC,0,0.391150173611111,0.937369791666667,1,102.283450322667,-0.196107392721685,3,0,0,0.8432127,2.3,6,LowMobility,0,2026-08-06 15:45:25
Pedestrian,1,EPA,0,7,0.0134188595299622,64QAM,MRC,5,0.311493055555556,0.883020833333333,1,67.2744166826581,3.44300118383743,5,0,0,0.8679142,2.3,6,LowMobility,0,2026-08-06 15:45:26
Pedestrian,1,EPA,0,7,0.015793241793136,64QAM,MRC,10,0.142339409722222,0.599244791666667,1,30.5647508828499,10.2955827912969,8,0,0,0.8990032,2.6,6,LowMobility,0,2026-08-06 15:45:26
Pedestrian,1,EPA,0,7,0.0140055766476776,64QAM,MRC,15,0.0975173611111111,0.41421875,1,22.8855853390707,12.808759504998,10,0,0,0.8180304,2.3,6,LowMobility,0,2026-08-06 15:45:27
Pedestrian,1,EPA,0,7,0.0158056607262926,64QAM,MRC,20,0.0475303819444444,0.198958333333333,1,12.6537622034147,17.9556066261058,12,0,0,0.9053857,2.6,6,LowMobility,0,2026-08-06 15:45:28
Pedestrian,1,EPA,0,7,0.0157040682289265,64QAM,MRC,25,0.00855034722222222,0.048984375,0.6,4.54299191099344,26.8531607293207,15,2160000,2.25,0.7718907,2.3,6,LowMobility,0,2026-08-06 15:45:29
Pedestrian,1,EPA,0,7,0.0158020072165414,64QAM,MRC,30,4.34027777777778e-06,2.60416666666667e-05,0.1,0.0496022958854781,66.0899644269225,15,4860000,5.0625,0.7834875,2.1,6,LowMobility,0,2026-08-06 15:45:30
Pedestrian,1,EPA,0,7,0.0158083120700056,64QAM,LMMSE,0,0.418064236111111,0.978046875,1,90.3603607366591,0.880440879153074,4,0,0,0.1235518,1,6,LowMobility,0,2026-08-06 15:45:30
Pedestrian,1,EPA,0,7,0.0155125712047521,64QAM,LMMSE,5,0.391966145833333,0.971588541666667,1,84.8396233291431,1.4280253666262,4,0,0,0.120819,1,6,LowMobility,0,2026-08-06 15:45:30
Pedestrian,1,EPA,0,7,0.0158113939498941,64QAM,LMMSE,10,0.369869791666667,0.967265625,1,79.15156574622,2.03080979336222,4,0,0,0.118147,1,6,LowMobility,0,2026-08-06 15:45:30
Pedestrian,1,EPA,0,7,0.0157428589016986,64QAM,LMMSE,15,0.352005208333333,0.944010416666667,1,64.9169879834921,3.75283277522016,5,0,0,0.1128176,1,6,LowMobility,0,2026-08-06 15:45:30
Pedestrian,1,EPA,0,7,0.0157583512154846,64QAM,LMMSE,20,0.285260416666667,0.825546875,1,55.0867000289919,5.17906486552146,6,0,0,0.104309,1,6,LowMobility,0,2026-08-06 15:45:30
Pedestrian,1,EPA,0,7,0.0157965330757685,64QAM,LMMSE,25,0.143472222222222,0.512083333333333,1,27.1262248289339,11.3322128605178,9,0,0,0.1009088,1,6,LowMobility,0,2026-08-06 15:45:30
Pedestrian,1,EPA,0,7,0.0125242883918391,64QAM,LMMSE,30,0.0422786458333333,0.127005208333333,0.3,8.09187057181917,21.8390214463348,14,3780000,3.9375,0.098295,1,6,LowMobility,0,2026-08-06 15:45:30
Pedestrian,1,EPA,0,7,0.0156661918847535,64QAM,MPA,0,0.426467013888889,0.979895833333333,1,91.2145629075234,0.798716372582301,4,0,0,0.6321455,10,6,LowMobility,0,2026-08-06 15:45:31
Pedestrian,1,EPA,0,7,0.0149953098090339,64QAM,MPA,5,0.397209201388889,0.976901041666667,1,87.1671210908313,1.1929459484782,4,0,0,0.5458476,10,6,LowMobility,0,2026-08-06 15:45:32
Pedestrian,1,EPA,0,7,0.0157552047158391,64QAM,MPA,10,0.373311631944444,0.970963541666667,1,83.9915817189555,1.51528480167081,4,0,0,0.6357293,10,6,LowMobility,0,2026-08-06 15:45:32
Pedestrian,1,EPA,0,7,0.0155599750116952,64QAM,MPA,15,0.411050347222222,0.977369791666667,1,88.6918307745493,1.04232760627918,4,0,0,0.608578,10,6,LowMobility,0,2026-08-06 15:45:33
Pedestrian,1,EPA,0,7,0.0147453283340922,64QAM,MPA,20,0.428450520833333,0.980078125,1,91.2693520437425,0.793500653651773,4,0,0,0.5624329,10,6,LowMobility,0,2026-08-06 15:45:33
Pedestrian,1,EPA,0,7,0.0157110248394464,64QAM,MPA,25,0.450546875,0.981432291666667,1,94.9588922840394,0.449287203254463,4,0,0,0.6449815,10,6,LowMobility,0,2026-08-06 15:45:34
Pedestrian,1,EPA,0,7,0.0153106019383352,64QAM,MPA,30,0.461966145833333,0.981458333333333,1,96.5889399328573,0.301452006084591,4,0,0,0.6481592,10,6,LowMobility,0,2026-08-06 15:45:35
Pedestrian,2,EPA,0,7,0.0316255725574807,QPSK,MRC,0,0.181549479166667,0.313098958333333,1,77.7174551965426,2.18962857014126,4,0,0,0.8317447,2,7,LowMobility,0,2026-08-06 15:45:36
Pedestrian,2,EPA,0,7,0.0316205885016422,QPSK,MRC,5,0.071171875,0.123854166666667,1,38.7863384619245,8.2264243414034,8,0,0,0.7917724,2,7,LowMobility,0,2026-08-06 15:45:36
Pedestrian,2,EPA,0,7,0.0285120980282678,QPSK,MRC,10,0.00486979166666667,0.00966145833333333,0.4,8.51709957379178,21.394165507372,14,1080000,1.125,0.7867496,2,7,LowMobility,0,2026-08-06 15:45:37
Pedestrian,2,EPA,0,7,0.0274732890390061,QPSK,MRC,15,0.00100260416666667,0.00197916666666667,0.2,2.48201378757733,32.1039162065272,15,1440000,1.5,0.773926,2,7,LowMobility,0,2026-08-06 15:45:38
Pedestrian,2,EPA,0,7,0.0290183347508042,QPSK,MRC,20,9.11458333333333e-05,0.000182291666666667,0.1,0.60380736442456,44.3820318868929,15,1620000,1.6875,0.7814189,2,7,LowMobility,0,2026-08-06 15:45:39
Pedestrian,2,EPA,0,7,0.0314692663043587,QPSK,MRC,25,0,0,0,0,160,15,1800000,1.875,0.7645789,2,7,LowMobility,0,2026-08-06 15:45:40
Pedestrian,2,EPA,0,7,0.0315542448541498,QPSK,MRC,30,0.00421875,0.008359375,0.1,4.10791918128875,27.7275621849694,15,1620000,1.6875,0.7631745,2,7,LowMobility,0,2026-08-06 15:45:40
Pedestrian,2,EPA,0,7,0.0315875778564587,QPSK,LMMSE,0,0.173190104166667,0.308645833333333,1,79.4799369878898,1.9948497174605,4,0,0,0.0940811,1,7,LowMobility,0,2026-08-06 15:45:40
Pedestrian,2,EPA,0,7,0.0315364949077814,QPSK,LMMSE,5,0.0612369791666667,0.115286458333333,1,43.2765091320676,7.27495557070284,7,0,0,0.1073022,1,7,LowMobility,0,2026-08-06 15:45:40
Pedestrian,2,EPA,0,7,0.0314775072566742,QPSK,LMMSE,10,0.0701041666666667,0.123307291666667,0.8,37.6243423065908,8.49062166058122,8,360000,0.375,0.1091609,1,7,LowMobility,0,2026-08-06 15:45:41
Pedestrian,2,EPA,0,7,0.0313209887860483,QPSK,LMMSE,15,0.02328125,0.04390625,0.5,16.2351802409733,15.7908577105463,11,900000,0.9375,0.1132554,1,7,LowMobility,0,2026-08-06 15:45:41
Pedestrian,2,EPA,0,7,0.0314406541939877,QPSK,LMMSE,20,0.0377994791666667,0.06625,0.2,16.5913706162797,15.6023547068793,11,1440000,1.5,0.1172543,1,7,LowMobility,0,2026-08-06 15:45:41
Pedestrian,2,EPA,0,7,0.0314000554282016,QPSK,LMMSE,25,0,0,0,0,160,15,1800000,1.875,0.1213243,1,7,LowMobility,0,2026-08-06 15:45:41
Pedestrian,2,EPA,0,7,0.0315128335457603,QPSK,LMMSE,30,0,0,0,0,160,15,1800000,1.875,0.1200925,1,7,LowMobility,0,2026-08-06 15:45:41
Pedestrian,2,EPA,0,7,0.0314120405641965,QPSK,MPA,0,0.269088541666667,0.458802083333333,1,102.605622209861,-0.223423166358438,3,0,0,0.15337,10,7,LowMobility,0,2026-08-06 15:45:41
Pedestrian,2,EPA,0,7,0.0312162199050152,QPSK,MPA,5,0.161888020833333,0.293671875,1,79.1867996577765,2.02694417467192,4,0,0,0.1567852,10,7,LowMobility,0,2026-08-06 15:45:41
Pedestrian,2,EPA,0,7,0.0315281623605017,QPSK,MPA,10,0.142760416666667,0.257526041666667,1,72.7707210283084,2.76086643943979,5,0,0,0.1536925,10,7,LowMobility,0,2026-08-06 15:45:42
Pedestrian,2,EPA,0,7,0.0299616615526179,QPSK,MPA,15,0.1036328125,0.195677083333333,1,63.6032009810283,3.9304205381591,5,0,0,0.1668767,10,7,LowMobility,0,2026-08-06 15:45:42
Pedestrian,2,EPA,0,7,0.0308489386524371,QPSK,MPA,20,0.102434895833333,0.187161458333333,1,60.3840794820733,4.3815509972736,6,0,0,0.1416116,10,7,LowMobility,0,2026-08-06 15:45:42
Pedestrian,2,EPA,0,7,0.0306155331224518,QPSK,MPA,25,0.0643619791666667,0.124869791666667,1,50.6836862101169,5.90263613050952,7,0,0,0.1666171,10,7,LowMobility,0,2026-08-06 15:45:42
Pedestrian,2,EPA,0,7,0.0304768518521884,QPSK,MPA,30,0.0620572916666667,0.12046875,1,49.7318872918005,6.06730118540895,7,0,0,0.172028,10,7,LowMobility,0,2026-08-06 15:45:42
Pedestrian,2,EPA,0,7,0.0311824935299525,16QAM,MRC,0,0.290358072916667,0.73015625,1,82.9957201923983,1.61888604277914,4,0,0,0.7700876,2,7,LowMobility,0,2026-08-06 15:45:43
Pedestrian,2,EPA,0,7,0.0314472463319055,16QAM,MRC,5,0.273951822916667,0.689713541666667,1,80.10721759088,1.92656705192898,4,0,0,0.7656126,2,7,LowMobility,0,2026-08-06 15:45:44
Pedestrian,2,EPA,0,7,0.0309291538535448,16QAM,MRC,10,0.1516796875,0.452838541666667,1,49.8143550944545,6.05290975527067,7,0,0,0.7840217,2,7,LowMobility,0,2026-08-06 15:45:45
Pedestrian,2,EPA,0,7,0.0311833060644455,16QAM,MRC,15,0.05576171875,0.191588541666667,0.8,23.951107045366,12.4134881647526,10,720000,0.75,0.7994323,2,7,LowMobility,0,2026-08-06 15:45:45
Pedestrian,2,EPA,0,7,0.0314207320763902,16QAM,MRC,20,0.00292317708333333,0.0115104166666667,0.6,4.60703057736194,26.7315781055629,15,1440000,1.5,0.7667711,2,7,LowMobility,0,2026-08-06 15:45:46
Pedestrian,2,EPA,0,7,0.0316264395819915,16QAM,MRC,25,9.11458333333333e-05,0.000364583333333333,0.3,0.585445856207415,44.6502652718718,15,2520000,2.625,0.7638689,2,7,LowMobility,0,2026-08-06 15:45:47
Pedestrian,2,EPA,0,7,0.0314410637327607,16QAM,MRC,30,1.30208333333333e-05,5.20833333333333e-05,0.1,0.143963150149739,56.8349731767981,15,3240000,3.375,0.7594972,2,7,LowMobility,0,2026-08-06 15:45:48
Pedestrian,2,EPA,0,7,0.0314956176757799,16QAM,LMMSE,0,0.38939453125,0.901848958333333,1,87.2612751784011,1.1835688962261,4,0,0,0.0842704,1,7,LowMobility,0,2026-08-06 15:45:48
Pedestrian,2,EPA,0,7,0.0300218456909583,16QAM,LMMSE,5,0.326243489583333,0.853463541666667,1,75.1646155846232,2.47973118628225,5,0,0,0.1059048,1,7,LowMobility,0,2026-08-06 15:45:48
Pedestrian,2,EPA,0,7,0.0303406794773874,16QAM,LMMSE,10,0.2468359375,0.721875,1,62.9375231827114,4.02180704264299,5,0,0,0.1136486,1,7,LowMobility,0,2026-08-06 15:45:48
Pedestrian,2,EPA,0,7,0.0315959314327575,16QAM,LMMSE,15,0.134296875,0.37421875,1,36.7542700201346,8.69384396781047,8,0,0,0.1179001,1,7,LowMobility,0,2026-08-06 15:45:48
Pedestrian,2,EPA,0,7,0.0292754766988381,16QAM,LMMSE,20,0.0135872395833333,0.051875,0.6,9.16396191843216,20.7583344844785,13,1440000,1.5,0.1072779,1,7,LowMobility,0,2026-08-06 15:45:48
Pedestrian,2,EPA,0,7,0.0316246996869238,16QAM,LMMSE,25,0.0162174479166667,0.056171875,0.2,6.49344551270252,23.7504959866824,15,2880000,3,0.1017906,1,7,LowMobility,0,2026-08-06 15:45:48
Pedestrian,2,EPA,0,7,0.0306348517108615,16QAM,LMMSE,30,0,0,0,0,160,15,3600000,3.75,0.1024172,1,7,LowMobility,0,2026-08-06 15:45:48
Pedestrian,2,EPA,0,7,0.0290311938311215,16QAM,MPA,0,0.383912760416667,0.8971875,1,86.2592062872956,1.28389084650795,4,0,0,0.2740282,10,7,LowMobility,0,2026-08-06 15:45:49
Pedestrian,2,EPA,0,7,0.0308450256843795,16QAM,MPA,5,0.33931640625,0.871328125,1,77.4031514803504,2.22482713190731,4,0,0,0.256405,10,7,LowMobility,0,2026-08-06 15:45:49
Pedestrian,2,EPA,0,7,0.0316261607723155,16QAM,MPA,10,0.328014322916667,0.863932291666667,1,74.5270136093583,2.5537256228824,5,0,0,0.2513842,10,7,LowMobility,0,2026-08-06 15:45:49
Pedestrian,2,EPA,0,7,0.0243002458350434,16QAM,MPA,15,0.336953125,0.874921875,1,76.6450465354889,2.31031815521848,4,0,0,0.2250665,10,7,LowMobility,0,2026-08-06 15:45:49
Pedestrian,2,EPA,0,7,0.0303653181326657,16QAM,MPA,20,0.349095052083333,0.881536458333333,1,79.0192855995731,2.04533802044295,4,0,0,0.2764607,10,7,LowMobility,0,2026-08-06 15:45:50
Pedestrian,2,EPA,0,7,0.0310340180266685,16QAM,MPA,25,0.352936197916667,0.882161458333333,1,79.8211799371653,1.95763713304132,4,0,0,0.2328298,10,7,LowMobility,0,2026-08-06 15:45:50
Pedestrian,2,EPA,0,7,0.0301489105204134,16QAM,MPA,30,0.3625390625,0.88921875,1,81.8713222684904,1.73736390901066,4,0,0,0.2320916,10,7,LowMobility,0,2026-08-06 15:45:50
Pedestrian,2,EPA,0,7,0.0308721509007709,64QAM,MRC,0,0.373980034722222,0.926276041666667,1,92.2287715595371,0.702671518118916,4,0,0,0.8479755,2.4,7,LowMobility,0,2026-08-06 15:45:51
Pedestrian,2,EPA,0,7,0.0315612394776824,64QAM,MRC,5,0.303611111111111,0.872421875,1,69.0101812868275,3.22173663438534,5,0,0,0.744437,2,7,LowMobility,0,2026-08-06 15:45:52
Pedestrian,2,EPA,0,7,0.0313510334875731,64QAM,MRC,10,0.203515625,0.666119791666667,1,45.6347054890453,6.81409495828987,7,0,0,0.8419111,2.3,7,LowMobility,0,2026-08-06 15:45:53
Pedestrian,2,EPA,0,7,0.0279684324257411,64QAM,MRC,15,0.1388671875,0.554244791666667,1,29.8188667077216,10.5101773262693,9,0,0,0.8011732,2.1,7,LowMobility,0,2026-08-06 15:45:53
Pedestrian,2,EPA,0,7,0.0315496705732332,64QAM,MRC,20,0.0343098958333333,0.183359375,1,12.4063875183712,18.1270931520204,12,0,0,0.8348146,2.1,7,LowMobility,0,2026-08-06 15:45:54
Pedestrian,2,EPA,0,7,0.0313827744475209,64QAM,MRC,25,0.0451605902777778,0.204635416666667,0.6,11.5329206801515,18.7612138980855,13,2160000,2.25,0.8836238,2.3,7,LowMobility,0,2026-08-06 15:45:55
Pedestrian,2,EPA,0,7,0.0315762860937785,64QAM,MRC,30,8.68055555555556e-06,5.20833333333333e-05,0.2,0.0997787613783796,60.0192378311225,15,4320000,4.5,0.8521287,2.3,7,LowMobility,0,2026-08-06 15:45:56
Pedestrian,2,EPA,0,7,0.0303980485314493,64QAM,LMMSE,0,0.411436631944444,0.978020833333333,1,88.9964335964707,1.01254793460893,4,0,0,0.119034,1,7,LowMobility,0,2026-08-06 15:45:56
Pedestrian,2,EPA,0,7,0.0316251241268447,64QAM,LMMSE,5,0.381271701388889,0.97296875,1,85.0244709925839,1.40912122982575,4,0,0,0.1337761,1,7,LowMobility,0,2026-08-06 15:45:56
Pedestrian,2,EPA,0,7,0.0301781047003648,64QAM,LMMSE,10,0.391974826388889,0.966875,1,78.85855227197,2.06302400406039,4,0,0,0.1254774,1,7,LowMobility,0,2026-08-06 15:45:56
Pedestrian,2,EPA,0,7,0.0315422445400543,64QAM,LMMSE,15,0.377764756944444,0.957864583333333,1,69.783535583496,3.12494061592833,5,0,0,0.1246266,1,7,LowMobility,0,2026-08-06 15:45:56
Pedestrian,2,EPA,0,7,0.0315065228458243,64QAM,LMMSE,20,0.270651041666667,0.834479166666667,1,47.5580500369216,6.455519210405,7,0,0,0.1177185,1,7,LowMobility,0,2026-08-06 15:45:57
Pedestrian,2,EPA,0,7,0.0313610568247382,64QAM,LMMSE,25,0.125763888888889,0.508151041666667,1,26.5843144736596,11.5074906860409,9,0,0,0.1127153,1,7,LowMobility,0,2026-08-06 15:45:57
Pedestrian,2,EPA,0,7,0.0279413073868645,64QAM,LMMSE,30,0.0364409722222222,0.159427083333333,0.4,7.40712209590169,22.6070099312172,14,3240000,3.375,0.1299503,1,7,LowMobility,0,2026-08-06 15:45:57
Pedestrian,2,EPA,0,7,0.0304349899110559,64QAM,MPA,0,0.411753472222222,0.976119791666667,1,89.5363317513149,0.96001404734183,4,0,0,0.5554999,10,7,LowMobility,0,2026-08-06 15:45:57
Pedestrian,2,EPA,0,7,0.0316231938843599,64QAM,MPA,5,0.385247395833333,0.97421875,1,85.5418569918862,1.3564265212439,4,0,0,0.5660129,10,7,LowMobility,0,2026-08-06 15:45:58
Pedestrian,2,EPA,0,7,0.0313066110703062,64QAM,MPA,10,0.368767361111111,0.97109375,1,83.6961068696205,1.54589485551438,4,0,0,0.598459,10,7,LowMobility,0,2026-08-06 15:45:59
Pedestrian,2,EPA,0,7,0.0315801787883019,64QAM,MPA,15,0.395720486111111,0.976197916666667,1,86.436855885418,1.26602077664761,4,0,0,0.6794829,10,7,LowMobility,0,2026-08-06 15:45:59
Pedestrian,2,EPA,0,7,0.0277537577374504,64QAM,MPA,20,0.418550347222222,0.980338541666667,1,89.4070920726304,0.9725606026397,4,0,0,0.6463332,10,7,LowMobility,0,2026-08-06 15:46:00
Pedestrian,2,EPA,0,7,0.0316265235370872,64QAM,MPA,25,0.460933159722222,0.983098958333333,1,96.4527741393455,0.313705536434346,4,0,0,0.6787809,10,7,LowMobility,0,2026-08-06 15:46:01
Pedestrian,2,EPA,0,7,0.030909213303905,64QAM,MPA,30,0.464066840277778,0.982760416666667,1,96.9702250300348,0.267231931214682,4,0,0,0.7429973,10,7,LowMobility,0,2026-08-06 15:46:01
Pedestrian,2,EPA,0,7,0.0302881742772716,QPSK,MRC,0,0.2581640625,0.443567708333333,1,100.150152584174,-0.0130323060245942,3,0,0,0.7915982,2,8,LowMobility,0,2026-08-06 15:46:02
Pedestrian,2,EPA,0,7,0.0311672842876843,QPSK,MRC,5,0.0776041666666667,0.141614583333333,1,46.6847675449421,6.61649598623765,7,0,0,0.7263273,2,8,LowMobility,0,2026-08-06 15:46:03
Pedestrian,2,EPA,0,7,0.0316228375685752,QPSK,MRC,10,0.0871223958333333,0.15671875,0.8,43.9571707582552,7.13940536210444,7,360000,0.375,0.7185839,2,8,LowMobility,0,2026-08-06 15:46:04
Pedestrian,2,EPA,0,7,0.0315508140493304,QPSK,MRC,15,0.0330989583333333,0.059765625,0.4,19.576735663374,14.1651944647265,11,1080000,1.125,0.8302505,2,8,LowMobility,0,2026-08-06 15:46:04
Pedestrian,2,EPA,0,7,0.0293823637757516,QPSK,MRC,20,0.00141927083333333,0.00283854166666667,0.2,2.5999259774201,31.7007803333192,15,1440000,1.5,0.80981,2,8,LowMobility,0,2026-08-06 15:46:05
Pedestrian,2,EPA,0,7,0.0275620951044828,QPSK,MRC,25,0.00212239583333333,0.00419270833333333,0.1,2.91368895617451,30.7111362429959,15,1620000,1.6875,0.7658409,2,8,LowMobility,0,2026-08-06 15:46:06
Pedestrian,2,EPA,0,7,0.0313421299343533,QPSK,MRC,30,0,0,0,0,160,15,1800000,1.875,0.7694645,2,8,LowMobility,0,2026-08-06 15:46:07
Pedestrian,2,EPA,0,7,0.0313476214550373,QPSK,LMMSE,0,0.204127604166667,0.355260416666667,1,86.1564452898618,1.29424455605034,4,0,0,0.1135149,1,8,LowMobility,0,2026-08-06 15:46:07
Pedestrian,2,EPA,0,7,0.0303907149819368,QPSK,LMMSE,5,0.1323046875,0.229947916666667,1,61.7030209749809,4.19387144846122,5,0,0,0.102876,1,8,LowMobility,0,2026-08-06 15:46:07
Pedestrian,2,EPA,0,7,0.0315833906178334,QPSK,LMMSE,10,0.0770572916666667,0.134479166666667,0.8,36.746633170661,8.69564892064967,8,360000,0.375,0.1106197,1,8,LowMobility,0,2026-08-06 15:46:07
Pedestrian,2,EPA,0,7,0.0301634151783892,QPSK,LMMSE,15,0.0279166666666667,0.0500520833333333,0.4,14.874939341975,16.5508959318192,12,1080000,1.125,0.0937172,1,8,LowMobility,0,2026-08-06 15:46:07
Pedestrian,2,EPA,0,7,0.0315226668404314,QPSK,LMMSE,20,5.20833333333333e-05,0.000104166666666667,0.1,0.456435464587638,46.8124123737559,15,1620000,1.6875,0.1124005,1,8,LowMobility,0,2026-08-06 15:46:07
Pedestrian,2,EPA,0,7,0.0301219112884481,QPSK,LMMSE,25,0,0,0,0,160,15,1800000,1.875,0.1004427,1,8,LowMobility,0,2026-08-06 15:46:07
Pedestrian,2,EPA,0,7,0.0314424919936867,QPSK,LMMSE,30,0,0,0,0,160,15,1800000,1.875,0.0846387,1,8,LowMobility,0,2026-08-06 15:46:07
Pedestrian,2,EPA,0,7,0.03156458253232,QPSK,MPA,0,0.268880208333333,0.456510416666667,1,101.800472155033,-0.154995845643437,3,0,0,0.173685,10,8,LowMobility,0,2026-08-06 15:46:08
Pedestrian,2,EPA,0,7,0.0297959577861733,QPSK,MPA,5,0.2394921875,0.412526041666667,1,95.763032901945,0.376042157688588,4,0,0,0.1806318,10,8,LowMobility,0,2026-08-06 15:46:08
Pedestrian,2,EPA,0,7,0.0307167177159667,QPSK,MPA,10,0.154296875,0.279322916666667,1,76.4164279971404,2.33626533593248,4,0,0,0.1720853,10,8,LowMobility,0,2026-08-06 15:46:08
Pedestrian,2,EPA,0,7,0.0315956572433398,QPSK,MPA,15,0.1114453125,0.2065625,1,64.5297985273959,3.80479381658579,5,0,0,0.1784758,10,8,LowMobility,0,2026-08-06 15:46:08
Pedestrian,2,EPA,0,7,0.0307821167476159,QPSK,MPA,20,0.0694270833333333,0.133203125,1,52.5712750745563,5.5850297877166,6,0,0,0.1562278,10,8,LowMobility,0,2026-08-06 15:46:08
Pedestrian,2,EPA,0,7,0.0304153806807736,QPSK,MPA,25,0.060546875,0.117526041666667,1,49.1846558239396,6.16340726593491,7,0,0,0.1665099,10,8,LowMobility,0,2026-08-06 15:46:08
Pedestrian,2,EPA,0,7,0.028385670846282,QPSK,MPA,30,0.06078125,0.11703125,1,49.2325269713446,6.15495745007573,7,0,0,0.1559324,10,8,LowMobility,0,2026-08-06 15:46:09
Pedestrian,2,EPA,0,7,0.0316268160213554,16QAM,MRC,0,0.305553385416667,0.744114583333333,1,89.0916666378734,1.00325833283003,4,0,0,0.8154818,2,8,LowMobility,0,2026-08-06 15:46:09
Pedestrian,2,EPA,0,7,0.0307787025628034,16QAM,MRC,5,0.17943359375,0.555182291666667,1,56.0412753773398,5.02983979355028,6,0,0,0.8272286,2,8,LowMobility,0,2026-08-06 15:46:10
Pedestrian,2,EPA,0,7,0.0316095697729239,16QAM,MRC,10,0.0902213541666667,0.275755208333333,1,33.249594872093,9.56427283932963,8,0,0,0.8195636,2,8,LowMobility,0,2026-08-06 15:46:11
Pedestrian,2,EPA,0,7,0.0315958456970318,16QAM,MRC,15,0.0304947916666667,0.110598958333333,0.8,16.1676813203372,15.8270451949305,11,720000,0.75,0.7894852,2,8,LowMobility,0,2026-08-06 15:46:12
Pedestrian,2,EPA,0,7,0.0312856337080766,16QAM,MRC,20,0.00957682291666667,0.0365364583333333,0.5,6.70032328935003,23.4780848433163,15,1800000,1.875,0.8248678,2,8,LowMobility,0,2026-08-06 15:46:13
Pedestrian,2,EPA,0,7,0.0270657938896378,16QAM,MRC,25,0.00171223958333333,0.006640625,0.2,1.90918968310305,34.3830184228802,15,2880000,3,0.7893044,2,8,LowMobility,0,2026-08-06 15:46:14
Pedestrian,2,EPA,0,7,0.0313638214353245,16QAM,MRC,30,0.000345052083333333,0.00138020833333333,0.1,0.746216906937951,42.5426983086195,15,3240000,3.375,0.8379036,2,8,LowMobility,0,2026-08-06 15:46:14
Pedestrian,2,EPA,0,7,0.0315548064372732,16QAM,LMMSE,0,0.376126302083333,0.888333333333333,1,85.5421422049875,1.35639756085564,4,0,0,0.1023627,1,8,LowMobility,0,2026-08-06 15:46:14
Pedestrian,2,EPA,0,7,0.0296545180652478,16QAM,LMMSE,5,0.3192578125,0.840833333333333,1,73.5115850359131,2.67288426030401,5,0,0,0.1097005,1,8,LowMobility,0,2026-08-06 15:46:15
Pedestrian,2,EPA,0,7,0.030249255304246,16QAM,LMMSE,10,0.260149739583333,0.729296875,1,64.9331044956928,3.75067665435229,5,0,0,0.1183904,1,8,LowMobility,0,2026-08-06 15:46:15
Pedestrian,2,EPA,0,7,0.030343312514423,16QAM,LMMSE,15,0.15109375,0.441666666666667,0.9,40.9524665973918,7.75439870475002,7,360000,0.375,0.11479,1,8,LowMobility,0,2026-08-06 15:46:15
Pedestrian,2,EPA,0,7,0.0315538472746959,16QAM,LMMSE,20,0.0977213541666667,0.267526041666667,0.6,24.2647418768015,12.3004864851417,10,1440000,1.5,0.1192233,1,8,LowMobility,0,2026-08-06 15:46:15
Pedestrian,2,EPA,0,7,0.0286806788667086,16QAM,LMMSE,25,0.00423828125,0.0164322916666667,0.3,3.1587627383281,30.0096598738224,15,2520000,2.625,0.1132806,1,8,LowMobility,0,2026-08-06 15:46:15
Pedestrian,2,EPA,0,7,0.0315943896584482,16QAM,LMMSE,30,4.55729166666667e-05,0.000182291666666667,0.1,0.269274589667431,51.3960925446842,15,3240000,3.375,0.0916157,1,8,LowMobility,0,2026-08-06 15:46:15
Pedestrian,2,EPA,0,7,0.0312614270844108,16QAM,MPA,0,0.35306640625,0.875078125,1,80.2255988698461,1.91374064578378,4,0,0,0.2794843,10,8,LowMobility,0,2026-08-06 15:46:15
Pedestrian,2,EPA,0,7,0.0313570627793136,16QAM,MPA,5,0.3382421875,0.86609375,1,77.0027444615796,2.26987591647785,4,0,0,0.2465663,10,8,LowMobility,0,2026-08-06 15:46:16
Pedestrian,2,EPA,0,7,0.0314072548543112,16QAM,MPA,10,0.327369791666667,0.866770833333333,1,74.7363405231495,2.5293634252888,5,0,0,0.2855161,10,8,LowMobility,0,2026-08-06 15:46:16
Pedestrian,2,EPA,0,7,0.0316104729151828,16QAM,MPA,15,0.340553385416667,0.877994791666667,1,77.4495313874188,2.21962411238184,4,0,0,0.2404096,10,8,LowMobility,0,2026-08-06 15:46:16
Pedestrian,2,EPA,0,7,0.0316118844981333,16QAM,MPA,20,0.349348958333333,0.881041666666667,1,78.9639782796449,2.05141959243865,4,0,0,0.2681566,10,8,LowMobility,0,2026-08-06 15:46:16
Pedestrian,2,EPA,0,7,0.0310429650292779,16QAM,MPA,25,0.346888020833333,0.881328125,1,78.4028536798347,2.11336259456364,4,0,0,0.2546866,10,8,LowMobility,0,2026-08-06 15:46:17
Pedestrian,2,EPA,0,7,0.0310552972969836,16QAM,MPA,30,0.359720052083333,0.887005208333333,1,81.3589275196375,1.79189569909396,4,0,0,0.2345438,10,8,LowMobility,0,2026-08-06 15:46:17
Pedestrian,2,EPA,0,7,0.0314267427615388,64QAM,MRC,0,0.381267361111111,0.927421875,1,98.4915844271666,0.132017520602521,3,0,0,0.7943459,2,8,LowMobility,0,2026-08-06 15:46:18
Pedestrian,2,EPA,0,7,0.0306966838120257,64QAM,MRC,5,0.291640625,0.8609375,1,61.3863545706322,4.23856312873435,5,0,0,0.8472922,2.4,8,LowMobility,0,2026-08-06 15:46:19
Pedestrian,2,EPA,0,7,0.0268807034998406,64QAM,MRC,10,0.224262152777778,0.757057291666667,1,46.956112264182,6.56615735450504,7,0,0,0.7996362,2,8,LowMobility,0,2026-08-06 15:46:19
Pedestrian,2,EPA,0,7,0.0313907708478526,64QAM,MRC,15,0.118441840277778,0.534817708333333,1,26.7768872876964,11.4447981897565,9,0,0,0.8604667,2.3,8,LowMobility,0,2026-08-06 15:46:20
Pedestrian,2,EPA,0,7,0.0315449290508002,64QAM,MRC,20,0.0496180555555556,0.200833333333333,1,14.4431091098314,16.8067861576275,12,0,0,0.9110049,2.6,8,LowMobility,0,2026-08-06 15:46:21
Pedestrian,2,EPA,0,7,0.0292171780179469,64QAM,MRC,25,0.00661024305555556,0.03796875,0.5,3.60809126438161,28.8544497157502,15,2700000,2.8125,0.8313698,2.4,8,LowMobility,0,2026-08-06 15:46:22
Pedestrian,2,EPA,0,7,0.0316142440198801,64QAM,MRC,30,0.000108506944444444,0.000651041666666667,0.2,0.292914927223371,50.6651699138892,15,4320000,4.5,0.8565438,2,8,LowMobility,0,2026-08-06 15:46:23
Pedestrian,2,EPA,0,7,0.0315500740956149,64QAM,LMMSE,0,0.424431423611111,0.980651041666667,1,90.9072207669381,0.828032387334232,4,0,0,0.137099,1,8,LowMobility,0,2026-08-06 15:46:23
Pedestrian,2,EPA,0,7,0.0307016821696067,64QAM,LMMSE,5,0.383029513888889,0.97296875,1,85.2939399382568,1.38163647978394,4,0,0,0.1339869,1,8,LowMobility,0,2026-08-06 15:46:23
Pedestrian,2,EPA,0,7,0.031598403291728,64QAM,LMMSE,10,0.367517361111111,0.965,1,81.2666558746461,1.8017522222116,4,0,0,0.1279535,1,8,LowMobility,0,2026-08-06 15:46:23
Pedestrian,2,EPA,0,7,0.0306976246127055,64QAM,LMMSE,15,0.310008680555556,0.907447916666667,1,58.2282108723922,4.69733107751822,6,0,0,0.1217038,1,8,LowMobility,0,2026-08-06 15:46:23
Pedestrian,2,EPA,0,7,0.0313479041344797,64QAM,LMMSE,20,0.242669270833333,0.73515625,1,45.4044696908659,6.8580278474702,7,0,0,0.1328436,1,8,LowMobility,0,2026-08-06 15:46:24
Pedestrian,2,EPA,0,7,0.0306561606428641,64QAM,LMMSE,25,0.142703993055556,0.507760416666667,1,28.0965767683896,11.0269318091317,9,0,0,0.1500891,1,8,LowMobility,0,2026-08-06 15:46:24
Pedestrian,2,EPA,0,7,0.0316037550103351,64QAM,LMMSE,30,0.0301953125,0.138020833333333,0.5,7.2750235039496,22.7633119846579,15,2700000,2.8125,0.1306892,1,8,LowMobility,0,2026-08-06 15:46:24
Pedestrian,2,EPA,0,7,0.019169778533159,64QAM,MPA,0,0.424262152777778,0.980208333333333,1,90.9681314415023,0.822214519103042,4,0,0,0.5607597,10,8,LowMobility,0,2026-08-06 15:46:24
Pedestrian,2,EPA,0,7,0.0316181834819744,64QAM,MPA,5,0.392964409722222,0.974348958333333,1,86.8211526137329,1.22748905770007,4,0,0,0.6555271,10,8,LowMobility,0,2026-08-06 15:46:25
Pedestrian,2,EPA,0,7,0.0306223981954831,64QAM,MPA,10,0.381349826388889,0.973541666666667,1,85.1479406424261,1.39651702530088,4,0,0,0.6985793,10,8,LowMobility,0,2026-08-06 15:46:26
Pedestrian,2,EPA,0,7,0.0192289876336915,64QAM,MPA,15,0.3969140625,0.976692708333333,1,86.6255533311673,1.24707956525813,4,0,0,0.658563,10,8,LowMobility,0,2026-08-06 15:46:26
Pedestrian,2,EPA,0,7,0.0315962220689238,64QAM,MPA,20,0.431705729166667,0.980442708333333,1,91.8452788454328,0.738863259471307,4,0,0,0.6399599,10,8,LowMobility,0,2026-08-06 15:46:27
Pedestrian,2,EPA,0,7,0.0315513576908715,64QAM,MPA,25,0.443828125,0.979921875,1,94.1259464733416,0.525812875355718,4,0,0,0.6129975,10,8,LowMobility,0,2026-08-06 15:46:28
Pedestrian,2,EPA,0,7,0.030410036952361,64QAM,MPA,30,0.462265625,0.982473958333333,1,96.6390923273478,0.296943155393352,4,0,0,0.6564521,10,8,LowMobility,0,2026-08-06 15:46:28
Pedestrian,2,EPA,0,7,0.0311568108673138,QPSK,MRC,0,0.186940104166667,0.32953125,1,81.8619594801365,1.73835728244783,4,0,0,0.7798993,2,9,LowMobility,0,2026-08-06 15:46:29
Pedestrian,2,EPA,0,7,0.0299377961578494,QPSK,MRC,5,0.0511588541666667,0.095703125,1,36.876618097396,8.66497828652505,8,0,0,0.7501698,2,9,LowMobility,0,2026-08-06 15:46:30
Pedestrian,2,EPA,0,7,0.0269444548852533,QPSK,MRC,10,0.0846354166666667,0.152552083333333,0.7,42.2852767985311,7.47621644361764,7,540000,0.5625,0.7462437,2,9,LowMobility,0,2026-08-06 15:46:31
Pedestrian,2,EPA,0,7,0.0293274424014538,QPSK,MRC,15,0.0005859375,0.001171875,0.2,2.07184214865534,33.6728667215806,15,1440000,1.5,0.7778041,2,9,LowMobility,0,2026-08-06 15:46:31
Pedestrian,2,EPA,0,7,0.0296376045925682,QPSK,MRC,20,0,0,0,0,160,15,1800000,1.875,0.8083955,2,9,LowMobility,0,2026-08-06 15:46:32
Pedestrian,2,EPA,0,7,0.0315565993999499,QPSK,MRC,25,0,0,0,0,160,15,1800000,1.875,0.6934505,2,9,LowMobility,0,2026-08-06 15:46:33
Pedestrian,2,EPA,0,7,0.0316265269999902,QPSK,MRC,30,6.51041666666667e-05,0.000130208333333333,0.1,0.510310363079829,45.8433122436753,15,1620000,1.6875,0.7485677,2,9,LowMobility,0,2026-08-06 15:46:34
Pedestrian,2,EPA,0,7,0.0316243736293569,QPSK,LMMSE,0,0.296471354166667,0.496276041666667,1,107.277230371157,-0.61015105189504,3,0,0,0.1162097,1,9,LowMobility,0,2026-08-06 15:46:34
Pedestrian,2,EPA,0,7,0.0291227955835381,QPSK,LMMSE,5,0.0994921875,0.172734375,1,52.5472187383439,5.58900531433435,6,0,0,0.1113502,1,9,LowMobility,0,2026-08-06 15:46:34
Pedestrian,2,EPA,0,7,0.0306453754861538,QPSK,LMMSE,10,0.0225520833333333,0.0428125,0.8,19.1281747548852,14.3665293832496,11,360000,0.375,0.1170313,1,9,LowMobility,0,2026-08-06 15:46:34
Pedestrian,2,EPA,0,7,0.0316207301535396,QPSK,LMMSE,15,0.0518619791666667,0.0834114583333333,0.3,20.5368375692763,13.7493286363454,10,1260000,1.3125,0.1189017,1,9,LowMobility,0,2026-08-06 15:46:34
Pedestrian,2,EPA,0,7,0.0316038570672812,QPSK,LMMSE,20,0.0011328125,0.002265625,0.1,2.1286732957408,33.4378197608493,15,1620000,1.6875,0.0896391,1,9,LowMobility,0,2026-08-06 15:46:34
Pedestrian,2,EPA,0,7,0.0314677311457567,QPSK,LMMSE,25,0.006484375,0.0126041666666667,0.1,5.09288719686584,25.8607188594383,15,1620000,1.6875,0.1042388,1,9,LowMobility,0,2026-08-06 15:46:34
Pedestrian,2,EPA,0,7,0.0283875932103464,QPSK,LMMSE,30,0,0,0,0,160,15,1800000,1.875,0.0968875,1,9,LowMobility,0,2026-08-06 15:46:34
Pedestrian,2,EPA,0,7,0.0302390408913168,QPSK,MPA,0,0.291822916666667,0.491484375,1,106.853090747992,-0.575741774809363,3,0,0,0.1746983,10,9,LowMobility,0,2026-08-06 15:46:35
Pedestrian,2,EPA,0,7,0.029393443069512,QPSK,MPA,5,0.179830729166667,0.318932291666667,1,82.5316480907795,1.66758964583571,4,0,0,0.1590123,10,9,LowMobility,0,2026-08-06 15:46:35
Pedestrian,2,EPA,0,7,0.0306750268613679,QPSK,MPA,10,0.126901041666667,0.235963541666667,1,70.0042215731987,3.09751538523981,5,0,0,0.1628204,10,9,LowMobility,0,2026-08-06 15:46:35
Pedestrian,2,EPA,0,7,0.0315706006523357,QPSK,MPA,15,0.101419270833333,0.191302083333333,1,62.5415096991832,4.07663278929662,5,0,0,0.1660728,10,9,LowMobility,0,2026-08-06 15:46:35
Pedestrian,2,EPA,0,7,0.031574258254711,QPSK,MPA,20,0.0930989583333333,0.176536458333333,1,59.619757586011,4.4921958828312,6,0,0,0.1746884,10,9,LowMobility,0,2026-08-06 15:46:35
Pedestrian,2,EPA,0,7,0.0316210554624047,QPSK,MPA,25,0.0826432291666667,0.155286458333333,1,55.2514810740473,5.1531215153313,6,0,0,0.1719521,10,9,LowMobility,0,2026-08-06 15:46:35
Pedestrian,2,EPA,0,7,0.0313471150370372,QPSK,MPA,30,0.0581640625,0.113671875,1,48.2002552498838,6.33901323799374,7,0,0,0.1415343,10,9,LowMobility,0,2026-08-06 15:46:36
Pedestrian,2,EPA,0,7,0.0304683738865457,16QAM,MRC,0,0.349453125,0.799427083333333,1,102.035614276711,-0.175035667442399,3,0,0,0.8258878,2,9,LowMobility,0,2026-08-06 15:46:36
Pedestrian,2,EPA,0,7,0.0291100327330678,16QAM,MRC,5,0.20060546875,0.547942708333333,1,62.5448593191777,4.07616759984652,5,0,0,0.8398196,2,9,LowMobility,0,2026-08-06 15:46:37
Pedestrian,2,EPA,0,7,0.0259300637311716,16QAM,MRC,10,0.135813802083333,0.405755208333333,1,47.1289105649936,6.53425198608467,7,0,0,0.8087565,2,9,LowMobility,0,2026-08-06 15:46:38
Pedestrian,2,EPA,0,7,0.0315993120649423,16QAM,MRC,15,0.07986328125,0.216067708333333,0.8,30.4367749818575,10.3320273282944,9,720000,0.75,0.8559302,2,9,LowMobility,0,2026-08-06 15:46:39
Pedestrian,2,EPA,0,7,0.0313802428031704,16QAM,MRC,20,0.0141471354166667,0.049921875,0.6,7.08181622232184,22.9971069530468,15,1440000,1.5,0.7649411,2,9,LowMobility,0,2026-08-06 15:46:40
Pedestrian,2,EPA,0,7,0.0314713398340851,16QAM,MRC,25,0.01326171875,0.0459635416666667,0.3,5.18106315278916,25.7116222799449,15,2520000,2.625,0.8097757,2,9,LowMobility,0,2026-08-06 15:46:40
Pedestrian,2,EPA,0,7,0.0311244860028709,16QAM,MRC,30,0,0,0,0,160,15,3600000,3.75,0.7569815,2,9,LowMobility,0,2026-08-06 15:46:41
Pedestrian,2,EPA,0,7,0.0315633638058112,16QAM,LMMSE,0,0.375768229166667,0.889661458333333,1,84.8677040935746,1.42515093065771,4,0,0,0.1118618,1,9,LowMobility,0,2026-08-06 15:46:41
Pedestrian,2,EPA,0,7,0.0279128143337468,16QAM,LMMSE,5,0.31763671875,0.839609375,1,73.7389120291967,2.64606548843641,5,0,0,0.1137954,1,9,LowMobility,0,2026-08-06 15:46:41
Pedestrian,2,EPA,0,7,0.0316207236160614,16QAM,LMMSE,10,0.240592447916667,0.681458333333333,1,61.9604742181273,4.15770534003591,5,0,0,0.1146241,1,9,LowMobility,0,2026-08-06 15:46:42
Pedestrian,2,EPA,0,7,0.0309796118991124,16QAM,LMMSE,15,0.1116015625,0.315598958333333,0.9,31.5829418349835,10.0109483901674,8,360000,0.375,0.1199802,1,9,LowMobility,0,2026-08-06 15:46:42
Pedestrian,2,EPA,0,7,0.0311542568380031,16QAM,LMMSE,20,0.0886263020833333,0.250703125,0.9,23.8706139718876,12.4427282087433,10,360000,0.375,0.1008545,1,9,LowMobility,0,2026-08-06 15:46:42
Pedestrian,2,EPA,0,7,0.0316267047918393,16QAM,LMMSE,25,0.0288997395833333,0.0829947916666667,0.4,7.85958960276516,22.0920026107837,14,2160000,2.25,0.1109208,1,9,LowMobility,0,2026-08-06 15:46:42
Pedestrian,2,EPA,0,7,0.0304438962696107,16QAM,LMMSE,30,0,0,0,0,160,15,3600000,3.75,0.1097137,1,9,LowMobility,0,2026-08-06 15:46:42
Pedestrian,2,EPA,0,7,0.0314817936058134,16QAM,MPA,0,0.371100260416667,0.892057291666667,1,83.6330337828383,1.55244297850997,4,0,0,0.2693462,10,9,LowMobility,0,2026-08-06 15:46:42
Pedestrian,2,EPA,0,7,0.0314162486025715,16QAM,MPA,5,0.339127604166667,0.871328125,1,76.9239667422155,2.27876657139701,4,0,0,0.2435432,10,9,LowMobility,0,2026-08-06 15:46:43
Pedestrian,2,EPA,0,7,0.0309482368414676,16QAM,MPA,10,0.322200520833333,0.859661458333333,1,73.8314004199437,2.63517787768756,5,0,0,0.2390281,10,9,LowMobility,0,2026-08-06 15:46:43
Pedestrian,2,EPA,0,7,0.0315479464106202,16QAM,MPA,15,0.336881510416667,0.875052083333333,1,76.172200035512,2.36407001522048,4,0,0,0.2345983,10,9,LowMobility,0,2026-08-06 15:46:43
Pedestrian,2,EPA,0,7,0.02644187498503,16QAM,MPA,20,0.349342447916667,0.881328125,1,78.9752110098626,2.05018410103708,4,0,0,0.2628598,10,9,LowMobility,0,2026-08-06 15:46:43
Pedestrian,2,EPA,0,7,0.0252429634216826,16QAM,MPA,25,0.352272135416667,0.886927083333333,1,79.3100644127238,2.01343394808325,4,0,0,0.2860667,10,9,LowMobility,0,2026-08-06 15:46:44
Pedestrian,2,EPA,0,7,0.0308649720088415,16QAM,MPA,30,0.348424479166667,0.880755208333333,1,79.1636953534105,2.02947882338644,4,0,0,0.304311,10,9,LowMobility,0,2026-08-06 15:46:44
Pedestrian,2,EPA,0,7,0.031626325726423,64QAM,MRC,0,0.367560763888889,0.9234375,1,87.9180317795145,1.11844086047749,4,0,0,0.8334674,2.2,9,LowMobility,0,2026-08-06 15:46:45
Pedestrian,2,EPA,0,7,0.0316259699908193,64QAM,MRC,5,0.361822916666667,0.913880208333333,1,89.9733819705953,0.917719094125748,4,0,0,0.9525755,2.5,9,LowMobility,0,2026-08-06 15:46:46
Pedestrian,2,EPA,0,7,0.0274408739175973,64QAM,MRC,10,0.183454861111111,0.690494791666667,1,39.0752280536328,8.161969572819,8,0,0,0.8524455,2.2,9,LowMobility,0,2026-08-06 15:46:47
Pedestrian,2,EPA,0,7,0.0316142185578062,64QAM,MRC,15,0.0944140625,0.378359375,1,23.8015575821826,12.4678924326403,10,0,0,0.919137,2.4,9,LowMobility,0,2026-08-06 15:46:47
Pedestrian,2,EPA,0,7,0.0313486145966167,64QAM,MRC,20,0.0558463541666667,0.264114583333333,0.9,14.9256709302248,16.5213227520519,12,540000,0.5625,0.8146769,2.2,9,LowMobility,0,2026-08-06 15:46:48
Pedestrian,2,EPA,0,7,0.0316156590674975,64QAM,MRC,25,0.00962673611111111,0.0542708333333333,0.6,4.45331864755216,27.0263245751547,15,2160000,2.25,0.8541994,2.2,9,LowMobility,0,2026-08-06 15:46:49
Pedestrian,2,EPA,0,7,0.0315639541437191,64QAM,MRC,30,0.00154079861111111,0.00908854166666667,0.3,1.31805405280076,37.6013355831293,15,3780000,3.9375,0.9179497,2.6,9,LowMobility,0,2026-08-06 15:46:50
Pedestrian,2,EPA,0,7,0.0315995327446305,64QAM,LMMSE,0,0.439136284722222,0.980807291666667,1,93.4331023226309,0.5899846147774,4,0,0,0.1201993,1,9,LowMobility,0,2026-08-06 15:46:50
Pedestrian,2,EPA,0,7,0.0289031585445059,64QAM,LMMSE,5,0.380815972222222,0.974973958333333,1,84.9789820991317,1.41376950620517,4,0,0,0.1149512,1,9,LowMobility,0,2026-08-06 15:46:50
Pedestrian,2,EPA,0,7,0.0293544104641778,64QAM,LMMSE,10,0.383394097222222,0.96953125,1,82.6722013963428,1.65280995639458,4,0,0,0.1147299,1,9,LowMobility,0,2026-08-06 15:46:50
Pedestrian,2,EPA,0,7,0.0310392424352123,64QAM,LMMSE,15,0.3606640625,0.951588541666667,1,71.7123921324963,2.88811580721968,5,0,0,0.1185868,1,9,LowMobility,0,2026-08-06 15:46:51
Pedestrian,2,EPA,0,7,0.0316257557416285,64QAM,LMMSE,20,0.325859375,0.87078125,1,56.9954386756835,4.88319798733839,6,0,0,0.12527,1,9,LowMobility,0,2026-08-06 15:46:51
Pedestrian,2,EPA,0,7,0.0316260093847174,64QAM,LMMSE,25,0.0689192708333333,0.33859375,0.8,16.5523152187331,15.6228250330561,11,1080000,1.125,0.1286743,1,9,LowMobility,0,2026-08-06 15:46:51
Pedestrian,2,EPA,0,7,0.0316246314708067,64QAM,LMMSE,30,0.0990017361111111,0.305859375,0.7,20.4967274566454,13.7663094725182,10,1620000,1.6875,0.1285315,1,9,LowMobility,0,2026-08-06 15:46:51
Pedestrian,2,EPA,0,7,0.0315574472039686,64QAM,MPA,0,0.420772569444444,0.97953125,1,90.6574767193104,0.851927457615903,4,0,0,0.6193286,10,9,LowMobility,0,2026-08-06 15:46:52
Pedestrian,2,EPA,0,7,0.0315104905687795,64QAM,MPA,5,0.383715277777778,0.973567708333333,1,85.6114801029931,1.34935989078312,4,0,0,0.6771236,10,9,LowMobility,0,2026-08-06 15:46:52
Pedestrian,2,EPA,0,7,0.0298827086882568,64QAM,MPA,10,0.377157118055556,0.9721875,1,84.5032636799808,1.46253034861925,4,0,0,0.6123109,10,9,LowMobility,0,2026-08-06 15:46:53
Pedestrian,2,EPA,0,7,0.0310285601111354,64QAM,MPA,15,0.395789930555556,0.97703125,1,86.358743304614,1.27387372319955,4,0,0,0.6057799,10,9,LowMobility,0,2026-08-06 15:46:53
Pedestrian,2,EPA,0,7,0.0315904672022056,64QAM,MPA,20,0.442365451388889,0.981171875,1,93.4530298653605,0.588132273616107,4,0,0,0.6023165,10,9,LowMobility,0,2026-08-06 15:46:54
Pedestrian,2,EPA,0,7,0.031589490318991,64QAM,MPA,25,0.44828125,0.981510416666667,1,94.3949607337512,0.501023797076917,4,0,0,0.6650741,10,9,LowMobility,0,2026-08-06 15:46:55
Pedestrian,2,EPA,0,7,0.0312584964966152,64QAM,MPA,30,0.466883680555556,0.982135416666667,1,97.0949778564064,0.256064659441633,4,0,0,0.6402068,10,9,LowMobility,0,2026-08-06 15:46:55
Pedestrian,3,EPA,0,7,0.0363694571619047,QPSK,MRC,0,0.134817708333333,0.237135416666667,1,66.2463103882423,3.57676609805657,5,0,0,0.836299,2,10,LowMobility,0,2026-08-06 15:46:56
Pedestrian,3,EPA,0,7,0.0453703107481762,QPSK,MRC,5,0.143385416666667,0.247890625,1,65.7210056651721,3.64591599192965,5,0,0,0.8084889,2,10,LowMobility,0,2026-08-06 15:46:57
Pedestrian,3,EPA,0,7,0.0473480003920538,QPSK,MRC,10,0.0321744791666667,0.058671875,0.6,19.8709586416123,14.0356236112818,10,720000,0.75,0.8277555,2,10,LowMobility,0,2026-08-06 15:46:58
Pedestrian,3,EPA,0,7,0.0472025529390539,QPSK,MRC,15,0.000455729166666667,0.000911458333333333,0.1,1.3501543121683,37.3923318435327,15,1620000,1.6875,0.8374207,2,10,LowMobility,0,2026-08-06 15:46:59
Pedestrian,3,EPA,0,7,0.0468080816585328,QPSK,MRC,20,0.0569401041666667,0.0929947916666667,0.4,21.5341324958457,13.3374523826999,10,1080000,1.125,0.78604,2,10,LowMobility,0,2026-08-06 15:46:59
Pedestrian,3,EPA,0,7,0.0474390995729204,QPSK,MRC,25,0,0,0,0,160,15,1800000,1.875,0.8014204,2,10,LowMobility,0,2026-08-06 15:47:00
Pedestrian,3,EPA,0,7,0.047168401762981,QPSK,MRC,30,0.00959635416666667,0.0180729166666667,0.1,6.19559655454313,24.158337408445,15,1620000,1.6875,0.8206056,2,10,LowMobility,0,2026-08-06 15:47:01
Pedestrian,3,EPA,0,7,0.0469852255658604,QPSK,LMMSE,0,0.176236979166667,0.312916666666667,1,80.352098800223,1.90005549924454,4,0,0,0.1260206,1,10,LowMobility,0,2026-08-06 15:47:01
Pedestrian,3,EPA,0,7,0.044495636461911,QPSK,LMMSE,5,0.182578125,0.306536458333333,1,74.0684327936309,2.60733688887136,5,0,0,0.1120249,1,10,LowMobility,0,2026-08-06 15:47:01
Pedestrian,3,EPA,0,7,0.0473613306534915,QPSK,LMMSE,10,0.0673307291666667,0.121822916666667,0.7,35.9614556926587,8.88325473338498,8,540000,0.5625,0.1110681,1,10,LowMobility,0,2026-08-06 15:47:01
Pedestrian,3,EPA,0,7,0.0440554886633809,QPSK,LMMSE,15,0.0315755208333333,0.0582291666666667,0.6,18.5295053576573,14.6427234790373,11,720000,0.75,0.1175297,1,10,LowMobility,0,2026-08-06 15:47:02
Pedestrian,3,EPA,0,7,0.0474290351473119,QPSK,LMMSE,20,0,0,0,0,160,15,1800000,1.875,0.1185603,1,10,LowMobility,0,2026-08-06 15:47:02
Pedestrian,3,EPA,0,7,0.0425886741922069,QPSK,LMMSE,25,0,0,0,0,160,15,1800000,1.875,0.112145,1,10,LowMobility,0,2026-08-06 15:47:02
Pedestrian,3,EPA,0,7,0.043200899025048,QPSK,LMMSE,30,0,0,0,0,160,15,1800000,1.875,0.1088062,1,10,LowMobility,0,2026-08-06 15:47:02
Pedestrian,3,EPA,0,7,0.0473753316429138,QPSK,MPA,0,0.241653645833333,0.418697916666667,1,96.7021359360264,0.291278664154799,4,0,0,0.168926,10,10,LowMobility,0,2026-08-06 15:47:02
Pedestrian,3,EPA,0,7,0.0472794993985583,QPSK,MPA,5,0.184283854166667,0.327552083333333,1,83.9978018775864,1.51464157517319,4,0,0,0.1697952,10,10,LowMobility,0,2026-08-06 15:47:02
Pedestrian,3,EPA,0,7,0.0473346857446435,QPSK,MPA,10,0.163932291666667,0.289427083333333,1,77.5553502196215,2.20776473309778,4,0,0,0.1747764,10,10,LowMobility,0,2026-08-06 15:47:02
Pedestrian,3,EPA,0,7,0.0474255593903131,QPSK,MPA,15,0.09109375,0.173151041666667,1,59.5249871284737,4.50601379667532,6,0,0,0.1625697,10,10,LowMobility,0,2026-08-06 15:47:03
Pedestrian,3,EPA,0,7,0.0470932157325046,QPSK,MPA,20,0.0801822916666667,0.153072916666667,1,55.866885447647,5.05691079352488,6,0,0,0.1621972,10,10,LowMobility,0,2026-08-06 15:47:03
Pedestrian,3,EPA,0,7,0.0474380893499049,QPSK,MPA,25,0.0999609375,0.186041666666667,1,60.6243909908082,4.34705222244429,6,0,0,0.1480927,10,10,LowMobility,0,2026-08-06 15:47:03
Pedestrian,3,EPA,0,7,0.0470448518998461,QPSK,MPA,30,0.0623046875,0.121588541666667,1,49.8738005303495,6.04255072006461,7,0,0,0.1660299,10,10,LowMobility,0,2026-08-06 15:47:03
Pedestrian,3,EPA,0,7,0.0472928470601749,16QAM,MRC,0,0.327584635416667,0.769557291666667,1,95.9055110266646,0.363128724219173,4,0,0,0.8203686,2,10,LowMobility,0,2026-08-06 15:47:04
Pedestrian,3,EPA,0,7,0.0451822628022072,16QAM,MRC,5,0.189329427083333,0.546197916666667,1,59.0025551097656,4.58258361595565,6,0,0,0.8504342,2,10,LowMobility,0,2026-08-06 15:47:05
Pedestrian,3,EPA,0,7,0.0473204752505835,16QAM,MRC,10,0.150520833333333,0.419192708333333,1,50.9436520922125,5.85819848362331,6,0,0,0.794698,2,10,LowMobility,0,2026-08-06 15:47:06
Pedestrian,3,EPA,0,7,0.047366435621177,16QAM,MRC,15,0.0369791666666667,0.12890625,0.9,18.1958368537709,14.8005593153036,11,360000,0.375,0.7985251,2,10,LowMobility,0,2026-08-06 15:47:06
Pedestrian,3,EPA,0,7,0.0474394533590292,16QAM,MRC,20,0.0220247395833333,0.0786979166666667,0.4,10.0386762038188,19.9664710730671,13,2160000,2.25,0.8108814,2,10,LowMobility,0,2026-08-06 15:47:07
Pedestrian,3,EPA,0,7,0.0457523756467571,16QAM,MRC,25,6.51041666666667e-06,2.60416666666667e-05,0.1,0.101776228378427,59.8470729448267,15,3240000,3.375,0.8315801,2,10,LowMobility,0,2026-08-06 15:47:08
Pedestrian,3,EPA,0,7,0.0473391112312419,16QAM,MRC,30,0,0,0,0,160,15,3600000,3.75,0.8379145,2,10,LowMobility,0,2026-08-06 15:47:09
Pedestrian,3,EPA,0,7,0.0457748636750368,16QAM,LMMSE,0,0.399563802083333,0.904010416666667,1,89.8400775262126,0.930597639564254,4,0,0,0.110916,1,10,LowMobility,0,2026-08-06 15:47:09
Pedestrian,3,EPA,0,7,0.0422194863530239,16QAM,LMMSE,5,0.33189453125,0.846614583333333,1,77.0347409415582,2.26626747146629,4,0,0,0.1090287,1,10,LowMobility,0,2026-08-06 15:47:09
Pedestrian,3,EPA,0,7,0.0473855642876138,16QAM,LMMSE,10,0.231171875,0.701848958333333,1,60.6356527498945,4.34543885675815,6,0,0,0.1248289,1,10,LowMobility,0,2026-08-06 15:47:09
Pedestrian,3,EPA,0,7,0.0474285952936676,16QAM,LMMSE,15,0.23689453125,0.650625,1,59.5038819429296,4.50909401268977,6,0,0,0.1254765,1,10,LowMobility,0,2026-08-06 15:47:09
Pedestrian,3,EPA,0,7,0.0453866042622145,16QAM,LMMSE,20,0.0644010416666667,0.176927083333333,0.8,21.1304372652931,13.5018303145723,10,720000,0.75,0.1163205,1,10,LowMobility,0,2026-08-06 15:47:09
Pedestrian,3,EPA,0,7,0.0426102668868539,16QAM,LMMSE,25,0.0245182291666667,0.07578125,0.4,8.06497399800722,21.8679405693198,14,2160000,2.25,0.1106957,1,10,LowMobility,0,2026-08-06 15:47:09
Pedestrian,3,EPA,0,7,0.0450068151498315,16QAM,LMMSE,30,0,0,0,0,160,15,3600000,3.75,0.1196177,1,10,LowMobility,0,2026-08-06 15:47:10
Pedestrian,3,EPA,0,7,0.0474199677077084,16QAM,MPA,0,0.385794270833333,0.899427083333333,1,87.1952541996051,1.19014303781931,4,0,0,0.2661963,10,10,LowMobility,0,2026-08-06 15:47:10
Pedestrian,3,EPA,0,7,0.0472298980547413,16QAM,MPA,5,0.35056640625,0.876979166666667,1,79.4311929583388,2.00017829670623,4,0,0,0.250997,10,10,LowMobility,0,2026-08-06 15:47:10
Pedestrian,3,EPA,0,7,0.0474349604243125,16QAM,MPA,10,0.325299479166667,0.862395833333333,1,74.1722297821755,2.59517329868048,5,0,0,0.2387924,10,10,LowMobility,0,2026-08-06 15:47:10
Pedestrian,3,EPA,0,7,0.0474390352769569,16QAM,MPA,15,0.339388020833333,0.875234375,1,77.1189485417685,2.25677800679872,4,0,0,0.2622921,10,10,LowMobility,0,2026-08-06 15:47:11
Pedestrian,3,EPA,0,7,0.0474162645366304,16QAM,MPA,20,0.346354166666667,0.881197916666667,1,78.5013146283014,2.10246140495828,4,0,0,0.2817497,10,10,LowMobility,0,2026-08-06 15:47:11
Pedestrian,3,EPA,0,7,0.0468318190706436,16QAM,MPA,25,0.351666666666667,0.8846875,1,79.3188052086328,2.01247672524137,4,0,0,0.2555718,10,10,LowMobility,0,2026-08-06 15:47:11
Pedestrian,3,EPA,0,7,0.0474402249197417,16QAM,MPA,30,0.357330729166667,0.885598958333333,1,80.9575225489322,1.83485581042907,4,0,0,0.2441622,10,10,LowMobility,0,2026-08-06 15:47:11
Pedestrian,3,EPA,0,7,0.0472251012087532,64QAM,MRC,0,0.380112847222222,0.930182291666667,1,95.4335326857188,0.405979989871045,4,0,0,0.8386635,2.3,10,LowMobility,0,2026-08-06 15:47:12
Pedestrian,3,EPA,0,7,0.0473334539449607,64QAM,MRC,5,0.313893229166667,0.872838541666667,1,70.937945509946,2.98242787257164,5,0,0,0.8546805,2.3,10,LowMobility,0,2026-08-06 15:47:13
Pedestrian,3,EPA,0,7,0.0465990666433979,64QAM,MRC,10,0.208958333333333,0.688255208333333,1,50.484193711111,5.93689151032425,7,0,0,0.8265263,2.2,10,LowMobility,0,2026-08-06 15:47:14
Pedestrian,3,EPA,0,7,0.0473078425696387,64QAM,MRC,15,0.118602430555556,0.470364583333333,1,28.1522923483026,11.0097247241142,9,0,0,0.8317745,2.2,10,LowMobility,0,2026-08-06 15:47:15
Pedestrian,3,EPA,0,7,0.032931123577911,64QAM,MRC,20,0.0174479166666667,0.0996875,0.9,8.26729950203236,21.6527265753172,14,540000,0.5625,0.9026366,2.5,10,LowMobility,0,2026-08-06 15:47:16
Pedestrian,3,EPA,0,7,0.0474120062683059,64QAM,MRC,25,0.0370616319444444,0.151015625,0.7,9.3596496671294,20.574808133101,13,1620000,1.6875,0.8701947,2.4,10,LowMobility,0,2026-08-06 15:47:17
Pedestrian,3,EPA,0,7,0.0433332442044929,64QAM,MRC,30,0.00653645833333333,0.035546875,0.3,2.09811250308302,33.5634245634767,15,3780000,3.9375,0.9110456,2.5,10,LowMobility,0,2026-08-06 15:47:17
Pedestrian,3,EPA,0,7,0.0472272570676972,64QAM,LMMSE,0,0.418576388888889,0.979583333333333,1,90.169967662504,0.898761721504032,4,0,0,0.1228771,1,10,LowMobility,0,2026-08-06 15:47:18
Pedestrian,3,EPA,0,7,0.0472166900961612,64QAM,LMMSE,5,0.377230902777778,0.972109375,1,84.8892193244028,1.4229492069489,4,0,0,0.1198515,1,10,LowMobility,0,2026-08-06 15:47:18
Pedestrian,3,EPA,0,7,0.0459117574549454,64QAM,LMMSE,10,0.376158854166667,0.966067708333333,1,80.232434158575,1.91300063218073,4,0,0,0.1387427,1,10,LowMobility,0,2026-08-06 15:47:18
Pedestrian,3,EPA,0,7,0.0474098541821682,64QAM,LMMSE,15,0.374574652777778,0.95890625,1,70.9355072053588,2.98272643222668,5,0,0,0.1257805,1,10,LowMobility,0,2026-08-06 15:47:18
Pedestrian,3,EPA,0,7,0.0474397672208156,64QAM,LMMSE,20,0.244392361111111,0.851276041666667,1,41.1600764865916,7.71047653743707,7,0,0,0.1314686,1,10,LowMobility,0,2026-08-06 15:47:18
Pedestrian,3,EPA,0,7,0.0443562482430389,64QAM,LMMSE,25,0.123020833333333,0.4240625,0.8,21.9910402953275,13.1550845134355,10,1080000,1.125,0.1188864,1,10,LowMobility,0,2026-08-06 15:47:18
Pedestrian,3,EPA,0,7,0.0447620380250843,64QAM,LMMSE,30,0.142235243055556,0.453723958333333,0.9,26.0687162816385,11.6776070908854,9,540000,0.5625,0.1259727,1,10,LowMobility,0,2026-08-06 15:47:18
Pedestrian,3,EPA,0,7,0.0464026789663302,64QAM,MPA,0,0.423151041666667,0.979869791666667,1,90.9249014933763,0.826343215617612,4,0,0,0.6032832,10,10,LowMobility,0,2026-08-06 15:47:19
Pedestrian,3,EPA,0,7,0.0370184744365539,64QAM,MPA,5,0.394856770833333,0.974348958333333,1,86.8136680343058,1.22823787329695,4,0,0,0.6106692,10,10,LowMobility,0,2026-08-06 15:47:20
Pedestrian,3,EPA,0,7,0.0447788616770646,64QAM,MPA,10,0.387708333333333,0.973046875,1,86.2852487951117,1.28126888626705,4,0,0,0.5324725,10,10,LowMobility,0,2026-08-06 15:47:20
Pedestrian,3,EPA,0,7,0.0473808678894571,64QAM,MPA,15,0.401462673611111,0.977578125,1,87.0843002998435,1.20120266510853,4,0,0,0.5752111,10,10,LowMobility,0,2026-08-06 15:47:21
Pedestrian,3,EPA,0,7,0.0439572588865493,64QAM,MPA,20,0.431892361111111,0.978541666666667,1,91.8253128590247,0.740751665813659,4,0,0,0.6476247,10,10,LowMobility,0,2026-08-06 15:47:21
Pedestrian,3,EPA,0,7,0.0470529896674391,64QAM,MPA,25,0.4467578125,0.98125,1,94.1056763032749,0.527683596738528,4,0,0,0.6805647,10,10,LowMobility,0,2026-08-06 15:47:22
Pedestrian,3,EPA,0,7,0.0470953780400585,64QAM,MPA,30,0.460611979166667,0.981953125,1,96.5045879557664,0.309040784625037,4,0,0,0.6601659,10,10,LowMobility,0,2026-08-06 15:47:23
Pedestrian,2,EPA,0,7,0.0316146482192636,QPSK,MRC,0,0.254921875,0.432473958333333,1,97.4533377699653,0.224065634723275,4,0,0,0.8090302,2,11,LowMobility,0,2026-08-06 15:47:24
Pedestrian,2,EPA,0,7,0.0316114225195606,QPSK,MRC,5,0.134153645833333,0.229635416666667,1,63.9007241450443,3.88988440477727,5,0,0,0.7967761,2,11,LowMobility,0,2026-08-06 15:47:24
Pedestrian,2,EPA,0,7,0.0315763763825541,QPSK,MRC,10,0.0227604166666667,0.0428125,0.8,17.7607864468776,15.0107561518046,11,360000,0.375,0.7805572,2,11,LowMobility,0,2026-08-06 15:47:25
Pedestrian,2,EPA,0,7,0.0305764909746334,QPSK,MRC,15,0.00326822916666667,0.00645833333333333,0.5,5.59700101547166,25.0408922859722,15,900000,0.9375,0.8011498,2,11,LowMobility,0,2026-08-06 15:47:26
Pedestrian,2,EPA,0,7,0.0314907168930734,QPSK,MRC,20,9.11458333333333e-05,0.000182291666666667,0.2,0.83305897526378,41.5864850444933,15,1440000,1.5,0.7924307,2,11,LowMobility,0,2026-08-06 15:47:27
Pedestrian,2,EPA,0,7,0.0313390892570762,QPSK,MRC,25,0,0,0,0,160,15,1800000,1.875,0.7923168,2,11,LowMobility,0,2026-08-06 15:47:27
Pedestrian,2,EPA,0,7,0.0316166510235789,QPSK,MRC,30,0,0,0,0,160,15,1800000,1.875,0.7822126,2,11,LowMobility,0,2026-08-06 15:47:28
Pedestrian,2,EPA,0,7,0.0311954056162234,QPSK,LMMSE,0,0.1931640625,0.339427083333333,1,84.5927249274301,1.45333970369471,4,0,0,0.1000524,1,11,LowMobility,0,2026-08-06 15:47:28
Pedestrian,2,EPA,0,7,0.0316219665398994,QPSK,LMMSE,5,0.0856119791666667,0.153984375,1,46.9352207489939,6.57002270378632,7,0,0,0.1046912,1,11,LowMobility,0,2026-08-06 15:47:28
Pedestrian,2,EPA,0,7,0.0252621172781278,QPSK,LMMSE,10,0.0519921875,0.0926041666666667,0.8,28.2169163262668,10.9898089935341,9,360000,0.375,0.108036,1,11,LowMobility,0,2026-08-06 15:47:29
Pedestrian,2,EPA,0,7,0.0296592817248758,QPSK,LMMSE,15,0.03734375,0.060234375,0.4,13.7331122020147,17.2446206332713,12,1080000,1.125,0.1154684,1,11,LowMobility,0,2026-08-06 15:47:29
Pedestrian,2,EPA,0,7,0.0303234678893712,QPSK,LMMSE,20,0.000221354166666667,0.000442708333333333,0.1,0.940965815886351,40.5285230732528,15,1620000,1.6875,0.1039391,1,11,LowMobility,0,2026-08-06 15:47:29
Pedestrian,2,EPA,0,7,0.03068617703911,QPSK,LMMSE,25,0,0,0,0,160,15,1800000,1.875,0.1167555,1,11,LowMobility,0,2026-08-06 15:47:29
Pedestrian,2,EPA,0,7,0.0316032726062681,QPSK,LMMSE,30,0,0,0,0,160,15,1800000,1.875,0.0927588,1,11,LowMobility,0,2026-08-06 15:47:29
Pedestrian,2,EPA,0,7,0.0311050811507976,QPSK,MPA,0,0.241888020833333,0.420963541666667,1,97.3535057448069,0.232968094340551,4,0,0,0.1890773,10,11,LowMobility,0,2026-08-06 15:47:29
Pedestrian,2,EPA,0,7,0.0305313044553957,QPSK,MPA,5,0.163489583333333,0.294192708333333,1,79.6134313384378,1.9802731517558,4,0,0,0.1766307,10,11,LowMobility,0,2026-08-06 15:47:29
Pedestrian,2,EPA,0,7,0.0313697107825415,QPSK,MPA,10,0.112513020833333,0.211927083333333,1,66.4308482129095,3.55260404590504,5,0,0,0.1555763,10,11,LowMobility,0,2026-08-06 15:47:30
Pedestrian,2,EPA,0,7,0.0314976420968447,QPSK,MPA,15,0.1227734375,0.22515625,1,66.8790704325436,3.49419543770331,5,0,0,0.1696205,10,11,LowMobility,0,2026-08-06 15:47:30
Pedestrian,2,EPA,0,7,0.0308211141071511,QPSK,MPA,20,0.0769791666666667,0.147447916666667,1,55.0177480003897,5.18994380456111,6,0,0,0.1647106,10,11,LowMobility,0,2026-08-06 15:47:30
Pedestrian,2,EPA,0,7,0.0313103598478917,QPSK,MPA,25,0.0611588541666667,0.118619791666667,1,49.4421697119934,6.11804957987753,7,0,0,0.1473093,10,11,LowMobility,0,2026-08-06 15:47:30
Pedestrian,2,EPA,0,7,0.0304760149386201,QPSK,MPA,30,0.0716666666666667,0.136822916666667,1,52.5075894343561,5.59555838473989,6,0,0,0.1686869,10,11,LowMobility,0,2026-08-06 15:47:30
Pedestrian,2,EPA,0,7,0.031108093664606,16QAM,MRC,0,0.366536458333333,0.813489583333333,1,108.106868262913,-0.677065729931671,3,0,0,0.7914037,2,11,LowMobility,0,2026-08-06 15:47:31
Pedestrian,2,EPA,0,7,0.0314464960520726,16QAM,MRC,5,0.191966145833333,0.529010416666667,1,59.5212674662979,4.50655658695915,6,0,0,0.7584354,2,11,LowMobility,0,2026-08-06 15:47:32
Pedestrian,2,EPA,0,7,0.0316210337844302,16QAM,MRC,10,0.1176171875,0.339739583333333,1,41.8186801008409,7.57259357382345,7,0,0,0.7715778,2,11,LowMobility,0,2026-08-06 15:47:33
Pedestrian,2,EPA,0,7,0.0310677849129555,16QAM,MRC,15,0.0927278645833333,0.277916666666667,0.9,33.3729341333901,9.53211217381342,8,360000,0.375,0.8998796,2,11,LowMobility,0,2026-08-06 15:47:33
Pedestrian,2,EPA,0,7,0.0306273046566778,16QAM,MRC,20,0.0037890625,0.0149479166666667,0.7,5.06617220811931,25.9064010371991,15,1080000,1.125,0.8668834,2,11,LowMobility,0,2026-08-06 15:47:34
Pedestrian,2,EPA,0,7,0.0316211262655132,16QAM,MRC,25,0.00015625,0.000625,0.1,0.500835422470633,46.0060992493273,15,3240000,3.375,0.8232511,2,11,LowMobility,0,2026-08-06 15:47:35
Pedestrian,2,EPA,0,7,0.0315742482903124,16QAM,MRC,30,0.00126953125,0.00502604166666667,0.3,1.75823024233713,35.098485083207,15,2520000,2.625,0.8020098,2,11,LowMobility,0,2026-08-06 15:47:36
Pedestrian,2,EPA,0,7,0.0287387925457029,16QAM,LMMSE,0,0.382428385416667,0.892213541666667,1,86.1261670300793,1.29729760501529,4,0,0,0.1145534,1,11,LowMobility,0,2026-08-06 15:47:36
Pedestrian,2,EPA,0,7,0.0308588664852386,16QAM,LMMSE,5,0.323430989583333,0.852369791666667,1,74.7553712674275,2.52715194555603,5,0,0,0.1019897,1,11,LowMobility,0,2026-08-06 15:47:36
Pedestrian,2,EPA,0,7,0.0316089214424142,16QAM,LMMSE,10,0.2973046875,0.783802083333333,1,71.2507599481808,2.94420998371077,5,0,0,0.1260067,1,11,LowMobility,0,2026-08-06 15:47:36
Pedestrian,2,EPA,0,7,0.0315387835462051,16QAM,LMMSE,15,0.125234375,0.382317708333333,1,37.1414409078648,8.60282503497492,8,0,0,0.1103117,1,11,LowMobility,0,2026-08-06 15:47:36
Pedestrian,2,EPA,0,7,0.0313843400422921,16QAM,LMMSE,20,0.00757161458333333,0.0281510416666667,0.5,5.46986610851727,25.2404660840948,15,1800000,1.875,0.1259564,1,11,LowMobility,0,2026-08-06 15:47:37
Pedestrian,2,EPA,0,7,0.0269564220422527,16QAM,LMMSE,25,0.01513671875,0.0557291666666667,0.3,6.99382627937867,23.1057031878739,15,2520000,2.625,0.1091962,1,11,LowMobility,0,2026-08-06 15:47:37
Pedestrian,2,EPA,0,7,0.0260602510022732,16QAM,LMMSE,30,0.0259114583333333,0.0764322916666667,0.1,6.42495394069223,23.8425996272482,15,3240000,3.375,0.1145486,1,11,LowMobility,0,2026-08-06 15:47:37
Pedestrian,2,EPA,0,7,0.0316004829437759,16QAM,MPA,0,0.388489583333333,0.901145833333333,1,87.2321468648386,1.1864687799734,4,0,0,0.2704516,10,11,LowMobility,0,2026-08-06 15:47:37
Pedestrian,2,EPA,0,7,0.0301915128249052,16QAM,MPA,5,0.349986979166667,0.8765625,1,79.0771139770717,2.03898378431047,4,0,0,0.2377203,10,11,LowMobility,0,2026-08-06 15:47:37
Pedestrian,2,EPA,0,7,0.0312056033336146,16QAM,MPA,10,0.327747395833333,0.868489583333333,1,74.4222599220357,2.56594292472891,5,0,0,0.2354978,10,11,LowMobility,0,2026-08-06 15:47:37
Pedestrian,2,EPA,0,7,0.0315284970732662,16QAM,MPA,15,0.346100260416667,0.878125,1,78.4497514994327,2.10816855526838,4,0,0,0.2418399,10,11,LowMobility,0,2026-08-06 15:47:38
Pedestrian,2,EPA,0,7,0.0316004817143416,16QAM,MPA,20,0.343841145833333,0.877109375,1,77.7741756513173,2.18329166789694,4,0,0,0.2298295,10,11,LowMobility,0,2026-08-06 15:47:38
Pedestrian,2,EPA,0,7,0.0302959022589163,16QAM,MPA,25,0.3512890625,0.884739583333333,1,79.3334598713252,2.01087209913499,4,0,0,0.2121117,10,11,LowMobility,0,2026-08-06 15:47:38
Pedestrian,2,EPA,0,7,0.0312997546961973,16QAM,MPA,30,0.353854166666667,0.885286458333333,1,80.1070750852257,1.92658250358894,4,0,0,0.259597,10,11,LowMobility,0,2026-08-06 15:47:38
Pedestrian,2,EPA,0,7,0.0300988552719513,64QAM,MRC,0,0.339956597222222,0.89453125,1,84.9112761077502,1.42069264360359,4,0,0,0.9719744,2.7,11,LowMobility,0,2026-08-06 15:47:39
Pedestrian,2,EPA,0,7,0.031605872029562,64QAM,MRC,5,0.268068576388889,0.835572916666667,1,56.8591234592425,4.90399679363204,6,0,0,0.9002266,2.4,11,LowMobility,0,2026-08-06 15:47:40
Pedestrian,2,EPA,0,7,0.0284182909190885,64QAM,MRC,10,0.132560763888889,0.560130208333333,1,28.9224412450363,10.7753010501627,9,0,0,0.916768,2.6,11,LowMobility,0,2026-08-06 15:47:41
Pedestrian,2,EPA,0,7,0.0315985191217704,64QAM,MRC,15,0.100277777777778,0.473463541666667,1,23.9433012668555,12.4163193984465,10,0,0,0.8649861,2.2,11,LowMobility,0,2026-08-06 15:47:42
Pedestrian,2,EPA,0,7,0.0316041330332216,64QAM,MRC,20,0.0373828125,0.161875,1,10.7580784014903,19.3653059008222,13,0,0,0.9623229,2.2,11,LowMobility,0,2026-08-06 15:47:43
Pedestrian,2,EPA,0,7,0.0301854863297144,64QAM,MRC,25,0.0148177083333333,0.0744791666666667,0.7,5.31962697827427,25.4823764028091,15,1620000,1.6875,0.9076601,2.3,11,LowMobility,0,2026-08-06 15:47:44
Pedestrian,2,EPA,0,7,0.026222880392288,64QAM,MRC,30,0.00322482638888889,0.0184635416666667,0.6,1.91317535669065,34.3649044368524,15,2160000,2.25,0.8852179,2.4,11,LowMobility,0,2026-08-06 15:47:45
Pedestrian,2,EPA,0,7,0.0310866140632429,64QAM,LMMSE,0,0.4351953125,0.981927083333333,1,92.5347715101866,0.673900861456429,4,0,0,0.1042393,1,11,LowMobility,0,2026-08-06 15:47:45
Pedestrian,2,EPA,0,7,0.0315822935559082,64QAM,LMMSE,5,0.392647569444444,0.973567708333333,1,86.8846779045557,1.22113609086799,4,0,0,0.0926529,1,11,LowMobility,0,2026-08-06 15:47:45
Pedestrian,2,EPA,0,7,0.0300585764384505,64QAM,LMMSE,10,0.374470486111111,0.961979166666667,1,78.0183894058384,2.15606038819457,4,0,0,0.1198971,1,11,LowMobility,0,2026-08-06 15:47:45
Pedestrian,2,EPA,0,7,0.0308487100183066,64QAM,LMMSE,15,0.344036458333333,0.941328125,1,67.0174713032212,3.47623925898413,5,0,0,0.1097305,1,11,LowMobility,0,2026-08-06 15:47:45
Pedestrian,2,EPA,0,7,0.0315261162920369,64QAM,LMMSE,20,0.231280381944444,0.732447916666667,1,44.988282030079,6.93801181888575,7,0,0,0.1219449,1,11,LowMobility,0,2026-08-06 15:47:45
Pedestrian,2,EPA,0,7,0.031337371441472,64QAM,LMMSE,25,0.1843359375,0.625078125,0.9,33.7886821214847,9.42457493841665,8,540000,0.5625,0.1348191,1,11,LowMobility,0,2026-08-06 15:47:46
Pedestrian,2,EPA,0,7,0.0311686594760219,64QAM,LMMSE,30,0.0703125,0.234661458333333,0.4,13.5808002345682,17.3414927789927,12,3240000,3.375,0.1296815,1,11,LowMobility,0,2026-08-06 15:47:46
Pedestrian,2,EPA,0,7,0.0218615659737146,64QAM,MPA,0,0.412795138888889,0.978828125,1,89.4863507342636,0.964864042921803,4,0,0,0.5955407,10,11,LowMobility,0,2026-08-06 15:47:46
Pedestrian,2,EPA,0,7,0.0307213713336922,64QAM,MPA,5,0.393953993055556,0.974609375,1,86.7603087795771,1.23357822005688,4,0,0,0.5942362,10,11,LowMobility,0,2026-08-06 15:47:47
Pedestrian,2,EPA,0,7,0.0316144568405354,64QAM,MPA,10,0.372296006944444,0.971640625,1,83.8378381129813,1.53119858328237,4,0,0,0.5989806,10,11,LowMobility,0,2026-08-06 15:47:47
Pedestrian,2,EPA,0,7,0.0310674922581149,64QAM,MPA,15,0.406644965277778,0.977890625,1,87.8888336759966,1.1213259754185,4,0,0,0.5890153,10,11,LowMobility,0,2026-08-06 15:47:48
Pedestrian,2,EPA,0,7,0.0276925450112947,64QAM,MPA,20,0.443077256944444,0.9821875,1,93.4082090893428,0.592299090914614,4,0,0,0.593021,10,11,LowMobility,0,2026-08-06 15:47:49
Pedestrian,2,EPA,0,7,0.0309042864752584,64QAM,MPA,25,0.454075520833333,0.982890625,1,95.2971957926274,0.418397573740512,4,0,0,0.6062356,10,11,LowMobility,0,2026-08-06 15:47:49
Pedestrian,2,EPA,0,7,0.0293787408215574,64QAM,MPA,30,0.452638888888889,0.98140625,1,95.1989706479916,0.427354949183207,4,0,0,0.5550042,10,11,LowMobility,0,2026-08-06 15:47:50
Pedestrian,3,EPA,0,7,0.0474130199679127,QPSK,MRC,0,0.218606770833333,0.37890625,1,90.7413506580901,0.843895213546859,4,0,0,0.7565725,2,12,LowMobility,0,2026-08-06 15:47:51
Pedestrian,3,EPA,0,7,0.0468476033267837,QPSK,MRC,5,0.0927083333333333,0.164348958333333,1,49.5533789809087,6.09853452378424,7,0,0,0.7455142,2,12,LowMobility,0,2026-08-06 15:47:51
Pedestrian,3,EPA,0,7,0.0471682818443021,QPSK,MRC,10,0.0470572916666667,0.0880729166666667,0.7,31.4620436788296,10.0442614069111,8,540000,0.5625,0.7770978,2,12,LowMobility,0,2026-08-06 15:47:52
Pedestrian,3,EPA,0,7,0.0469189574142882,QPSK,MRC,15,0.0566145833333333,0.0942708333333333,0.4,21.5394038965939,13.3353263995929,10,1080000,1.125,0.7806925,2,12,LowMobility,0,2026-08-06 15:47:53
Pedestrian,3,EPA,0,7,0.0464887698968304,QPSK,MRC,20,0.000989583333333333,0.00197916666666667,0.3,2.41963862948593,32.3249898121195,15,1260000,1.3125,0.8706661,2,12,LowMobility,0,2026-08-06 15:47:54
Pedestrian,3,EPA,0,7,0.0471114163538601,QPSK,MRC,25,0,0,0,0,160,15,1800000,1.875,0.8596374,2,12,LowMobility,0,2026-08-06 15:47:55
Pedestrian,3,EPA,0,7,0.0456067538038279,QPSK,MRC,30,0,0,0,0,160,15,1800000,1.875,0.8656226,2,12,LowMobility,0,2026-08-06 15:47:55
Pedestrian,3,EPA,0,7,0.0469223632806238,QPSK,LMMSE,0,0.221796875,0.385442708333333,1,90.8615893189441,0.832393418574297,4,0,0,0.1001389,1,12,LowMobility,0,2026-08-06 15:47:56
Pedestrian,3,EPA,0,7,0.0442889055084827,QPSK,LMMSE,5,0.140651041666667,0.248125,1,64.4055740437792,3.82153089140689,5,0,0,0.1337778,1,12,LowMobility,0,2026-08-06 15:47:56
Pedestrian,3,EPA,0,7,0.0474392056908501,QPSK,LMMSE,10,0.0135026041666667,0.0262760416666667,0.6,13.8546125396634,17.1681123052338,12,720000,0.75,0.124544,1,12,LowMobility,0,2026-08-06 15:47:56
Pedestrian,3,EPA,0,7,0.0474353881096112,QPSK,LMMSE,15,0.0309114583333333,0.0552604166666667,0.3,15.2813914916742,16.3167419601791,12,1260000,1.3125,0.1230457,1,12,LowMobility,0,2026-08-06 15:47:56
Pedestrian,3,EPA,0,7,0.0474114806789684,QPSK,LMMSE,20,0.0105338541666667,0.0205729166666667,0.4,10.2475955117583,19.7875605038276,13,1080000,1.125,0.1036595,1,12,LowMobility,0,2026-08-06 15:47:56
Pedestrian,3,EPA,0,7,0.0474332150794576,QPSK,LMMSE,25,0.00479166666666667,0.00932291666666667,0.1,4.37797517885457,27.1745341003003,15,1620000,1.6875,0.1252037,1,12,LowMobility,0,2026-08-06 15:47:56
Pedestrian,3,EPA,0,7,0.0469986569739245,QPSK,LMMSE,30,0,0,0,0,160,15,1800000,1.875,0.1269554,1,12,LowMobility,0,2026-08-06 15:47:56
Pedestrian,3,EPA,0,7,0.0468768784507814,QPSK,MPA,0,0.226588541666667,0.392838541666667,1,93.0879896923031,0.622126970455153,4,0,0,0.1680989,10,12,LowMobility,0,2026-08-06 15:47:57
Pedestrian,3,EPA,0,7,0.0439823741924603,QPSK,MPA,5,0.199856770833333,0.356796875,1,88.5670276882621,1.0545586002335,4,0,0,0.1746127,10,12,LowMobility,0,2026-08-06 15:47:57
Pedestrian,3,EPA,0,7,0.0462974583896538,QPSK,MPA,10,0.1305859375,0.242604166666667,1,71.3818127498253,2.92824854558146,5,0,0,0.1756452,10,12,LowMobility,0,2026-08-06 15:47:57
Pedestrian,3,EPA,0,7,0.0474348260509724,QPSK,MPA,15,0.0874609375,0.166901041666667,1,58.8361445188811,4.60711587899731,6,0,0,0.1536552,10,12,LowMobility,0,2026-08-06 15:47:57
Pedestrian,3,EPA,0,7,0.0469141975454612,QPSK,MPA,20,0.0690755208333333,0.133567708333333,1,52.4201915747351,5.61002792429416,6,0,0,0.1785075,10,12,LowMobility,0,2026-08-06 15:47:57
Pedestrian,3,EPA,0,7,0.0468816689396789,QPSK,MPA,25,0.0679166666666667,0.131432291666667,1,51.8842102731341,5.6992957850674,6,0,0,0.1699651,10,12,LowMobility,0,2026-08-06 15:47:57
Pedestrian,3,EPA,0,7,0.0470043154529615,QPSK,MPA,30,0.0591927083333333,0.114713541666667,1,48.6494118881972,6.25844810904497,7,0,0,0.1795328,10,12,LowMobility,0,2026-08-06 15:47:58
Pedestrian,3,EPA,0,7,0.0470599636510844,16QAM,MRC,0,0.388548177083333,0.839166666666667,1,113.987673179733,-1.13715777068076,3,0,0,0.9307567,2,12,LowMobility,0,2026-08-06 15:47:58
Pedestrian,3,EPA,0,7,0.0443065860478745,16QAM,MRC,5,0.23232421875,0.62453125,1,71.1835076276006,2.95241231153279,5,0,0,0.7414802,2,12,LowMobility,0,2026-08-06 15:47:59
Pedestrian,3,EPA,0,7,0.0351514195908239,16QAM,MRC,10,0.140546875,0.415729166666667,1,49.4119526985783,6.12335965993266,7,0,0,0.8107485,2,12,LowMobility,0,2026-08-06 15:48:00
Pedestrian,3,EPA,0,7,0.0474388931829999,16QAM,MRC,15,0.0341080729166667,0.12734375,0.9,18.091700833102,14.850412048422,11,360000,0.375,0.8168617,2,12,LowMobility,0,2026-08-06 15:48:01
Pedestrian,3,EPA,0,7,0.04506993889513,16QAM,MRC,20,0.00893229166666667,0.0333072916666667,0.8,6.60799317536995,23.5986082843973,15,720000,0.75,0.8147581,2,12,LowMobility,0,2026-08-06 15:48:02
Pedestrian,3,EPA,0,7,0.0469174776209331,16QAM,MRC,25,0.00779296875,0.0295572916666667,0.2,4.84602579905987,26.2922855622884,15,2880000,3,0.8850427,2,12,LowMobility,0,2026-08-06 15:48:03
Pedestrian,3,EPA,0,7,0.0472820036094356,16QAM,MRC,30,6.51041666666667e-06,2.60416666666667e-05,0.1,0.102858016104415,59.7552371296033,15,3240000,3.375,0.8230855,2,12,LowMobility,0,2026-08-06 15:48:03
Pedestrian,3,EPA,0,7,0.0423252249630317,16QAM,LMMSE,0,0.379791666666667,0.895859375,1,85.2245083128394,1.38870991348313,4,0,0,0.1072936,1,12,LowMobility,0,2026-08-06 15:48:03
Pedestrian,3,EPA,0,7,0.0455576206594335,16QAM,LMMSE,5,0.342291666666667,0.868151041666667,1,78.0427047514956,2.15335375062113,4,0,0,0.1196487,1,12,LowMobility,0,2026-08-06 15:48:04
Pedestrian,3,EPA,0,7,0.0402027892466394,16QAM,LMMSE,10,0.235729166666667,0.675651041666667,1,60.7710173630004,4.32606986201573,6,0,0,0.1092962,1,12,LowMobility,0,2026-08-06 15:48:04
Pedestrian,3,EPA,0,7,0.0454401544745941,16QAM,LMMSE,15,0.199427083333333,0.586119791666667,0.9,51.5581035094948,5.75406131842441,6,360000,0.375,0.1193999,1,12,LowMobility,0,2026-08-06 15:48:04
Pedestrian,3,EPA,0,7,0.0456159838169931,16QAM,LMMSE,20,0.00555989583333333,0.021484375,0.5,4.7101554612429,26.5392951701791,15,1800000,1.875,0.1093525,1,12,LowMobility,0,2026-08-06 15:48:04
Pedestrian,3,EPA,0,7,0.047438596988358,16QAM,LMMSE,25,0.0237369791666667,0.073203125,0.3,7.46567676081498,22.5386163504321,14,2520000,2.625,0.1101732,1,12,LowMobility,0,2026-08-06 15:48:04
Pedestrian,3,EPA,0,7,0.0459609599759412,16QAM,LMMSE,30,0,0,0,0,160,15,3600000,3.75,0.1050193,1,12,LowMobility,0,2026-08-06 15:48:04
Pedestrian,3,EPA,0,7,0.0474397471660188,16QAM,MPA,0,0.388795572916667,0.900286458333333,1,87.3025820411411,1.17945823021007,4,0,0,0.268314,10,12,LowMobility,0,2026-08-06 15:48:04
Pedestrian,3,EPA,0,7,0.0395989618445254,16QAM,MPA,5,0.331829427083333,0.867552083333333,1,75.5760576123142,2.43231533170203,5,0,0,0.2811817,10,12,LowMobility,0,2026-08-06 15:48:05
Pedestrian,3,EPA,0,7,0.0466021376805769,16QAM,MPA,10,0.32525390625,0.86296875,1,74.2374834194824,2.58753517424203,5,0,0,0.2834445,10,12,LowMobility,0,2026-08-06 15:48:05
Pedestrian,3,EPA,0,7,0.0473672166002434,16QAM,MPA,15,0.342825520833333,0.876848958333333,1,78.0570581360937,2.15175641424346,4,0,0,0.2784642,10,12,LowMobility,0,2026-08-06 15:48:05
Pedestrian,3,EPA,0,7,0.0449014231512416,16QAM,MPA,20,0.34580078125,0.879140625,1,77.9532148919091,2.16331938473694,4,0,0,0.2784499,10,12,LowMobility,0,2026-08-06 15:48:06
Pedestrian,3,EPA,0,7,0.0474369693404208,16QAM,MPA,25,0.359231770833333,0.887838541666667,1,81.4509785680832,1.78207387249537,4,0,0,0.2675082,10,12,LowMobility,0,2026-08-06 15:48:06
Pedestrian,3,EPA,0,7,0.0470928270881443,16QAM,MPA,30,0.353268229166667,0.884921875,1,79.9502861281291,1.94359955301529,4,0,0,0.2460255,10,12,LowMobility,0,2026-08-06 15:48:06
Pedestrian,3,EPA,0,7,0.0446391321420044,64QAM,MRC,0,0.407165798611111,0.945651041666667,1,110.364570828866,-0.856593576020946,3,0,0,1.0379301,2.4,12,LowMobility,0,2026-08-06 15:48:07
Pedestrian,3,EPA,0,7,0.0414498713195887,64QAM,MRC,5,0.295655381944444,0.852994791666667,1,70.0596488225313,3.09064087871054,5,0,0,1.0759021,2.5,12,LowMobility,0,2026-08-06 15:48:08
Pedestrian,3,EPA,0,7,0.0458898785753788,64QAM,MRC,10,0.162061631944444,0.642552083333333,1,34.7924259233517,9.17030577492227,8,0,0,0.8884157,2.3,12,LowMobility,0,2026-08-06 15:48:09
Pedestrian,3,EPA,0,7,0.0457929624561825,64QAM,MRC,15,0.0611284722222222,0.306588541666667,1,17.413639877078,15.1822088242845,11,0,0,0.8878934,2.5,12,LowMobility,0,2026-08-06 15:48:10
Pedestrian,3,EPA,0,7,0.0450016905057796,64QAM,MRC,20,0.0810069444444445,0.304375,1,22.4969102217913,12.9575424962351,10,0,0,0.7896587,2.2,12,LowMobility,0,2026-08-06 15:48:11
Pedestrian,3,EPA,0,7,0.0440439709673649,64QAM,MRC,25,0.0129644097222222,0.0673697916666667,0.7,4.99226552872591,26.034046468942,15,1620000,1.6875,1.1495102,2.7,12,LowMobility,0,2026-08-06 15:48:12
Pedestrian,3,EPA,0,7,0.0471663611142869,64QAM,MRC,30,8.68055555555556e-05,0.000520833333333333,0.2,0.266133563338935,51.4980070220344,15,4320000,4.5,0.9596866,2.5,12,LowMobility,0,2026-08-06 15:48:13
Pedestrian,3,EPA,0,7,0.045997227825199,64QAM,LMMSE,0,0.43234375,0.979583333333333,1,92.0133969832533,0.722978711280584,4,0,0,0.1339188,1,12,LowMobility,0,2026-08-06 15:48:13
Pedestrian,3,EPA,0,7,0.0474064562552899,64QAM,LMMSE,5,0.3988671875,0.975963541666667,1,87.4774822338132,1.16207450530285,4,0,0,0.1471633,1,12,LowMobility,0,2026-08-06 15:48:13
Pedestrian,3,EPA,0,7,0.0473940290108673,64QAM,LMMSE,10,0.374201388888889,0.967578125,1,81.480175964114,1.77896083542048,4,0,0,0.1255436,1,12,LowMobility,0,2026-08-06 15:48:13
Pedestrian,3,EPA,0,7,0.046997173845675,64QAM,LMMSE,15,0.330065104166667,0.918776041666667,1,65.3699391375675,3.69243838764229,5,0,0,0.1259396,1,12,LowMobility,0,2026-08-06 15:48:13
Pedestrian,3,EPA,0,7,0.047029457018302,64QAM,LMMSE,20,0.181957465277778,0.62046875,1,40.7865396249988,7.789662782855,7,0,0,0.1338455,1,12,LowMobility,0,2026-08-06 15:48:14
Pedestrian,3,EPA,0,7,0.0472885352364377,64QAM,LMMSE,25,0.195672743055556,0.676432291666667,1,37.1653113287833,8.59724449639388,8,0,0,0.1547286,1,12,LowMobility,0,2026-08-06 15:48:14
Pedestrian,3,EPA,0,7,0.0452010330420253,64QAM,LMMSE,30,0.0790798611111111,0.327942708333333,0.7,16.6084754152136,15.5934046407358,11,1620000,1.6875,0.1248584,1,12,LowMobility,0,2026-08-06 15:48:14
Pedestrian,3,EPA,0,7,0.0474251808718889,64QAM,MPA,0,0.406592881944444,0.976276041666667,1,88.3766300905543,1.07325125279961,4,0,0,0.606033,10,12,LowMobility,0,2026-08-06 15:48:14
Pedestrian,3,EPA,0,7,0.04574357939089,64QAM,MPA,5,0.382469618055556,0.973802083333333,1,85.1955835412296,1.39165836132973,4,0,0,0.6407084,10,12,LowMobility,0,2026-08-06 15:48:15
Pedestrian,3,EPA,0,7,0.0471064125514152,64QAM,MPA,10,0.379535590277778,0.972994791666667,1,85.0918098629953,1.40224478008969,4,0,0,0.6270801,10,12,LowMobility,0,2026-08-06 15:48:16
Pedestrian,3,EPA,0,7,0.0466373538793688,64QAM,MPA,15,0.411857638888889,0.978098958333333,1,88.546679476118,1.05655440652791,4,0,0,0.6491811,10,12,LowMobility,0,2026-08-06 15:48:16
Pedestrian,3,EPA,0,7,0.0447479444169082,64QAM,MPA,20,0.428389756944444,0.979583333333333,1,90.981895270155,0.820900409959305,4,0,0,0.5963038,10,12,LowMobility,0,2026-08-06 15:48:17
Pedestrian,3,EPA,0,7,0.0469486205324578,64QAM,MPA,25,0.453072916666667,0.981666666666667,1,95.2395205941566,0.42365598727436,4,0,0,0.6524393,10,12,LowMobility,0,2026-08-06 15:48:18
Pedestrian,3,EPA,0,7,0.0469987864070707,64QAM,MPA,30,0.451944444444444,0.981536458333333,1,95.0921800595293,0.437103919218812,4,0,0,0.5966934,10,12,LowMobility,0,2026-08-06 15:48:18
Pedestrian,2,EPA,0,7,0.0303389595965589,QPSK,MRC,0,0.2540234375,0.422994791666667,1,95.1280076062582,0.433831983422848,4,0,0,0.8083124,2,13,LowMobility,0,2026-08-06 15:48:19
Pedestrian,2,EPA,0,7,0.0316075120232577,QPSK,MRC,5,0.1271484375,0.224739583333333,1,63.1624839862229,3.99081597723406,5,0,0,0.7929047,2,13,LowMobility,0,2026-08-06 15:48:20
Pedestrian,2,EPA,0,7,0.0316264582521215,QPSK,MRC,10,0.0176041666666667,0.0336197916666667,0.3,12.1714278971567,18.2931693861314,12,1260000,1.3125,0.7867441,2,13,LowMobility,0,2026-08-06 15:48:21
Pedestrian,2,EPA,0,7,0.0291584537442731,QPSK,MRC,15,0.02125,0.0405729166666667,0.5,17.1192541802363,15.3303031955878,11,900000,0.9375,0.7315132,2,13,LowMobility,0,2026-08-06 15:48:21
Pedestrian,2,EPA,0,7,0.029495622290284,QPSK,MRC,20,0.0045703125,0.00893229166666667,0.2,4.49778055144365,26.9400347557847,15,1440000,1.5,0.8140172,2,13,LowMobility,0,2026-08-06 15:48:22
Pedestrian,2,EPA,0,7,0.0171235248886411,QPSK,MRC,25,0.00803385416666667,0.01546875,0.1,5.66881086883896,24.9301606467031,15,1620000,1.6875,0.7598032,2,13,LowMobility,0,2026-08-06 15:48:23
Pedestrian,2,EPA,0,7,0.0308634303996539,QPSK,MRC,30,0,0,0,0,160,15,1800000,1.875,0.7916419,2,13,LowMobility,0,2026-08-06 15:48:24
Pedestrian,2,EPA,0,7,0.031567968573021,QPSK,LMMSE,0,0.16734375,0.29875,1,78.2082718302529,2.13494621239672,4,0,0,0.1073233,1,13,LowMobility,0,2026-08-06 15:48:24
Pedestrian,2,EPA,0,7,0.0315739545785661,QPSK,LMMSE,5,0.0401302083333333,0.0774479166666667,1,35.848846127159,8.91049636961534,8,0,0,0.1148675,1,13,LowMobility,0,2026-08-06 15:48:24
Pedestrian,2,EPA,0,7,0.0309802817258457,QPSK,LMMSE,10,0.0649479166666667,0.120286458333333,0.9,40.4454848443732,7.86259908134225,7,180000,0.1875,0.1179632,1,13,LowMobility,0,2026-08-06 15:48:24
Pedestrian,2,EPA,0,7,0.0288073996024226,QPSK,LMMSE,15,0.007578125,0.014921875,0.5,9.92287937761176,20.0672457578064,13,900000,0.9375,0.1159921,1,13,LowMobility,0,2026-08-06 15:48:24
Pedestrian,2,EPA,0,7,0.0315826335899508,QPSK,LMMSE,20,0.00126302083333333,0.00252604166666667,0.1,2.2476839932102,32.965294944373,15,1620000,1.6875,0.1091301,1,13,LowMobility,0,2026-08-06 15:48:24
Pedestrian,2,EPA,0,7,0.0316188327657244,QPSK,LMMSE,25,0,0,0,0,160,15,1800000,1.875,0.0877785,1,13,LowMobility,0,2026-08-06 15:48:24
Pedestrian,2,EPA,0,7,0.0315045353300605,QPSK,LMMSE,30,0,0,0,0,160,15,1800000,1.875,0.1025136,1,13,LowMobility,0,2026-08-06 15:48:24
Pedestrian,2,EPA,0,7,0.0304457470744111,QPSK,MPA,0,0.228645833333333,0.400989583333333,1,94.4785384585431,0.493336673745899,4,0,0,0.1672177,10,13,LowMobility,0,2026-08-06 15:48:25
Pedestrian,2,EPA,0,7,0.0315865879877013,QPSK,MPA,5,0.188541666666667,0.339479166666667,1,86.2755089931012,1.28224939709159,4,0,0,0.1649886,10,13,LowMobility,0,2026-08-06 15:48:25
Pedestrian,2,EPA,0,7,0.0315256112905526,QPSK,MPA,10,0.126549479166667,0.23359375,1,69.5127358311283,3.15871237022421,5,0,0,0.16319,10,13,LowMobility,0,2026-08-06 15:48:25
Pedestrian,2,EPA,0,7,0.0274557852126402,QPSK,MPA,15,0.115611979166667,0.214453125,1,66.0410910771734,3.60371520579801,5,0,0,0.1521527,10,13,LowMobility,0,2026-08-06 15:48:25
Pedestrian,2,EPA,0,7,0.0315260016636326,QPSK,MPA,20,0.0701953125,0.135677083333333,1,52.8909771808602,5.53236818303303,6,0,0,0.1770604,10,13,LowMobility,0,2026-08-06 15:48:25
Pedestrian,2,EPA,0,7,0.0310552905038226,QPSK,MPA,25,0.0642317708333333,0.124817708333333,1,50.6509925892815,5.90824079015146,7,0,0,0.1507509,10,13,LowMobility,0,2026-08-06 15:48:25
Pedestrian,2,EPA,0,7,0.0313945732607246,QPSK,MPA,30,0.061640625,0.119557291666667,1,49.6353936176593,6.08417059473854,7,0,0,0.1698075,10,13,LowMobility,0,2026-08-06 15:48:26
Pedestrian,2,EPA,0,7,0.0279856854695671,16QAM,MRC,0,0.30109375,0.740859375,1,86.825222816189,1.22708187005499,4,0,0,0.7936719,2,13,LowMobility,0,2026-08-06 15:48:26
Pedestrian,2,EPA,0,7,0.0311273805363801,16QAM,MRC,5,0.224036458333333,0.623489583333333,1,66.5375994383523,3.53865743558486,5,0,0,0.7987094,2,13,LowMobility,0,2026-08-06 15:48:27
Pedestrian,2,EPA,0,7,0.0310161824725331,16QAM,MRC,10,0.169036458333333,0.521796875,1,54.3815779779581,5.29096389481702,6,0,0,0.8450354,2,13,LowMobility,0,2026-08-06 15:48:28
Pedestrian,2,EPA,0,7,0.0293543019109087,16QAM,MRC,15,0.0627604166666667,0.2015625,1,26.9112356319116,11.4013272221303,9,0,0,0.9458407,2,13,LowMobility,0,2026-08-06 15:48:29
Pedestrian,2,EPA,0,7,0.0315442591285629,16QAM,MRC,20,0.02171875,0.0801041666666667,0.5,11.237583336653,18.9865414913557,13,1800000,1.875,0.9146738,2,13,LowMobility,0,2026-08-06 15:48:30
Pedestrian,2,EPA,0,7,0.0316266331692769,16QAM,MRC,25,0.000690104166666667,0.00270833333333333,0.2,1.15066068091284,38.7810545375383,15,2880000,3,0.8111518,2,13,LowMobility,0,2026-08-06 15:48:31
Pedestrian,2,EPA,0,7,0.0316266140274555,16QAM,MRC,30,0.000227864583333333,0.000911458333333333,0.1,0.601120847227326,44.4207642036025,15,3240000,3.375,0.8354498,2,13,LowMobility,0,2026-08-06 15:48:32
Pedestrian,2,EPA,0,7,0.0314639303594215,16QAM,LMMSE,0,0.37890625,0.891614583333333,1,85.2660967036459,1.38447235235887,4,0,0,0.1158205,1,13,LowMobility,0,2026-08-06 15:48:32
Pedestrian,2,EPA,0,7,0.0315842175027938,16QAM,LMMSE,5,0.314934895833333,0.837135416666667,1,73.3685939394401,2.68979607623756,5,0,0,0.1079837,1,13,LowMobility,0,2026-08-06 15:48:32
Pedestrian,2,EPA,0,7,0.024893199856121,16QAM,LMMSE,10,0.26080078125,0.7471875,1,64.7709198701035,3.77239870191327,5,0,0,0.105281,1,13,LowMobility,0,2026-08-06 15:48:32
Pedestrian,2,EPA,0,7,0.0313121893956319,16QAM,LMMSE,15,0.129368489583333,0.414270833333333,1,39.613266058954,8.04318698281249,7,0,0,0.1050342,1,13,LowMobility,0,2026-08-06 15:48:32
Pedestrian,2,EPA,0,7,0.0315971082860671,16QAM,LMMSE,20,0.0847721354166667,0.258515625,0.7,24.9141084171711,12.0710929998252,10,1080000,1.125,0.1155683,1,13,LowMobility,0,2026-08-06 15:48:32
Pedestrian,2,EPA,0,7,0.0305119855675191,16QAM,LMMSE,25,0.0429557291666667,0.107604166666667,0.3,12.0194736495071,18.4022910062658,12,2520000,2.625,0.1057131,1,13,LowMobility,0,2026-08-06 15:48:32
Pedestrian,2,EPA,0,7,0.0281627211356069,16QAM,LMMSE,30,0.000110677083333333,0.000442708333333333,0.1,0.422311048760462,47.4873511229614,15,3240000,3.375,0.1004439,1,13,LowMobility,0,2026-08-06 15:48:32
Pedestrian,2,EPA,0,7,0.0284298540123479,16QAM,MPA,0,0.380813802083333,0.898776041666667,1,85.5592268508816,1.35466297100339,4,0,0,0.2581405,10,13,LowMobility,0,2026-08-06 15:48:33
Pedestrian,2,EPA,0,7,0.029741432080987,16QAM,MPA,5,0.3674609375,0.8884375,1,82.8885002065829,1.63011436927383,4,0,0,0.2606279,10,13,LowMobility,0,2026-08-06 15:48:33
Pedestrian,2,EPA,0,7,0.0316086854500994,16QAM,MPA,10,0.324192708333333,0.865703125,1,73.6795696292473,2.65305839134602,5,0,0,0.2348307,10,13,LowMobility,0,2026-08-06 15:48:33
Pedestrian,2,EPA,0,7,0.0314824396656435,16QAM,MPA,15,0.334765625,0.871614583333333,1,75.642296416103,2.42470589857519,5,0,0,0.2325079,10,13,LowMobility,0,2026-08-06 15:48:33
Pedestrian,2,EPA,0,7,0.0313972252577502,16QAM,MPA,20,0.338912760416667,0.874505208333333,1,77.0831414000757,2.26081189358593,4,0,0,0.2644579,10,13,LowMobility,0,2026-08-06 15:48:34
Pedestrian,2,EPA,0,7,0.0275835006613511,16QAM,MPA,25,0.357552083333333,0.885703125,1,80.8958135568416,1.8414790600184,4,0,0,0.2793828,10,13,LowMobility,0,2026-08-06 15:48:34
Pedestrian,2,EPA,0,7,0.0294272826670298,16QAM,MPA,30,0.36591796875,0.894635416666667,1,81.9557424097378,1.72841222454452,4,0,0,0.2221268,10,13,LowMobility,0,2026-08-06 15:48:34
Pedestrian,2,EPA,0,7,0.0315154975815232,64QAM,MRC,0,0.400698784722222,0.943463541666667,1,105.961507010392,-0.502962526222857,3,0,0,0.8659894,2.3,13,LowMobility,0,2026-08-06 15:48:35
Pedestrian,2,EPA,0,7,0.0283472856090137,64QAM,MRC,5,0.343493923611111,0.902578125,1,78.9853306847385,2.04907118538963,4,0,0,1.0482977,2.3,13,LowMobility,0,2026-08-06 15:48:36
Pedestrian,2,EPA,0,7,0.0315512367738866,64QAM,MRC,10,0.279019097222222,0.823828125,1,59.9338100860147,4.44656225293339,6,0,0,0.9156144,2,13,LowMobility,0,2026-08-06 15:48:37
Pedestrian,2,EPA,0,7,0.0310790916679337,64QAM,MRC,15,0.149292534722222,0.594401041666667,1,32.5934317001398,9.73739822182783,8,0,0,1.0160243,2.4,13,LowMobility,0,2026-08-06 15:48:38
Pedestrian,2,EPA,0,7,0.031575139555468,64QAM,MRC,20,0.0707725694444444,0.343671875,1,17.7636363287979,15.0093625325444,11,0,0,0.9107871,2.2,13,LowMobility,0,2026-08-06 15:48:39
Pedestrian,2,EPA,0,7,0.0278187079003715,64QAM,MRC,25,0.015390625,0.085703125,0.6,6.38677291810869,23.8943704984014,15,2160000,2.25,0.963558,2.4,13,LowMobility,0,2026-08-06 15:48:40
Pedestrian,2,EPA,0,7,0.0313564769555422,64QAM,MRC,30,0.007734375,0.040859375,0.1,2.09614410624622,33.5715772734971,15,4860000,5.0625,0.9184107,2.3,13,LowMobility,0,2026-08-06 15:48:41
Pedestrian,2,EPA,0,7,0.0295157666601375,64QAM,LMMSE,0,0.433459201388889,0.980026041666667,1,92.333024499456,0.692858765466673,4,0,0,0.1124778,1,13,LowMobility,0,2026-08-06 15:48:41
Pedestrian,2,EPA,0,7,0.0312861828583868,64QAM,LMMSE,5,0.398862847222222,0.975078125,1,87.6083297012552,1.14909199277774,4,0,0,0.1217836,1,13,LowMobility,0,2026-08-06 15:48:41
Pedestrian,2,EPA,0,7,0.0309872341848789,64QAM,LMMSE,10,0.387612847222222,0.96671875,1,79.1419001617549,2.03187053455674,4,0,0,0.1174824,1,13,LowMobility,0,2026-08-06 15:48:41
Pedestrian,2,EPA,0,7,0.0315762537572396,64QAM,LMMSE,15,0.375902777777778,0.959296875,1,74.9726198245294,2.50194626021331,5,0,0,0.1221698,1,13,LowMobility,0,2026-08-06 15:48:41
Pedestrian,2,EPA,0,7,0.0288875647414044,64QAM,LMMSE,20,0.205907118055556,0.709192708333333,1,40.1270336599179,7.93125887496918,7,0,0,0.1293583,1,13,LowMobility,0,2026-08-06 15:48:41
Pedestrian,2,EPA,0,7,0.0314897537269465,64QAM,LMMSE,25,0.1296875,0.482630208333333,0.9,23.8526757701806,12.4492579030922,10,540000,0.5625,0.1306315,1,13,LowMobility,0,2026-08-06 15:48:42
Pedestrian,2,EPA,0,7,0.0309317468059206,64QAM,LMMSE,30,0.00310329861111111,0.0178385416666667,0.1,1.33888346597681,37.4651444311663,15,4860000,5.0625,0.1317531,1,13,LowMobility,0,2026-08-06 15:48:42
Pedestrian,2,EPA,0,7,0.0213734905138994,64QAM,MPA,0,0.429887152777778,0.978359375,1,91.7799140490665,0.74504706706855,4,0,0,0.6108602,10,13,LowMobility,0,2026-08-06 15:48:42
Pedestrian,2,EPA,0,7,0.0316176808666543,64QAM,MPA,5,0.368910590277778,0.970963541666667,1,83.7615372704928,1.53910721350747,4,0,0,0.6104927,10,13,LowMobility,0,2026-08-06 15:48:43
Pedestrian,2,EPA,0,7,0.0314440013927694,64QAM,MPA,10,0.385013020833333,0.975104166666667,1,85.4870133273059,1.36199711331214,4,0,0,0.6530228,10,13,LowMobility,0,2026-08-06 15:48:44
Pedestrian,2,EPA,0,7,0.0315999219639613,64QAM,MPA,15,0.408580729166667,0.977161458333333,1,88.0922790769522,1.10124308061616,4,0,0,0.5920522,10,13,LowMobility,0,2026-08-06 15:48:44
Pedestrian,2,EPA,0,7,0.0316259425965497,64QAM,MPA,20,0.439713541666667,0.980130208333333,1,93.1550128273996,0.615875400496554,4,0,0,0.6857118,10,13,LowMobility,0,2026-08-06 15:48:45
Pedestrian,2,EPA,0,7,0.0270296247888583,64QAM,MPA,25,0.456671006944444,0.982708333333333,1,95.5308791344085,0.397124511772722,4,0,0,0.675468,10,13,LowMobility,0,2026-08-06 15:48:45
Pedestrian,2,EPA,0,7,0.0306037163383935,64QAM,MPA,30,0.462252604166667,0.982994791666667,1,96.7452497254697,0.287407000323277,4,0,0,0.6147153,10,13,LowMobility,0,2026-08-06 15:48:46
Pedestrian,4,EPA,0,7,0.0632440880080915,QPSK,MRC,0,0.174075520833333,0.310651041666667,1,79.5631214786943,1.98576373307894,4,0,0,0.7950588,2,14,LowMobility,0,2026-08-06 15:48:47
Pedestrian,4,EPA,0,7,0.0629061418050277,QPSK,MRC,5,0.122786458333333,0.212942708333333,1,58.5239734215328,4.65332391188306,6,0,0,0.8402543,2,14,LowMobility,0,2026-08-06 15:48:48
Pedestrian,4,EPA,0,7,0.0628004241833194,QPSK,MRC,10,0.0487760416666667,0.090078125,0.6,26.9792181235167,11.3794128127505,9,720000,0.75,0.7680601,2,14,LowMobility,0,2026-08-06 15:48:49
Pedestrian,4,EPA,0,7,0.0631077122754769,QPSK,MRC,15,0.0236588541666667,0.0429947916666667,0.3,14.1060257993486,17.0119065236742,12,1260000,1.3125,0.844607,2,14,LowMobility,0,2026-08-06 15:48:49
Pedestrian,4,EPA,0,7,0.0631780551628124,QPSK,MRC,20,6.51041666666667e-05,0.000130208333333333,0.1,0.510310363079829,45.8433122436753,15,1620000,1.6875,0.792373,2,14,LowMobility,0,2026-08-06 15:48:50
Pedestrian,4,EPA,0,7,0.0631994912336271,QPSK,MRC,25,0,0,0,0,160,15,1800000,1.875,0.7906344,2,14,LowMobility,0,2026-08-06 15:48:51
Pedestrian,4,EPA,0,7,0.0630798675852597,QPSK,MRC,30,9.11458333333333e-05,0.000182291666666667,0.1,0.60380736442456,44.3820318868929,15,1620000,1.6875,0.7244279,2,14,LowMobility,0,2026-08-06 15:48:52
Pedestrian,4,EPA,0,7,0.062904499021417,QPSK,LMMSE,0,0.193424479166667,0.329010416666667,1,81.284654433091,1.79982872503844,4,0,0,0.1294277,1,14,LowMobility,0,2026-08-06 15:48:52
Pedestrian,4,EPA,0,7,0.0629812348047314,QPSK,LMMSE,5,0.0372786458333333,0.07125,1,30.2552462627273,10.3839861555015,9,0,0,0.1130642,1,14,LowMobility,0,2026-08-06 15:48:52
Pedestrian,4,EPA,0,7,0.0632220048325471,QPSK,LMMSE,10,0.0346875,0.06359375,0.7,24.0528906789824,12.3766544519231,10,540000,0.5625,0.1066702,1,14,LowMobility,0,2026-08-06 15:48:52
Pedestrian,4,EPA,0,7,0.0621181455895861,QPSK,LMMSE,15,0.013203125,0.025625,0.5,11.7674724873324,18.5863361682474,12,900000,0.9375,0.1138325,1,14,LowMobility,0,2026-08-06 15:48:52
Pedestrian,4,EPA,0,7,0.0607107884774232,QPSK,LMMSE,20,1.30208333333333e-05,2.60416666666667e-05,0.1,0.228217732293819,52.8330122870355,15,1620000,1.6875,0.1108985,1,14,LowMobility,0,2026-08-06 15:48:52
Pedestrian,4,EPA,0,7,0.0600563580765717,QPSK,LMMSE,25,0,0,0,0,160,15,1800000,1.875,0.1082274,1,14,LowMobility,0,2026-08-06 15:48:52
Pedestrian,4,EPA,0,7,0.0630869066086569,QPSK,LMMSE,30,0,0,0,0,160,15,1800000,1.875,0.1058355,1,14,LowMobility,0,2026-08-06 15:48:52
Pedestrian,4,EPA,0,7,0.061552668616775,QPSK,MPA,0,0.258684895833333,0.440546875,1,99.6389335351151,0.0314185898509899,3,0,0,0.1777504,10,14,LowMobility,0,2026-08-06 15:48:53
Pedestrian,4,EPA,0,7,0.0629166528747165,QPSK,MPA,5,0.193190104166667,0.346328125,1,87.1752366449229,1.19213730038879,4,0,0,0.1408913,10,14,LowMobility,0,2026-08-06 15:48:53
Pedestrian,4,EPA,0,7,0.0595178513195546,QPSK,MPA,10,0.147408854166667,0.270625,1,75.3487342288423,2.45848077861179,5,0,0,0.1581439,10,14,LowMobility,0,2026-08-06 15:48:53
Pedestrian,4,EPA,0,7,0.0628020464196411,QPSK,MPA,15,0.091484375,0.172786458333333,1,59.5251972335441,4.50598313818516,6,0,0,0.175943,10,14,LowMobility,0,2026-08-06 15:48:53
Pedestrian,4,EPA,0,7,0.0631327909988043,QPSK,MPA,20,0.0681510416666667,0.131119791666667,1,52.0951936652384,5.6640468625903,6,0,0,0.1558194,10,14,LowMobility,0,2026-08-06 15:48:53
Pedestrian,4,EPA,0,7,0.0625352893623148,QPSK,MPA,25,0.0705859375,0.135833333333333,1,52.9872674583216,5.51656952757399,6,0,0,0.1660705,10,14,LowMobility,0,2026-08-06 15:48:53
Pedestrian,4,EPA,0,7,0.0631951628573056,QPSK,MPA,30,0.0654947916666667,0.127057291666667,1,51.0572798313204,5.83884653474671,6,0,0,0.1546091,10,14,LowMobility,0,2026-08-06 15:48:54
Pedestrian,4,EPA,0,7,0.0621701221952395,16QAM,MRC,0,0.353580729166667,0.808203125,1,102.019782546368,-0.173687870079965,3,0,0,0.8034511,2,14,LowMobility,0,2026-08-06 15:48:54
Pedestrian,4,EPA,0,7,0.0631404241502249,16QAM,MRC,5,0.236009114583333,0.62015625,1,72.115454664647,2.83943308110879,5,0,0,0.9470887,2,14,LowMobility,0,2026-08-06 15:48:55
Pedestrian,4,EPA,0,7,0.061395626440233,16QAM,MRC,10,0.174446614583333,0.450911458333333,1,55.6258264055951,5.09447047726339,6,0,0,0.8033518,2,14,LowMobility,0,2026-08-06 15:48:56
Pedestrian,4,EPA,0,7,0.0611332512315658,16QAM,MRC,15,0.0474934895833333,0.140833333333333,0.8,18.5236269403296,14.6454794827226,11,720000,0.75,0.7548954,2,14,LowMobility,0,2026-08-06 15:48:57
Pedestrian,4,EPA,0,7,0.0631571030993786,16QAM,MRC,20,0.00228515625,0.0090625,0.4,3.54238186666859,29.0140924786851,15,2160000,2.25,0.7969985,2,14,LowMobility,0,2026-08-06 15:48:58
Pedestrian,4,EPA,0,7,0.0469756205124553,16QAM,MRC,25,0.0189192708333333,0.0675520833333333,0.5,9.630918509623,20.3266458366613,13,1800000,1.875,0.7920019,2,14,LowMobility,0,2026-08-06 15:48:59
Pedestrian,4,EPA,0,7,0.0573394476449728,16QAM,MRC,30,0.000305989583333333,0.00122395833333333,0.1,0.700578588904494,43.0908627946264,15,3240000,3.375,0.8320775,2,14,LowMobility,0,2026-08-06 15:48:59
Pedestrian,4,EPA,0,7,0.0563940352029738,16QAM,LMMSE,0,0.37115234375,0.893203125,1,83.6076349849792,1.55508122623362,4,0,0,0.1585417,1,14,LowMobility,0,2026-08-06 15:49:00
Pedestrian,4,EPA,0,7,0.0621949574926619,16QAM,LMMSE,5,0.310501302083333,0.81203125,1,72.6601184171181,2.77407797371077,5,0,0,0.1188778,1,14,LowMobility,0,2026-08-06 15:49:00
Pedestrian,4,EPA,0,7,0.0611478483855687,16QAM,LMMSE,10,0.21830078125,0.5953125,1,56.9694550854913,4.8871586912582,6,0,0,0.1323975,1,14,LowMobility,0,2026-08-06 15:49:00
Pedestrian,4,EPA,0,7,0.0632256841733361,16QAM,LMMSE,15,0.09943359375,0.295833333333333,0.8,30.11829344172,10.4233927940755,9,720000,0.75,0.1077198,1,14,LowMobility,0,2026-08-06 15:49:00
Pedestrian,4,EPA,0,7,0.0625268587229492,16QAM,LMMSE,20,0.0457486979166667,0.157109375,0.8,18.9484640382499,14.4485197632561,11,720000,0.75,0.1100301,1,14,LowMobility,0,2026-08-06 15:49:00
Pedestrian,4,EPA,0,7,0.0623142942152575,16QAM,LMMSE,25,0.00021484375,0.000859375,0.1,0.582551728035463,44.6933101029341,15,3240000,3.375,0.1226802,1,14,LowMobility,0,2026-08-06 15:49:00
Pedestrian,4,EPA,0,7,0.0632534577097373,16QAM,LMMSE,30,0,0,0,0,160,15,3600000,3.75,0.1182476,1,14,LowMobility,0,2026-08-06 15:49:00
Pedestrian,4,EPA,0,7,0.0623450535154689,16QAM,MPA,0,0.355813802083333,0.880677083333333,1,80.2224540706504,1.914081134537,4,0,0,0.2916901,10,14,LowMobility,0,2026-08-06 15:49:01
Pedestrian,4,EPA,0,7,0.0631543871795063,16QAM,MPA,5,0.336868489583333,0.867421875,1,76.8018443382361,2.29256701179135,4,0,0,0.2484749,10,14,LowMobility,0,2026-08-06 15:49:01
Pedestrian,4,EPA,0,7,0.061893890166621,16QAM,MPA,10,0.339700520833333,0.873411458333333,1,77.0992096204108,2.2590014815888,4,0,0,0.2768795,10,14,LowMobility,0,2026-08-06 15:49:01
Pedestrian,4,EPA,0,7,0.0569570262870715,16QAM,MPA,15,0.334602864583333,0.871328125,1,76.2438949234062,2.35589851692878,4,0,0,0.2877831,10,14,LowMobility,0,2026-08-06 15:49:01
Pedestrian,4,EPA,0,7,0.0590877236247268,16QAM,MPA,20,0.335638020833333,0.870885416666667,1,76.4671261220575,2.33050463346104,4,0,0,0.2866572,10,14,LowMobility,0,2026-08-06 15:49:02
Pedestrian,4,EPA,0,7,0.0627003443635848,16QAM,MPA,25,0.344518229166667,0.877447916666667,1,78.2310590654756,2.13241580766324,4,0,0,0.2317518,10,14,LowMobility,0,2026-08-06 15:49:02
Pedestrian,4,EPA,0,7,0.0548690017251965,16QAM,MPA,30,0.352526041666667,0.883567708333333,1,79.5085565198457,1.99172262199261,4,0,0,0.2514562,10,14,LowMobility,0,2026-08-06 15:49:02
Pedestrian,4,EPA,0,7,0.0626124906306779,64QAM,MRC,0,0.329552951388889,0.896041666666667,1,76.1705068541652,2.36426309025002,4,0,0,0.8187018,2.1,14,LowMobility,0,2026-08-06 15:49:03
Pedestrian,4,EPA,0,7,0.0597680684287689,64QAM,MRC,5,0.324049479166667,0.88546875,1,76.9862170345498,2.27174040606643,4,0,0,0.9387252,2.4,14,LowMobility,0,2026-08-06 15:49:04
Pedestrian,4,EPA,0,7,0.0625931391318165,64QAM,MRC,10,0.267799479166667,0.826041666666667,1,61.250940401151,4.25774478158846,5,0,0,0.9769751,2.4,14,LowMobility,0,2026-08-06 15:49:05
Pedestrian,4,EPA,0,7,0.0632511249027894,64QAM,MRC,15,0.142178819444444,0.54109375,1,35.6477422059223,8.95935943044184,8,0,0,0.8774116,2.2,14,LowMobility,0,2026-08-06 15:49:06
Pedestrian,4,EPA,0,7,0.0630554427989322,64QAM,MRC,20,0.0242664930555556,0.129895833333333,0.9,9.46437008545808,20.4781657164406,13,540000,0.5625,0.8973382,2.2,14,LowMobility,0,2026-08-06 15:49:07
Pedestrian,4,EPA,0,7,0.0618294447718528,64QAM,MRC,25,0.0415755208333333,0.187291666666667,0.6,10.0361378949267,19.9686676035967,13,2160000,2.25,0.9946368,2.7,14,LowMobility,0,2026-08-06 15:49:08
Pedestrian,4,EPA,0,7,0.0632484551566525,64QAM,MRC,30,0.00438368055555556,0.025078125,0.4,2.38372187180523,32.4548883728199,15,3240000,3.375,0.9219023,2.3,14,LowMobility,0,2026-08-06 15:49:09
Pedestrian,4,EPA,0,7,0.0605531133793381,64QAM,LMMSE,0,0.396857638888889,0.976328125,1,86.9652875524021,1.21308125400571,4,0,0,0.1380193,1,14,LowMobility,0,2026-08-06 15:49:09
Pedestrian,4,EPA,0,7,0.0502326756227761,64QAM,LMMSE,5,0.387578125,0.972890625,1,86.3868818612877,1.27104403185692,4,0,0,0.1186574,1,14,LowMobility,0,2026-08-06 15:49:09
Pedestrian,4,EPA,0,7,0.0632343293766099,64QAM,LMMSE,10,0.378702256944444,0.97015625,1,82.4853658163164,1.67246190390423,4,0,0,0.1285315,1,14,LowMobility,0,2026-08-06 15:49:09
Pedestrian,4,EPA,0,7,0.0615059722369164,64QAM,LMMSE,15,0.319045138888889,0.926015625,1,56.6744130919152,4.9322593727761,6,0,0,0.1382974,1,14,LowMobility,0,2026-08-06 15:49:09
Pedestrian,4,EPA,0,7,0.0627419802418342,64QAM,LMMSE,20,0.178138020833333,0.662578125,1,31.4002411563275,10.0613403299624,8,0,0,0.1488386,1,14,LowMobility,0,2026-08-06 15:49:09
Pedestrian,4,EPA,0,7,0.0616651985730381,64QAM,LMMSE,25,0.0879383680555555,0.3821875,1,18.9424610367796,14.4512719477753,11,0,0,0.1255682,1,14,LowMobility,0,2026-08-06 15:49:09
Pedestrian,4,EPA,0,7,0.0611299640643202,64QAM,LMMSE,30,0.0378342013888889,0.165755208333333,0.6,8.5883160422123,21.3218396460027,14,2160000,2.25,0.1464592,1,14,LowMobility,0,2026-08-06 15:49:10
Pedestrian,4,EPA,0,7,0.0621314097726713,64QAM,MPA,0,0.408793402777778,0.978125,1,88.72876446039,1.03871131896656,4,0,0,0.6471505,10,14,LowMobility,0,2026-08-06 15:49:10
Pedestrian,4,EPA,0,7,0.0331609001052838,64QAM,MPA,5,0.385243055555556,0.975260416666667,1,85.505151821969,1.36015435094583,4,0,0,0.6335656,10,14,LowMobility,0,2026-08-06 15:49:11
Pedestrian,4,EPA,0,7,0.0631038488012646,64QAM,MPA,10,0.374587673611111,0.97109375,1,84.3416591998921,1.47915719275232,4,0,0,0.6247032,10,14,LowMobility,0,2026-08-06 15:49:11
Pedestrian,4,EPA,0,7,0.0628367311023465,64QAM,MPA,15,0.400581597222222,0.975729166666667,1,86.7150749435899,1.23810792459205,4,0,0,0.6943326,10,14,LowMobility,0,2026-08-06 15:49:12
Pedestrian,4,EPA,0,7,0.0632042935396766,64QAM,MPA,20,0.422860243055556,0.979609375,1,90.2342678255623,0.89257002492692,4,0,0,0.6265845,10,14,LowMobility,0,2026-08-06 15:49:13
Pedestrian,4,EPA,0,7,0.0623496120602309,64QAM,MPA,25,0.436818576388889,0.980989583333333,1,92.467489286195,0.680218686929969,4,0,0,0.6296316,10,14,LowMobility,0,2026-08-06 15:49:13
Pedestrian,4,EPA,0,7,0.0560682465046993,64QAM,MPA,30,0.4608203125,0.982864583333333,1,96.176571172243,0.338614203700988,4,0,0,0.6457937,10,14,LowMobility,0,2026-08-06 15:49:14
Pedestrian,1,EPA,0,7,0.014881375969423,QPSK,MRC,0,0.2024609375,0.352057291666667,1,85.591930874048,1.35134352469433,4,0,0,0.79047,2,15,LowMobility,0,2026-08-06 15:49:15
Pedestrian,1,EPA,0,7,0.0154162863405785,QPSK,MRC,5,0.0426432291666667,0.083125,1,39.116813675919,8.15273057223084,8,0,0,0.7832312,2,15,LowMobility,0,2026-08-06 15:49:16
Pedestrian,1,EPA,0,7,0.015159526474431,QPSK,MRC,10,0.063515625,0.115598958333333,0.7,32.8439578207929,9.67089028552086,8,540000,0.5625,0.8709183,2,15,LowMobility,0,2026-08-06 15:49:16
Pedestrian,1,EPA,0,7,0.0138069114017584,QPSK,MRC,15,0.0514192708333333,0.084140625,0.3,19.3675372508956,14.2585120010491,11,1260000,1.3125,0.7972277,2,15,LowMobility,0,2026-08-06 15:49:17
Pedestrian,1,EPA,0,7,0.0152212847657036,QPSK,MRC,20,0.0202864583333333,0.037109375,0.3,11.2474166463891,18.97894433337,13,1260000,1.3125,0.7870907,2,15,LowMobility,0,2026-08-06 15:49:18
Pedestrian,1,EPA,0,7,0.0157759652640297,QPSK,MRC,25,0.0003125,0.000625,0.1,1.11803398874989,39.0308998699194,15,1620000,1.6875,0.8007254,2,15,LowMobility,0,2026-08-06 15:49:19
Pedestrian,1,EPA,0,7,0.015322896267281,QPSK,MRC,30,0,0,0,0,160,15,1800000,1.875,0.7943775,2,15,LowMobility,0,2026-08-06 15:49:20
Pedestrian,1,EPA,0,7,0.0158080605343728,QPSK,LMMSE,0,0.237578125,0.403697916666667,1,92.5185396604863,0.675424617552317,4,0,0,0.1069459,1,15,LowMobility,0,2026-08-06 15:49:20
Pedestrian,1,EPA,0,7,0.0157891194342042,QPSK,LMMSE,5,0.1114453125,0.19703125,1,59.7823581276058,4.46853916244589,6,0,0,0.1087188,1,15,LowMobility,0,2026-08-06 15:49:20
Pedestrian,1,EPA,0,7,0.0157032265130033,QPSK,LMMSE,10,0.0679947916666667,0.116119791666667,0.8,31.2036185161443,10.1159008052265,8,360000,0.375,0.118671,1,15,LowMobility,0,2026-08-06 15:49:20
Pedestrian,1,EPA,0,7,0.0116695747817462,QPSK,LMMSE,15,0.000377604166666667,0.000755208333333333,0.4,2.00736472388892,33.9474742425109,15,1080000,1.125,0.1173032,1,15,LowMobility,0,2026-08-06 15:49:20
Pedestrian,1,EPA,0,7,0.0158126141344478,QPSK,LMMSE,20,0.000885416666666667,0.00177083333333333,0.3,2.87201454308613,30.8362673055442,15,1260000,1.3125,0.108864,1,15,LowMobility,0,2026-08-06 15:49:20
Pedestrian,1,EPA,0,7,0.0158045685585654,QPSK,LMMSE,25,0,0,0,0,160,15,1800000,1.875,0.1104916,1,15,LowMobility,0,2026-08-06 15:49:20
Pedestrian,1,EPA,0,7,0.0143659129947656,QPSK,LMMSE,30,0,0,0,0,160,15,1800000,1.875,0.0996919,1,15,LowMobility,0,2026-08-06 15:49:20
Pedestrian,1,EPA,0,7,0.0156838745161598,QPSK,MPA,0,0.255677083333333,0.434140625,1,98.9220267848621,0.0941398817052555,3,0,0,0.1692904,10,15,LowMobility,0,2026-08-06 15:49:21
Pedestrian,1,EPA,0,7,0.0154081311791579,QPSK,MPA,5,0.184544270833333,0.328802083333333,1,84.0134053209042,1.51302823295297,4,0,0,0.1449289,10,15,LowMobility,0,2026-08-06 15:49:21
Pedestrian,1,EPA,0,7,0.0156820410886336,QPSK,MPA,10,0.110807291666667,0.20671875,1,65.41121600284,3.68695554406468,5,0,0,0.1697235,10,15,LowMobility,0,2026-08-06 15:49:21
Pedestrian,1,EPA,0,7,0.0156185116606242,QPSK,MPA,15,0.108515625,0.198932291666667,1,62.9135294294942,4.02511900691578,5,0,0,0.1621771,10,15,LowMobility,0,2026-08-06 15:49:21
Pedestrian,1,EPA,0,7,0.0158033269450387,QPSK,MPA,20,0.0728255208333333,0.139895833333333,1,53.4244149924316,5.44520449491094,6,0,0,0.1644801,10,15,LowMobility,0,2026-08-06 15:49:21
Pedestrian,1,EPA,0,7,0.0155562439660189,QPSK,MPA,25,0.0656380208333333,0.1265625,1,51.0416407482585,5.84150747082336,6,0,0,0.1633001,10,15,LowMobility,0,2026-08-06 15:49:21
Pedestrian,1,EPA,0,7,0.0156046608733172,QPSK,MPA,30,0.0639713541666667,0.123958333333333,1,50.3466332356805,5.96059132288395,7,0,0,0.1650239,10,15,LowMobility,0,2026-08-06 15:49:22
Pedestrian,1,EPA,0,7,0.0154509766567761,16QAM,MRC,0,0.340345052083333,0.786848958333333,1,99.1086108445369,0.0777722221397594,3,0,0,0.8238281,2,15,LowMobility,0,2026-08-06 15:49:22
Pedestrian,1,EPA,0,7,0.0157015181768323,16QAM,MRC,5,0.16361328125,0.485078125,1,53.0332225449802,5.5090396465857,6,0,0,0.8106415,2,15,LowMobility,0,2026-08-06 15:49:23
Pedestrian,1,EPA,0,7,0.0154503429377931,16QAM,MRC,10,0.08623046875,0.301145833333333,1,34.9363415497679,9.13445150505559,8,0,0,0.8565768,2,15,LowMobility,0,2026-08-06 15:49:24
Pedestrian,1,EPA,0,7,0.015581513920422,16QAM,MRC,15,0.0158723958333333,0.054609375,0.6,8.19893494788356,21.7248511872,14,1440000,1.5,0.8962784,2,15,LowMobility,0,2026-08-06 15:49:25
Pedestrian,1,EPA,0,7,0.0151788095325262,16QAM,MRC,20,0.0439322916666667,0.14375,0.5,16.6800977913466,15.5560281505631,11,1800000,1.875,0.8711354,2,15,LowMobility,0,2026-08-06 15:49:26
Pedestrian,1,EPA,0,7,0.0156958270954436,16QAM,MRC,25,3.90625e-05,0.00015625,0.1,0.249921911602031,52.043913319193,15,3240000,3.375,0.5360029,2,15,LowMobility,0,2026-08-06 15:49:26
Pedestrian,1,EPA,0,7,0.0157299892996974,16QAM,MRC,30,0.000325520833333333,0.00130208333333333,0.2,1.00154629549721,39.9865794213815,15,2880000,3,0.3125314,2,15,LowMobility,0,2026-08-06 15:49:27
Pedestrian,1,EPA,0,7,0.0156718485134174,16QAM,LMMSE,0,0.376588541666667,0.893567708333333,1,84.87633767405,1.42426736117893,4,0,0,0.0511248,1,15,LowMobility,0,2026-08-06 15:49:27
Pedestrian,1,EPA,0,7,0.0142403241823341,16QAM,LMMSE,5,0.321673177083333,0.850026041666667,1,74.1340895666447,2.59964083198088,5,0,0,0.0539926,1,15,LowMobility,0,2026-08-06 15:49:27
Pedestrian,1,EPA,0,7,0.0154770443099936,16QAM,LMMSE,10,0.220690104166667,0.637057291666667,1,57.9845151287751,4.73375940184714,6,0,0,0.0494666,1,15,LowMobility,0,2026-08-06 15:49:27
Pedestrian,1,EPA,0,7,0.0157065810980456,16QAM,LMMSE,15,0.0747330729166667,0.228125,0.9,23.9566806493048,12.4114671276208,10,360000,0.375,0.0499579,1,15,LowMobility,0,2026-08-06 15:49:27
Pedestrian,1,EPA,0,7,0.0152098881033676,16QAM,LMMSE,20,0.0615690104166667,0.179166666666667,0.6,17.2816265504047,15.2483076808683,11,1440000,1.5,0.0543294,1,15,LowMobility,0,2026-08-06 15:49:27
Pedestrian,1,EPA,0,7,0.0157163971047319,16QAM,LMMSE,25,0.01279296875,0.0460416666666667,0.4,6.48273967445551,23.7648283577536,15,2160000,2.25,0.0487059,1,15,LowMobility,0,2026-08-06 15:49:27
Pedestrian,1,EPA,0,7,0.0126916544852728,16QAM,LMMSE,30,0,0,0,0,160,15,3600000,3.75,0.0505264,1,15,LowMobility,0,2026-08-06 15:49:27
Pedestrian,1,EPA,0,7,0.015624905627663,16QAM,MPA,0,0.389485677083333,0.898177083333333,1,87.342231480646,1.17551433225257,4,0,0,0.1582567,10,15,LowMobility,0,2026-08-06 15:49:27
Pedestrian,1,EPA,0,7,0.0157797411700005,16QAM,MPA,5,0.325240885416667,0.860026041666667,1,74.3902315218113,2.56968179303532,5,0,0,0.1639589,10,15,LowMobility,0,2026-08-06 15:49:27
Pedestrian,1,EPA,0,7,0.0142021138628502,16QAM,MPA,10,0.324869791666667,0.863723958333333,1,74.0313274931359,2.61168925988408,5,0,0,0.152996,10,15,LowMobility,0,2026-08-06 15:49:28
Pedestrian,1,EPA,0,7,0.0158084343569943,16QAM,MPA,15,0.342649739583333,0.878567708333333,1,77.6609723357257,2.19594352550412,4,0,0,0.1549263,10,15,LowMobility,0,2026-08-06 15:49:28
Pedestrian,1,EPA,0,7,0.0152261571440312,16QAM,MPA,20,0.35166015625,0.885546875,1,79.4431646017897,1.99886928277101,4,0,0,0.1682853,10,15,LowMobility,0,2026-08-06 15:49:28
Pedestrian,1,EPA,0,7,0.0143378773388266,16QAM,MPA,25,0.359381510416667,0.886458333333333,1,81.1166960938775,1.8177949317677,4,0,0,0.1674249,10,15,LowMobility,0,2026-08-06 15:49:28
Pedestrian,1,EPA,0,7,0.0156668903752127,16QAM,MPA,30,0.359029947916667,0.886510416666667,1,81.3408739808391,1.79382331111041,4,0,0,0.155547,10,15,LowMobility,0,2026-08-06 15:49:28
Pedestrian,1,EPA,0,7,0.015812868897801,64QAM,MRC,0,0.396011284722222,0.9371875,1,104.38749810709,-0.372969776347621,3,0,0,0.3042133,2.3,15,LowMobility,0,2026-08-06 15:49:29
Pedestrian,1,EPA,0,7,0.0140914142776177,64QAM,MRC,5,0.278932291666667,0.853619791666667,1,58.3640094040382,4.67709762472908,6,0,0,0.3266368,2.1,15,LowMobility,0,2026-08-06 15:49:29
Pedestrian,1,EPA,0,7,0.0157836822106996,64QAM,MRC,10,0.1866015625,0.669505208333333,1,42.8405915552479,7.36289081870554,7,0,0,0.3452538,2.4,15,LowMobility,0,2026-08-06 15:49:29
Pedestrian,1,EPA,0,7,0.0158003767974126,64QAM,MRC,15,0.194427083333333,0.596927083333333,1,49.1601788161325,6.16773092144056,7,0,0,0.3594358,2.3,15,LowMobility,0,2026-08-06 15:49:30
Pedestrian,1,EPA,0,7,0.0157802022531541,64QAM,MRC,20,0.0417144097222222,0.190416666666667,0.9,10.7506158152246,19.3713331568394,13,540000,0.5625,0.4201201,2.4,15,LowMobility,0,2026-08-06 15:49:30
Pedestrian,1,EPA,0,7,0.0157776476936904,64QAM,MRC,25,0.00105034722222222,0.00627604166666667,0.6,1.54567946785795,36.2176112403497,15,2160000,2.25,0.3671274,2.5,15,LowMobility,0,2026-08-06 15:49:30
Pedestrian,1,EPA,0,7,0.0157951053167983,64QAM,MRC,30,0.00366319444444444,0.020703125,0.3,1.57673543765409,36.0448234270915,15,3780000,3.9375,0.3235321,2.1,15,LowMobility,0,2026-08-06 15:49:31
Pedestrian,1,EPA,0,7,0.0158086130837449,64QAM,LMMSE,0,0.430399305555556,0.980572916666667,1,91.9916355856313,0.725033188773478,4,0,0,0.0584747,1,15,LowMobility,0,2026-08-06 15:49:31
Pedestrian,1,EPA,0,7,0.0157758696415405,64QAM,LMMSE,5,0.400264756944444,0.976015625,1,87.5486552170715,1.15501040938127,4,0,0,0.0575175,1,15,LowMobility,0,2026-08-06 15:49:31
Pedestrian,1,EPA,0,7,0.0157297624412226,64QAM,LMMSE,10,0.382717013888889,0.967421875,1,80.633438240375,1.86969642648935,4,0,0,0.054491,1,15,LowMobility,0,2026-08-06 15:49:31
Pedestrian,1,EPA,0,7,0.01466534650998,64QAM,LMMSE,15,0.297230902777778,0.90640625,1,57.6280577202901,4.78732035020007,6,0,0,0.0571521,1,15,LowMobility,0,2026-08-06 15:49:31
Pedestrian,1,EPA,0,7,0.0157839526675868,64QAM,LMMSE,20,0.209947916666667,0.741276041666667,1,39.8895976110061,7.98280689285613,7,0,0,0.0623912,1,15,LowMobility,0,2026-08-06 15:49:31
Pedestrian,1,EPA,0,7,0.0158133421521624,64QAM,LMMSE,25,0.0915842013888889,0.277552083333333,0.8,16.9854676525776,15.3984498282335,11,1080000,1.125,0.0611862,1,15,LowMobility,0,2026-08-06 15:49:31
Pedestrian,1,EPA,0,7,0.0156733127126435,64QAM,LMMSE,30,0.0194270833333333,0.0977864583333333,0.4,4.94871355013096,26.1101536806888,15,3240000,3.375,0.0657098,1,15,LowMobility,0,2026-08-06 15:49:31
Pedestrian,1,EPA,0,7,0.0156892319293528,64QAM,MPA,0,0.416657986111111,0.978020833333333,1,89.9810879031596,0.916975207298155,4,0,0,0.3972024,10,15,LowMobility,0,2026-08-06 15:49:31
Pedestrian,1,EPA,0,7,0.0154269952378653,64QAM,MPA,5,0.392894965277778,0.975859375,1,86.7325476511017,1.23635793220393,4,0,0,0.4082523,10,15,LowMobility,0,2026-08-06 15:49:32
Pedestrian,1,EPA,0,7,0.0157992099588621,64QAM,MPA,10,0.398993055555556,0.97578125,1,87.6955504139519,1.14044883500335,4,0,0,0.4305919,10,15,LowMobility,0,2026-08-06 15:49:32
Pedestrian,1,EPA,0,7,0.0157818506558786,64QAM,MPA,15,0.401158854166667,0.976666666666667,1,87.1847663436125,1.19118784053831,4,0,0,0.4217272,10,15,LowMobility,0,2026-08-06 15:49:33
Pedestrian,1,EPA,0,7,0.0157619924894203,64QAM,MPA,20,0.430026041666667,0.979791666666667,1,91.6887824914233,0.753675882035453,4,0,0,0.4068668,10,15,LowMobility,0,2026-08-06 15:49:33
Pedestrian,1,EPA,0,7,0.0158096017978477,64QAM,MPA,25,0.445516493055556,0.981692708333333,1,93.8824554040394,0.548311207527677,4,0,0,0.3927292,10,15,LowMobility,0,2026-08-06 15:49:34
Pedestrian,1,EPA,0,7,0.0107890886865023,64QAM,MPA,30,0.465620659722222,0.982864583333333,1,97.368347615734,0.231644002042538,4,0,0,0.4208031,10,15,LowMobility,0,2026-08-06 15:49:34
Pedestrian,3,EPA,0,7,0.0463561305292753,QPSK,MRC,0,0.240690104166667,0.416145833333333,1,96.220083844593,0.334685379924918,4,0,0,0.3320604,2,16,LowMobility,0,2026-08-06 15:49:34
Pedestrian,3,EPA,0,7,0.0305189017521102,QPSK,MRC,5,0.0855208333333333,0.158098958333333,1,52.0603988803216,5.66985017407122,6,0,0,0.3149484,2,16,LowMobility,0,2026-08-06 15:49:35
Pedestrian,3,EPA,0,7,0.0474396225529205,QPSK,MRC,10,0.019609375,0.038125,0.8,20.9423974617752,13.5794720454842,10,360000,0.375,0.3338124,2,16,LowMobility,0,2026-08-06 15:49:35
Pedestrian,3,EPA,0,7,0.0473945336571642,QPSK,MRC,15,0.00692708333333333,0.0136458333333333,0.3,8.110138602398,21.8194344725161,14,1260000,1.3125,0.3257353,2,16,LowMobility,0,2026-08-06 15:49:35
Pedestrian,3,EPA,0,7,0.047014766780939,QPSK,MRC,20,0.0359375,0.0620833333333333,0.2,15.5894532529807,16.1433823189009,11,1440000,1.5,0.3280629,2,16,LowMobility,0,2026-08-06 15:49:36
Pedestrian,3,EPA,0,7,0.0459871586272331,QPSK,MRC,25,0,0,0,0,160,15,1800000,1.875,0.3012577,2,16,LowMobility,0,2026-08-06 15:49:36
Pedestrian,3,EPA,0,7,0.0389515628686735,QPSK,MRC,30,0,0,0,0,160,15,1800000,1.875,0.289551,2,16,LowMobility,0,2026-08-06 15:49:36
Pedestrian,3,EPA,0,7,0.0450334732806266,QPSK,LMMSE,0,0.231041666666667,0.400494791666667,1,94.0864731654155,0.52945621411073,4,0,0,0.0552722,1,16,LowMobility,0,2026-08-06 15:49:36
Pedestrian,3,EPA,0,7,0.0473062037528485,QPSK,LMMSE,5,0.0919010416666667,0.164192708333333,1,49.0701575473344,6.1836509529441,7,0,0,0.0558272,1,16,LowMobility,0,2026-08-06 15:49:36
Pedestrian,3,EPA,0,7,0.045429118382929,QPSK,LMMSE,10,0.02,0.0390364583333333,0.9,22.1723965802431,13.0837472425162,10,180000,0.1875,0.0569552,1,16,LowMobility,0,2026-08-06 15:49:36
Pedestrian,3,EPA,0,7,0.04616866425933,QPSK,LMMSE,15,0.00123697916666667,0.00247395833333333,0.4,3.54070082563547,29.0182153550651,15,1080000,1.125,0.0624417,1,16,LowMobility,0,2026-08-06 15:49:36
Pedestrian,3,EPA,0,7,0.0412625470994926,QPSK,LMMSE,20,6.51041666666667e-05,0.000130208333333333,0.1,0.510310363079829,45.8433122436753,15,1620000,1.6875,0.0545094,1,16,LowMobility,0,2026-08-06 15:49:36
Pedestrian,3,EPA,0,7,0.047352952802631,QPSK,LMMSE,25,0,0,0,0,160,15,1800000,1.875,0.0574905,1,16,LowMobility,0,2026-08-06 15:49:37
Pedestrian,3,EPA,0,7,0.0470072368068176,QPSK,LMMSE,30,0,0,0,0,160,15,1800000,1.875,0.0575141,1,16,LowMobility,0,2026-08-06 15:49:37
Pedestrian,3,EPA,0,7,0.0460785978993727,QPSK,MPA,0,0.241875,0.421692708333333,1,97.505926940209,0.219379694399773,4,0,0,0.0956184,10,16,LowMobility,0,2026-08-06 15:49:37
Pedestrian,3,EPA,0,7,0.0472069697091478,QPSK,MPA,5,0.16171875,0.293958333333333,1,79.1228137182292,2.03396554030738,4,0,0,0.090203,10,16,LowMobility,0,2026-08-06 15:49:37
Pedestrian,3,EPA,0,7,0.047050032227347,QPSK,MPA,10,0.154791666666667,0.275416666666667,1,75.6216968890903,2.42707163301634,5,0,0,0.0906994,10,16,LowMobility,0,2026-08-06 15:49:37
Pedestrian,3,EPA,0,7,0.0456837021187588,QPSK,MPA,15,0.1023046875,0.1934375,1,63.3344305533861,3.9672025977093,5,0,0,0.0902142,10,16,LowMobility,0,2026-08-06 15:49:37
Pedestrian,3,EPA,0,7,0.0474051270002303,QPSK,MPA,20,0.0691145833333333,0.133958333333333,1,52.2718360194401,5.63464490559897,6,0,0,0.0855741,10,16,LowMobility,0,2026-08-06 15:49:37
Pedestrian,3,EPA,0,7,0.0459179295002956,QPSK,MPA,25,0.0686588541666667,0.132291666666667,1,52.3043609303051,5.62924199741123,6,0,0,0.0898391,10,16,LowMobility,0,2026-08-06 15:49:37
Pedestrian,3,EPA,0,7,0.0466473453479607,QPSK,MPA,30,0.0602994791666667,0.117135416666667,1,49.0922105094468,6.17974824354303,7,0,0,0.0940924,10,16,LowMobility,0,2026-08-06 15:49:37
Pedestrian,3,EPA,0,7,0.0474388897091272,16QAM,MRC,0,0.321458333333333,0.772109375,1,91.6008848443724,0.762006622456918,4,0,0,0.3370685,2,16,LowMobility,0,2026-08-06 15:49:38
Pedestrian,3,EPA,0,7,0.0464774935785463,16QAM,MRC,5,0.214615885416667,0.552734375,1,68.5468579640702,3.28024895028009,5,0,0,0.3166839,2,16,LowMobility,0,2026-08-06 15:49:38
Pedestrian,3,EPA,0,7,0.0473811649445991,16QAM,MRC,10,0.0719140625,0.250911458333333,1,29.4446453088779,10.6198734567554,9,0,0,0.2968944,2,16,LowMobility,0,2026-08-06 15:49:38
Pedestrian,3,EPA,0,7,0.046418285351117,16QAM,MRC,15,0.06146484375,0.208854166666667,1,26.3570580511961,11.5820613378846,9,0,0,0.2953401,2,16,LowMobility,0,2026-08-06 15:49:39
Pedestrian,3,EPA,0,7,0.0474397873336923,16QAM,MRC,20,0.0278125,0.0884895833333333,0.5,11.1504179667849,19.0541770608076,13,1800000,1.875,0.2898713,2,16,LowMobility,0,2026-08-06 15:49:39
Pedestrian,3,EPA,0,7,0.0447736479679772,16QAM,MRC,25,0.00235026041666667,0.00908854166666667,0.1,1.91538486654559,34.3548789652568,15,3240000,3.375,0.4196173,2,16,LowMobility,0,2026-08-06 15:49:39
Pedestrian,3,EPA,0,7,0.04740503192965,16QAM,MRC,30,6.51041666666667e-06,2.60416666666667e-05,0.1,0.102695171499514,59.7689995098294,15,3240000,3.375,0.3522247,2,16,LowMobility,0,2026-08-06 15:49:40
Pedestrian,3,EPA,0,7,0.0459591713646416,16QAM,LMMSE,0,0.3819921875,0.893723958333333,1,86.1230467507585,1.29761229326528,4,0,0,0.0653183,1,16,LowMobility,0,2026-08-06 15:49:40
Pedestrian,3,EPA,0,7,0.0450382622356063,16QAM,LMMSE,5,0.301373697916667,0.819192708333333,1,70.9057430863876,2.98637174493819,5,0,0,0.069166,1,16,LowMobility,0,2026-08-06 15:49:40
Pedestrian,3,EPA,0,7,0.0474160452400225,16QAM,LMMSE,10,0.235865885416667,0.678072916666667,1,60.6748369726712,4.33982763802172,6,0,0,0.0768416,1,16,LowMobility,0,2026-08-06 15:49:40
Pedestrian,3,EPA,0,7,0.0474365701352394,16QAM,LMMSE,15,0.151490885416667,0.475546875,1,45.0911986344753,6.91816439858382,7,0,0,0.0823269,1,16,LowMobility,0,2026-08-06 15:49:40
Pedestrian,3,EPA,0,7,0.0471806109735696,16QAM,LMMSE,20,0.0246419270833333,0.0827083333333333,0.6,9.68764461147641,20.2756360308792,13,1440000,1.5,0.0944092,1,16,LowMobility,0,2026-08-06 15:49:40
Pedestrian,3,EPA,0,7,0.0465699502158434,16QAM,LMMSE,25,0.0121614583333333,0.0452604166666667,0.3,6.25969119410506,24.0689418214277,15,2520000,2.625,0.0911195,1,16,LowMobility,0,2026-08-06 15:49:40
Pedestrian,3,EPA,0,7,0.0472963553859892,16QAM,LMMSE,30,6.51041666666667e-06,2.60416666666667e-05,0.1,0.1027385210884,59.7653338039194,15,3240000,3.375,0.0709922,1,16,LowMobility,0,2026-08-06 15:49:40
Pedestrian,3,EPA,0,7,0.0471074985259337,16QAM,MPA,0,0.375696614583333,0.891197916666667,1,84.3630187317112,1.4769577690094,4,0,0,0.1661228,10,16,LowMobility,0,2026-08-06 15:49:40
Pedestrian,3,EPA,0,7,0.046219425543229,16QAM,MPA,5,0.340364583333333,0.8740625,1,77.4378919663954,2.22092956022856,4,0,0,0.1690342,10,16,LowMobility,0,2026-08-06 15:49:40
Pedestrian,3,EPA,0,7,0.0464574433841367,16QAM,MPA,10,0.342571614583333,0.872864583333333,1,77.886015984857,2.17081021131952,4,0,0,0.1814389,10,16,LowMobility,0,2026-08-06 15:49:41
Pedestrian,3,EPA,0,7,0.0464450820828977,16QAM,MPA,15,0.344453125,0.873307291666667,1,78.3024298880292,2.12449521335233,4,0,0,0.176579,10,16,LowMobility,0,2026-08-06 15:49:41
Pedestrian,3,EPA,0,7,0.0338174835446703,16QAM,MPA,20,0.35091796875,0.881484375,1,79.4232540240744,2.00104647141877,4,0,0,0.1677291,10,16,LowMobility,0,2026-08-06 15:49:41
Pedestrian,3,EPA,0,7,0.0461221239826914,16QAM,MPA,25,0.34859375,0.88125,1,78.888842788917,2.05968829014367,4,0,0,0.1683944,10,16,LowMobility,0,2026-08-06 15:49:41
Pedestrian,3,EPA,0,7,0.0473769763431238,16QAM,MPA,30,0.35306640625,0.884947916666667,1,79.6912598374594,1.97178614736199,4,0,0,0.2224011,10,16,LowMobility,0,2026-08-06 15:49:41
Pedestrian,3,EPA,0,7,0.0473273504167255,64QAM,MRC,0,0.394631076388889,0.940104166666667,1,103.265911840521,-0.279139684458857,3,0,0,0.8139581,2.2,16,LowMobility,0,2026-08-06 15:49:42
Pedestrian,3,EPA,0,7,0.0467470485127267,64QAM,MRC,5,0.314344618055556,0.882890625,1,68.9840954760708,3.22502051660664,5,0,0,0.8189373,2.3,16,LowMobility,0,2026-08-06 15:49:43
Pedestrian,3,EPA,0,7,0.0473094163281996,64QAM,MRC,10,0.180308159722222,0.673098958333333,1,38.887471730212,8.2038058319907,8,0,0,0.8262477,2.4,16,LowMobility,0,2026-08-06 15:49:44
Pedestrian,3,EPA,0,7,0.0473415367766454,64QAM,MRC,15,0.149496527777778,0.548880208333333,1,35.0551445377665,9.10496475770564,8,0,0,0.8684313,2.4,16,LowMobility,0,2026-08-06 15:49:45
Pedestrian,3,EPA,0,7,0.0465736155566486,64QAM,MRC,20,0.0268402777777778,0.143619791666667,1,10.6539357032062,19.4497985704475,13,0,0,0.8126993,2.3,16,LowMobility,0,2026-08-06 15:49:46
Pedestrian,3,EPA,0,7,0.0443927461995866,64QAM,MRC,25,0.00389756944444444,0.022890625,0.7,2.99552179315427,30.4705503292693,15,1620000,1.6875,0.7885088,2.2,16,LowMobility,0,2026-08-06 15:49:46
Pedestrian,3,EPA,0,7,0.0468515329431079,64QAM,MRC,30,0.000850694444444444,0.005078125,0.3,1.09491349472861,39.2124038310174,15,3780000,3.9375,0.7646451,2.3,16,LowMobility,0,2026-08-06 15:49:47
Pedestrian,3,EPA,0,7,0.0451455378492574,64QAM,LMMSE,0,0.420208333333333,0.980208333333333,1,90.3355735938643,0.882823870103105,4,0,0,0.1303119,1,16,LowMobility,0,2026-08-06 15:49:47
Pedestrian,3,EPA,0,7,0.0474381499649462,64QAM,LMMSE,5,0.397751736111111,0.975286458333333,1,87.2694776042594,1.18275247430978,4,0,0,0.127151,1,16,LowMobility,0,2026-08-06 15:49:47
Pedestrian,3,EPA,0,7,0.0438780522866541,64QAM,LMMSE,10,0.377816840277778,0.967161458333333,1,83.9092016897162,1.52380821514447,4,0,0,0.11932,1,16,LowMobility,0,2026-08-06 15:49:47
Pedestrian,3,EPA,0,7,0.0457009337983926,64QAM,LMMSE,15,0.345355902777778,0.951640625,1,67.5868201356239,3.40275972034991,5,0,0,0.1294666,1,16,LowMobility,0,2026-08-06 15:49:48
Pedestrian,3,EPA,0,7,0.0468160140662708,64QAM,LMMSE,20,0.232430555555556,0.79703125,1,42.8360212322846,7.36381749681791,7,0,0,0.1317821,1,16,LowMobility,0,2026-08-06 15:49:48
Pedestrian,3,EPA,0,7,0.0470090081299574,64QAM,LMMSE,25,0.145021701388889,0.499505208333333,0.8,26.09037144897,11.6703947559874,9,1080000,1.125,0.1411003,1,16,LowMobility,0,2026-08-06 15:49:48
Pedestrian,3,EPA,0,7,0.0461874433009001,64QAM,LMMSE,30,0.0224913194444444,0.11546875,0.5,6.51707559373336,23.7189448289729,15,2700000,2.8125,0.1343877,1,16,LowMobility,0,2026-08-06 15:49:48
Pedestrian,3,EPA,0,7,0.0465392627825229,64QAM,MPA,0,0.421223958333333,0.979322916666667,1,90.49018736463,0.867970251132498,4,0,0,0.5313019,10,16,LowMobility,0,2026-08-06 15:49:49
Pedestrian,3,EPA,0,7,0.0472117877831246,64QAM,MPA,5,0.399071180555556,0.9740625,1,87.8213954618961,1.12799332673551,4,0,0,0.5827878,10,16,LowMobility,0,2026-08-06 15:49:49
Pedestrian,3,EPA,0,7,0.0434348561192294,64QAM,MPA,10,0.379418402777778,0.971640625,1,84.9532239149147,1.41640270626003,4,0,0,0.6103409,10,16,LowMobility,0,2026-08-06 15:49:50
Pedestrian,3,EPA,0,7,0.0473131703246307,64QAM,MPA,15,0.401002604166667,0.977552083333333,1,86.7668506513811,1.23292331419973,4,0,0,0.5831618,10,16,LowMobility,0,2026-08-06 15:49:50
Pedestrian,3,EPA,0,7,0.0463578810836278,64QAM,MPA,20,0.443736979166667,0.98109375,1,93.615526881566,0.573042281702775,4,0,0,0.6405402,10,16,LowMobility,0,2026-08-06 15:49:51
Pedestrian,3,EPA,0,7,0.0442907745265219,64QAM,MPA,25,0.458454861111111,0.981171875,1,96.336790531138,0.324156526807973,4,0,0,0.6303601,10,16,LowMobility,0,2026-08-06 15:49:52
Pedestrian,3,EPA,0,7,0.0445999364375886,64QAM,MPA,30,0.462803819444444,0.9828125,1,96.8657719309409,0.276593125142823,4,0,0,0.6661563,10,16,LowMobility,0,2026-08-06 15:49:52
Pedestrian,2,EPA,0,7,0.0263098059413189,QPSK,MRC,0,0.2217578125,0.37875,1,90.5087911097107,0.866184715340451,4,0,0,0.7643488,2,17,LowMobility,0,2026-08-06 15:49:53
Pedestrian,2,EPA,0,7,0.0302809732610101,QPSK,MRC,5,0.130221354166667,0.235208333333333,1,66.3093640062548,3.56850275043081,5,0,0,0.7929608,2,17,LowMobility,0,2026-08-06 15:49:54
Pedestrian,2,EPA,0,7,0.031483711294669,QPSK,MRC,10,0.0131770833333333,0.0256510416666667,0.9,15.6431715600151,16.1135038345065,11,180000,0.1875,0.798073,2,17,LowMobility,0,2026-08-06 15:49:55
Pedestrian,2,EPA,0,7,0.0315692402617065,QPSK,MRC,15,0.0193359375,0.0370833333333333,0.4,15.3135013137052,16.2985099974372,11,1080000,1.125,0.7199059,2,17,LowMobility,0,2026-08-06 15:49:55
Pedestrian,2,EPA,0,7,0.0316017417038037,QPSK,MRC,20,1.30208333333333e-05,2.60416666666667e-05,0.1,0.228217732293819,52.8330122870355,15,1620000,1.6875,0.8144251,2,17,LowMobility,0,2026-08-06 15:49:56
Pedestrian,2,EPA,0,7,0.0304565669948024,QPSK,MRC,25,0,0,0,0,160,15,1800000,1.875,0.7750767,2,17,LowMobility,0,2026-08-06 15:49:57
Pedestrian,2,EPA,0,7,0.0291528928561361,QPSK,MRC,30,0,0,0,0,160,15,1800000,1.875,0.8271876,2,17,LowMobility,0,2026-08-06 15:49:58
Pedestrian,2,EPA,0,7,0.0315766632258002,QPSK,LMMSE,0,0.252903645833333,0.43515625,1,98.8668086209493,0.0989896892208212,3,0,0,0.1088049,1,17,LowMobility,0,2026-08-06 15:49:58
Pedestrian,2,EPA,0,7,0.0298736652426824,QPSK,LMMSE,5,0.114192708333333,0.204609375,1,60.8321071872897,4.31734279158252,6,0,0,0.1114375,1,17,LowMobility,0,2026-08-06 15:49:58
Pedestrian,2,EPA,0,7,0.0315624572765507,QPSK,LMMSE,10,0.0384244791666667,0.0696875,0.8,22.8683817911085,12.8152913156976,10,360000,0.375,0.099475,1,17,LowMobility,0,2026-08-06 15:49:58
Pedestrian,2,EPA,0,7,0.0315899043499379,QPSK,LMMSE,15,0.0196614583333333,0.0355989583333333,0.3,11.0531659961032,19.130266154149,13,1260000,1.3125,0.1170483,1,17,LowMobility,0,2026-08-06 15:49:58
Pedestrian,2,EPA,0,7,0.0315674626461238,QPSK,LMMSE,20,0.00188802083333333,0.00369791666666667,0.1,2.74810540797352,31.2193322646857,15,1620000,1.6875,0.1102492,1,17,LowMobility,0,2026-08-06 15:49:58
Pedestrian,2,EPA,0,7,0.0315384137257732,QPSK,LMMSE,25,2.60416666666667e-05,5.20833333333333e-05,0.1,0.322748612183951,49.8227123303957,15,1620000,1.6875,0.1001992,1,17,LowMobility,0,2026-08-06 15:49:58
Pedestrian,2,EPA,0,7,0.0279275827418952,QPSK,LMMSE,30,0,0,0,0,160,15,1800000,1.875,0.1155819,1,17,LowMobility,0,2026-08-06 15:49:59
Pedestrian,2,EPA,0,7,0.0275557840389764,QPSK,MPA,0,0.267096354166667,0.455260416666667,1,101.738176880608,-0.149679018612419,3,0,0,0.183047,10,17,LowMobility,0,2026-08-06 15:49:59
Pedestrian,2,EPA,0,7,0.0316267979158122,QPSK,MPA,5,0.1641015625,0.298802083333333,1,79.9976406779025,1.93845642408047,4,0,0,0.17109,10,17,LowMobility,0,2026-08-06 15:49:59
Pedestrian,2,EPA,0,7,0.030026833759748,QPSK,MPA,10,0.152825520833333,0.278645833333333,1,76.9324455745408,2.27780923460742,4,0,0,0.1759884,10,17,LowMobility,0,2026-08-06 15:49:59
Pedestrian,2,EPA,0,7,0.0285481058196944,QPSK,MPA,15,0.100052083333333,0.185026041666667,1,60.603435076344,4.35005517594133,6,0,0,0.1799671,10,17,LowMobility,0,2026-08-06 15:49:59
Pedestrian,2,EPA,0,7,0.031248742132608,QPSK,MPA,20,0.0780729166666667,0.149583333333333,1,55.0590344059232,5.18342818571772,6,0,0,0.1831748,10,17,LowMobility,0,2026-08-06 15:49:59
Pedestrian,2,EPA,0,7,0.0316094156711934,QPSK,MPA,25,0.0663020833333333,0.128333333333333,1,51.2947665935119,5.79853884025877,6,0,0,0.1537354,10,17,LowMobility,0,2026-08-06 15:50:00
Pedestrian,2,EPA,0,7,0.0311408947891013,QPSK,MPA,30,0.0615104166666667,0.118958333333333,1,49.5324894942925,6.10219687808006,7,0,0,0.1556355,10,17,LowMobility,0,2026-08-06 15:50:00
Pedestrian,2,EPA,0,7,0.0314055239667495,16QAM,MRC,0,0.35341796875,0.787265625,1,107.066242909012,-0.593051259911096,3,0,0,0.7688155,2,17,LowMobility,0,2026-08-06 15:50:01
Pedestrian,2,EPA,0,7,0.0312680065696615,16QAM,MRC,5,0.223541666666667,0.608619791666667,1,69.1089816129114,3.20931013458726,5,0,0,1.1452818,2,17,LowMobility,0,2026-08-06 15:50:02
Pedestrian,2,EPA,0,7,0.0316164604774758,16QAM,MRC,10,0.117610677083333,0.353255208333333,1,41.6230984592355,7.61331187332796,7,0,0,0.9104099,2,17,LowMobility,0,2026-08-06 15:50:03
Pedestrian,2,EPA,0,7,0.0315955019019133,16QAM,MRC,15,0.03025390625,0.113645833333333,0.9,18.7486046548425,14.5406209728605,11,360000,0.375,0.8966434,2,17,LowMobility,0,2026-08-06 15:50:04
Pedestrian,2,EPA,0,7,0.0316126491014871,16QAM,MRC,20,0.0625716145833333,0.195520833333333,0.6,21.183923209653,13.4798721305371,10,1440000,1.5,0.9241651,2,17,LowMobility,0,2026-08-06 15:50:04
Pedestrian,2,EPA,0,7,0.0315624615455884,16QAM,MRC,25,1.953125e-05,7.8125e-05,0.1,0.177517900624182,55.0151569366481,15,3240000,3.375,0.8604052,2,17,LowMobility,0,2026-08-06 15:50:05
Pedestrian,2,EPA,0,7,0.031468664800105,16QAM,MRC,30,0.000735677083333333,0.00291666666666667,0.2,1.24770216416654,38.0777814324305,15,2880000,3,0.8587462,2,17,LowMobility,0,2026-08-06 15:50:06
Pedestrian,2,EPA,0,7,0.031203134435209,16QAM,LMMSE,0,0.36689453125,0.889375,1,82.2203710387487,1.70041135390649,4,0,0,0.1548897,1,17,LowMobility,0,2026-08-06 15:50:06
Pedestrian,2,EPA,0,7,0.030948063592599,16QAM,LMMSE,5,0.333053385416667,0.859791666666667,1,76.4526645477546,2.33214747691788,4,0,0,0.1132985,1,17,LowMobility,0,2026-08-06 15:50:06
Pedestrian,2,EPA,0,7,0.0302957357296859,16QAM,LMMSE,10,0.267604166666667,0.761328125,1,65.6866025175657,3.65046400789723,5,0,0,0.1321309,1,17,LowMobility,0,2026-08-06 15:50:07
Pedestrian,2,EPA,0,7,0.030712292170135,16QAM,LMMSE,15,0.0703450520833333,0.216927083333333,1,22.711296141755,12.8751615946463,10,0,0,0.1180435,1,17,LowMobility,0,2026-08-06 15:50:07
Pedestrian,2,EPA,0,7,0.0314656261680281,16QAM,LMMSE,20,0.09390625,0.264479166666667,0.8,26.9530835943168,11.3878308348601,9,720000,0.75,0.1239536,1,17,LowMobility,0,2026-08-06 15:50:07
Pedestrian,2,EPA,0,7,0.0315783960223922,16QAM,LMMSE,25,0,0,0,0,160,15,3600000,3.75,0.141345,1,17,LowMobility,0,2026-08-06 15:50:07
Pedestrian,2,EPA,0,7,0.0304071386575726,16QAM,LMMSE,30,0.00435546875,0.0168229166666667,0.1,2.63572390406172,31.5820016935671,15,3240000,3.375,0.1288237,1,17,LowMobility,0,2026-08-06 15:50:07
Pedestrian,2,EPA,0,7,0.0296730576438951,16QAM,MPA,0,0.36716796875,0.887578125,1,82.8229148256931,1.63698978470508,4,0,0,0.3153778,10,17,LowMobility,0,2026-08-06 15:50:07
Pedestrian,2,EPA,0,7,0.031420324211564,16QAM,MPA,5,0.313170572916667,0.853984375,1,71.9719484865986,2.85673479117914,5,0,0,0.3051874,10,17,LowMobility,0,2026-08-06 15:50:08
Pedestrian,2,EPA,0,7,0.0314247634294433,16QAM,MPA,10,0.32724609375,0.867734375,1,74.3202949998312,2.5778515032849,5,0,0,0.3289783,10,17,LowMobility,0,2026-08-06 15:50:08
Pedestrian,2,EPA,0,7,0.0308556748182927,16QAM,MPA,15,0.338626302083333,0.874296875,1,77.0068037709601,2.26941803949946,4,0,0,0.3021274,10,17,LowMobility,0,2026-08-06 15:50:08
Pedestrian,2,EPA,0,7,0.0315954168491464,16QAM,MPA,20,0.341842447916667,0.877213541666667,1,77.3945109874073,2.22579678954947,4,0,0,0.2998051,10,17,LowMobility,0,2026-08-06 15:50:09
Pedestrian,2,EPA,0,7,0.0315876698308775,16QAM,MPA,25,0.354837239583333,0.88375,1,80.1719425405576,1.91955186917124,4,0,0,0.275498,10,17,LowMobility,0,2026-08-06 15:50:09
Pedestrian,2,EPA,0,7,0.0285758514630679,16QAM,MPA,30,0.362265625,0.890104166666667,1,81.9585761038087,1.72811190723003,4,0,0,0.2663319,10,17,LowMobility,0,2026-08-06 15:50:09
Pedestrian,2,EPA,0,7,0.031582659135855,64QAM,MRC,0,0.369982638888889,0.921770833333333,1,90.680184187216,0.84975212834086,4,0,0,0.9485743,2.6,17,LowMobility,0,2026-08-06 15:50:10
Pedestrian,2,EPA,0,7,0.0227586138137641,64QAM,MRC,5,0.266545138888889,0.834895833333333,1,54.9542165624801,5.19997958271262,6,0,0,0.8834696,2.4,17,LowMobility,0,2026-08-06 15:50:11
Pedestrian,2,EPA,0,7,0.0316175121369172,64QAM,MRC,10,0.198767361111111,0.718776041666667,1,40.3464080366743,7.88390247251358,7,0,0,0.9742808,2.5,17,LowMobility,0,2026-08-06 15:50:12
Pedestrian,2,EPA,0,7,0.0316258679333055,64QAM,MRC,15,0.0890711805555556,0.406380208333333,1,21.978360387302,13.1600941921244,10,0,0,0.8167345,2.2,17,LowMobility,0,2026-08-06 15:50:13
Pedestrian,2,EPA,0,7,0.0310073158805441,64QAM,MRC,20,0.0233810763888889,0.127786458333333,0.9,9.33574704159049,20.5970184861469,13,540000,0.5625,0.6863541,2.3,17,LowMobility,0,2026-08-06 15:50:14
Pedestrian,2,EPA,0,7,0.0292193705241053,64QAM,MRC,25,0.0193012152777778,0.0977604166666667,0.6,5.42939823648517,25.3049660493141,15,2160000,2.25,0.9058134,2.2,17,LowMobility,0,2026-08-06 15:50:14
Pedestrian,2,EPA,0,7,0.0316263402521523,64QAM,MRC,30,0.00544270833333333,0.0302864583333333,0.3,2.50640990672362,32.0189580310006,15,3780000,3.9375,0.8690752,2.2,17,LowMobility,0,2026-08-06 15:50:15
Pedestrian,2,EPA,0,7,0.0296671124990402,64QAM,LMMSE,0,0.432417534722222,0.980364583333333,1,92.4943127932219,0.677699398939089,4,0,0,0.1212492,1,17,LowMobility,0,2026-08-06 15:50:15
Pedestrian,2,EPA,0,7,0.0258254827361801,64QAM,LMMSE,5,0.382955729166667,0.974088541666667,1,85.6269546065386,1.34779003491993,4,0,0,0.1490244,1,17,LowMobility,0,2026-08-06 15:50:16
Pedestrian,2,EPA,0,7,0.031624077162282,64QAM,LMMSE,10,0.384700520833333,0.960729166666667,1,75.2492629376722,2.46995499206961,5,0,0,0.1386848,1,17,LowMobility,0,2026-08-06 15:50:16
Pedestrian,2,EPA,0,7,0.0313337211060329,64QAM,LMMSE,15,0.346653645833333,0.944661458333333,1,64.7380544454638,3.77680712934411,5,0,0,0.1204336,1,17,LowMobility,0,2026-08-06 15:50:16
Pedestrian,2,EPA,0,7,0.0316211263576874,64QAM,LMMSE,20,0.273194444444444,0.821901041666667,1,48.7477739425543,6.24090422968357,7,0,0,0.1289207,1,17,LowMobility,0,2026-08-06 15:50:16
Pedestrian,2,EPA,0,7,0.0306792431579515,64QAM,LMMSE,25,0.0515407986111111,0.228828125,0.8,11.734756616779,18.6105182680244,12,1080000,1.125,0.140699,1,17,LowMobility,0,2026-08-06 15:50:16
Pedestrian,2,EPA,0,7,0.0316220897319427,64QAM,LMMSE,30,0.0427994791666667,0.134713541666667,0.4,11.094216377519,19.0980673610922,13,3240000,3.375,0.1288545,1,17,LowMobility,0,2026-08-06 15:50:16
Pedestrian,2,EPA,0,7,0.0308713352377575,64QAM,MPA,0,0.417573784722222,0.980026041666667,1,90.0334634509816,0.911920857663301,4,0,0,0.7731019,10,17,LowMobility,0,2026-08-06 15:50:17
Pedestrian,2,EPA,0,7,0.0315414714740332,64QAM,MPA,5,0.381935763888889,0.970364583333333,1,85.6325694231636,1.34722049371821,4,0,0,0.8202718,10,17,LowMobility,0,2026-08-06 15:50:18
Pedestrian,2,EPA,0,7,0.0310500550920072,64QAM,MPA,10,0.384878472222222,0.973307291666667,1,85.7599717422523,1.33430741500976,4,0,0,0.8645798,10,17,LowMobility,0,2026-08-06 15:50:19
Pedestrian,2,EPA,0,7,0.0311440494178121,64QAM,MPA,15,0.397630208333333,0.976875,1,86.4359164895032,1.26611517542575,4,0,0,0.8010964,10,17,LowMobility,0,2026-08-06 15:50:20
Pedestrian,2,EPA,0,7,0.0315893309865524,64QAM,MPA,20,0.427743055555556,0.980052083333333,1,91.1111771423283,0.808566846164701,4,0,0,0.7953584,10,17,LowMobility,0,2026-08-06 15:50:20
Pedestrian,2,EPA,0,7,0.0297451289417906,64QAM,MPA,25,0.433415798611111,0.980104166666667,1,92.0427241321088,0.720210725310108,4,0,0,0.7777748,10,17,LowMobility,0,2026-08-06 15:50:21
Pedestrian,2,EPA,0,7,0.0293597121807785,64QAM,MPA,30,0.465212673611111,0.982057291666667,1,97.0405649525671,0.260933675008521,4,0,0,0.7977893,10,17,LowMobility,0,2026-08-06 15:50:22
Pedestrian,3,EPA,0,7,0.0474174948547489,QPSK,MRC,0,0.240169270833333,0.412265625,1,94.6429698572758,0.478232803699279,4,0,0,0.8143155,2,18,LowMobility,0,2026-08-06 15:50:23
Pedestrian,3,EPA,0,7,0.0474395434654392,QPSK,MRC,5,0.101393229166667,0.174739583333333,1,52.0405779349924,5.67315778080073,6,0,0,0.9440371,2,18,LowMobility,0,2026-08-06 15:50:24
Pedestrian,3,EPA,0,7,0.0474303223610954,QPSK,MRC,10,0.06921875,0.11296875,0.7,30.2308185491519,10.3910018685065,9,540000,0.5625,0.9007128,2,18,LowMobility,0,2026-08-06 15:50:25
Pedestrian,3,EPA,0,7,0.0474149788405912,QPSK,MRC,15,0.0442057291666667,0.077265625,0.7,23.4120207320621,12.6112219995322,10,540000,0.5625,0.8080957,2,18,LowMobility,0,2026-08-06 15:50:25
Pedestrian,3,EPA,0,7,0.0472329353138705,QPSK,MRC,20,0.00108072916666667,0.00213541666666667,0.1,2.07916249164577,33.6422313632748,15,1620000,1.6875,0.9020687,2,18,LowMobility,0,2026-08-06 15:50:26
Pedestrian,3,EPA,0,7,0.0473264878785451,QPSK,MRC,25,0,0,0,0,160,15,1800000,1.875,0.9134146,2,18,LowMobility,0,2026-08-06 15:50:27
Pedestrian,3,EPA,0,7,0.0469287737235922,QPSK,MRC,30,0,0,0,0,160,15,1800000,1.875,0.9123623,2,18,LowMobility,0,2026-08-06 15:50:28
Pedestrian,3,EPA,0,7,0.04554399970236,QPSK,LMMSE,0,0.186705729166667,0.32640625,1,83.192935690895,1.59827100320425,4,0,0,0.1208052,1,18,LowMobility,0,2026-08-06 15:50:28
Pedestrian,3,EPA,0,7,0.04561319909795,QPSK,LMMSE,5,0.1855078125,0.327604166666667,1,79.9403506738747,1.94467901909279,4,0,0,0.1338092,1,18,LowMobility,0,2026-08-06 15:50:28
Pedestrian,3,EPA,0,7,0.0416760772335102,QPSK,LMMSE,10,0.0591145833333333,0.104036458333333,0.5,29.5525503077139,10.5881006937763,9,900000,0.9375,0.1161227,1,18,LowMobility,0,2026-08-06 15:50:29
Pedestrian,3,EPA,0,7,0.0472406584286009,QPSK,LMMSE,15,0.00484375,0.00958333333333333,0.2,5.99221828039045,24.4482474968179,15,1440000,1.5,0.1369562,1,18,LowMobility,0,2026-08-06 15:50:29
Pedestrian,3,EPA,0,7,0.0473000740944973,QPSK,LMMSE,20,0,0,0,0,160,15,1800000,1.875,0.1356476,1,18,LowMobility,0,2026-08-06 15:50:29
Pedestrian,3,EPA,0,7,0.0338109367011613,QPSK,LMMSE,25,0,0,0,0,160,15,1800000,1.875,0.1186881,1,18,LowMobility,0,2026-08-06 15:50:29
Pedestrian,3,EPA,0,7,0.0472185023380915,QPSK,LMMSE,30,0,0,0,0,160,15,1800000,1.875,0.1427089,1,18,LowMobility,0,2026-08-06 15:50:29
Pedestrian,3,EPA,0,7,0.0471257645341124,QPSK,MPA,0,0.215442708333333,0.3771875,1,91.4201822438303,0.779158345814316,4,0,0,0.1763149,10,18,LowMobility,0,2026-08-06 15:50:29
Pedestrian,3,EPA,0,7,0.0469712570249756,QPSK,MPA,5,0.1955078125,0.344401041666667,1,85.674025819479,1.34301650274277,4,0,0,0.1652116,10,18,LowMobility,0,2026-08-06 15:50:30
Pedestrian,3,EPA,0,7,0.0448051930807739,QPSK,MPA,10,0.1439453125,0.262109375,1,74.0981684171811,2.60385053842757,5,0,0,0.1504548,10,18,LowMobility,0,2026-08-06 15:50:30
Pedestrian,3,EPA,0,7,0.046212469188055,QPSK,MPA,15,0.0945572916666667,0.18046875,1,60.8497353397669,4.31482612706083,6,0,0,0.1744065,10,18,LowMobility,0,2026-08-06 15:50:30
Pedestrian,3,EPA,0,7,0.046227620531539,QPSK,MPA,20,0.0643359375,0.124609375,1,50.6891262960622,5.90170388871766,7,0,0,0.1733713,10,18,LowMobility,0,2026-08-06 15:50:30
Pedestrian,3,EPA,0,7,0.0448222676122186,QPSK,MPA,25,0.0751432291666667,0.143515625,1,53.7133543760284,5.39835450545572,6,0,0,0.16567,10,18,LowMobility,0,2026-08-06 15:50:30
Pedestrian,3,EPA,0,7,0.0454609278756991,QPSK,MPA,30,0.0609765625,0.118255208333333,1,49.3329162195809,6.13726422607524,7,0,0,0.1641226,10,18,LowMobility,0,2026-08-06 15:50:30
Pedestrian,3,EPA,0,7,0.0473855824296969,16QAM,MRC,0,0.31798828125,0.763359375,1,92.5443336771622,0.673003343316385,4,0,0,0.9002531,2,18,LowMobility,0,2026-08-06 15:50:31
Pedestrian,3,EPA,0,7,0.0451483379548073,16QAM,MRC,5,0.231888020833333,0.636458333333333,1,69.0033444735788,3.22259718490132,5,0,0,0.853956,2,18,LowMobility,0,2026-08-06 15:50:32
Pedestrian,3,EPA,0,7,0.0451568906331117,16QAM,MRC,10,0.10896484375,0.328177083333333,1,39.5679499021853,8.05312901703639,7,0,0,1.0047078,2,18,LowMobility,0,2026-08-06 15:50:33
Pedestrian,3,EPA,0,7,0.0473913061337601,16QAM,MRC,15,0.0517708333333333,0.184635416666667,1,24.0932408434666,12.362095560209,10,0,0,0.9958804,2,18,LowMobility,0,2026-08-06 15:50:34
Pedestrian,3,EPA,0,7,0.0472327677696976,16QAM,MRC,20,0.00495442708333333,0.0190625,0.5,3.84597400234978,28.2998731158051,15,1800000,1.875,1.2367181,2,18,LowMobility,0,2026-08-06 15:50:35
Pedestrian,3,EPA,0,7,0.0467310292634669,16QAM,MRC,25,0.000201822916666667,0.000807291666666667,0.2,0.692227202701867,43.1950267615954,15,2880000,3,1.2696674,2,18,LowMobility,0,2026-08-06 15:50:37
Pedestrian,3,EPA,0,7,0.0474255568231111,16QAM,MRC,30,0.00775390625,0.0284635416666667,0.1,3.51934615265289,29.0707603024341,15,3240000,3.375,1.0652565,2,18,LowMobility,0,2026-08-06 15:50:38
Pedestrian,3,EPA,0,7,0.0472211917176698,16QAM,LMMSE,0,0.340149739583333,0.877239583333333,1,77.0481921915447,2.26475093656139,4,0,0,0.1777822,1,18,LowMobility,0,2026-08-06 15:50:38
Pedestrian,3,EPA,0,7,0.0468130202005811,16QAM,LMMSE,5,0.367180989583333,0.881953125,1,82.6823359800856,1.65174523960573,4,0,0,0.1189455,1,18,LowMobility,0,2026-08-06 15:50:38
Pedestrian,3,EPA,0,7,0.0472117726064949,16QAM,LMMSE,10,0.2319921875,0.639869791666667,1,59.3371468670072,4.53346679762806,6,0,0,0.1172522,1,18,LowMobility,0,2026-08-06 15:50:38
Pedestrian,3,EPA,0,7,0.0473532929031565,16QAM,LMMSE,15,0.152623697916667,0.417161458333333,1,41.6237589952136,7.61317403406812,7,0,0,0.1431161,1,18,LowMobility,0,2026-08-06 15:50:38
Pedestrian,3,EPA,0,7,0.044741210537761,16QAM,LMMSE,20,0.01677734375,0.061875,0.6,9.28638154504159,20.6430695331427,13,1440000,1.5,0.1122373,1,18,LowMobility,0,2026-08-06 15:50:38
Pedestrian,3,EPA,0,7,0.0463146753950237,16QAM,LMMSE,25,0.00415364583333333,0.0162760416666667,0.4,3.89191477490721,28.1967335694754,15,2160000,2.25,0.1179358,1,18,LowMobility,0,2026-08-06 15:50:38
Pedestrian,3,EPA,0,7,0.0469915742821817,16QAM,LMMSE,30,0,0,0,0,160,15,3600000,3.75,0.1314458,1,18,LowMobility,0,2026-08-06 15:50:39
Pedestrian,3,EPA,0,7,0.0473704570022346,16QAM,MPA,0,0.366725260416667,0.882786458333333,1,82.4799307803585,1.67303424394787,4,0,0,0.5727017,10,18,LowMobility,0,2026-08-06 15:50:39
Pedestrian,3,EPA,0,7,0.0459757950065818,16QAM,MPA,5,0.337513020833333,0.871354166666667,1,76.721973309622,2.30160471047603,4,0,0,0.337742,10,18,LowMobility,0,2026-08-06 15:50:40
Pedestrian,3,EPA,0,7,0.046546777100727,16QAM,MPA,10,0.3233984375,0.861666666666667,1,74.0420743307032,2.61042845484978,5,0,0,0.4208263,10,18,LowMobility,0,2026-08-06 15:50:40
Pedestrian,3,EPA,0,7,0.0432211243796421,16QAM,MPA,15,0.339205729166667,0.872734375,1,76.988253051993,2.27151069755951,4,0,0,0.3141396,10,18,LowMobility,0,2026-08-06 15:50:40
Pedestrian,3,EPA,0,7,0.0460698129162356,16QAM,MPA,20,0.350787760416667,0.881223958333333,1,79.3569175794588,2.00830419213562,4,0,0,0.3255204,10,18,LowMobility,0,2026-08-06 15:50:41
Pedestrian,3,EPA,0,7,0.0473856472364497,16QAM,MPA,25,0.356985677083333,0.886432291666667,1,80.3394310194188,1.90142496714838,4,0,0,0.3334147,10,18,LowMobility,0,2026-08-06 15:50:41
Pedestrian,3,EPA,0,7,0.0472378576282446,16QAM,MPA,30,0.362565104166667,0.890546875,1,81.7623264438568,1.74893519463856,4,0,0,0.3283253,10,18,LowMobility,0,2026-08-06 15:50:41
Pedestrian,3,EPA,0,7,0.046078142569628,64QAM,MRC,0,0.378259548611111,0.929140625,1,92.5186251946916,0.675416587374514,4,0,0,1.4511001,2.5,18,LowMobility,0,2026-08-06 15:50:43
Pedestrian,3,EPA,0,7,0.0458461605146114,64QAM,MRC,5,0.267443576388889,0.829375,1,57.1326499170765,4.86231264195573,6,0,0,1.6795413,2.2,18,LowMobility,0,2026-08-06 15:50:44
Pedestrian,3,EPA,0,7,0.0474307143211051,64QAM,MRC,10,0.2223828125,0.769557291666667,1,47.1360098129981,6.53294368847936,7,0,0,1.9620024,2.3,18,LowMobility,0,2026-08-06 15:50:46
Pedestrian,3,EPA,0,7,0.0469740938335196,64QAM,MRC,15,0.0880859375,0.341796875,1,22.3103800781078,13.0298606208415,10,0,0,1.3753004,2.4,18,LowMobility,0,2026-08-06 15:50:48
Pedestrian,3,EPA,0,7,0.0442465464462601,64QAM,MRC,20,0.0934331597222222,0.38078125,1,21.7582324144833,13.2475277712202,10,0,0,1.139265,2.2,18,LowMobility,0,2026-08-06 15:50:49
Pedestrian,3,EPA,0,7,0.0471570895167459,64QAM,MRC,25,0.00421006944444444,0.0245572916666667,0.7,3.50574812602729,29.1043857888371,15,1620000,1.6875,1.4269579,2.2,18,LowMobility,0,2026-08-06 15:50:50
Pedestrian,3,EPA,0,7,0.0473815384720533,64QAM,MRC,30,0.00488715277777778,0.0282291666666667,0.3,2.48708225101593,32.0861970362847,15,3780000,3.9375,1.6767017,2.1,18,LowMobility,0,2026-08-06 15:50:52
Pedestrian,3,EPA,0,7,0.046763320267726,64QAM,LMMSE,0,0.419722222222222,0.979479166666667,1,90.2306029822305,0.892922807433379,4,0,0,0.1734659,1,18,LowMobility,0,2026-08-06 15:50:52
Pedestrian,3,EPA,0,7,0.0420375039803022,64QAM,LMMSE,5,0.390772569444444,0.974244791666667,1,86.3920734841788,1.27052204857027,4,0,0,0.1490996,1,18,LowMobility,0,2026-08-06 15:50:52
Pedestrian,3,EPA,0,7,0.0474353527383077,64QAM,LMMSE,10,0.379739583333333,0.97078125,1,82.677412550587,1.65226246783882,4,0,0,0.1403498,1,18,LowMobility,0,2026-08-06 15:50:52
Pedestrian,3,EPA,0,7,0.0472110746380517,64QAM,LMMSE,15,0.343233506944444,0.946666666666667,1,64.7283264098208,3.77811243568837,5,0,0,0.2073654,1,18,LowMobility,0,2026-08-06 15:50:53
Pedestrian,3,EPA,0,7,0.0453528826415754,64QAM,LMMSE,20,0.203932291666667,0.708802083333333,1,35.533648556317,8.98720394673875,8,0,0,0.1973323,1,18,LowMobility,0,2026-08-06 15:50:53
Pedestrian,3,EPA,0,7,0.0472258032982715,64QAM,LMMSE,25,0.151154513888889,0.552526041666667,0.8,27.0739045773418,11.3489821220417,9,1080000,1.125,0.1738308,1,18,LowMobility,0,2026-08-06 15:50:53
Pedestrian,3,EPA,0,7,0.0464615725159421,64QAM,LMMSE,30,0.0260069444444444,0.126640625,0.5,6.30227239394615,24.0100565975624,15,2700000,2.8125,0.1655488,1,18,LowMobility,0,2026-08-06 15:50:53
Pedestrian,3,EPA,0,7,0.0461299365807387,64QAM,MPA,0,0.409010416666667,0.976536458333333,1,88.7430073653179,1.03731715583489,4,0,0,0.8925366,10,18,LowMobility,0,2026-08-06 15:50:54
Pedestrian,3,EPA,0,7,0.047358066561139,64QAM,MPA,5,0.378519965277778,0.972994791666667,1,84.8561600110582,1.4263325043556,4,0,0,0.9345165,10,18,LowMobility,0,2026-08-06 15:50:55
Pedestrian,3,EPA,0,7,0.0459681015203796,64QAM,MPA,10,0.385729166666667,0.973411458333333,1,85.9878244421193,1.31126077790746,4,0,0,0.8779595,10,18,LowMobility,0,2026-08-06 15:50:56
Pedestrian,3,EPA,0,7,0.0472465701658402,64QAM,MPA,15,0.412899305555556,0.978541666666667,1,88.7259578630778,1.03898606842596,4,0,0,0.8853587,10,18,LowMobility,0,2026-08-06 15:50:57
Pedestrian,3,EPA,0,7,0.0399709491881219,64QAM,MPA,20,0.442473958333333,0.982057291666667,1,93.2317724911719,0.608721180794388,4,0,0,0.7909673,10,18,LowMobility,0,2026-08-06 15:50:58
Pedestrian,3,EPA,0,7,0.0443658170358723,64QAM,MPA,25,0.448671875,0.982708333333333,1,94.2192183692043,0.517210058705757,4,0,0,0.8126695,10,18,LowMobility,0,2026-08-06 15:50:58
Pedestrian,3,EPA,0,7,0.0424702404305112,64QAM,MPA,30,0.461310763888889,0.982083333333333,1,96.4404674735485,0.3148138628866,4,0,0,0.9441049,10,18,LowMobility,0,2026-08-06 15:50:59
Pedestrian,1,EPA,0,7,0.0156521636145369,QPSK,MRC,0,0.2362109375,0.405859375,1,94.8225619672213,0.461766297110736,4,0,0,1.0769021,2,19,LowMobility,0,2026-08-06 15:51:01
Pedestrian,1,EPA,0,7,0.0156094398020184,QPSK,MRC,5,0.0930078125,0.169609375,1,54.4414018550023,5.28141400660647,6,0,0,0.9278511,2,19,LowMobility,0,2026-08-06 15:51:01
Pedestrian,1,EPA,0,7,0.0157655075739071,QPSK,MRC,10,0.0294401041666667,0.0558854166666667,0.9,24.4859580723185,12.221657969831,10,180000,0.1875,0.8827623,2,19,LowMobility,0,2026-08-06 15:51:02
Pedestrian,1,EPA,0,7,0.0157594735797216,QPSK,MRC,15,0.0157291666666667,0.0300260416666667,0.5,12.9001812835085,17.7880837321945,12,900000,0.9375,0.9135363,2,19,LowMobility,0,2026-08-06 15:51:03
Pedestrian,1,EPA,0,7,0.0158060662677613,QPSK,MRC,20,0.00484375,0.009375,0.1,4.40170421541475,27.1275828882165,15,1620000,1.6875,0.9011241,2,19,LowMobility,0,2026-08-06 15:51:04
Pedestrian,1,EPA,0,7,0.0150914319103656,QPSK,MRC,25,1.30208333333333e-05,2.60416666666667e-05,0.1,0.228217732293819,52.8330122870355,15,1620000,1.6875,0.9052389,2,19,LowMobility,0,2026-08-06 15:51:05
Pedestrian,1,EPA,0,7,0.0148402354848206,QPSK,MRC,30,0.000559895833333333,0.00111979166666667,0.1,1.49652374967233,36.4983277312396,15,1620000,1.6875,0.9332615,2,19,LowMobility,0,2026-08-06 15:51:06
Pedestrian,1,EPA,0,7,0.0157972780249632,QPSK,LMMSE,0,0.203190104166667,0.362447916666667,1,89.1184748664497,1.00064508854891,4,0,0,0.1184761,1,19,LowMobility,0,2026-08-06 15:51:06
Pedestrian,1,EPA,0,7,0.0157976312922171,QPSK,LMMSE,5,0.0943359375,0.16921875,1,49.6325595872977,6.08466654683916,7,0,0,0.1082132,1,19,LowMobility,0,2026-08-06 15:51:06
Pedestrian,1,EPA,0,7,0.0152467593310717,QPSK,LMMSE,10,0.0241536458333333,0.0459635416666667,0.7,20.5988593750008,13.7231365449061,10,540000,0.5625,0.1207741,1,19,LowMobility,0,2026-08-06 15:51:06
Pedestrian,1,EPA,0,7,0.0157771102053167,QPSK,LMMSE,15,0.0260286458333333,0.04890625,0.5,17.7199194152824,15.0307651496315,11,900000,0.9375,0.1651573,1,19,LowMobility,0,2026-08-06 15:51:07
Pedestrian,1,EPA,0,7,0.0156730334748885,QPSK,LMMSE,20,0.000247395833333333,0.000494791666666667,0.1,0.994778032192777,40.0454762775072,15,1620000,1.6875,0.1187723,1,19,LowMobility,0,2026-08-06 15:51:07
Pedestrian,1,EPA,0,7,0.0151450880552075,QPSK,LMMSE,25,0,0,0,0,160,15,1800000,1.875,0.1186769,1,19,LowMobility,0,2026-08-06 15:51:07
Pedestrian,1,EPA,0,7,0.010240192179424,QPSK,LMMSE,30,0.0009375,0.00182291666666667,0.1,1.93649167310371,34.2596873227228,15,1620000,1.6875,0.121087,1,19,LowMobility,0,2026-08-06 15:51:07
Pedestrian,1,EPA,0,7,0.0150960534619657,QPSK,MPA,0,0.263359375,0.453229166666667,1,101.925232004861,-0.165634173554036,3,0,0,0.1783095,10,19,LowMobility,0,2026-08-06 15:51:07
Pedestrian,1,EPA,0,7,0.0156791634616228,QPSK,MPA,5,0.187721354166667,0.335703125,1,85.5963362111708,1.3508964815327,4,0,0,0.2365744,10,19,LowMobility,0,2026-08-06 15:51:07
Pedestrian,1,EPA,0,7,0.0157964026690483,QPSK,MPA,10,0.101510416666667,0.191770833333333,1,62.8745037818627,4.03050858922506,5,0,0,0.1870724,10,19,LowMobility,0,2026-08-06 15:51:07
Pedestrian,1,EPA,0,7,0.0157511858893055,QPSK,MPA,15,0.100013020833333,0.187604166666667,1,61.6686809473465,4.19870681497163,5,0,0,0.2481139,10,19,LowMobility,0,2026-08-06 15:51:08
Pedestrian,1,EPA,0,7,0.0157878278232,QPSK,MPA,20,0.0693489583333333,0.133541666666667,1,52.5873501839379,5.5823742446881,6,0,0,0.180204,10,19,LowMobility,0,2026-08-06 15:51:08
Pedestrian,1,EPA,0,7,0.0154720372456332,QPSK,MPA,25,0.069921875,0.135208333333333,1,52.2632623141645,5.63606969515131,6,0,0,0.1830186,10,19,LowMobility,0,2026-08-06 15:51:08
Pedestrian,1,EPA,0,7,0.0157130127271326,QPSK,MPA,30,0.0598046875,0.116223958333333,1,48.8466600599196,6.22330252514202,7,0,0,0.1755372,10,19,LowMobility,0,2026-08-06 15:51:08
Pedestrian,1,EPA,0,7,0.0158094974894907,16QAM,MRC,0,0.374166666666667,0.82734375,1,109.498297899484,-0.788147366425567,3,0,0,1.0543378,2,19,LowMobility,0,2026-08-06 15:51:09
Pedestrian,1,EPA,0,7,0.0158083513534277,16QAM,MRC,5,0.201510416666667,0.531875,1,64.6108326585187,3.7938932408992,5,0,0,1.0059531,2,19,LowMobility,0,2026-08-06 15:51:10
Pedestrian,1,EPA,0,7,0.0157909011333297,16QAM,MRC,10,0.117786458333333,0.337838541666667,1,44.8360355856042,6.96745589630108,7,0,0,0.9016602,2,19,LowMobility,0,2026-08-06 15:51:11
Pedestrian,1,EPA,0,7,0.0157767091706478,16QAM,MRC,15,0.0341731770833333,0.1146875,1,17.8546812316597,14.9649579814677,11,0,0,0.9717084,2,19,LowMobility,0,2026-08-06 15:51:12
Pedestrian,1,EPA,0,7,0.0143343854342108,16QAM,MRC,20,0.0444921875,0.100390625,0.4,15.860280234169,15.9937828686431,11,2160000,2.25,0.9113028,2,19,LowMobility,0,2026-08-06 15:51:13
Pedestrian,1,EPA,0,7,0.0157190092789138,16QAM,MRC,25,0.00013671875,0.000546875,0.1,0.466735817836442,46.6185773916891,15,3240000,3.375,0.9870831,2,19,LowMobility,0,2026-08-06 15:51:14
Pedestrian,1,EPA,0,7,0.0150645771378735,16QAM,MRC,30,0,0,0,0,160,15,3600000,3.75,1.0143753,2,19,LowMobility,0,2026-08-06 15:51:15
Pedestrian,1,EPA,0,7,0.0157033744331251,16QAM,LMMSE,0,0.376158854166667,0.892838541666667,1,84.7890188193567,1.43320780745301,4,0,0,0.1123366,1,19,LowMobility,0,2026-08-06 15:51:15
Pedestrian,1,EPA,0,7,0.0157237762473231,16QAM,LMMSE,5,0.29748046875,0.796848958333333,1,70.2400495314556,3.06830381697351,5,0,0,0.1024903,1,19,LowMobility,0,2026-08-06 15:51:15
Pedestrian,1,EPA,0,7,0.0158122548110933,16QAM,LMMSE,10,0.249309895833333,0.708385416666667,1,62.4131951539677,4.09447167534362,5,0,0,0.1067157,1,19,LowMobility,0,2026-08-06 15:51:15
Pedestrian,1,EPA,0,7,0.0158018438857119,16QAM,LMMSE,15,0.16115234375,0.476901041666667,0.8,42.8631158019144,7.35832524899418,7,720000,0.75,0.1077787,1,19,LowMobility,0,2026-08-06 15:51:16
Pedestrian,1,EPA,0,7,0.0157040737937263,16QAM,LMMSE,20,0.00874348958333333,0.032265625,0.4,5.02069448264363,25.9847241068247,15,2160000,2.25,0.1190637,1,19,LowMobility,0,2026-08-06 15:51:16
Pedestrian,1,EPA,0,7,0.0154867207438759,16QAM,LMMSE,25,0.0345768229166667,0.0997916666666667,0.2,9.63914359285862,20.3192310012334,13,2880000,3,0.1249563,1,19,LowMobility,0,2026-08-06 15:51:16
Pedestrian,1,EPA,0,7,0.0156446070497625,16QAM,LMMSE,30,0.0261783854166667,0.0809895833333333,0.3,8.01140470901529,21.9258265724786,14,2520000,2.625,0.1140713,1,19,LowMobility,0,2026-08-06 15:51:16
Pedestrian,1,EPA,0,7,0.0155485873850192,16QAM,MPA,0,0.365299479166667,0.884895833333333,1,82.5113858456824,1.66972236990675,4,0,0,0.2621108,10,19,LowMobility,0,2026-08-06 15:51:16
Pedestrian,1,EPA,0,7,0.0158091541306292,16QAM,MPA,5,0.332884114583333,0.870182291666667,1,75.7839953163854,2.40845005086405,5,0,0,0.2337954,10,19,LowMobility,0,2026-08-06 15:51:16
Pedestrian,1,EPA,0,7,0.0152346920017291,16QAM,MPA,10,0.329934895833333,0.867552083333333,1,74.8925823360575,2.51122388901369,5,0,0,0.2402466,10,19,LowMobility,0,2026-08-06 15:51:17
Pedestrian,1,EPA,0,7,0.0156070022446436,16QAM,MPA,15,0.340162760416667,0.876666666666667,1,76.9446796875798,2.27642807862704,4,0,0,0.2450851,10,19,LowMobility,0,2026-08-06 15:51:17
Pedestrian,1,EPA,0,7,0.0151662800529489,16QAM,MPA,20,0.356809895833333,0.885989583333333,1,80.4633103520539,1.88804208057078,4,0,0,0.2290738,10,19,LowMobility,0,2026-08-06 15:51:17
Pedestrian,1,EPA,0,7,0.0146163027905298,16QAM,MPA,25,0.354791666666667,0.886692708333333,1,80.0069513588743,1.9374455587492,4,0,0,0.2190547,10,19,LowMobility,0,2026-08-06 15:51:17
Pedestrian,1,EPA,0,7,0.0153151574627673,16QAM,MPA,30,0.359850260416667,0.888854166666667,1,81.383746944121,1.78924637820348,4,0,0,0.2209206,10,19,LowMobility,0,2026-08-06 15:51:18
Pedestrian,1,EPA,0,7,0.0158131316116738,64QAM,MRC,0,0.333532986111111,0.894296875,1,78.6916103152227,2.08143134723477,4,0,0,1.0602354,2.2,19,LowMobility,0,2026-08-06 15:51:19
Pedestrian,1,EPA,0,7,0.0157885730780151,64QAM,MRC,5,0.348637152777778,0.909609375,1,83.260445657748,1.59122537698801,4,0,0,1.0536552,2.3,19,LowMobility,0,2026-08-06 15:51:20
Pedestrian,1,EPA,0,7,0.0152234091798854,64QAM,MRC,10,0.170625,0.654661458333333,1,36.1792538741354,8.83080787704599,8,0,0,1.1637257,2.2,19,LowMobility,0,2026-08-06 15:51:21
Pedestrian,1,EPA,0,7,0.0153565096463333,64QAM,MRC,15,0.115659722222222,0.519453125,1,26.037083543994,11.688153268194,9,0,0,1.0785362,2.3,19,LowMobility,0,2026-08-06 15:51:22
Pedestrian,1,EPA,0,7,0.0129011365823995,64QAM,MRC,20,0.0709592013888889,0.325364583333333,1,18.4111888099223,14.6983633641724,11,0,0,1.076083,2.4,19,LowMobility,0,2026-08-06 15:51:23
Pedestrian,1,EPA,0,7,0.0158130551759831,64QAM,MRC,25,0.00704861111111111,0.0405729166666667,0.6,3.84787163881224,28.2955884805294,15,2160000,2.25,1.0361392,2.4,19,LowMobility,0,2026-08-06 15:51:24
Pedestrian,1,EPA,0,7,0.0155099580497104,64QAM,MRC,30,0.0101649305555556,0.0523697916666667,0.1,2.43977463109323,32.2530057764469,15,4860000,5.0625,1.099324,2.6,19,LowMobility,0,2026-08-06 15:51:25
Pedestrian,1,EPA,0,7,0.0152989362458502,64QAM,LMMSE,0,0.444322916666667,0.980729166666667,1,93.9567984015659,0.541435806433262,4,0,0,0.1256708,1,19,LowMobility,0,2026-08-06 15:51:25
Pedestrian,1,EPA,0,7,0.0146765369682998,64QAM,LMMSE,5,0.3887890625,0.975026041666667,1,86.2240124665801,1.28743541912352,4,0,0,0.1117175,1,19,LowMobility,0,2026-08-06 15:51:25
Pedestrian,1,EPA,0,7,0.0157679964080999,64QAM,LMMSE,10,0.370629340277778,0.96375,1,77.1474950563672,2.25356341427422,4,0,0,0.1084186,1,19,LowMobility,0,2026-08-06 15:51:26
Pedestrian,1,EPA,0,7,0.0158133880047676,64QAM,LMMSE,15,0.337860243055556,0.935963541666667,1,63.9435858068675,3.88406026323528,5,0,0,0.1133503,1,19,LowMobility,0,2026-08-06 15:51:26
Pedestrian,1,EPA,0,7,0.0158128052103144,64QAM,LMMSE,20,0.271953125,0.896380208333333,1,44.8796263331498,6.95901535327618,7,0,0,0.1183328,1,19,LowMobility,0,2026-08-06 15:51:26
Pedestrian,1,EPA,0,7,0.0157033245411747,64QAM,LMMSE,25,0.0758420138888889,0.339270833333333,0.9,15.8614906006712,15.9931200361727,11,540000,0.5625,0.1193008,1,19,LowMobility,0,2026-08-06 15:51:26
Pedestrian,1,EPA,0,7,0.015353967455902,64QAM,LMMSE,30,0.0501302083333333,0.21125,0.8,10.862395285459,19.2814879432781,13,1080000,1.125,0.1325097,1,19,LowMobility,0,2026-08-06 15:51:26
Pedestrian,1,EPA,0,7,0.0157561347896138,64QAM,MPA,0,0.443055555555556,0.98078125,1,93.8117086882062,0.554859074351937,4,0,0,0.782658,10,19,LowMobility,0,2026-08-06 15:51:27
Pedestrian,1,EPA,0,7,0.0157658341023343,64QAM,MPA,5,0.387717013888889,0.973359375,1,86.3605528249494,1.2736917250756,4,0,0,0.7374341,10,19,LowMobility,0,2026-08-06 15:51:28
Pedestrian,1,EPA,0,7,0.0155082376974256,64QAM,MPA,10,0.370755208333333,0.973515625,1,83.65581177264,1.55007764319834,4,0,0,0.744198,10,19,LowMobility,0,2026-08-06 15:51:28
Pedestrian,1,EPA,0,7,0.0157644915417426,64QAM,MPA,15,0.405451388888889,0.978020833333333,1,87.520103488181,1.15784354957318,4,0,0,0.7129001,10,19,LowMobility,0,2026-08-06 15:51:29
Pedestrian,1,EPA,0,7,0.0152664940107962,64QAM,MPA,20,0.430021701388889,0.978802083333333,1,91.4493869051855,0.776384035481709,4,0,0,0.6576471,10,19,LowMobility,0,2026-08-06 15:51:30
Pedestrian,1,EPA,0,7,0.0158084182230224,64QAM,MPA,25,0.460842013888889,0.984296875,1,96.4915084234863,0.310218086925015,4,0,0,0.6123406,10,19,LowMobility,0,2026-08-06 15:51:30
Pedestrian,1,EPA,0,7,0.0155496482601744,64QAM,MPA,30,0.459301215277778,0.982135416666667,1,96.2438739909949,0.332538083470078,4,0,0,0.648057,10,19,LowMobility,0,2026-08-06 15:51:31
Pedestrian,2,EPA,0,7,0.031479453273854,QPSK,MRC,0,0.2121484375,0.366067708333333,1,87.0902374813068,1.20061050389336,4,0,0,1.101833,2,20,LowMobility,0,2026-08-06 15:51:32
Pedestrian,2,EPA,0,7,0.0304795331453752,QPSK,MRC,5,0.0877213541666667,0.154583333333333,1,48.3177327784445,6.31786904771851,7,0,0,0.949471,2,20,LowMobility,0,2026-08-06 15:51:33
Pedestrian,2,EPA,0,7,0.0308679284893988,QPSK,MRC,10,0.0385026041666667,0.0706770833333333,0.8,26.430360997189,11.5579381009553,9,360000,0.375,0.9429342,2,20,LowMobility,0,2026-08-06 15:51:34
Pedestrian,2,EPA,0,7,0.0306696095923009,QPSK,MRC,15,0.00430989583333333,0.00848958333333333,0.6,7.70186143478078,22.2680859818623,14,720000,0.75,0.9632351,2,20,LowMobility,0,2026-08-06 15:51:35
Pedestrian,2,EPA,0,7,0.0315732841440989,QPSK,MRC,20,0.00356770833333333,0.007109375,0.2,4.15222273380433,27.6343871616329,15,1440000,1.5,1.0355137,2,20,LowMobility,0,2026-08-06 15:51:36
Pedestrian,2,EPA,0,7,0.0315950645334711,QPSK,MRC,25,2.60416666666667e-05,5.20833333333333e-05,0.1,0.322748612183951,49.8227123303957,15,1620000,1.6875,0.9885311,2,20,LowMobility,0,2026-08-06 15:51:37
Pedestrian,2,EPA,0,7,0.0316072480515392,QPSK,MRC,30,0,0,0,0,160,15,1800000,1.875,0.9226552,2,20,LowMobility,0,2026-08-06 15:51:38
Pedestrian,2,EPA,0,7,0.0316218777712619,QPSK,LMMSE,0,0.263424479166667,0.441510416666667,1,99.2276453693433,0.0673462829850769,3,0,0,0.1225914,1,20,LowMobility,0,2026-08-06 15:51:38
Pedestrian,2,EPA,0,7,0.0310716418741544,QPSK,LMMSE,5,0.112786458333333,0.19875,1,56.2919191863616,4.99107888970655,6,0,0,0.1322218,1,20,LowMobility,0,2026-08-06 15:51:38
Pedestrian,2,EPA,0,7,0.0316250396985427,QPSK,LMMSE,10,0.0386328125,0.0719791666666667,0.7,24.4445062295003,12.236374618172,10,540000,0.5625,0.1340111,1,20,LowMobility,0,2026-08-06 15:51:38
Pedestrian,2,EPA,0,7,0.0287025352581878,QPSK,LMMSE,15,0.00221354166666667,0.00440104166666667,0.3,4.07209471901007,27.8036425728318,15,1260000,1.3125,0.1230716,1,20,LowMobility,0,2026-08-06 15:51:38
Pedestrian,2,EPA,0,7,0.0315264696113698,QPSK,LMMSE,20,3.90625e-05,7.8125e-05,0.1,0.395284707521047,48.0617997398389,15,1620000,1.6875,0.116462,1,20,LowMobility,0,2026-08-06 15:51:39
Pedestrian,2,EPA,0,7,0.0312392976241427,QPSK,LMMSE,25,0,0,0,0,160,15,1800000,1.875,0.1069608,1,20,LowMobility,0,2026-08-06 15:51:39
Pedestrian,2,EPA,0,7,0.0296214190830862,QPSK,LMMSE,30,0.000234375,0.00046875,0.1,0.968245836551854,40.2802872360024,15,1620000,1.6875,0.1211262,1,20,LowMobility,0,2026-08-06 15:51:39
Pedestrian,2,EPA,0,7,0.0314062954983585,QPSK,MPA,0,0.267578125,0.456119791666667,1,101.820428931182,-0.156698444490545,3,0,0,0.2039993,10,20,LowMobility,0,2026-08-06 15:51:39
Pedestrian,2,EPA,0,7,0.0313525890700992,QPSK,MPA,5,0.130520833333333,0.243255208333333,1,71.9074431211414,2.86452307158126,5,0,0,0.1861789,10,20,LowMobility,0,2026-08-06 15:51:39
Pedestrian,2,EPA,0,7,0.0316163509417999,QPSK,MPA,10,0.158997395833333,0.284947916666667,1,77.0490145098501,2.26465823447805,4,0,0,0.1654679,10,20,LowMobility,0,2026-08-06 15:51:39
Pedestrian,2,EPA,0,7,0.0313524259832771,QPSK,MPA,15,0.129453125,0.235703125,1,69.0882588446592,3.21191504447963,5,0,0,0.1370225,10,20,LowMobility,0,2026-08-06 15:51:39
Pedestrian,2,EPA,0,7,0.0304056910853671,QPSK,MPA,20,0.0669791666666667,0.129635416666667,1,51.5892141475735,5.74882175266053,6,0,0,0.1653963,10,20,LowMobility,0,2026-08-06 15:51:40
Pedestrian,2,EPA,0,7,0.0315547147877847,QPSK,MPA,25,0.0800260416666667,0.15140625,1,54.691677081279,5.24157518181133,6,0,0,0.1553658,10,20,LowMobility,0,2026-08-06 15:51:40
Pedestrian,2,EPA,0,7,0.0315934587643581,QPSK,MPA,30,0.0644140625,0.124765625,1,50.2307107198711,5.98061353832821,7,0,0,0.1697159,10,20,LowMobility,0,2026-08-06 15:51:40
Pedestrian,2,EPA,0,7,0.0281146898047118,16QAM,MRC,0,0.357819010416667,0.806484375,1,104.307106840807,-0.366277991464043,3,0,0,1.0303231,2,20,LowMobility,0,2026-08-06 15:51:41
Pedestrian,2,EPA,0,7,0.0298406919084309,16QAM,MRC,5,0.282115885416667,0.670234375,1,86.0684063558721,1.30312476728336,4,0,0,0.8692768,2,20,LowMobility,0,2026-08-06 15:51:42
Pedestrian,2,EPA,0,7,0.0315148330279392,16QAM,MRC,10,0.15384765625,0.442526041666667,1,51.0860949372044,5.83394587747306,6,0,0,0.9295885,2,20,LowMobility,0,2026-08-06 15:51:43
Pedestrian,2,EPA,0,7,0.0279091707796763,16QAM,MRC,15,0.06669921875,0.21796875,0.7,24.8816075118951,12.082431297154,10,1080000,1.125,1.0030997,2,20,LowMobility,0,2026-08-06 15:51:44
Pedestrian,2,EPA,0,7,0.0309289632152887,16QAM,MRC,20,0.01404296875,0.0523697916666667,0.6,8.49623873351017,21.4154658593636,14,1440000,1.5,0.9152236,2,20,LowMobility,0,2026-08-06 15:51:45
Pedestrian,2,EPA,0,7,0.0253357231893314,16QAM,MRC,25,0.00530598958333333,0.0205208333333333,0.2,4.12545223960363,27.6905687270142,15,2880000,3,0.949936,2,20,LowMobility,0,2026-08-06 15:51:46
Pedestrian,2,EPA,0,7,0.0312339087735891,16QAM,MRC,30,8.46354166666667e-05,0.000338541666666667,0.1,0.367875093087444,48.6859922999611,15,3240000,3.375,0.9340442,2,20,LowMobility,0,2026-08-06 15:51:47
Pedestrian,2,EPA,0,7,0.0293361622193025,16QAM,LMMSE,0,0.383287760416667,0.896875,1,86.2703929303775,1.28276447807255,4,0,0,0.1314329,1,20,LowMobility,0,2026-08-06 15:51:47
Pedestrian,2,EPA,0,7,0.0312664736719776,16QAM,LMMSE,5,0.3156640625,0.841979166666667,1,73.6657142321433,2.65469192107072,5,0,0,0.1255969,1,20,LowMobility,0,2026-08-06 15:51:47
Pedestrian,2,EPA,0,7,0.0298948652877617,16QAM,LMMSE,10,0.228307291666667,0.661276041666667,1,58.4913577827618,4.6581659414404,6,0,0,0.1253527,1,20,LowMobility,0,2026-08-06 15:51:47
Pedestrian,2,EPA,0,7,0.0309417456489468,16QAM,LMMSE,15,0.13267578125,0.379036458333333,0.9,38.5746550895062,8.27395896875389,8,360000,0.375,0.1424258,1,20,LowMobility,0,2026-08-06 15:51:47
Pedestrian,2,EPA,0,7,0.0314151739024236,16QAM,LMMSE,20,0.0947721354166667,0.259817708333333,0.7,24.9359057705523,12.0634970373758,10,1080000,1.125,0.1202033,1,20,LowMobility,0,2026-08-06 15:51:47
Pedestrian,2,EPA,0,7,0.0305920311391487,16QAM,LMMSE,25,0.02041015625,0.0661458333333333,0.3,7.05712341050984,23.0274457566459,15,2520000,2.625,0.1208633,1,20,LowMobility,0,2026-08-06 15:51:47
Pedestrian,2,EPA,0,7,0.0289089250775467,16QAM,LMMSE,30,0.0298893229166667,0.08390625,0.1,6.98355029828763,23.1184746909188,15,3240000,3.375,0.1161981,1,20,LowMobility,0,2026-08-06 15:51:48
Pedestrian,2,EPA,0,7,0.031337932685895,16QAM,MPA,0,0.391901041666667,0.901119791666667,1,87.8069251217591,1.12942461956256,4,0,0,0.2888619,10,20,LowMobility,0,2026-08-06 15:51:48
Pedestrian,2,EPA,0,7,0.0316233335109237,16QAM,MPA,5,0.351009114583333,0.879375,1,79.0569038963356,2.04120395849142,4,0,0,0.2300375,10,20,LowMobility,0,2026-08-06 15:51:48
Pedestrian,2,EPA,0,7,0.0315103454979814,16QAM,MPA,10,0.332233072916667,0.872317708333333,1,75.3709918411319,2.45591539224332,5,0,0,0.2395174,10,20,LowMobility,0,2026-08-06 15:51:48
Pedestrian,2,EPA,0,7,0.0316266360226635,16QAM,MPA,15,0.33787109375,0.873958333333333,1,76.4535104919316,2.3320513685984,4,0,0,0.2332532,10,20,LowMobility,0,2026-08-06 15:51:49
Pedestrian,2,EPA,0,7,0.027049631024167,16QAM,MPA,20,0.34017578125,0.875390625,1,76.8470706006853,2.28745366184186,4,0,0,0.243057,10,20,LowMobility,0,2026-08-06 15:51:49
Pedestrian,2,EPA,0,7,0.031518614393366,16QAM,MPA,25,0.350716145833333,0.882552083333333,1,79.5898804949416,1.98284294790674,4,0,0,0.2448569,10,20,LowMobility,0,2026-08-06 15:51:49
Pedestrian,2,EPA,0,7,0.0313422789026326,16QAM,MPA,30,0.355299479166667,0.886770833333333,1,80.1629674011036,1.92052429708346,4,0,0,0.2514462,10,20,LowMobility,0,2026-08-06 15:51:49
Pedestrian,2,EPA,0,7,0.0302703806889243,64QAM,MRC,0,0.383181423611111,0.931119791666667,1,100.169786300445,-0.0147349452547225,3,0,0,1.0815106,2.4,20,LowMobility,0,2026-08-06 15:51:50
Pedestrian,2,EPA,0,7,0.0313668971058735,64QAM,MRC,5,0.271193576388889,0.826119791666667,1,58.1601493975602,4.70748973127037,6,0,0,1.0768459,2.5,20,LowMobility,0,2026-08-06 15:51:51
Pedestrian,2,EPA,0,7,0.0315060562536821,64QAM,MRC,10,0.118836805555556,0.552161458333333,1,26.5619117245658,11.5148134192494,9,0,0,1.0136092,2.2,20,LowMobility,0,2026-08-06 15:51:52
Pedestrian,2,EPA,0,7,0.031574058770089,64QAM,MRC,15,0.0994748263888889,0.442526041666667,1,23.163958961106,12.7037442632908,10,0,0,0.9330121,2.3,20,LowMobility,0,2026-08-06 15:51:53
Pedestrian,2,EPA,0,7,0.0316256081240211,64QAM,MRC,20,0.0950086805555556,0.340026041666667,0.9,22.7068558939644,12.8768599245284,10,540000,0.5625,1.0375594,2.3,20,LowMobility,0,2026-08-06 15:51:54
Pedestrian,2,EPA,0,7,0.0294457065145883,64QAM,MRC,25,0.00864149305555556,0.045546875,0.4,3.0127074422346,30.4208607942928,15,3240000,3.375,0.9047933,2.1,20,LowMobility,0,2026-08-06 15:51:55
Pedestrian,2,EPA,0,7,0.0314165985240386,64QAM,MRC,30,0.000169270833333333,0.001015625,0.1,0.311209089915082,50.1389545291285,15,4860000,5.0625,0.7827775,2.3,20,LowMobility,0,2026-08-06 15:51:56
Pedestrian,2,EPA,0,7,0.0313638372325291,64QAM,LMMSE,0,0.4112890625,0.979375,1,89.1955580232354,0.993135462709027,4,0,0,0.0960638,1,20,LowMobility,0,2026-08-06 15:51:56
Pedestrian,2,EPA,0,7,0.0316230268177533,64QAM,LMMSE,5,0.388072916666667,0.974010416666667,1,85.9890041696789,1.31114161088398,4,0,0,0.0962386,1,20,LowMobility,0,2026-08-06 15:51:56
Pedestrian,2,EPA,0,7,0.0315213507347939,64QAM,LMMSE,10,0.396206597222222,0.974973958333333,1,85.2510490540982,1.38600536211037,4,0,0,0.1024863,1,20,LowMobility,0,2026-08-06 15:51:56
Pedestrian,2,EPA,0,7,0.0224723470505658,64QAM,LMMSE,15,0.367821180555556,0.955729166666667,1,70.7578967747061,3.00450169294966,5,0,0,0.0927231,1,20,LowMobility,0,2026-08-06 15:51:57
Pedestrian,2,EPA,0,7,0.0288332056678352,64QAM,LMMSE,20,0.242252604166667,0.832109375,1,40.9593505571961,7.75293876118264,7,0,0,0.0926024,1,20,LowMobility,0,2026-08-06 15:51:57
Pedestrian,2,EPA,0,7,0.0300529729759541,64QAM,LMMSE,25,0.0799696180555556,0.323463541666667,0.9,16.9634531127615,15.4097147453954,11,540000,0.5625,0.1001298,1,20,LowMobility,0,2026-08-06 15:51:57
Pedestrian,2,EPA,0,7,0.0316005929375188,64QAM,LMMSE,30,0.0172526041666667,0.076484375,0.3,3.44076179327532,29.266907857939,15,3780000,3.9375,0.1156974,1,20,LowMobility,0,2026-08-06 15:51:57
Pedestrian,2,EPA,0,7,0.0316010874526648,64QAM,MPA,0,0.404678819444444,0.977838541666667,1,88.1296842223741,1.09755571992823,4,0,0,0.6444205,10,20,LowMobility,0,2026-08-06 15:51:57
Pedestrian,2,EPA,0,7,0.030927420340442,64QAM,MPA,5,0.431684027777778,0.980364583333333,1,92.0790999422495,0.716778690264006,4,0,0,0.593729,10,20,LowMobility,0,2026-08-06 15:51:58
Pedestrian,2,EPA,0,7,0.0311613304124581,64QAM,MPA,10,0.3853125,0.973880208333333,1,85.7380394705941,1.33652903018566,4,0,0,0.6384967,10,20,LowMobility,0,2026-08-06 15:51:59
Pedestrian,2,EPA,0,7,0.0316182970313872,64QAM,MPA,15,0.39640625,0.975625,1,86.5976243988749,1.24988043323528,4,0,0,0.6788359,10,20,LowMobility,0,2026-08-06 15:51:59
Pedestrian,2,EPA,0,7,0.031626354788401,64QAM,MPA,20,0.425390625,0.979322916666667,1,90.7177127520195,0.846158161902342,4,0,0,0.6565868,10,20,LowMobility,0,2026-08-06 15:52:00
Pedestrian,2,EPA,0,7,0.031594258324986,64QAM,MPA,25,0.458111979166667,0.980833333333333,1,96.2102169514474,0.335576120568718,4,0,0,0.6406174,10,20,LowMobility,0,2026-08-06 15:52:01
Pedestrian,2,EPA,0,7,0.0304863300837261,64QAM,MPA,30,0.465572916666667,0.982526041666667,1,97.3909078994039,0.229631711180996,4,0,0,0.6102444,10,20,LowMobility,0,2026-08-06 15:52:01
Urban,37,EVA,2,9,0.569502031108627,QPSK,MRC,0,0.273802083333333,0.467526041666667,1,103.903148411511,-0.332574149801768,3,0,0,1.1292315,2.5,1,MediumMobility,0,2026-08-06 15:52:02
Urban,37,EVA,2,9,0.583981989557359,QPSK,MRC,5,0.1584765625,0.284088541666667,1,74.5065234218065,2.5561140183054,5,0,0,1.347835,4,1,MediumMobility,0,2026-08-06 15:52:04
Urban,37,EVA,2,9,0.584453125027751,QPSK,MRC,10,0.0168098958333333,0.03296875,0.9,20.4916711118493,13.7684524619799,10,180000,0.1875,1.1131791,2.8,1,MediumMobility,0,2026-08-06 15:52:05
Urban,37,EVA,2,9,0.58428729921397,QPSK,MRC,15,0.00540364583333333,0.01046875,0.5,7.14264584342639,22.9228176626604,15,900000,0.9375,1.0229038,2.6,1,MediumMobility,0,2026-08-06 15:52:06
Urban,37,EVA,2,9,0.564844942835162,QPSK,MRC,20,6.51041666666667e-05,0.000130208333333333,0.1,0.510310363079829,45.8433122436753,15,1620000,1.6875,0.950565,2,1,MediumMobility,0,2026-08-06 15:52:07
Urban,37,EVA,2,9,0.585049339751309,QPSK,MRC,25,0,0,0,0,160,15,1800000,1.875,0.9607416,2,1,MediumMobility,0,2026-08-06 15:52:08
Urban,37,EVA,2,9,0.584316420349805,QPSK,MRC,30,0,0,0,0,160,15,1800000,1.875,0.990955,2,1,MediumMobility,0,2026-08-06 15:52:09
Urban,37,EVA,2,9,0.585076945325034,QPSK,LMMSE,0,0.218190104166667,0.381979166666667,1,91.7772688986828,0.745297403055862,4,0,0,0.3170691,1,1,MediumMobility,0,2026-08-06 15:52:09
Urban,37,EVA,2,9,0.584575336322013,QPSK,LMMSE,5,0.104778645833333,0.196145833333333,1,62.4945702969414,4.0831542747225,5,0,0,0.2142758,1,1,MediumMobility,0,2026-08-06 15:52:09
Urban,37,EVA,2,9,0.585043870210059,QPSK,LMMSE,10,0.012890625,0.0251302083333333,1,18.2086795430493,14.794430944574,11,0,0,0.2150119,1,1,MediumMobility,0,2026-08-06 15:52:10
Urban,37,EVA,2,9,0.579990887358931,QPSK,LMMSE,15,0.0078125,0.015546875,0.7,13.0014509332462,17.7201635736472,12,540000,0.5625,0.2108675,1,1,MediumMobility,0,2026-08-06 15:52:10
Urban,37,EVA,2,9,0.585088974593002,QPSK,LMMSE,20,0.000182291666666667,0.000364583333333333,0.5,1.82574185835055,34.7712125471966,15,900000,0.9375,0.2021776,1,1,MediumMobility,0,2026-08-06 15:52:10
Urban,37,EVA,2,9,0.577131000050978,QPSK,LMMSE,25,0,0,0,0,160,15,1800000,1.875,0.2115721,1,1,MediumMobility,0,2026-08-06 15:52:10
Urban,37,EVA,2,9,0.583357699090924,QPSK,LMMSE,30,0,0,0,0,160,15,1800000,1.875,0.2212235,1,1,MediumMobility,0,2026-08-06 15:52:10
Urban,37,EVA,2,9,0.578536865699441,QPSK,MPA,0,0.299622395833333,0.505807291666667,1,108.926401241549,-0.742663109141501,3,0,0,0.2557824,10,1,MediumMobility,0,2026-08-06 15:52:11
Urban,37,EVA,2,9,0.550525908449726,QPSK,MPA,5,0.220052083333333,0.387395833333333,1,92.7333514950265,0.655280880153567,4,0,0,0.255907,10,1,MediumMobility,0,2026-08-06 15:52:11
Urban,37,EVA,2,9,0.577956819004189,QPSK,MPA,10,0.148216145833333,0.274713541666667,1,76.7483555701058,2.2986184211145,4,0,0,0.2493456,10,1,MediumMobility,0,2026-08-06 15:52:11
Urban,37,EVA,2,9,0.585034541199471,QPSK,MPA,15,0.125260416666667,0.233489583333333,1,70.5128369861738,3.03463623470918,5,0,0,0.2757272,10,1,MediumMobility,0,2026-08-06 15:52:12
Urban,37,EVA,2,9,0.573898359966947,QPSK,MPA,20,0.1273046875,0.237369791666667,1,71.0677251076661,2.96655172379532,5,0,0,0.260042,10,1,MediumMobility,0,2026-08-06 15:52:12
Urban,37,EVA,2,9,0.582574717309485,QPSK,MPA,25,0.125794270833333,0.236744791666667,1,70.7545903138524,3.00490758722323,5,0,0,0.2545873,10,1,MediumMobility,0,2026-08-06 15:52:12
Urban,37,EVA,2,9,0.584888880002342,QPSK,MPA,30,0.101783854166667,0.193255208333333,1,63.4874044883586,3.94624855047228,5,0,0,0.2611011,10,1,MediumMobility,0,2026-08-06 15:52:12
Urban,37,EVA,2,9,0.541747603349044,16QAM,MRC,0,0.351959635416667,0.804869791666667,1,100.597265316839,-0.0517234963167888,3,0,0,1.4946043,4.1,1,MediumMobility,0,2026-08-06 15:52:14
Urban,37,EVA,2,9,0.58243377372624,16QAM,MRC,5,0.208802083333333,0.605494791666667,1,62.1801477408503,4.1269650080438,5,0,0,1.4061705,3.6,1,MediumMobility,0,2026-08-06 15:52:15
Urban,37,EVA,2,9,0.583942753287725,16QAM,MRC,10,0.143541666666667,0.451015625,1,48.3125035891551,6.31880912947378,7,0,0,1.6663381,4,1,MediumMobility,0,2026-08-06 15:52:17
Urban,37,EVA,2,9,0.556752140197937,16QAM,MRC,15,0.0325651041666667,0.1184375,0.9,18.1200925032765,14.8367917915064,11,360000,0.375,1.804693,5.4,1,MediumMobility,0,2026-08-06 15:52:19
Urban,37,EVA,2,9,0.583894992449146,16QAM,MRC,20,0.0181901041666667,0.067734375,0.6,11.3933468539466,18.8669736190495,13,1440000,1.5,1.5094948,4.7,1,MediumMobility,0,2026-08-06 15:52:20
Urban,37,EVA,2,9,0.584965321298291,16QAM,MRC,25,0.0055078125,0.020703125,0.4,4.66637441945747,26.6204083465056,15,2160000,2.25,1.272066,3.7,1,MediumMobility,0,2026-08-06 15:52:21
Urban,37,EVA,2,9,0.495495956012575,16QAM,MRC,30,0.0143815104166667,0.0493489583333333,0.3,5.97461825774381,24.4737967660959,15,2520000,2.625,1.3994743,3.3,1,MediumMobility,0,2026-08-06 15:52:23
Urban,37,EVA,2,9,0.531613392529798,16QAM,LMMSE,0,0.370813802083333,0.894322916666667,1,83.5204604564177,1.56414240055031,4,0,0,0.231276,1,1,MediumMobility,0,2026-08-06 15:52:23
Urban,37,EVA,2,9,0.585095958991422,16QAM,LMMSE,5,0.3422265625,0.875208333333333,1,77.4536361272937,2.21916378199446,4,0,0,0.2237242,1,1,MediumMobility,0,2026-08-06 15:52:23
Urban,37,EVA,2,9,0.585010784680643,16QAM,LMMSE,10,0.278919270833333,0.789739583333333,1,67.5781721122919,3.40387118826927,5,0,0,0.2014775,1,1,MediumMobility,0,2026-08-06 15:52:24
Urban,37,EVA,2,9,0.568944526419965,16QAM,LMMSE,15,0.157096354166667,0.498385416666667,1,46.9484130474512,6.56758166386076,7,0,0,0.2240173,1,1,MediumMobility,0,2026-08-06 15:52:24
Urban,37,EVA,2,9,0.585095408537809,16QAM,LMMSE,20,0.0628125,0.219401041666667,0.8,25.9361914260884,11.7218759421173,10,720000,0.75,0.2482677,1,1,MediumMobility,0,2026-08-06 15:52:24
Urban,37,EVA,2,9,0.584867143904827,16QAM,LMMSE,25,0.0173111979166667,0.0642708333333333,0.5,9.53646723544512,20.4122495799196,13,1800000,1.875,0.2535023,1,1,MediumMobility,0,2026-08-06 15:52:24
Urban,37,EVA,2,9,0.573520403375368,16QAM,LMMSE,30,3.90625e-05,0.00015625,0.2,0.348174029721354,49.1640725201658,15,2880000,3,0.2443898,1,1,MediumMobility,0,2026-08-06 15:52:24
Urban,37,EVA,2,9,0.57930711794731,16QAM,MPA,0,0.371998697916667,0.894348958333333,1,83.7972356733418,1.53540615522629,4,0,0,0.4256581,10,1,MediumMobility,0,2026-08-06 15:52:25
Urban,37,EVA,2,9,0.580940983555251,16QAM,MPA,5,0.334322916666667,0.871875,1,75.5767361959281,2.43223734303596,5,0,0,0.3566739,10,1,MediumMobility,0,2026-08-06 15:52:25
Urban,37,EVA,2,9,0.583594465992569,16QAM,MPA,10,0.33162109375,0.870963541666667,1,75.0728441333102,2.49034261167068,5,0,0,0.3646149,10,1,MediumMobility,0,2026-08-06 15:52:26
Urban,37,EVA,2,9,0.570095467918062,16QAM,MPA,15,0.334895833333333,0.870703125,1,76.0364394422905,2.37956456069006,4,0,0,0.3703204,10,1,MediumMobility,0,2026-08-06 15:52:26
Urban,37,EVA,2,9,0.583333149712568,16QAM,MPA,20,0.32859375,0.869427083333333,1,74.7567845718882,2.52698773407098,5,0,0,0.36081,10,1,MediumMobility,0,2026-08-06 15:52:26
Urban,37,EVA,2,9,0.583419287490861,16QAM,MPA,25,0.33203125,0.86984375,1,75.2851627713147,2.46581212577858,5,0,0,0.3391795,10,1,MediumMobility,0,2026-08-06 15:52:27
Urban,37,EVA,2,9,0.582952079941835,16QAM,MPA,30,0.33986328125,0.874739583333333,1,77.2848691780166,2.2381104775739,4,0,0,0.3420644,10,1,MediumMobility,0,2026-08-06 15:52:27
Urban,37,EVA,2,9,0.574842585481157,64QAM,MRC,0,0.4228515625,0.953671875,1,114.928939113471,-1.20858795667869,3,0,0,3.5556015,11.3,1,MediumMobility,0,2026-08-06 15:52:31
Urban,37,EVA,2,9,0.58497652732324,64QAM,MRC,5,0.3082421875,0.885703125,1,64.4199349056792,3.81959436714077,5,0,0,2.5276878,6.3,1,MediumMobility,0,2026-08-06 15:52:33
Urban,37,EVA,2,9,0.574965688834946,64QAM,MRC,10,0.205121527777778,0.745390625,1,41.3802400321448,7.66413988948416,7,0,0,2.3756654,9.5,1,MediumMobility,0,2026-08-06 15:52:36
Urban,37,EVA,2,9,0.581243574790857,64QAM,MRC,15,0.1504296875,0.616223958333333,1,31.7917671258503,9.95370662844501,8,0,0,2.8376756,10.5,1,MediumMobility,0,2026-08-06 15:52:38
Urban,37,EVA,2,9,0.582790169301529,64QAM,MRC,20,0.0707725694444444,0.346015625,1,18.8312259269064,14.5024281233417,11,0,0,2.7081124,9,1,MediumMobility,0,2026-08-06 15:52:41
Urban,37,EVA,2,9,0.578362464441737,64QAM,MRC,25,0.0459114583333333,0.212630208333333,0.7,11.6328403961778,18.6862846086577,12,1620000,1.6875,2.8984061,9.4,1,MediumMobility,0,2026-08-06 15:52:44
Urban,37,EVA,2,9,0.58151098040651,64QAM,MRC,30,0.00743923611111111,0.039609375,0.5,3.2785819137354,29.6862792246139,15,2700000,2.8125,3.1916503,11.5,1,MediumMobility,0,2026-08-06 15:52:47
Urban,37,EVA,2,9,0.580926479889118,64QAM,LMMSE,0,0.416909722222222,0.979947916666667,1,89.8109587508375,0.933413348026165,4,0,0,0.2345314,1,1,MediumMobility,0,2026-08-06 15:52:47
Urban,37,EVA,2,9,0.579870566560267,64QAM,LMMSE,5,0.395868055555556,0.97703125,1,86.768330339977,1.23277518963191,4,0,0,0.2115784,1,1,MediumMobility,0,2026-08-06 15:52:48
Urban,37,EVA,2,9,0.577461065569602,64QAM,LMMSE,10,0.393272569444444,0.975390625,1,83.769037573032,1.53832948323092,4,0,0,0.2231511,1,1,MediumMobility,0,2026-08-06 15:52:48
Urban,37,EVA,2,9,0.572784198268757,64QAM,LMMSE,15,0.371957465277778,0.959895833333333,1,71.2215776825831,2.94776820344844,5,0,0,0.2403885,1,1,MediumMobility,0,2026-08-06 15:52:48
Urban,37,EVA,2,9,0.584961185939365,64QAM,LMMSE,20,0.241427951388889,0.827890625,1,41.8251244807636,7.57125515615616,7,0,0,0.2427607,1,1,MediumMobility,0,2026-08-06 15:52:48
Urban,37,EVA,2,9,0.543817303613604,64QAM,LMMSE,25,0.184049479166667,0.64703125,1,35.6841663812908,8.9504888870575,8,0,0,0.2385991,1,1,MediumMobility,0,2026-08-06 15:52:49
Urban,37,EVA,2,9,0.559558545860428,64QAM,LMMSE,30,0.0756336805555556,0.375572916666667,0.8,17.4262463534765,15.1759230134311,11,1080000,1.125,0.2372897,1,1,MediumMobility,0,2026-08-06 15:52:49
Urban,37,EVA,2,9,0.578665037326248,64QAM,MPA,0,0.428576388888889,0.98015625,1,91.4361052042635,0.777645626953911,4,0,0,0.7120333,10,1,MediumMobility,0,2026-08-06 15:52:50
Urban,37,EVA,2,9,0.576366889924935,64QAM,MPA,5,0.401115451388889,0.977890625,1,87.5151031889466,1.15833981598887,4,0,0,0.7826257,10,1,MediumMobility,0,2026-08-06 15:52:50
Urban,37,EVA,2,9,0.566286055025117,64QAM,MPA,10,0.388901909722222,0.975885416666667,1,85.8972665278526,1.32041312634574,4,0,0,0.7286684,10,1,MediumMobility,0,2026-08-06 15:52:51
Urban,37,EVA,2,9,0.575570728360739,64QAM,MPA,15,0.408971354166667,0.978515625,1,88.0235769831276,1.10801974284844,4,0,0,0.7716085,10,1,MediumMobility,0,2026-08-06 15:52:52
Urban,37,EVA,2,9,0.570536386005185,64QAM,MPA,20,0.423155381944444,0.979166666666667,1,90.2484263523438,0.891207241621032,4,0,0,0.7284309,10,1,MediumMobility,0,2026-08-06 15:52:53
Urban,37,EVA,2,9,0.585023616465622,64QAM,MPA,25,0.434678819444444,0.981536458333333,1,92.1732631597682,0.707900742944709,4,0,0,0.7628531,10,1,MediumMobility,0,2026-08-06 15:52:53
Urban,37,EVA,2,9,0.522294275760164,64QAM,MPA,30,0.4246484375,0.979817708333333,1,90.7068018421651,0.847202904495946,4,0,0,0.7975067,10,1,MediumMobility,0,2026-08-06 15:52:54
Urban,45,EVA,2,9,0.698380376990763,QPSK,MRC,0,0.229322916666667,0.391432291666667,1,91.8668679519364,0.736821798407283,4,0,0,1.1329086,2.6,2,MediumMobility,0,2026-08-06 15:52:55
Urban,45,EVA,2,9,0.701681384137386,QPSK,MRC,5,0.124752604166667,0.227239583333333,1,63.4826254149425,3.94690241350304,5,0,0,1.2140335,3.1,2,MediumMobility,0,2026-08-06 15:52:56
Urban,45,EVA,2,9,0.707602662647913,QPSK,MRC,10,0.0322265625,0.061328125,0.7,25.1489696481733,11.9895960652658,10,540000,0.5625,1.0969346,2.7,2,MediumMobility,0,2026-08-06 15:52:58
Urban,45,EVA,2,9,0.707847074320687,QPSK,MRC,15,0.00282552083333333,0.00565104166666667,0.3,5.22785300680855,25.6335326422943,15,1260000,1.3125,1.0473508,2.2,2,MediumMobility,0,2026-08-06 15:52:59
Urban,45,EVA,2,9,0.711347576680773,QPSK,MRC,20,1.30208333333333e-05,2.60416666666667e-05,0.1,0.228217732293819,52.8330122870355,15,1620000,1.6875,0.9685893,2.1,2,MediumMobility,0,2026-08-06 15:53:00
Urban,45,EVA,2,9,0.673867228090747,QPSK,MRC,25,0,0,0,0,160,15,1800000,1.875,1.0605513,2,2,MediumMobility,0,2026-08-06 15:53:01
Urban,45,EVA,2,9,0.689685361974605,QPSK,MRC,30,0,0,0,0,160,15,1800000,1.875,0.9960257,2,2,MediumMobility,0,2026-08-06 15:53:02
Urban,45,EVA,2,9,0.708954894742778,QPSK,LMMSE,0,0.205859375,0.363203125,1,88.9084804205249,1.02113624872093,4,0,0,0.2164176,1,2,MediumMobility,0,2026-08-06 15:53:02
Urban,45,EVA,2,9,0.70803304991577,QPSK,LMMSE,5,0.1049609375,0.194296875,1,60.3769685460778,4.38257392323127,6,0,0,0.2507203,1,2,MediumMobility,0,2026-08-06 15:53:02
Urban,45,EVA,2,9,0.706548425275221,QPSK,LMMSE,10,0.0552864583333333,0.104895833333333,1,40.5769777718548,7.83440605876172,7,0,0,0.2145841,1,2,MediumMobility,0,2026-08-06 15:53:02
Urban,45,EVA,2,9,0.645339082715829,QPSK,LMMSE,15,0.00510416666666667,0.010078125,0.7,8.57306814021087,21.3372744882555,14,540000,0.5625,0.2153394,1,2,MediumMobility,0,2026-08-06 15:53:03
Urban,45,EVA,2,9,0.681308590196035,QPSK,LMMSE,20,0.0003515625,0.000703125,0.4,2.27709385608507,32.8523813697807,15,1080000,1.125,0.2245827,1,2,MediumMobility,0,2026-08-06 15:53:03
Urban,45,EVA,2,9,0.711398634177268,QPSK,LMMSE,25,0,0,0,0,160,15,1800000,1.875,0.218977,1,2,MediumMobility,0,2026-08-06 15:53:03
Urban,45,EVA,2,9,0.708233657540561,QPSK,LMMSE,30,0,0,0,0,160,15,1800000,1.875,0.2219131,1,2,MediumMobility,0,2026-08-06 15:53:03
Urban,45,EVA,2,9,0.710055531279449,QPSK,MPA,0,0.279088541666667,0.478255208333333,1,105.202369940804,-0.440510469476124,3,0,0,0.2521987,10,2,MediumMobility,0,2026-08-06 15:53:03
Urban,45,EVA,2,9,0.706979928048784,QPSK,MPA,5,0.2451171875,0.430364583333333,1,98.7811004820255,0.106522796814198,3,0,0,0.2837706,10,2,MediumMobility,0,2026-08-06 15:53:04
Urban,45,EVA,2,9,0.686679400616325,QPSK,MPA,10,0.1628515625,0.296458333333333,1,79.9761132509565,1.94079411824818,4,0,0,0.2759859,10,2,MediumMobility,0,2026-08-06 15:53:04
Urban,45,EVA,2,9,0.710595307802144,QPSK,MPA,15,0.132018229166667,0.247578125,1,72.3204190696393,2.81478131904308,5,0,0,0.2983452,10,2,MediumMobility,0,2026-08-06 15:53:04
Urban,45,EVA,2,9,0.700751613035133,QPSK,MPA,20,0.119153645833333,0.223567708333333,1,68.4579266850509,3.29152516060225,5,0,0,0.2834368,10,2,MediumMobility,0,2026-08-06 15:53:05
Urban,45,EVA,2,9,0.70262780028551,QPSK,MPA,25,0.102369791666667,0.194479166666667,1,63.8435236443848,3.89766302929889,5,0,0,0.2371589,10,2,MediumMobility,0,2026-08-06 15:53:05
Urban,45,EVA,2,9,0.626794951194091,QPSK,MPA,30,0.112161458333333,0.211380208333333,1,66.5494396106609,3.53711194428871,5,0,0,0.2664111,10,2,MediumMobility,0,2026-08-06 15:53:05
Urban,45,EVA,2,9,0.705825339661548,16QAM,MRC,0,0.323938802083333,0.766145833333333,1,93.5177808477081,0.582116148350701,4,0,0,1.7092879,4.2,2,MediumMobility,0,2026-08-06 15:53:07
Urban,45,EVA,2,9,0.710155228961137,16QAM,MRC,5,0.2731640625,0.702395833333333,1,78.562704847055,2.09567145148726,4,0,0,1.6321988,4.1,2,MediumMobility,0,2026-08-06 15:53:08
Urban,45,EVA,2,9,0.671273917028604,16QAM,MRC,10,0.159661458333333,0.492057291666667,1,51.7122147964413,5.72813722627412,6,0,0,1.4023562,3.7,2,MediumMobility,0,2026-08-06 15:53:10
Urban,45,EVA,2,9,0.698601272845533,16QAM,MRC,15,0.0705598958333333,0.229895833333333,1,28.3108768524376,10.9609335867158,9,0,0,1.6566054,4.6,2,MediumMobility,0,2026-08-06 15:53:12
Urban,45,EVA,2,9,0.685565830368481,16QAM,MRC,20,0.0195833333333333,0.072109375,0.7,11.1457593782005,19.0578067401267,13,1080000,1.125,1.2751515,3.3,2,MediumMobility,0,2026-08-06 15:53:13
Urban,45,EVA,2,9,0.710635035100789,16QAM,MRC,25,0.00095703125,0.00307291666666667,0.1,1.23307742409073,38.1801930698744,15,3240000,3.375,1.0369791,2.8,2,MediumMobility,0,2026-08-06 15:53:14
Urban,45,EVA,2,9,0.711603032507385,16QAM,MRC,30,0,0,0,0,160,15,3600000,3.75,1.0498941,2.2,2,MediumMobility,0,2026-08-06 15:53:15
Urban,45,EVA,2,9,0.710869411300208,16QAM,LMMSE,0,0.3759765625,0.897760416666667,1,84.0791464274221,1.50623411841222,4,0,0,0.2137087,1,2,MediumMobility,0,2026-08-06 15:53:15
Urban,45,EVA,2,9,0.6467222408902,16QAM,LMMSE,5,0.336966145833333,0.87265625,1,76.4754317722017,2.32956124711274,4,0,0,0.2315622,1,2,MediumMobility,0,2026-08-06 15:53:15
Urban,45,EVA,2,9,0.711598489704097,16QAM,LMMSE,10,0.287174479166667,0.810494791666667,1,68.4825394347476,3.28840287489789,5,0,0,0.2331109,1,2,MediumMobility,0,2026-08-06 15:53:16
Urban,45,EVA,2,9,0.710243793392985,16QAM,LMMSE,15,0.175709635416667,0.55484375,1,51.7677493919407,5.71881431207145,6,0,0,0.2359143,1,2,MediumMobility,0,2026-08-06 15:53:16
Urban,45,EVA,2,9,0.711536151320634,16QAM,LMMSE,20,0.0766471354166667,0.25703125,0.9,28.4439011835363,10.9202167760815,9,360000,0.375,0.1973357,1,2,MediumMobility,0,2026-08-06 15:53:16
Urban,45,EVA,2,9,0.709026571871396,16QAM,LMMSE,25,0.00623697916666667,0.0244791666666667,0.9,8.01008011968774,21.9272627985044,14,360000,0.375,0.2393102,1,2,MediumMobility,0,2026-08-06 15:53:16
Urban,45,EVA,2,9,0.711406130604595,16QAM,LMMSE,30,7.16145833333333e-05,0.000286458333333333,0.3,0.533827437629316,45.4519821626834,15,2520000,2.625,0.2247914,1,2,MediumMobility,0,2026-08-06 15:53:16
Urban,45,EVA,2,9,0.71138512705893,16QAM,MPA,0,0.392669270833333,0.904453125,1,87.9924173974211,1.11109501707444,4,0,0,0.372822,10,2,MediumMobility,0,2026-08-06 15:53:17
Urban,45,EVA,2,9,0.710237774638216,16QAM,MPA,5,0.339895833333333,0.87453125,1,77.159057690426,2.25226169685833,4,0,0,0.3398123,10,2,MediumMobility,0,2026-08-06 15:53:17
Urban,45,EVA,2,9,0.706110949823782,16QAM,MPA,10,0.339869791666667,0.875885416666667,1,77.2729482995915,2.23945034425013,4,0,0,0.2899374,10,2,MediumMobility,0,2026-08-06 15:53:18
Urban,45,EVA,2,9,0.711552278010636,16QAM,MPA,15,0.332356770833333,0.871901041666667,1,75.7958988297576,2.40708585141991,5,0,0,0.3253197,10,2,MediumMobility,0,2026-08-06 15:53:18
Urban,45,EVA,2,9,0.692123941201823,16QAM,MPA,20,0.3353515625,0.875182291666667,1,75.8973285182361,2.3954702081002,4,0,0,0.3465165,10,2,MediumMobility,0,2026-08-06 15:53:18
Urban,45,EVA,2,9,0.711054966300091,16QAM,MPA,25,0.337096354166667,0.874869791666667,1,76.4170792958226,2.3361913062439,4,0,0,0.3402438,10,2,MediumMobility,0,2026-08-06 15:53:19
Urban,45,EVA,2,9,0.708900027594273,16QAM,MPA,30,0.327740885416667,0.865182291666667,1,74.8826337350073,2.51237778420635,5,0,0,0.3619548,10,2,MediumMobility,0,2026-08-06 15:53:19
Urban,45,EVA,2,9,0.711376128919828,64QAM,MRC,0,0.397838541666667,0.942942708333333,1,101.363840670539,-0.117661151639789,3,0,0,2.3031285,9,2,MediumMobility,0,2026-08-06 15:53:21
Urban,45,EVA,2,9,0.707065248181772,64QAM,MRC,5,0.343454861111111,0.903723958333333,1,79.9979578240154,1.9384219894315,4,0,0,2.1621828,7.6,2,MediumMobility,0,2026-08-06 15:53:23
Urban,45,EVA,2,9,0.688216932028372,64QAM,MRC,10,0.211072048611111,0.726197916666667,1,44.1808642860184,7.09531585033417,7,0,0,3.0381777,7.9,2,MediumMobility,0,2026-08-06 15:53:26
Urban,45,EVA,2,9,0.706472299383967,64QAM,MRC,15,0.167647569444444,0.65015625,1,34.9210303880428,9.13825900766885,8,0,0,2.270683,6.5,2,MediumMobility,0,2026-08-06 15:53:29
Urban,45,EVA,2,9,0.708641647860123,64QAM,MRC,20,0.0880946180555556,0.438802083333333,1,22.2712360806119,13.0451135685321,10,0,0,2.1449097,11.7,2,MediumMobility,0,2026-08-06 15:53:31
Urban,45,EVA,2,9,0.708362164698265,64QAM,MRC,25,0.0318967013888889,0.164140625,0.9,10.5744970409237,19.5148055997129,13,540000,0.5625,2.4084825,11.9,2,MediumMobility,0,2026-08-06 15:53:33
Urban,45,EVA,2,9,0.708761664961625,64QAM,MRC,30,0.0155859375,0.0788541666666667,0.7,5.5923189499595,25.0481613437552,15,1620000,1.6875,2.4132045,11.1,2,MediumMobility,0,2026-08-06 15:53:36
Urban,45,EVA,2,9,0.670954666819832,64QAM,LMMSE,0,0.431592881944444,0.9796875,1,92.0780198982193,0.716880572214146,4,0,0,0.2363268,1,2,MediumMobility,0,2026-08-06 15:53:36
Urban,45,EVA,2,9,0.711468310665276,64QAM,LMMSE,5,0.39875,0.977109375,1,87.1153630130153,1.19810498631629,4,0,0,0.2239339,1,2,MediumMobility,0,2026-08-06 15:53:36
Urban,45,EVA,2,9,0.699475390488611,64QAM,LMMSE,10,0.385794270833333,0.973489583333333,1,83.8268872966323,1.53233319978749,4,0,0,0.2315892,1,2,MediumMobility,0,2026-08-06 15:53:36
Urban,45,EVA,2,9,0.692906869477145,64QAM,LMMSE,15,0.355338541666667,0.949270833333333,1,65.0534598844062,3.73459200856701,5,0,0,0.219452,1,2,MediumMobility,0,2026-08-06 15:53:37
Urban,45,EVA,2,9,0.702788370348161,64QAM,LMMSE,20,0.289249131944444,0.89640625,1,50.1424337306747,5.99589181595188,7,0,0,0.2232755,1,2,MediumMobility,0,2026-08-06 15:53:37
Urban,45,EVA,2,9,0.701465354730622,64QAM,LMMSE,25,0.182769097222222,0.708385416666667,1,34.6799479727871,9.1984312545673,8,0,0,0.2184412,1,2,MediumMobility,0,2026-08-06 15:53:37
Urban,45,EVA,2,9,0.706392139008613,64QAM,LMMSE,30,0.0929427083333333,0.42125,0.9,20.9420071718952,13.5796339202848,10,540000,0.5625,0.2163236,1,2,MediumMobility,0,2026-08-06 15:53:37
Urban,45,EVA,2,9,0.569780389933747,64QAM,MPA,0,0.426744791666667,0.980546875,1,91.1915647880346,0.800906640325436,4,0,0,0.6295508,10,2,MediumMobility,0,2026-08-06 15:53:38
Urban,45,EVA,2,9,0.711579988471249,64QAM,MPA,5,0.400902777777778,0.977135416666667,1,87.5217269618733,1.15768243021918,4,0,0,0.6909998,10,2,MediumMobility,0,2026-08-06 15:53:39
Urban,45,EVA,2,9,0.682582897015565,64QAM,MPA,10,0.386844618055556,0.975130208333333,1,85.665556777131,1.34387516209188,4,0,0,0.6581516,10,2,MediumMobility,0,2026-08-06 15:53:39
Urban,45,EVA,2,9,0.711543075739175,64QAM,MPA,15,0.40484375,0.9784375,1,87.4168844236648,1.16809352035038,4,0,0,0.8495147,10,2,MediumMobility,0,2026-08-06 15:53:40
Urban,45,EVA,2,9,0.710377655941969,64QAM,MPA,20,0.418940972222222,0.979140625,1,89.7714070095966,0.937239359154954,4,0,0,0.7407698,10,2,MediumMobility,0,2026-08-06 15:53:41
Urban,45,EVA,2,9,0.676321568049506,64QAM,MPA,25,0.429730902777778,0.980807291666667,1,91.429230347325,0.778298722287623,4,0,0,0.7562894,10,2,MediumMobility,0,2026-08-06 15:53:42
Urban,45,EVA,2,9,0.629500685773653,64QAM,MPA,30,0.4312109375,0.979739583333333,1,91.5807763362166,0.763913585001132,4,0,0,0.6707667,10,2,MediumMobility,0,2026-08-06 15:53:42
Urban,26,EVA,2,9,0.410287962352101,QPSK,MRC,0,0.213033854166667,0.37671875,1,91.0133462356532,0.817898357644234,4,0,0,1.2260412,3.3,3,MediumMobility,0,2026-08-06 15:53:43
Urban,26,EVA,2,9,0.382744286688697,QPSK,MRC,5,0.1281640625,0.231796875,1,65.918694851663,3.61982799962054,5,0,0,1.2353209,3.1,3,MediumMobility,0,2026-08-06 15:53:45
Urban,26,EVA,2,9,0.410411535141802,QPSK,MRC,10,0.0288411458333333,0.0544010416666667,1,24.2457223768861,12.3072974397776,10,0,0,1.1671301,2.4,3,MediumMobility,0,2026-08-06 15:53:46
Urban,26,EVA,2,9,0.387043587480914,QPSK,MRC,15,0.00424479166666667,0.0084375,0.3,6.79735027101569,23.3532070015848,15,1260000,1.3125,1.061147,2.3,3,MediumMobility,0,2026-08-06 15:53:47
Urban,26,EVA,2,9,0.405935850202572,QPSK,MRC,20,0.0004296875,0.000833333333333333,0.2,1.51921218102962,36.3676313217565,15,1440000,1.5,1.0333756,2.2,3,MediumMobility,0,2026-08-06 15:53:48
Urban,26,EVA,2,9,0.390694334200904,QPSK,MRC,25,0,0,0,0,160,15,1800000,1.875,1.0153389,2,3,MediumMobility,0,2026-08-06 15:53:49
Urban,26,EVA,2,9,0.33030614201419,QPSK,MRC,30,0,0,0,0,160,15,1800000,1.875,1.0752892,2,3,MediumMobility,0,2026-08-06 15:53:50
Urban,26,EVA,2,9,0.4086331289998,QPSK,LMMSE,0,0.193893229166667,0.342526041666667,1,85.8205140830795,1.32817776559013,4,0,0,0.2308375,1,3,MediumMobility,0,2026-08-06 15:53:50
Urban,26,EVA,2,9,0.407205975395296,QPSK,LMMSE,5,0.0684765625,0.129140625,1,48.5436192032521,6.2773569534041,7,0,0,0.1978355,1,3,MediumMobility,0,2026-08-06 15:53:51
Urban,26,EVA,2,9,0.410249970994242,QPSK,LMMSE,10,0.0352864583333333,0.0690104166666667,0.9,33.1929046331424,9.57909483676307,8,180000,0.1875,0.2179237,1,3,MediumMobility,0,2026-08-06 15:53:51
Urban,26,EVA,2,9,0.396423058308599,QPSK,LMMSE,15,0.000768229166666667,0.00153645833333333,0.4,3.30127994048181,29.6263529399211,15,1080000,1.125,0.2324838,1,3,MediumMobility,0,2026-08-06 15:53:51
Urban,26,EVA,2,9,0.410765864594336,QPSK,LMMSE,20,0.000260416666666667,0.000520833333333333,0.2,1.2229957644866,38.25150094044,15,1440000,1.5,0.2156573,1,3,MediumMobility,0,2026-08-06 15:53:51
Urban,26,EVA,2,9,0.402191261064719,QPSK,LMMSE,25,0,0,0,0,160,15,1800000,1.875,0.2282302,1,3,MediumMobility,0,2026-08-06 15:53:51
Urban,26,EVA,2,9,0.4052257779717,QPSK,LMMSE,30,0,0,0,0,160,15,1800000,1.875,0.2311201,1,3,MediumMobility,0,2026-08-06 15:53:52
Urban,26,EVA,2,9,0.403582283947449,QPSK,MPA,0,0.318802083333333,0.531614583333333,1,112.210846385706,-1.00069676367772,3,0,0,0.2865899,10,3,MediumMobility,0,2026-08-06 15:53:52
Urban,26,EVA,2,9,0.410280127512118,QPSK,MPA,5,0.213997395833333,0.379635416666667,1,91.8160116330291,0.741631526844823,4,0,0,0.2254212,10,3,MediumMobility,0,2026-08-06 15:53:52
Urban,26,EVA,2,9,0.410120221345809,QPSK,MPA,10,0.14125,0.263020833333333,1,74.8870375669916,2.51186698387838,5,0,0,0.2434291,10,3,MediumMobility,0,2026-08-06 15:53:52
Urban,26,EVA,2,9,0.388780308037776,QPSK,MPA,15,0.111471354166667,0.208385416666667,1,66.2032039394631,3.5824198427593,5,0,0,0.2442162,10,3,MediumMobility,0,2026-08-06 15:53:53
Urban,26,EVA,2,9,0.406071019548787,QPSK,MPA,20,0.133138020833333,0.247265625,1,72.3934795578286,2.80601097428352,5,0,0,0.2681306,10,3,MediumMobility,0,2026-08-06 15:53:53
Urban,26,EVA,2,9,0.401533316503147,QPSK,MPA,25,0.111276041666667,0.209895833333333,1,66.4059901316032,3.55585486933702,5,0,0,0.2775908,10,3,MediumMobility,0,2026-08-06 15:53:53
Urban,26,EVA,2,9,0.411079187034093,QPSK,MPA,30,0.105911458333333,0.200286458333333,1,64.5690796753094,3.79950807389131,5,0,0,0.2318708,10,3,MediumMobility,0,2026-08-06 15:53:53
Urban,26,EVA,2,9,0.409143710549482,16QAM,MRC,0,0.317877604166667,0.767942708333333,1,90.0182553912744,0.913388164161559,4,0,0,1.6806223,3.7,3,MediumMobility,0,2026-08-06 15:53:55
Urban,26,EVA,2,9,0.39294694240034,16QAM,MRC,5,0.211490885416667,0.590390625,1,63.55761355743,3.93664835839853,5,0,0,1.5710323,4.2,3,MediumMobility,0,2026-08-06 15:53:57
Urban,26,EVA,2,9,0.409116677612972,16QAM,MRC,10,0.17,0.517682291666667,1,54.147703085336,5.32839922344031,6,0,0,1.7227817,5.1,3,MediumMobility,0,2026-08-06 15:53:58
Urban,26,EVA,2,9,0.319990849005691,16QAM,MRC,15,0.0541796875,0.182864583333333,0.9,22.6440501783789,12.9009178281169,10,360000,0.375,1.7753078,4.9,3,MediumMobility,0,2026-08-06 15:54:00
Urban,26,EVA,2,9,0.406412415308619,16QAM,MRC,20,0.00474609375,0.0165364583333333,0.7,4.91018743383145,26.1780385896178,15,1080000,1.125,1.4583344,4,3,MediumMobility,0,2026-08-06 15:54:02
Urban,26,EVA,2,9,0.40299118502057,16QAM,MRC,25,0.01,0.0363802083333333,0.5,6.60243891142937,23.6059121675911,15,1800000,1.875,1.3676922,4.1,3,MediumMobility,0,2026-08-06 15:54:03
Urban,26,EVA,2,9,0.402522204272053,16QAM,MRC,30,0.000345052083333333,0.00119791666666667,0.2,1.00220582985496,39.9808615056989,15,2880000,3,1.5354153,3.4,3,MediumMobility,0,2026-08-06 15:54:05
Urban,26,EVA,2,9,0.411142543198433,16QAM,LMMSE,0,0.382825520833333,0.900182291666667,1,85.9201676070045,1.31809768905283,4,0,0,0.2142143,1,3,MediumMobility,0,2026-08-06 15:54:05
Urban,26,EVA,2,9,0.41108029327832,16QAM,LMMSE,5,0.324700520833333,0.854791666666667,1,74.6104596558304,2.54400568851368,5,0,0,0.2238869,1,3,MediumMobility,0,2026-08-06 15:54:05
Urban,26,EVA,2,9,0.408055373514623,16QAM,LMMSE,10,0.271985677083333,0.772369791666667,1,66.8024226441539,3.50415574392949,5,0,0,0.2143225,1,3,MediumMobility,0,2026-08-06 15:54:05
Urban,26,EVA,2,9,0.395468742573021,16QAM,LMMSE,15,0.191360677083333,0.575989583333333,1,52.9633697348986,5.52048782381595,6,0,0,0.2135175,1,3,MediumMobility,0,2026-08-06 15:54:05
Urban,26,EVA,2,9,0.410274372554228,16QAM,LMMSE,20,0.09572265625,0.323359375,1,34.5322177330033,9.23551058865688,8,0,0,0.2016336,1,3,MediumMobility,0,2026-08-06 15:54:06
Urban,26,EVA,2,9,0.409481367623625,16QAM,LMMSE,25,0.0126627604166667,0.0480989583333333,0.8,8.93570597258114,20.9774226004147,13,720000,0.75,0.2111797,1,3,MediumMobility,0,2026-08-06 15:54:06
Urban,26,EVA,2,9,0.410794875973365,16QAM,LMMSE,30,0.0167838541666667,0.0637239583333333,0.5,10.1434052913408,19.8763244287191,13,1800000,1.875,0.21028,1,3,MediumMobility,0,2026-08-06 15:54:06
Urban,26,EVA,2,9,0.384129266823152,16QAM,MPA,0,0.380364583333333,0.896822916666667,1,85.600924267584,1.35043092090916,4,0,0,0.3242135,10,3,MediumMobility,0,2026-08-06 15:54:06
Urban,26,EVA,2,9,0.411144543092236,16QAM,MPA,5,0.345546875,0.881640625,1,77.987369327528,2.15951458094369,4,0,0,0.3347788,10,3,MediumMobility,0,2026-08-06 15:54:07
Urban,26,EVA,2,9,0.36599329586147,16QAM,MPA,10,0.334921875,0.87078125,1,76.2163846823232,2.35903311593614,4,0,0,0.3112241,10,3,MediumMobility,0,2026-08-06 15:54:07
Urban,26,EVA,2,9,0.411147682578547,16QAM,MPA,15,0.32564453125,0.864140625,1,74.1222200791493,2.60103162686728,5,0,0,0.3110998,10,3,MediumMobility,0,2026-08-06 15:54:07
Urban,26,EVA,2,9,0.41067952662695,16QAM,MPA,20,0.343515625,0.878828125,1,77.9170174345284,2.16735360116104,4,0,0,0.3409604,10,3,MediumMobility,0,2026-08-06 15:54:08
Urban,26,EVA,2,9,0.409561799390298,16QAM,MPA,25,0.348893229166667,0.880546875,1,78.8816773562095,2.0604772608296,4,0,0,0.3372687,10,3,MediumMobility,0,2026-08-06 15:54:08
Urban,26,EVA,2,9,0.398192360379373,16QAM,MPA,30,0.348059895833333,0.877786458333333,1,79.0033950396198,2.04708490449716,4,0,0,0.3340693,10,3,MediumMobility,0,2026-08-06 15:54:08
Urban,26,EVA,2,9,0.403774412711396,64QAM,MRC,0,0.380390625,0.930338541666667,1,94.0280243152636,0.534853780858935,4,0,0,1.6868991,7.8,3,MediumMobility,0,2026-08-06 15:54:10
Urban,26,EVA,2,9,0.399647193855638,64QAM,MRC,5,0.356714409722222,0.919583333333333,1,82.2757631382012,1.69456161545205,4,0,0,1.9272413,9.2,3,MediumMobility,0,2026-08-06 15:54:12
Urban,26,EVA,2,9,0.395405844080927,64QAM,MRC,10,0.212391493055556,0.747473958333333,1,43.1771502241933,7.29492050671014,7,0,0,1.6555928,7.6,3,MediumMobility,0,2026-08-06 15:54:14
Urban,26,EVA,2,9,0.410845073838981,64QAM,MRC,15,0.116940104166667,0.512942708333333,1,26.2025520502048,11.6331281527309,9,0,0,1.7467244,7.9,3,MediumMobility,0,2026-08-06 15:54:15
Urban,26,EVA,2,9,0.410911996385695,64QAM,MRC,20,0.0598307291666667,0.270104166666667,1,15.456330191814,16.2178722609228,11,0,0,1.7014127,8.4,3,MediumMobility,0,2026-08-06 15:54:17
Urban,26,EVA,2,9,0.397798380548364,64QAM,MRC,25,0.0479210069444444,0.248072916666667,1,13.8280074879301,17.1848078791418,12,0,0,1.8324845,10.1,3,MediumMobility,0,2026-08-06 15:54:19
Urban,26,EVA,2,9,0.378729516713562,64QAM,MRC,30,0.00673611111111111,0.0358854166666667,0.6,3.70079135880953,28.6341079726284,15,2160000,2.25,2.9433949,19.9,3,MediumMobility,0,2026-08-06 15:54:22
Urban,26,EVA,2,9,0.410946310046426,64QAM,LMMSE,0,0.424361979166667,0.980651041666667,1,90.8720024158694,0.831398038359564,4,0,0,0.2118137,1,3,MediumMobility,0,2026-08-06 15:54:22
Urban,26,EVA,2,9,0.407961257104824,64QAM,LMMSE,5,0.409470486111111,0.97703125,1,88.8089534803077,1.03086495220422,4,0,0,0.2100918,1,3,MediumMobility,0,2026-08-06 15:54:22
Urban,26,EVA,2,9,0.404896564317964,64QAM,LMMSE,10,0.39015625,0.972682291666667,1,79.9928839253293,1.93897291251629,4,0,0,0.2139612,1,3,MediumMobility,0,2026-08-06 15:54:23
Urban,26,EVA,2,9,0.411096081236876,64QAM,LMMSE,15,0.389505208333333,0.971901041666667,1,77.3638844021662,2.22923465335257,4,0,0,0.2117428,1,3,MediumMobility,0,2026-08-06 15:54:23
Urban,26,EVA,2,9,0.411049200993746,64QAM,LMMSE,20,0.259644097222222,0.859661458333333,1,45.5496738345485,6.83029457024684,7,0,0,0.2166257,1,3,MediumMobility,0,2026-08-06 15:54:23
Urban,26,EVA,2,9,0.410421989895704,64QAM,LMMSE,25,0.1994140625,0.664973958333333,1,36.2183630657823,8.82142364121391,8,0,0,0.2236476,1,3,MediumMobility,0,2026-08-06 15:54:23
Urban,26,EVA,2,9,0.411148186175101,64QAM,LMMSE,30,0.093984375,0.426901041666667,1,20.4658568946011,13.7794013391565,10,0,0,0.2269753,1,3,MediumMobility,0,2026-08-06 15:54:23
Urban,26,EVA,2,9,0.40907447104193,64QAM,MPA,0,0.427170138888889,0.980078125,1,91.5923708310085,0.762813986027552,4,0,0,0.675703,10,3,MediumMobility,0,2026-08-06 15:54:24
Urban,26,EVA,2,9,0.382955295734113,64QAM,MPA,5,0.384678819444444,0.97609375,1,85.4228403042409,1.36851984808061,4,0,0,0.7245992,10,3,MediumMobility,0,2026-08-06 15:54:25
Urban,26,EVA,2,9,0.411072383562267,64QAM,MPA,10,0.391536458333333,0.976979166666667,1,86.044610813641,1.30552650839991,4,0,0,0.7244933,10,3,MediumMobility,0,2026-08-06 15:54:26
Urban,26,EVA,2,9,0.410870717162999,64QAM,MPA,15,0.403107638888889,0.977447916666667,1,87.1294070084619,1.19670483416509,4,0,0,0.7184596,10,3,MediumMobility,0,2026-08-06 15:54:26
Urban,26,EVA,2,9,0.40768615862368,64QAM,MPA,20,0.417621527777778,0.978776041666667,1,89.5519582924388,0.958498254076524,4,0,0,0.6828483,10,3,MediumMobility,0,2026-08-06 15:54:27
Urban,26,EVA,2,9,0.397895159232547,64QAM,MPA,25,0.424470486111111,0.97859375,1,90.5266206081996,0.8644738339697,4,0,0,0.6713097,10,3,MediumMobility,0,2026-08-06 15:54:28
Urban,26,EVA,2,9,0.409412191834493,64QAM,MPA,30,0.431749131944444,0.979765625,1,91.8384464611893,0.739509428155358,4,0,0,0.7122209,10,3,MediumMobility,0,2026-08-06 15:54:28
Urban,34,EVA,2,9,0.508121765283007,QPSK,MRC,0,0.256692708333333,0.440104166666667,1,99.2744129862138,0.0632534451610894,3,0,0,1.2977046,3.5,4,MediumMobility,0,2026-08-06 15:54:30
Urban,34,EVA,2,9,0.508630815833013,QPSK,MRC,5,0.1330078125,0.244505208333333,1,71.0363034839523,2.9703929204592,5,0,0,1.1573801,2.7,4,MediumMobility,0,2026-08-06 15:54:31
Urban,34,EVA,2,9,0.537529580429254,QPSK,MRC,10,0.015234375,0.0296614583333333,1,20.2423949757328,13.8747621061986,10,0,0,1.1194895,2.6,4,MediumMobility,0,2026-08-06 15:54:32
Urban,34,EVA,2,9,0.537481781108015,QPSK,MRC,15,3.90625e-05,7.8125e-05,0.2,0.550966344477771,45.1774985802782,15,1440000,1.5,0.9956766,2.2,4,MediumMobility,0,2026-08-06 15:54:33
Urban,34,EVA,2,9,0.536521263471767,QPSK,MRC,20,0,0,0,0,160,15,1800000,1.875,0.9971369,2,4,MediumMobility,0,2026-08-06 15:54:34
Urban,34,EVA,2,9,0.527961400951406,QPSK,MRC,25,5.20833333333333e-05,0.000104166666666667,0.1,0.456435464587638,46.8124123737559,15,1620000,1.6875,0.966607,2,4,MediumMobility,0,2026-08-06 15:54:35
Urban,34,EVA,2,9,0.537212501102861,QPSK,MRC,30,0,0,0,0,160,15,1800000,1.875,0.9896177,2,4,MediumMobility,0,2026-08-06 15:54:36
Urban,34,EVA,2,9,0.536055708364839,QPSK,LMMSE,0,0.193502604166667,0.344322916666667,1,86.0502819707341,1.30495404464051,4,0,0,0.2263301,1,4,MediumMobility,0,2026-08-06 15:54:36
Urban,34,EVA,2,9,0.536343766904404,QPSK,LMMSE,5,0.0987760416666667,0.185442708333333,1,60.6896560269094,4.33770647940091,6,0,0,0.2146109,1,4,MediumMobility,0,2026-08-06 15:54:36
Urban,34,EVA,2,9,0.537132611078125,QPSK,LMMSE,10,0.0455729166666667,0.0875260416666667,0.9,36.0791243632274,8.85488022572453,8,180000,0.1875,0.2190362,1,4,MediumMobility,0,2026-08-06 15:54:37
Urban,34,EVA,2,9,0.521413614527161,QPSK,LMMSE,15,0.00501302083333333,0.00997395833333333,0.5,8.9906553699801,20.9241729880452,13,900000,0.9375,0.2216786,1,4,MediumMobility,0,2026-08-06 15:54:37
Urban,34,EVA,2,9,0.515947218688719,QPSK,LMMSE,20,1.30208333333333e-05,2.60416666666667e-05,0.1,0.228217732293819,52.8330122870355,15,1620000,1.6875,0.2144191,1,4,MediumMobility,0,2026-08-06 15:54:37
Urban,34,EVA,2,9,0.521155209767377,QPSK,LMMSE,25,0,0,0,0,160,15,1800000,1.875,0.2241617,1,4,MediumMobility,0,2026-08-06 15:54:37
Urban,34,EVA,2,9,0.530967591818074,QPSK,LMMSE,30,0,0,0,0,160,15,1800000,1.875,0.2157941,1,4,MediumMobility,0,2026-08-06 15:54:37
Urban,34,EVA,2,9,0.534017139330119,QPSK,MPA,0,0.2358984375,0.410520833333333,1,96.1051106591649,0.345070337772013,4,0,0,0.2425271,10,4,MediumMobility,0,2026-08-06 15:54:38
Urban,34,EVA,2,9,0.533778986924038,QPSK,MPA,5,0.259869791666667,0.446380208333333,1,100.665729561508,-0.0576329074993786,3,0,0,0.2416318,10,4,MediumMobility,0,2026-08-06 15:54:38
Urban,34,EVA,2,9,0.51596695747262,QPSK,MPA,10,0.153098958333333,0.281484375,1,77.626441617299,2.19980642728973,4,0,0,0.2457296,10,4,MediumMobility,0,2026-08-06 15:54:38
Urban,34,EVA,2,9,0.53521358585057,QPSK,MPA,15,0.130208333333333,0.24234375,1,71.8166583740925,2.8754961288536,5,0,0,0.2477412,10,4,MediumMobility,0,2026-08-06 15:54:38
Urban,34,EVA,2,9,0.537140803270174,QPSK,MPA,20,0.111822916666667,0.21140625,1,66.2185293861615,3.58040937006834,5,0,0,0.2378691,10,4,MediumMobility,0,2026-08-06 15:54:39
Urban,34,EVA,2,9,0.531350191322597,QPSK,MPA,25,0.115651041666667,0.21796875,1,67.7126880261291,3.38659890888583,5,0,0,0.2519335,10,4,MediumMobility,0,2026-08-06 15:54:39
Urban,34,EVA,2,9,0.537366928791605,QPSK,MPA,30,0.1000390625,0.189791666666667,1,62.8143585464245,4.03882141674963,5,0,0,0.2628942,10,4,MediumMobility,0,2026-08-06 15:54:39
Urban,34,EVA,2,9,0.512024477792555,16QAM,MRC,0,0.35390625,0.807604166666667,1,100.616666532877,-0.0533984978469762,3,0,0,1.3748927,3.7,4,MediumMobility,0,2026-08-06 15:54:41
Urban,34,EVA,2,9,0.536293430476235,16QAM,MRC,5,0.253802083333333,0.666458333333333,1,73.4902598443848,2.67540434107681,5,0,0,1.4477256,4.4,4,MediumMobility,0,2026-08-06 15:54:42
Urban,34,EVA,2,9,0.52643281663296,16QAM,MRC,10,0.132454427083333,0.442473958333333,1,46.2745052344359,6.69316432026531,7,0,0,1.4992212,4.5,4,MediumMobility,0,2026-08-06 15:54:43
Urban,34,EVA,2,9,0.520974675090454,16QAM,MRC,15,0.084140625,0.2853125,1,32.9167100700884,9.65167155534736,8,0,0,1.5202637,5.1,4,MediumMobility,0,2026-08-06 15:54:45
Urban,34,EVA,2,9,0.537100456338093,16QAM,MRC,20,0.00671223958333333,0.0258072916666667,0.9,6.58015694167548,23.6352749602716,15,360000,0.375,1.3968522,4.2,4,MediumMobility,0,2026-08-06 15:54:46
Urban,34,EVA,2,9,0.535806736042293,16QAM,MRC,25,0.000592447916666667,0.001953125,0.3,1.44767260984591,36.7865928485995,15,2520000,2.625,1.1810181,3.2,4,MediumMobility,0,2026-08-06 15:54:48
Urban,34,EVA,2,9,0.537623044013592,16QAM,MRC,30,0,0,0,0,160,15,3600000,3.75,0.9688394,2,4,MediumMobility,0,2026-08-06 15:54:49
Urban,34,EVA,2,9,0.536945698845696,16QAM,LMMSE,0,0.37509765625,0.89796875,1,84.3493111717955,1.47836919344963,4,0,0,0.2173933,1,4,MediumMobility,0,2026-08-06 15:54:49
Urban,34,EVA,2,9,0.537614765291269,16QAM,LMMSE,5,0.340540364583333,0.871979166666667,1,77.2412629105626,2.24301268060672,4,0,0,0.2319694,1,4,MediumMobility,0,2026-08-06 15:54:49
Urban,34,EVA,2,9,0.537655892774995,16QAM,LMMSE,10,0.272623697916667,0.7775,1,66.388530924884,3.55813883018719,5,0,0,0.2195812,1,4,MediumMobility,0,2026-08-06 15:54:49
Urban,34,EVA,2,9,0.537107130915416,16QAM,LMMSE,15,0.2065234375,0.631197916666667,1,56.4862457179616,4.96114578201443,6,0,0,0.2290353,1,4,MediumMobility,0,2026-08-06 15:54:49
Urban,34,EVA,2,9,0.537574640966401,16QAM,LMMSE,20,0.113567708333333,0.378723958333333,1,38.1466569820982,8.37087031687826,8,0,0,0.2171292,1,4,MediumMobility,0,2026-08-06 15:54:50
Urban,34,EVA,2,9,0.537572541492421,16QAM,LMMSE,25,0.00595703125,0.0231510416666667,0.5,5.04073515010706,25.9501224125492,15,1800000,1.875,0.21668,1,4,MediumMobility,0,2026-08-06 15:54:50
Urban,34,EVA,2,9,0.535516361917021,16QAM,LMMSE,30,0.00147135416666667,0.00588541666666667,0.6,3.16001166350657,30.0062262882193,15,1440000,1.5,0.2169034,1,4,MediumMobility,0,2026-08-06 15:54:50
Urban,34,EVA,2,9,0.528980080838789,16QAM,MPA,0,0.37169921875,0.894635416666667,1,83.4894361033808,1.56736944415936,4,0,0,0.3693198,10,4,MediumMobility,0,2026-08-06 15:54:50
Urban,34,EVA,2,9,0.53309905640363,16QAM,MPA,5,0.337981770833333,0.87234375,1,76.4045214140192,2.33761880569647,4,0,0,0.3319047,10,4,MediumMobility,0,2026-08-06 15:54:51
Urban,34,EVA,2,9,0.534749235453986,16QAM,MPA,10,0.325891927083333,0.863020833333333,1,74.4850157919988,2.55862171640918,5,0,0,0.3680258,10,4,MediumMobility,0,2026-08-06 15:54:51
Urban,34,EVA,2,9,0.523735180135547,16QAM,MPA,15,0.335065104166667,0.873958333333333,1,76.0422429230842,2.37890163551302,4,0,0,0.3317381,10,4,MediumMobility,0,2026-08-06 15:54:52
Urban,34,EVA,2,9,0.531272390575636,16QAM,MPA,20,0.34013671875,0.87703125,1,76.7172709904868,2.30213708829437,4,0,0,0.3333154,10,4,MediumMobility,0,2026-08-06 15:54:52
Urban,34,EVA,2,9,0.535579347228965,16QAM,MPA,25,0.334342447916667,0.872083333333333,1,75.6646380627254,2.42214082012755,5,0,0,0.3473044,10,4,MediumMobility,0,2026-08-06 15:54:52
Urban,34,EVA,2,9,0.514795100887073,16QAM,MPA,30,0.328756510416667,0.868307291666667,1,74.5311911948983,2.55323875203874,5,0,0,0.3550711,10,4,MediumMobility,0,2026-08-06 15:54:53
Urban,34,EVA,2,9,0.537606144648381,64QAM,MRC,0,0.430646701388889,0.958255208333333,1,121.307933980189,-1.67778412469057,3,0,0,2.3331895,11.6,4,MediumMobility,0,2026-08-06 15:54:55
Urban,34,EVA,2,9,0.531334831814502,64QAM,MRC,5,0.3336328125,0.895833333333333,1,76.1043600690156,2.37180922998363,4,0,0,1.9502385,10.2,4,MediumMobility,0,2026-08-06 15:54:57
Urban,34,EVA,2,9,0.532744712253495,64QAM,MRC,10,0.233285590277778,0.794166666666667,1,46.1561874919082,6.71540142321949,7,0,0,1.8746039,7.4,4,MediumMobility,0,2026-08-06 15:54:59
Urban,34,EVA,2,9,0.533452013570688,64QAM,MRC,15,0.0997960069444444,0.463411458333333,1,23.6921048725025,12.5079270726662,10,0,0,1.9690179,8,4,MediumMobility,0,2026-08-06 15:55:01
Urban,34,EVA,2,9,0.532218266762089,64QAM,MRC,20,0.0439322916666667,0.2275,1,13.9284092567224,17.1219696176466,12,0,0,2.5561939,9.4,4,MediumMobility,0,2026-08-06 15:55:03
Urban,34,EVA,2,9,0.475422407102585,64QAM,MRC,25,0.0267838541666667,0.141848958333333,0.8,8.87825914754033,21.0334436500468,14,1080000,1.125,1.82982,8.6,4,MediumMobility,0,2026-08-06 15:55:05
Urban,34,EVA,2,9,0.536602716228766,64QAM,MRC,30,0.01109375,0.0540625,0.3,3.05462947909568,30.3008292268779,15,3780000,3.9375,2.7443337,11.6,4,MediumMobility,0,2026-08-06 15:55:08
Urban,34,EVA,2,9,0.53178342622186,64QAM,LMMSE,0,0.434144965277778,0.980182291666667,1,92.4398842923853,0.682812136037284,4,0,0,0.2482173,1,4,MediumMobility,0,2026-08-06 15:55:08
Urban,34,EVA,2,9,0.512858243376585,64QAM,LMMSE,5,0.391692708333333,0.976015625,1,86.4145391987506,1.26826363130855,4,0,0,0.2642525,1,4,MediumMobility,0,2026-08-06 15:55:08
Urban,34,EVA,2,9,0.536802339323551,64QAM,LMMSE,10,0.390746527777778,0.974609375,1,83.1882030359217,1.5987651375649,4,0,0,0.2443056,1,4,MediumMobility,0,2026-08-06 15:55:09
Urban,34,EVA,2,9,0.521439031887848,64QAM,LMMSE,15,0.358754340277778,0.949609375,1,67.8499094129317,3.36901455669216,5,0,0,0.2353411,1,4,MediumMobility,0,2026-08-06 15:55:09
Urban,34,EVA,2,9,0.528259271793443,64QAM,LMMSE,20,0.294522569444444,0.900364583333333,1,53.1452549569555,5.49071010277761,6,0,0,0.2394222,1,4,MediumMobility,0,2026-08-06 15:55:09
Urban,34,EVA,2,9,0.537391762843473,64QAM,LMMSE,25,0.114032118055556,0.481171875,1,24.1263688007718,12.3501607549096,10,0,0,0.2307719,1,4,MediumMobility,0,2026-08-06 15:55:09
Urban,34,EVA,2,9,0.525151721992499,64QAM,LMMSE,30,0.0620876736111111,0.287213541666667,0.7,14.4387782222708,16.8093910851543,12,1620000,1.6875,0.2463983,1,4,MediumMobility,0,2026-08-06 15:55:10
Urban,34,EVA,2,9,0.507766959046493,64QAM,MPA,0,0.414500868055556,0.978151041666667,1,89.5763528669443,0.956132479712209,4,0,0,0.6877232,10,4,MediumMobility,0,2026-08-06 15:55:10
Urban,34,EVA,2,9,0.509147156003156,64QAM,MPA,5,0.401692708333333,0.97765625,1,87.583702193627,1.15153401953449,4,0,0,0.6895066,10,4,MediumMobility,0,2026-08-06 15:55:11
Urban,34,EVA,2,9,0.537515948739119,64QAM,MPA,10,0.392612847222222,0.976927083333333,1,86.5080406923145,1.25887048284003,4,0,0,0.6683699,10,4,MediumMobility,0,2026-08-06 15:55:12
Urban,34,EVA,2,9,0.513074203538252,64QAM,MPA,15,0.40765625,0.977838541666667,1,87.8649079229527,1.12369083490701,4,0,0,0.663674,10,4,MediumMobility,0,2026-08-06 15:55:12
Urban,34,EVA,2,9,0.537259690864652,64QAM,MPA,20,0.431814236111111,0.981145833333333,1,91.6929836992459,0.753277901055577,4,0,0,0.7025199,10,4,MediumMobility,0,2026-08-06 15:55:13
Urban,34,EVA,2,9,0.445490049467869,64QAM,MPA,25,0.428580729166667,0.979557291666667,1,91.2562944733168,0.794743400827495,4,0,0,0.6184703,10,4,MediumMobility,0,2026-08-06 15:55:14
Urban,34,EVA,2,9,0.527643748264037,64QAM,MPA,30,0.431480034722222,0.980546875,1,91.6152080717141,0.760648554284797,4,0,0,0.6574383,10,4,MediumMobility,0,2026-08-06 15:55:14
Urban,40,EVA,2,9,0.632498468440512,QPSK,MRC,0,0.241236979166667,0.415989583333333,1,96.4873304673694,0.310594182728661,4,0,0,1.2131944,3.1,5,MediumMobility,0,2026-08-06 15:55:15
Urban,40,EVA,2,9,0.60035141922657,QPSK,MRC,5,0.111197916666667,0.204583333333333,1,62.0339789591413,4.14740723190687,5,0,0,1.2412865,3.3,5,MediumMobility,0,2026-08-06 15:55:17
Urban,40,EVA,2,9,0.628278177926543,QPSK,MRC,10,0.0357161458333333,0.0695572916666667,1,34.9651123016678,9.12730145091082,8,0,0,1.1286356,2.9,5,MediumMobility,0,2026-08-06 15:55:18
Urban,40,EVA,2,9,0.63226745096277,QPSK,MRC,15,0.004453125,0.00869791666666667,0.3,6.56167781046187,23.6597019604799,15,1260000,1.3125,1.178142,2.7,5,MediumMobility,0,2026-08-06 15:55:19
Urban,40,EVA,2,9,0.611670587376038,QPSK,MRC,20,0,0,0,0,160,15,1800000,1.875,0.9071208,2,5,MediumMobility,0,2026-08-06 15:55:20
Urban,40,EVA,2,9,0.598009456945142,QPSK,MRC,25,0,0,0,0,160,15,1800000,1.875,0.8277914,2,5,MediumMobility,0,2026-08-06 15:55:21
Urban,40,EVA,2,9,0.631298044998832,QPSK,MRC,30,0,0,0,0,160,15,1800000,1.875,0.939921,2,5,MediumMobility,0,2026-08-06 15:55:22
Urban,40,EVA,2,9,0.613562082099501,QPSK,LMMSE,0,0.1875390625,0.33640625,1,85.4249456292873,1.36830577892067,4,0,0,0.1678575,1,5,MediumMobility,0,2026-08-06 15:55:22
Urban,40,EVA,2,9,0.575551160531533,QPSK,LMMSE,5,0.112994791666667,0.208619791666667,1,62.8002177164162,4.04077701287573,5,0,0,0.1964582,1,5,MediumMobility,0,2026-08-06 15:55:22
Urban,40,EVA,2,9,0.632459994508376,QPSK,LMMSE,10,0.0357421875,0.0679166666666667,0.9,26.655235190437,11.4843496231567,9,180000,0.1875,0.1938487,1,5,MediumMobility,0,2026-08-06 15:55:22
Urban,40,EVA,2,9,0.630255478405329,QPSK,LMMSE,15,0.00401041666666667,0.00802083333333333,0.7,8.2501005967937,21.6708151178111,14,540000,0.5625,0.2107537,1,5,MediumMobility,0,2026-08-06 15:55:22
Urban,40,EVA,2,9,0.455984615789304,QPSK,LMMSE,20,3.90625e-05,7.8125e-05,0.1,0.395284707521047,48.0617997398389,15,1620000,1.6875,0.20925,1,5,MediumMobility,0,2026-08-06 15:55:23
Urban,40,EVA,2,9,0.615974420026118,QPSK,LMMSE,25,0,0,0,0,160,15,1800000,1.875,0.2242196,1,5,MediumMobility,0,2026-08-06 15:55:23
Urban,40,EVA,2,9,0.631572735706477,QPSK,LMMSE,30,0,0,0,0,160,15,1800000,1.875,0.1829386,1,5,MediumMobility,0,2026-08-06 15:55:23
Urban,40,EVA,2,9,0.616575410717859,QPSK,MPA,0,0.267421875,0.460520833333333,1,103.023821056096,-0.258753068298169,3,0,0,0.2237834,10,5,MediumMobility,0,2026-08-06 15:55:23
Urban,40,EVA,2,9,0.630495968016818,QPSK,MPA,5,0.200533854166667,0.360416666666667,1,89.12899588626,0.999619722896625,4,0,0,0.2231288,10,5,MediumMobility,0,2026-08-06 15:55:24
Urban,40,EVA,2,9,0.622315290390845,QPSK,MPA,10,0.161744791666667,0.295182291666667,1,79.9476382270935,1.9438872287467,4,0,0,0.2463806,10,5,MediumMobility,0,2026-08-06 15:55:24
Urban,40,EVA,2,9,0.610108749540245,QPSK,MPA,15,0.135625,0.251510416666667,1,73.2863045726627,2.69954353698355,5,0,0,0.2443713,10,5,MediumMobility,0,2026-08-06 15:55:24
Urban,40,EVA,2,9,0.614054244915776,QPSK,MPA,20,0.1051953125,0.199427083333333,1,64.559485304494,3.80079881302739,5,0,0,0.2471623,10,5,MediumMobility,0,2026-08-06 15:55:24
Urban,40,EVA,2,9,0.631489376949693,QPSK,MPA,25,0.1091015625,0.205989583333333,1,65.8879000043665,3.62388668348531,5,0,0,0.2454376,10,5,MediumMobility,0,2026-08-06 15:55:25
Urban,40,EVA,2,9,0.631485694103715,QPSK,MPA,30,0.110703125,0.20859375,1,65.9573020377478,3.61474234680944,5,0,0,0.2375786,10,5,MediumMobility,0,2026-08-06 15:55:25
Urban,40,EVA,2,9,0.631960185090751,16QAM,MRC,0,0.337975260416667,0.790520833333333,1,95.612286485464,0.389725918080347,4,0,0,1.5468087,3.4,5,MediumMobility,0,2026-08-06 15:55:26
Urban,40,EVA,2,9,0.620779298414459,16QAM,MRC,5,0.216640625,0.603020833333333,1,65.1538458645092,3.72119887809513,5,0,0,1.8662436,4.6,5,MediumMobility,0,2026-08-06 15:55:28
Urban,40,EVA,2,9,0.626492646437641,16QAM,MRC,10,0.137057291666667,0.416119791666667,1,46.013140440287,6.74236249430267,7,0,0,1.7752843,4.3,5,MediumMobility,0,2026-08-06 15:55:30
Urban,40,EVA,2,9,0.59256167737208,16QAM,MRC,15,0.0606640625,0.214479166666667,1,27.0251566547915,11.3646355984723,9,0,0,1.5522464,5.5,5,MediumMobility,0,2026-08-06 15:55:32
Urban,40,EVA,2,9,0.558385716065161,16QAM,MRC,20,0.00804036458333333,0.0307291666666667,0.6,7.81283525568023,22.1438266657433,14,1440000,1.5,1.2100556,4.4,5,MediumMobility,0,2026-08-06 15:55:33
Urban,40,EVA,2,9,0.6319532335518,16QAM,MRC,25,2.60416666666667e-05,0.000104166666666667,0.1,0.20338398790386,53.8336648275504,15,3240000,3.375,1.0504609,2.7,5,MediumMobility,0,2026-08-06 15:55:34
Urban,40,EVA,2,9,0.632307265494348,16QAM,MRC,30,0,0,0,0,160,15,3600000,3.75,1.2044214,2.4,5,MediumMobility,0,2026-08-06 15:55:35
Urban,40,EVA,2,9,0.625327587371065,16QAM,LMMSE,0,0.37876953125,0.90125,1,84.9221046128275,1.41958502624622,4,0,0,0.2028752,1,5,MediumMobility,0,2026-08-06 15:55:35
Urban,40,EVA,2,9,0.631794884401822,16QAM,LMMSE,5,0.333587239583333,0.872916666666667,1,75.707353500454,2.41723870337571,5,0,0,0.1789079,1,5,MediumMobility,0,2026-08-06 15:55:35
Urban,40,EVA,2,9,0.617541256430261,16QAM,LMMSE,10,0.286764322916667,0.802447916666667,1,68.2681386605078,3.31563876162486,5,0,0,0.1678239,1,5,MediumMobility,0,2026-08-06 15:55:36
Urban,40,EVA,2,9,0.623300216534128,16QAM,LMMSE,15,0.207766927083333,0.642760416666667,1,57.3852784073086,4.82399014036603,6,0,0,0.1914331,1,5,MediumMobility,0,2026-08-06 15:55:36
Urban,40,EVA,2,9,0.629656163292434,16QAM,LMMSE,20,0.07880859375,0.26828125,0.8,28.4629586418468,10.9143991651164,9,720000,0.75,0.1660127,1,5,MediumMobility,0,2026-08-06 15:55:36
Urban,40,EVA,2,9,0.622959787046295,16QAM,LMMSE,25,0.0228971354166667,0.0852864583333333,0.6,13.7235996069265,17.250639223916,12,1440000,1.5,0.22913,1,5,MediumMobility,0,2026-08-06 15:55:36
Urban,40,EVA,2,9,0.63099666976486,16QAM,LMMSE,30,0.00373697916666667,0.0147135416666667,0.3,3.22208878796345,29.8372499264347,15,2520000,2.625,0.2084824,1,5,MediumMobility,0,2026-08-06 15:55:36
Urban,40,EVA,2,9,0.620997621371648,16QAM,MPA,0,0.36837890625,0.891041666666667,1,82.9445175587586,1.62424629108436,4,0,0,0.3021358,10,5,MediumMobility,0,2026-08-06 15:55:37
Urban,40,EVA,2,9,0.621317688289081,16QAM,MPA,5,0.348385416666667,0.877526041666667,1,79.0471893070087,2.0422713546501,4,0,0,0.3035591,10,5,MediumMobility,0,2026-08-06 15:55:37
Urban,40,EVA,2,9,0.626490155515965,16QAM,MPA,10,0.327799479166667,0.867682291666667,1,74.3769866962009,2.57122841191022,5,0,0,0.3305724,10,5,MediumMobility,0,2026-08-06 15:55:37
Urban,40,EVA,2,9,0.628857678595844,16QAM,MPA,15,0.32642578125,0.862760416666667,1,74.5055104160312,2.55623211422209,5,0,0,0.3326094,10,5,MediumMobility,0,2026-08-06 15:55:38
Urban,40,EVA,2,9,0.629265044055429,16QAM,MPA,20,0.334850260416667,0.870703125,1,76.0850933846069,2.37400844013337,4,0,0,0.3103621,10,5,MediumMobility,0,2026-08-06 15:55:38
Urban,40,EVA,2,9,0.616679549091592,16QAM,MPA,25,0.338118489583333,0.872083333333333,1,76.8276095445989,2.28965358945714,4,0,0,0.3278367,10,5,MediumMobility,0,2026-08-06 15:55:38
Urban,40,EVA,2,9,0.629589981846168,16QAM,MPA,30,0.339850260416667,0.876380208333333,1,76.7983327178574,2.29296416689429,4,0,0,0.3240255,10,5,MediumMobility,0,2026-08-06 15:55:39
Urban,40,EVA,2,9,0.632529927406672,64QAM,MRC,0,0.399223090277778,0.94,1,103.725328344761,-0.317696365434435,3,0,0,1.8182807,8.9,5,MediumMobility,0,2026-08-06 15:55:40
Urban,40,EVA,2,9,0.629824142172303,64QAM,MRC,5,0.339075520833333,0.906197916666667,1,75.9726449365476,2.38685507324323,4,0,0,1.8192545,9.7,5,MediumMobility,0,2026-08-06 15:55:42
Urban,40,EVA,2,9,0.627579537804868,64QAM,MRC,10,0.242647569444444,0.804375,1,49.3576763445825,6.13290588325628,7,0,0,1.5822773,7.5,5,MediumMobility,0,2026-08-06 15:55:44
Urban,40,EVA,2,9,0.631949381306461,64QAM,MRC,15,0.170646701388889,0.689453125,1,35.0794000496397,9.09895685649563,8,0,0,1.8674343,9.3,5,MediumMobility,0,2026-08-06 15:55:46
Urban,40,EVA,2,9,0.617785324600791,64QAM,MRC,20,0.0605946180555556,0.308619791666667,1,16.9657744616694,15.408526213743,11,0,0,1.6238262,6.6,5,MediumMobility,0,2026-08-06 15:55:47
Urban,40,EVA,2,9,0.628952255613254,64QAM,MRC,25,0.0355425347222222,0.184375,1,11.3058486174517,18.9339366786777,13,0,0,2.179589,8.1,5,MediumMobility,0,2026-08-06 15:55:49
Urban,40,EVA,2,9,0.619450698628506,64QAM,MRC,30,0.01015625,0.0541927083333333,0.6,4.01091065913205,27.9351402317113,15,2160000,2.25,2.1336704,12.7,5,MediumMobility,0,2026-08-06 15:55:52
Urban,40,EVA,2,9,0.601335963782718,64QAM,LMMSE,0,0.422235243055556,0.979088541666667,1,90.6640940470652,0.851293474815517,4,0,0,0.2140649,1,5,MediumMobility,0,2026-08-06 15:55:52
Urban,40,EVA,2,9,0.624559360904144,64QAM,LMMSE,5,0.402621527777778,0.978072916666667,1,87.5817393447821,1.1517286822293,4,0,0,0.2213673,1,5,MediumMobility,0,2026-08-06 15:55:52
Urban,40,EVA,2,9,0.625568097187232,64QAM,LMMSE,10,0.395551215277778,0.972942708333333,1,83.4812788085158,1.56821813625529,4,0,0,0.2027006,1,5,MediumMobility,0,2026-08-06 15:55:52
Urban,40,EVA,2,9,0.63252539025595,64QAM,LMMSE,15,0.382703993055556,0.965833333333333,1,75.1753358441395,2.47849246044361,5,0,0,0.2232809,1,5,MediumMobility,0,2026-08-06 15:55:52
Urban,40,EVA,2,9,0.627290716492224,64QAM,LMMSE,20,0.270451388888889,0.878255208333333,1,46.6278599048304,6.62709034107178,7,0,0,0.222548,1,5,MediumMobility,0,2026-08-06 15:55:53
Urban,40,EVA,2,9,0.61582340714748,64QAM,LMMSE,25,0.231866319444444,0.812708333333333,1,41.4937291888553,7.64035063657958,7,0,0,0.1970512,1,5,MediumMobility,0,2026-08-06 15:55:53
Urban,40,EVA,2,9,0.62748775848463,64QAM,LMMSE,30,0.0647873263888889,0.334739583333333,1,17.5158772001626,15.1313621641845,11,0,0,0.2123276,1,5,MediumMobility,0,2026-08-06 15:55:53
Urban,40,EVA,2,9,0.632003883534339,64QAM,MPA,0,0.426953125,0.98078125,1,91.1617846708415,0.803743624832882,4,0,0,0.6822364,10,5,MediumMobility,0,2026-08-06 15:55:54
Urban,40,EVA,2,9,0.631232392447907,64QAM,MPA,5,0.395603298611111,0.977447916666667,1,86.6953857490404,1.24008033353407,4,0,0,0.6442049,10,5,MediumMobility,0,2026-08-06 15:55:54
Urban,40,EVA,2,9,0.632051458044233,64QAM,MPA,10,0.387465277777778,0.975859375,1,85.735550488513,1.33678118591033,4,0,0,0.651121,10,5,MediumMobility,0,2026-08-06 15:55:55
Urban,40,EVA,2,9,0.577421421764446,64QAM,MPA,15,0.398932291666667,0.977604166666667,1,86.7065034671996,1.23896653629083,4,0,0,0.7045535,10,5,MediumMobility,0,2026-08-06 15:55:56
Urban,40,EVA,2,9,0.631815003678759,64QAM,MPA,20,0.423111979166667,0.979166666666667,1,90.4636517345259,0.870517702541763,4,0,0,0.7195418,10,5,MediumMobility,0,2026-08-06 15:55:57
Urban,40,EVA,2,9,0.632459859398094,64QAM,MPA,25,0.446484375,0.980390625,1,94.059303326514,0.531964845749705,4,0,0,0.704648,10,5,MediumMobility,0,2026-08-06 15:55:57
Urban,40,EVA,2,9,0.627658706397717,64QAM,MPA,30,0.432677951388889,0.979375,1,92.0913357783163,0.715624551474613,4,0,0,0.6688434,10,5,MediumMobility,0,2026-08-06 15:55:58
Urban,41,EVA,2,9,0.646257842886487,QPSK,MRC,0,0.251223958333333,0.433072916666667,1,98.630601212932,0.119766391636422,3,0,0,1.0775313,2.7,6,MediumMobility,0,2026-08-06 15:55:59
Urban,41,EVA,2,9,0.647961059344031,QPSK,MRC,5,0.0893619791666667,0.164114583333333,1,53.4800254502856,5.43616789472464,6,0,0,1.2380317,3.2,6,MediumMobility,0,2026-08-06 15:56:00
Urban,41,EVA,2,9,0.611938262814708,QPSK,MRC,10,0.0530859375,0.096015625,1,36.4041421629094,8.77698396649808,8,0,0,1.1103043,2.9,6,MediumMobility,0,2026-08-06 15:56:01
Urban,41,EVA,2,9,0.648346040061202,QPSK,MRC,15,0.001875,0.00375,0.3,4.51708620641633,26.9028324211668,15,1260000,1.3125,1.0486682,2.2,6,MediumMobility,0,2026-08-06 15:56:02
Urban,41,EVA,2,9,0.642126526067654,QPSK,MRC,20,0,0,0,0,160,15,1800000,1.875,0.9428902,2,6,MediumMobility,0,2026-08-06 15:56:03
Urban,41,EVA,2,9,0.58767495742537,QPSK,MRC,25,0,0,0,0,160,15,1800000,1.875,1.0303041,2,6,MediumMobility,0,2026-08-06 15:56:04
Urban,41,EVA,2,9,0.602682140597462,QPSK,MRC,30,0,0,0,0,160,15,1800000,1.875,0.9924099,2,6,MediumMobility,0,2026-08-06 15:56:05
Urban,41,EVA,2,9,0.547041308583483,QPSK,LMMSE,0,0.199440104166667,0.354895833333333,1,88.3690104285632,1.0740001656778,4,0,0,0.2107438,1,6,MediumMobility,0,2026-08-06 15:56:06
Urban,41,EVA,2,9,0.600451479882155,QPSK,LMMSE,5,0.0812760416666667,0.150390625,1,50.4146478808864,5.9488652355375,7,0,0,0.2039795,1,6,MediumMobility,0,2026-08-06 15:56:06
Urban,41,EVA,2,9,0.546073560706605,QPSK,LMMSE,10,0.0229296875,0.044453125,0.9,23.0006543572555,12.7651961668631,10,180000,0.1875,0.2086263,1,6,MediumMobility,0,2026-08-06 15:56:06
Urban,41,EVA,2,9,0.648333943454335,QPSK,LMMSE,15,0.0094921875,0.0184895833333333,0.7,12.500032917086,18.0617768667349,12,540000,0.5625,0.182891,1,6,MediumMobility,0,2026-08-06 15:56:06
Urban,41,EVA,2,9,0.648348257758883,QPSK,LMMSE,20,0.001015625,0.00203125,0.1,2.01556443707464,33.9120662601307,15,1620000,1.6875,0.232093,1,6,MediumMobility,0,2026-08-06 15:56:06
Urban,41,EVA,2,9,0.643548811136286,QPSK,LMMSE,25,0,0,0,0,160,15,1800000,1.875,0.2030394,1,6,MediumMobility,0,2026-08-06 15:56:07
Urban,41,EVA,2,9,0.647595038814824,QPSK,LMMSE,30,0,0,0,0,160,15,1800000,1.875,0.2173624,1,6,MediumMobility,0,2026-08-06 15:56:07
Urban,41,EVA,2,9,0.638999794175656,QPSK,MPA,0,0.301315104166667,0.510286458333333,1,109.47343072989,-0.78617456844851,3,0,0,0.2641521,10,6,MediumMobility,0,2026-08-06 15:56:07
Urban,41,EVA,2,9,0.648209310054737,QPSK,MPA,5,0.219544270833333,0.386171875,1,92.8293428269822,0.646294481319514,4,0,0,0.2325963,10,6,MediumMobility,0,2026-08-06 15:56:07
Urban,41,EVA,2,9,0.645973269750541,QPSK,MPA,10,0.1520703125,0.280052083333333,1,77.5411365703742,2.20935675096507,4,0,0,0.2391797,10,6,MediumMobility,0,2026-08-06 15:56:08
Urban,41,EVA,2,9,0.646224093644501,QPSK,MPA,15,0.129518229166667,0.241145833333333,1,71.5647686069807,2.90601457207141,5,0,0,0.2509578,10,6,MediumMobility,0,2026-08-06 15:56:08
Urban,41,EVA,2,9,0.645784198124977,QPSK,MPA,20,0.121106770833333,0.227213541666667,1,69.3541242894353,3.17855415168846,5,0,0,0.2466167,10,6,MediumMobility,0,2026-08-06 15:56:08
Urban,41,EVA,2,9,0.648333834382037,QPSK,MPA,25,0.110651041666667,0.209010416666667,1,66.2686196629698,3.57384150835269,5,0,0,0.2638685,10,6,MediumMobility,0,2026-08-06 15:56:08
Urban,41,EVA,2,9,0.645643924116202,QPSK,MPA,30,0.106875,0.202604166666667,1,65.0776672100835,3.73136046563972,5,0,0,0.2816013,10,6,MediumMobility,0,2026-08-06 15:56:09
Urban,41,EVA,2,9,0.50232251572257,16QAM,MRC,0,0.337063802083333,0.790104166666667,1,95.6984973278814,0.381897630530591,4,0,0,1.1397718,2.7,6,MediumMobility,0,2026-08-06 15:56:10
Urban,41,EVA,2,9,0.648336015955894,16QAM,MRC,5,0.202610677083333,0.569479166666667,1,61.6721926378798,4.19821221564641,5,0,0,1.3635185,4,6,MediumMobility,0,2026-08-06 15:56:11
Urban,41,EVA,2,9,0.64707040944079,16QAM,MRC,10,0.1508984375,0.474296875,1,50.2161003767934,5.9831403249341,7,0,0,1.5127946,5,6,MediumMobility,0,2026-08-06 15:56:13
Urban,41,EVA,2,9,0.648321216984547,16QAM,MRC,15,0.078984375,0.261927083333333,1,29.5006608635475,10.6033650999776,9,0,0,1.3913302,4.5,6,MediumMobility,0,2026-08-06 15:56:14
Urban,41,EVA,2,9,0.648023282762453,16QAM,MRC,20,0.0346158854166667,0.124296875,0.7,17.015503792843,15.3831037568554,11,1080000,1.125,1.4436046,4.8,6,MediumMobility,0,2026-08-06 15:56:15
Urban,41,EVA,2,9,0.647498800437575,16QAM,MRC,25,0.0140950520833333,0.045234375,0.4,5.94636045067922,24.5149753738751,15,2160000,2.25,1.2520585,3.8,6,MediumMobility,0,2026-08-06 15:56:17
Urban,41,EVA,2,9,0.640791582093412,16QAM,MRC,30,0,0,0,0,160,15,3600000,3.75,0.8868662,2.1,6,MediumMobility,0,2026-08-06 15:56:18
Urban,41,EVA,2,9,0.609439572603142,16QAM,LMMSE,0,0.35904296875,0.886822916666667,1,80.7406582814762,1.85815428185637,4,0,0,0.2068896,1,6,MediumMobility,0,2026-08-06 15:56:18
Urban,41,EVA,2,9,0.641891428198288,16QAM,LMMSE,5,0.331536458333333,0.868385416666667,1,75.4924483361903,2.44192979124435,5,0,0,0.2239917,1,6,MediumMobility,0,2026-08-06 15:56:18
Urban,41,EVA,2,9,0.64078593290251,16QAM,LMMSE,10,0.294869791666667,0.809895833333333,1,70.4630124576608,3.04077587317433,5,0,0,0.2466043,1,6,MediumMobility,0,2026-08-06 15:56:18
Urban,41,EVA,2,9,0.600908555143127,16QAM,LMMSE,15,0.166875,0.517916666666667,1,48.6888651643797,6.25140695664483,7,0,0,0.2247259,1,6,MediumMobility,0,2026-08-06 15:56:19
Urban,41,EVA,2,9,0.631817697976075,16QAM,LMMSE,20,0.049453125,0.17828125,0.8,22.8613692684934,12.817955226897,10,720000,0.75,0.2357543,1,6,MediumMobility,0,2026-08-06 15:56:19
Urban,41,EVA,2,9,0.645983205810101,16QAM,LMMSE,25,0.02091796875,0.078515625,0.9,12.6655989163466,17.9474853793486,12,360000,0.375,0.2213244,1,6,MediumMobility,0,2026-08-06 15:56:19
Urban,41,EVA,2,9,0.623650065970731,16QAM,LMMSE,30,0.00208333333333333,0.00822916666666667,0.4,3.23588514331095,29.8001380385471,15,2160000,2.25,0.2321242,1,6,MediumMobility,0,2026-08-06 15:56:19
Urban,41,EVA,2,9,0.632896900308748,16QAM,MPA,0,0.38185546875,0.897760416666667,1,85.6990429048993,1.34048056583988,4,0,0,0.323323,10,6,MediumMobility,0,2026-08-06 15:56:20
Urban,41,EVA,2,9,0.64690668818096,16QAM,MPA,5,0.34814453125,0.881875,1,78.656569422082,2.08529998220949,4,0,0,0.3476471,10,6,MediumMobility,0,2026-08-06 15:56:20
Urban,41,EVA,2,9,0.640785862581863,16QAM,MPA,10,0.333763020833333,0.870026041666667,1,76.0432082310438,2.37879137436259,4,0,0,0.3515623,10,6,MediumMobility,0,2026-08-06 15:56:20
Urban,41,EVA,2,9,0.642669341010234,16QAM,MPA,15,0.340358072916667,0.877760416666667,1,77.0338162853957,2.26637172974618,4,0,0,0.3251533,10,6,MediumMobility,0,2026-08-06 15:56:21
Urban,41,EVA,2,9,0.556869209559165,16QAM,MPA,20,0.341451822916667,0.876744791666667,1,77.1764680923721,2.25030200767164,4,0,0,0.3460143,10,6,MediumMobility,0,2026-08-06 15:56:21
Urban,41,EVA,2,9,0.647157239407748,16QAM,MPA,25,0.34408203125,0.876171875,1,77.8384712421269,2.17611404514051,4,0,0,0.3944391,10,6,MediumMobility,0,2026-08-06 15:56:21
Urban,41,EVA,2,9,0.642721183364544,16QAM,MPA,30,0.342962239583333,0.879192708333333,1,77.5070437162905,2.21317655423194,4,0,0,0.3558626,10,6,MediumMobility,0,2026-08-06 15:56:22
Urban,41,EVA,2,9,0.648344444738492,64QAM,MRC,0,0.403719618055556,0.946041666666667,1,103.882396464225,-0.330839196346689,3,0,0,1.7810712,7.3,6,MediumMobility,0,2026-08-06 15:56:23
Urban,41,EVA,2,9,0.486665414719932,64QAM,MRC,5,0.339027777777778,0.906796875,1,75.4887280243842,2.44235784749019,5,0,0,2.1020511,8.2,6,MediumMobility,0,2026-08-06 15:56:26
Urban,41,EVA,2,9,0.630922454213968,64QAM,MRC,10,0.236727430555556,0.809192708333333,1,46.783249724191,6.59819227804285,7,0,0,2.463404,8.7,6,MediumMobility,0,2026-08-06 15:56:28
Urban,41,EVA,2,9,0.647791116996082,64QAM,MRC,15,0.180946180555556,0.687942708333333,1,37.2383532741302,8.58019064606468,8,0,0,2.6538689,9.5,6,MediumMobility,0,2026-08-06 15:56:31
Urban,41,EVA,2,9,0.647015225618154,64QAM,MRC,20,0.0418576388888889,0.221875,1,13.500624282457,17.392922976533,12,0,0,1.932992,6.7,6,MediumMobility,0,2026-08-06 15:56:33
Urban,41,EVA,2,9,0.647696936311995,64QAM,MRC,25,0.0509852430555556,0.259322916666667,0.9,14.2295924597483,16.9361507615146,12,540000,0.5625,2.6799211,9.5,6,MediumMobility,0,2026-08-06 15:56:35
Urban,41,EVA,2,9,0.646423813561726,64QAM,MRC,30,0.000151909722222222,0.000859375,0.1,0.294861935841619,50.6076257507888,15,4860000,5.0625,2.6861006,10.7,6,MediumMobility,0,2026-08-06 15:56:38
Urban,41,EVA,2,9,0.606070607558775,64QAM,LMMSE,0,0.425681423611111,0.979427083333333,1,91.0503230369897,0.814370180701769,4,0,0,0.2161319,1,6,MediumMobility,0,2026-08-06 15:56:38
Urban,41,EVA,2,9,0.648240792139819,64QAM,LMMSE,5,0.395989583333333,0.975859375,1,86.8293753947025,1.2266664610873,4,0,0,0.2282772,1,6,MediumMobility,0,2026-08-06 15:56:38
Urban,41,EVA,2,9,0.606007967389846,64QAM,LMMSE,10,0.393923611111111,0.97390625,1,82.2336907261416,1.69900435509211,4,0,0,0.2337671,1,6,MediumMobility,0,2026-08-06 15:56:39
Urban,41,EVA,2,9,0.648314834816476,64QAM,LMMSE,15,0.366866319444444,0.955234375,1,67.5522939995659,3.40719796483409,5,0,0,0.2334188,1,6,MediumMobility,0,2026-08-06 15:56:39
Urban,41,EVA,2,9,0.61226367872547,64QAM,LMMSE,20,0.274913194444444,0.837005208333333,1,48.5073213839839,6.2838541365341,7,0,0,0.2629014,1,6,MediumMobility,0,2026-08-06 15:56:39
Urban,41,EVA,2,9,0.64834591109685,64QAM,LMMSE,25,0.154045138888889,0.536510416666667,1,29.5886256755761,10.5775041272536,9,0,0,0.2306774,1,6,MediumMobility,0,2026-08-06 15:56:39
Urban,41,EVA,2,9,0.640691148128673,64QAM,LMMSE,30,0.0619270833333333,0.267213541666667,0.9,15.0664611208781,16.4397748955249,12,540000,0.5625,0.2222349,1,6,MediumMobility,0,2026-08-06 15:56:40
Urban,41,EVA,2,9,0.61134986976125,64QAM,MPA,0,0.423697916666667,0.980130208333333,1,90.8768868495255,0.830931178266351,4,0,0,0.7179311,10,6,MediumMobility,0,2026-08-06 15:56:40
Urban,41,EVA,2,9,0.634296050263268,64QAM,MPA,5,0.394084201388889,0.977239583333333,1,86.753064240501,1.23430352745924,4,0,0,0.7162459,10,6,MediumMobility,0,2026-08-06 15:56:41
Urban,41,EVA,2,9,0.615399945228319,64QAM,MPA,10,0.382356770833333,0.974114583333333,1,85.012517818978,1.41034242231643,4,0,0,0.745115,10,6,MediumMobility,0,2026-08-06 15:56:42
Urban,41,EVA,2,9,0.646655651391304,64QAM,MPA,15,0.408142361111111,0.978567708333333,1,87.8361376235862,1.12653538994773,4,0,0,0.7462315,10,6,MediumMobility,0,2026-08-06 15:56:43
Urban,41,EVA,2,9,0.648232451346517,64QAM,MPA,20,0.423307291666667,0.980260416666667,1,90.3360297556598,0.88278000962986,4,0,0,0.7277722,10,6,MediumMobility,0,2026-08-06 15:56:43
Urban,41,EVA,2,9,0.575236613137691,64QAM,MPA,25,0.433498263888889,0.981223958333333,1,91.9238860949941,0.73143248144819,4,0,0,0.7611237,10,6,MediumMobility,0,2026-08-06 15:56:44
Urban,41,EVA,2,9,0.637735988469627,64QAM,MPA,30,0.420486111111111,0.980598958333333,1,89.8143572392016,0.933084676149291,4,0,0,0.5918416,10,6,MediumMobility,0,2026-08-06 15:56:45
Urban,18,EVA,2,9,0.282602644093352,QPSK,MRC,0,0.207578125,0.356848958333333,1,85.4909483350066,1.36159730690098,4,0,0,1.1622937,3,7,MediumMobility,0,2026-08-06 15:56:46
Urban,18,EVA,2,9,0.282650571557711,QPSK,MRC,5,0.095703125,0.177265625,1,58.1731336503239,4.70555082291926,6,0,0,1.1002411,2.9,7,MediumMobility,0,2026-08-06 15:56:47
Urban,18,EVA,2,9,0.282342932114188,QPSK,MRC,10,0.030234375,0.0583854166666667,0.9,29.542537245397,10.5910441653458,9,180000,0.1875,1.0500492,2.5,7,MediumMobility,0,2026-08-06 15:56:48
Urban,18,EVA,2,9,0.28463206453456,QPSK,MRC,15,0.0017578125,0.0034375,0.4,4.21629919183609,27.501371576626,15,1080000,1.125,0.9021445,2.2,7,MediumMobility,0,2026-08-06 15:56:49
Urban,18,EVA,2,9,0.283718750578177,QPSK,MRC,20,0.000260416666666667,0.000520833333333333,0.2,1.2229957644866,38.25150094044,15,1440000,1.5,0.9955316,2.1,7,MediumMobility,0,2026-08-06 15:56:50
Urban,18,EVA,2,9,0.267451610647119,QPSK,MRC,25,0,0,0,0,160,15,1800000,1.875,0.942161,2,7,MediumMobility,0,2026-08-06 15:56:51
Urban,18,EVA,2,9,0.256046385285491,QPSK,MRC,30,0,0,0,0,160,15,1800000,1.875,0.8939363,2,7,MediumMobility,0,2026-08-06 15:56:52
Urban,18,EVA,2,9,0.283392011746968,QPSK,LMMSE,0,0.2422265625,0.421588541666667,1,97.6901925820703,0.202980684945704,4,0,0,0.1871809,1,7,MediumMobility,0,2026-08-06 15:56:52
Urban,18,EVA,2,9,0.282762231585272,QPSK,LMMSE,5,0.11296875,0.207239583333333,1,61.388158519904,4.23830788187743,5,0,0,0.1944103,1,7,MediumMobility,0,2026-08-06 15:56:52
Urban,18,EVA,2,9,0.283221330891236,QPSK,LMMSE,10,0.0574088541666667,0.108307291666667,0.8,37.9254855609037,8.42137700445883,8,360000,0.375,0.1850467,1,7,MediumMobility,0,2026-08-06 15:56:52
Urban,18,EVA,2,9,0.283868086746394,QPSK,LMMSE,15,0.0035546875,0.007109375,0.5,7.75856185377124,22.2043754636365,14,900000,0.9375,0.1866612,1,7,MediumMobility,0,2026-08-06 15:56:52
Urban,18,EVA,2,9,0.284024132161186,QPSK,LMMSE,20,9.11458333333333e-05,0.000182291666666667,0.2,0.787234726668766,42.0779151292382,15,1440000,1.5,0.1853097,1,7,MediumMobility,0,2026-08-06 15:56:53
Urban,18,EVA,2,9,0.284476827590698,QPSK,LMMSE,25,0.000299479166666667,0.000598958333333333,0.2,1.45121349678042,36.7653738235682,15,1440000,1.5,0.1931495,1,7,MediumMobility,0,2026-08-06 15:56:53
Urban,18,EVA,2,9,0.280791642648024,QPSK,LMMSE,30,0,0,0,0,160,15,1800000,1.875,0.1863109,1,7,MediumMobility,0,2026-08-06 15:56:53
Urban,18,EVA,2,9,0.283448465346875,QPSK,MPA,0,0.2948046875,0.499505208333333,1,108.183171771181,-0.683194203338982,3,0,0,0.2412027,10,7,MediumMobility,0,2026-08-06 15:56:53
Urban,18,EVA,2,9,0.272863792056531,QPSK,MPA,5,0.170833333333333,0.310755208333333,1,81.5116000769302,1.77561163111206,4,0,0,0.2398325,10,7,MediumMobility,0,2026-08-06 15:56:54
Urban,18,EVA,2,9,0.259810494887327,QPSK,MPA,10,0.1755859375,0.318489583333333,1,83.376466772342,1.57913025658289,4,0,0,0.2244995,10,7,MediumMobility,0,2026-08-06 15:56:54
Urban,18,EVA,2,9,0.253421548052345,QPSK,MPA,15,0.121393229166667,0.226744791666667,1,68.5929700054695,3.27440784454729,5,0,0,0.2341032,10,7,MediumMobility,0,2026-08-06 15:56:54
Urban,18,EVA,2,9,0.280963118923322,QPSK,MPA,20,0.116015625,0.216223958333333,1,67.383899909061,3.4288771481987,5,0,0,0.2111358,10,7,MediumMobility,0,2026-08-06 15:56:54
Urban,18,EVA,2,9,0.260034255141008,QPSK,MPA,25,0.1109765625,0.21015625,1,66.2690964144348,3.57377902031937,5,0,0,0.2255135,10,7,MediumMobility,0,2026-08-06 15:56:54
Urban,18,EVA,2,9,0.284174192412866,QPSK,MPA,30,0.116484375,0.218932291666667,1,67.6977274253863,3.38851820183041,5,0,0,0.2329274,10,7,MediumMobility,0,2026-08-06 15:56:55
Urban,18,EVA,2,9,0.255585558894887,16QAM,MRC,0,0.369036458333333,0.821458333333333,1,108.016137742755,-0.669772889194794,3,0,0,1.2446036,4,7,MediumMobility,0,2026-08-06 15:56:56
Urban,18,EVA,2,9,0.283460699035781,16QAM,MRC,5,0.270045572916667,0.686328125,1,79.3077845563181,2.01368363727347,4,0,0,1.3631401,5,7,MediumMobility,0,2026-08-06 15:56:57
Urban,18,EVA,2,9,0.280654770753495,16QAM,MRC,10,0.135865885416667,0.424270833333333,1,46.3689439682562,6.67545589704253,7,0,0,1.497356,5.2,7,MediumMobility,0,2026-08-06 15:56:59
Urban,18,EVA,2,9,0.284554576576481,16QAM,MRC,15,0.0501041666666667,0.181041666666667,1,24.9517543068859,12.0579782921816,10,0,0,1.4785078,4.6,7,MediumMobility,0,2026-08-06 15:57:00
Urban,18,EVA,2,9,0.282964198713291,16QAM,MRC,20,0.0352604166666667,0.121328125,0.8,18.1753498863621,14.8103443991956,11,720000,0.75,1.4417512,5.2,7,MediumMobility,0,2026-08-06 15:57:02
Urban,18,EVA,2,9,0.252709171631637,16QAM,MRC,25,0.00557291666666667,0.0198177083333333,0.4,5.54718488974752,25.1185471736476,15,2160000,2.25,1.2937201,3.2,7,MediumMobility,0,2026-08-06 15:57:03
Urban,18,EVA,2,9,0.280785417227065,16QAM,MRC,30,0.00114583333333333,0.00434895833333333,0.1,1.34025555627033,37.4562476730616,15,3240000,3.375,1.1613328,2.7,7,MediumMobility,0,2026-08-06 15:57:04
Urban,18,EVA,2,9,0.277046396202711,16QAM,LMMSE,0,0.390384114583333,0.9025,1,87.7700687114011,1.13307123305716,4,0,0,0.2177694,1,7,MediumMobility,0,2026-08-06 15:57:04
Urban,18,EVA,2,9,0.254290127771087,16QAM,LMMSE,5,0.335299479166667,0.87078125,1,76.1192796475167,2.3701066059633,4,0,0,0.1982667,1,7,MediumMobility,0,2026-08-06 15:57:05
Urban,18,EVA,2,9,0.284551494531696,16QAM,LMMSE,10,0.24322265625,0.703932291666667,1,62.3972889941139,4.09668557829811,5,0,0,0.1931865,1,7,MediumMobility,0,2026-08-06 15:57:05
Urban,18,EVA,2,9,0.284633221915223,16QAM,LMMSE,15,0.161673177083333,0.490416666666667,0.9,45.1716827546365,6.9026746123096,7,360000,0.375,0.1964456,1,7,MediumMobility,0,2026-08-06 15:57:05
Urban,18,EVA,2,9,0.283343604796612,16QAM,LMMSE,20,0.0269596354166667,0.100625,0.8,15.5847144882656,16.1460229916525,11,720000,0.75,0.1950816,1,7,MediumMobility,0,2026-08-06 15:57:05
Urban,18,EVA,2,9,0.265428420674146,16QAM,LMMSE,25,0.0145052083333333,0.054296875,0.4,7.91628243674758,22.0295743890279,14,2160000,2.25,0.193663,1,7,MediumMobility,0,2026-08-06 15:57:05
Urban,18,EVA,2,9,0.280471466331983,16QAM,LMMSE,30,0.0074609375,0.0278125,0.4,4.20587620683402,27.5228702843496,15,2160000,2.25,0.1936314,1,7,MediumMobility,0,2026-08-06 15:57:06
Urban,18,EVA,2,9,0.283929073531666,16QAM,MPA,0,0.3740625,0.895182291666667,1,84.252287272207,1.48836600231602,4,0,0,0.3227261,10,7,MediumMobility,0,2026-08-06 15:57:06
Urban,18,EVA,2,9,0.25556094009003,16QAM,MPA,5,0.348522135416667,0.881380208333333,1,78.9808373419099,2.04956532512111,4,0,0,0.3605287,10,7,MediumMobility,0,2026-08-06 15:57:06
Urban,18,EVA,2,9,0.284636827875297,16QAM,MPA,10,0.3334765625,0.871770833333333,1,75.7306121064092,2.41457065794548,5,0,0,0.3229528,10,7,MediumMobility,0,2026-08-06 15:57:07
Urban,18,EVA,2,9,0.269138229042363,16QAM,MPA,15,0.3287890625,0.866380208333333,1,74.7092603584253,2.53251126401222,5,0,0,0.3369766,10,7,MediumMobility,0,2026-08-06 15:57:07
Urban,18,EVA,2,9,0.275978636032867,16QAM,MPA,20,0.344641927083333,0.878177083333333,1,78.0390713615304,2.15375814407489,4,0,0,0.3070049,10,7,MediumMobility,0,2026-08-06 15:57:07
Urban,18,EVA,2,9,0.282448580373745,16QAM,MPA,25,0.344596354166667,0.876197916666667,1,78.3098097465155,2.12367662297199,4,0,0,0.3077299,10,7,MediumMobility,0,2026-08-06 15:57:08
Urban,18,EVA,2,9,0.283134020361901,16QAM,MPA,30,0.346549479166667,0.878723958333333,1,78.6432661192603,2.086769163916,4,0,0,0.311478,10,7,MediumMobility,0,2026-08-06 15:57:08
Urban,18,EVA,2,9,0.283855714713778,64QAM,MRC,0,0.403528645833333,0.944947916666667,1,103.262559353397,-0.278857695898094,3,0,0,2.1938556,9.7,7,MediumMobility,0,2026-08-06 15:57:10
Urban,18,EVA,2,9,0.268526433494493,64QAM,MRC,5,0.347764756944444,0.889973958333333,1,83.2643129185745,1.59082194627855,4,0,0,2.0921714,11.3,7,MediumMobility,0,2026-08-06 15:57:12
Urban,18,EVA,2,9,0.276366862260969,64QAM,MRC,10,0.200885416666667,0.686145833333333,1,44.5487032537238,7.02329866214869,7,0,0,2.0398183,8.7,7,MediumMobility,0,2026-08-06 15:57:14
Urban,18,EVA,2,9,0.28435780060073,64QAM,MRC,15,0.1005859375,0.465625,1,23.8025271856059,12.4675386029902,10,0,0,1.737859,9,7,MediumMobility,0,2026-08-06 15:57:16
Urban,18,EVA,2,9,0.284037428903197,64QAM,MRC,20,0.0680946180555556,0.303984375,1,16.1875486187642,15.8163782836735,11,0,0,1.5488595,6.7,7,MediumMobility,0,2026-08-06 15:57:17
Urban,18,EVA,2,9,0.273334624189835,64QAM,MRC,25,0.0204340277777778,0.105885416666667,0.7,6.90912208727398,23.2115426614157,15,1620000,1.6875,2.2188693,11.5,7,MediumMobility,0,2026-08-06 15:57:20
Urban,18,EVA,2,9,0.281922016556118,64QAM,MRC,30,0.01203125,0.0634114583333333,0.3,4.08636383354397,27.7732593626571,15,3780000,3.9375,2.5435687,12.7,7,MediumMobility,0,2026-08-06 15:57:22
Urban,18,EVA,2,9,0.284015577018273,64QAM,LMMSE,0,0.431028645833333,0.980390625,1,92.0601657979842,0.718564945763588,4,0,0,0.2103599,1,7,MediumMobility,0,2026-08-06 15:57:22
Urban,18,EVA,2,9,0.28454031964249,64QAM,LMMSE,5,0.397721354166667,0.975989583333333,1,87.0928982806849,1.20034513480757,4,0,0,0.2211099,1,7,MediumMobility,0,2026-08-06 15:57:23
Urban,18,EVA,2,9,0.259682866248465,64QAM,LMMSE,10,0.395863715277778,0.975885416666667,1,86.110114404405,1.29891667544866,4,0,0,0.2075685,1,7,MediumMobility,0,2026-08-06 15:57:23
Urban,18,EVA,2,9,0.274060982800182,64QAM,LMMSE,15,0.345590277777778,0.94140625,1,62.7768575015713,4.04400856210639,5,0,0,0.2365235,1,7,MediumMobility,0,2026-08-06 15:57:23
Urban,18,EVA,2,9,0.279559788570753,64QAM,LMMSE,20,0.265130208333333,0.873541666666667,1,46.2756862912006,6.69294263452817,7,0,0,0.2245605,1,7,MediumMobility,0,2026-08-06 15:57:23
Urban,18,EVA,2,9,0.270142958330388,64QAM,LMMSE,25,0.0909809027777778,0.367890625,0.8,18.3571956515191,14.7238732667189,11,1080000,1.125,0.209757,1,7,MediumMobility,0,2026-08-06 15:57:24
Urban,18,EVA,2,9,0.279068259036371,64QAM,LMMSE,30,0.0699782986111111,0.289869791666667,0.5,13.4445851714358,17.4290518651478,12,2700000,2.8125,0.2082474,1,7,MediumMobility,0,2026-08-06 15:57:24
Urban,18,EVA,2,9,0.269590685138203,64QAM,MPA,0,0.416050347222222,0.979088541666667,1,89.7957253891838,0.934886737494849,4,0,0,0.692898,10,7,MediumMobility,0,2026-08-06 15:57:24
Urban,18,EVA,2,9,0.249244578142116,64QAM,MPA,5,0.392543402777778,0.977369791666667,1,86.3642231738883,1.27332258005125,4,0,0,0.7389081,10,7,MediumMobility,0,2026-08-06 15:57:25
Urban,18,EVA,2,9,0.282708114495914,64QAM,MPA,10,0.376388888888889,0.974244791666667,1,84.3523684481518,1.47805437542189,4,0,0,0.725078,10,7,MediumMobility,0,2026-08-06 15:57:26
Urban,18,EVA,2,9,0.283672060098892,64QAM,MPA,15,0.403368055555556,0.977291666666667,1,87.1437277864863,1.19527731984537,4,0,0,0.7583509,10,7,MediumMobility,0,2026-08-06 15:57:27
Urban,18,EVA,2,9,0.284305381471466,64QAM,MPA,20,0.424522569444444,0.979166666666667,1,90.510963082985,0.865976279302714,4,0,0,0.6918202,10,7,MediumMobility,0,2026-08-06 15:57:27
Urban,18,EVA,2,9,0.28399768972169,64QAM,MPA,25,0.444748263888889,0.981510416666667,1,93.6184014524386,0.572775575710111,4,0,0,0.6930159,10,7,MediumMobility,0,2026-08-06 15:57:28
Urban,18,EVA,2,9,0.278864451928504,64QAM,MPA,30,0.4390625,0.980494791666667,1,92.624226948975,0.665508073249971,4,0,0,0.7079697,10,7,MediumMobility,0,2026-08-06 15:57:29
Urban,16,EVA,2,9,0.250278835973722,QPSK,MRC,0,0.273736979166667,0.468645833333333,1,103.855118048373,-0.328558074311431,3,0,0,1.1947393,3.2,8,MediumMobility,0,2026-08-06 15:57:30
Urban,16,EVA,2,9,0.224806919254685,QPSK,MRC,5,0.1052734375,0.189635416666667,1,56.9946398592896,4.88331972479356,6,0,0,1.0860735,2.6,8,MediumMobility,0,2026-08-06 15:57:31
Urban,16,EVA,2,9,0.252243217269278,QPSK,MRC,10,0.0582291666666667,0.109453125,0.8,36.1936582469558,8.82735037366223,8,360000,0.375,1.0459393,2.3,8,MediumMobility,0,2026-08-06 15:57:32
Urban,16,EVA,2,9,0.245725633556636,QPSK,MRC,15,0.0153125,0.02953125,0.4,13.8625135621331,17.1631603191725,12,1080000,1.125,1.015168,2.6,8,MediumMobility,0,2026-08-06 15:57:33
Urban,16,EVA,2,9,0.252999260498194,QPSK,MRC,20,0,0,0,0,160,15,1800000,1.875,0.9183317,2.1,8,MediumMobility,0,2026-08-06 15:57:34
Urban,16,EVA,2,9,0.252600551703446,QPSK,MRC,25,0,0,0,0,160,15,1800000,1.875,0.935077,2,8,MediumMobility,0,2026-08-06 15:57:35
Urban,16,EVA,2,9,0.252914483675647,QPSK,MRC,30,0,0,0,0,160,15,1800000,1.875,0.9258783,2,8,MediumMobility,0,2026-08-06 15:57:36
Urban,16,EVA,2,9,0.249895144637682,QPSK,LMMSE,0,0.172747395833333,0.31015625,1,81.2309887916306,1.80556520488462,4,0,0,0.1836577,1,8,MediumMobility,0,2026-08-06 15:57:36
Urban,16,EVA,2,9,0.242490954267077,QPSK,LMMSE,5,0.129700520833333,0.236848958333333,1,66.0901958856411,3.59725921832542,5,0,0,0.2060848,1,8,MediumMobility,0,2026-08-06 15:57:36
Urban,16,EVA,2,9,0.243351074775388,QPSK,LMMSE,10,0.0419140625,0.0804427083333333,0.9,32.8778414437413,9.66193406585442,8,180000,0.1875,0.1894683,1,8,MediumMobility,0,2026-08-06 15:57:36
Urban,16,EVA,2,9,0.251784901400773,QPSK,LMMSE,15,0.000859375,0.00169270833333333,0.4,3.1501164299099,30.033467883364,15,1080000,1.125,0.1801969,1,8,MediumMobility,0,2026-08-06 15:57:37
Urban,16,EVA,2,9,0.234108200513994,QPSK,LMMSE,20,3.90625e-05,7.8125e-05,0.1,0.395284707521047,48.0617997398389,15,1620000,1.6875,0.1829686,1,8,MediumMobility,0,2026-08-06 15:57:37
Urban,16,EVA,2,9,0.249046356004511,QPSK,LMMSE,25,0,0,0,0,160,15,1800000,1.875,0.1809014,1,8,MediumMobility,0,2026-08-06 15:57:37
Urban,16,EVA,2,9,0.252044771645568,QPSK,LMMSE,30,0,0,0,0,160,15,1800000,1.875,0.1798588,1,8,MediumMobility,0,2026-08-06 15:57:37
Urban,16,EVA,2,9,0.252596021633808,QPSK,MPA,0,0.273385416666667,0.468541666666667,1,103.767945922169,-0.321264399921575,3,0,0,0.2405945,10,8,MediumMobility,0,2026-08-06 15:57:37
Urban,16,EVA,2,9,0.251869793291432,QPSK,MPA,5,0.187799479166667,0.337552083333333,1,85.8129457438625,1.32894379057491,4,0,0,0.2455952,10,8,MediumMobility,0,2026-08-06 15:57:38
Urban,16,EVA,2,9,0.252535864568895,QPSK,MPA,10,0.147083333333333,0.269244791666667,1,75.6582658344168,2.42287234814405,5,0,0,0.2548965,10,8,MediumMobility,0,2026-08-06 15:57:38
Urban,16,EVA,2,9,0.230899541753597,QPSK,MPA,15,0.1287109375,0.239375,1,70.7435154960036,3.00626724706096,5,0,0,0.2559713,10,8,MediumMobility,0,2026-08-06 15:57:38
Urban,16,EVA,2,9,0.25275639079574,QPSK,MPA,20,0.134036458333333,0.249635416666667,1,72.5434182079441,2.78803969088977,5,0,0,0.248693,10,8,MediumMobility,0,2026-08-06 15:57:38
Urban,16,EVA,2,9,0.251932302172236,QPSK,MPA,25,0.114583333333333,0.216067708333333,1,67.3627886373814,3.43159885037048,5,0,0,0.2568703,10,8,MediumMobility,0,2026-08-06 15:57:39
Urban,16,EVA,2,9,0.252414555530979,QPSK,MPA,30,0.1230859375,0.229739583333333,1,69.7897402662562,3.12416835935698,5,0,0,0.241183,10,8,MediumMobility,0,2026-08-06 15:57:39
Urban,16,EVA,2,9,0.252652708364953,16QAM,MRC,0,0.320891927083333,0.775520833333333,1,90.0900327104666,0.906465107898066,4,0,0,1.2184551,3.8,8,MediumMobility,0,2026-08-06 15:57:40
Urban,16,EVA,2,9,0.253014214397511,16QAM,MRC,5,0.268717447916667,0.694609375,1,76.9637607667772,2.27427438064343,4,0,0,1.3427685,4.3,8,MediumMobility,0,2026-08-06 15:57:42
Urban,16,EVA,2,9,0.251037750486632,16QAM,MRC,10,0.135690104166667,0.423359375,1,45.339684764549,6.87043007479118,7,0,0,1.4618493,4.5,8,MediumMobility,0,2026-08-06 15:57:43
Urban,16,EVA,2,9,0.253000887358352,16QAM,MRC,15,0.0468359375,0.167578125,1,22.6643049168532,12.8931519123433,10,0,0,1.2881127,4.3,8,MediumMobility,0,2026-08-06 15:57:44
Urban,16,EVA,2,9,0.252701400329274,16QAM,MRC,20,0.0134830729166667,0.045703125,0.6,6.09737059681849,24.2971481570916,15,1440000,1.5,1.0648764,2.6,8,MediumMobility,0,2026-08-06 15:57:45
Urban,16,EVA,2,9,0.245209380129471,16QAM,MRC,25,0.00666015625,0.025234375,0.2,4.43821656639021,27.0558301966837,15,2880000,3,1.120743,4.1,8,MediumMobility,0,2026-08-06 15:57:46
Urban,16,EVA,2,9,0.25100878681778,16QAM,MRC,30,5.20833333333333e-05,0.000208333333333333,0.1,0.288314965852446,50.8026562733984,15,3240000,3.375,0.9508241,2.2,8,MediumMobility,0,2026-08-06 15:57:47
Urban,16,EVA,2,9,0.248468114635999,16QAM,LMMSE,0,0.364388020833333,0.891666666666667,1,82.0730589730825,1.71598759073519,4,0,0,0.1995443,1,8,MediumMobility,0,2026-08-06 15:57:48
Urban,16,EVA,2,9,0.25277425610444,16QAM,LMMSE,5,0.327610677083333,0.86328125,1,74.7722293625218,2.52519341009501,5,0,0,0.1939868,1,8,MediumMobility,0,2026-08-06 15:57:48
Urban,16,EVA,2,9,0.251716677172142,16QAM,LMMSE,10,0.312819010416667,0.835260416666667,1,72.8587666103365,2.75036369972416,5,0,0,0.2115158,1,8,MediumMobility,0,2026-08-06 15:57:48
Urban,16,EVA,2,9,0.225628154052923,16QAM,LMMSE,15,0.171100260416667,0.533098958333333,1,50.2265447617074,5.98133394528525,7,0,0,0.2038953,1,8,MediumMobility,0,2026-08-06 15:57:48
Urban,16,EVA,2,9,0.228139475192115,16QAM,LMMSE,20,0.0824869791666667,0.276744791666667,0.9,28.4395898781499,10.9215334154844,9,360000,0.375,0.1901109,1,8,MediumMobility,0,2026-08-06 15:57:48
Urban,16,EVA,2,9,0.251896229634103,16QAM,LMMSE,25,0.0408919270833333,0.139557291666667,0.6,15.2216669779551,16.3507556770852,12,1440000,1.5,0.202345,1,8,MediumMobility,0,2026-08-06 15:57:49
Urban,16,EVA,2,9,0.252629062482926,16QAM,LMMSE,30,0.00406901041666667,0.0156770833333333,0.4,3.68604737457686,28.6687817470427,15,2160000,2.25,0.1909611,1,8,MediumMobility,0,2026-08-06 15:57:49
Urban,16,EVA,2,9,0.252952907095231,16QAM,MPA,0,0.380299479166667,0.8934375,1,85.7323030001274,1.33711019598596,4,0,0,0.3787926,10,8,MediumMobility,0,2026-08-06 15:57:49
Urban,16,EVA,2,9,0.247018402477562,16QAM,MPA,5,0.349908854166667,0.882265625,1,79.312529217019,2.01316401153007,4,0,0,0.319353,10,8,MediumMobility,0,2026-08-06 15:57:50
Urban,16,EVA,2,9,0.252580285352568,16QAM,MPA,10,0.333678385416667,0.870494791666667,1,75.7812679464376,2.40876265064928,5,0,0,0.359599,10,8,MediumMobility,0,2026-08-06 15:57:50
Urban,16,EVA,2,9,0.241639008613175,16QAM,MPA,15,0.345325520833333,0.88109375,1,77.7796870777492,2.18267616866194,4,0,0,0.3175114,10,8,MediumMobility,0,2026-08-06 15:57:50
Urban,16,EVA,2,9,0.25275031762621,16QAM,MPA,20,0.339075520833333,0.875364583333333,1,76.8371406782705,2.28857609608038,4,0,0,0.3244511,10,8,MediumMobility,0,2026-08-06 15:57:51
Urban,16,EVA,2,9,0.252978884036821,16QAM,MPA,25,0.342311197916667,0.874635416666667,1,77.847728985375,2.17508104753214,4,0,0,0.3147879,10,8,MediumMobility,0,2026-08-06 15:57:51
Urban,16,EVA,2,9,0.245875027559998,16QAM,MPA,30,0.339205729166667,0.87578125,1,76.8255359112818,2.28988803112886,4,0,0,0.3584994,10,8,MediumMobility,0,2026-08-06 15:57:51
Urban,16,EVA,2,9,0.252962445253416,64QAM,MRC,0,0.370299479166667,0.922317708333333,1,90.4636721877835,0.870515738717453,4,0,0,1.928014,9.5,8,MediumMobility,0,2026-08-06 15:57:53
Urban,16,EVA,2,9,0.251259823233417,64QAM,MRC,5,0.286467013888889,0.852421875,1,60.0356651260622,4.43181347041288,6,0,0,1.696884,8.2,8,MediumMobility,0,2026-08-06 15:57:55
Urban,16,EVA,2,9,0.252953420521977,64QAM,MRC,10,0.142413194444444,0.623229166666667,1,30.3682518285437,10.3516041570703,9,0,0,1.944875,8.7,8,MediumMobility,0,2026-08-06 15:57:57
Urban,16,EVA,2,9,0.252416277868527,64QAM,MRC,15,0.182165798611111,0.642109375,1,38.9747478548611,8.18433371551964,8,0,0,2.4102245,7.8,8,MediumMobility,0,2026-08-06 15:57:59
Urban,16,EVA,2,9,0.237527096737787,64QAM,MRC,20,0.0550911458333333,0.272395833333333,1,15.2572865261999,16.3304539560422,12,0,0,2.1448755,9.1,8,MediumMobility,0,2026-08-06 15:58:01
Urban,16,EVA,2,9,0.245142745073412,64QAM,MRC,25,0.0248567708333333,0.116354166666667,0.6,6.43083175772043,23.834657044076,15,2160000,2.25,2.2696342,8.8,8,MediumMobility,0,2026-08-06 15:58:04
Urban,16,EVA,2,9,0.250276011998518,64QAM,MRC,30,0.00737847222222222,0.0403125,0.3,3.52340282320261,29.0607540401889,15,3780000,3.9375,2.5213176,8.9,8,MediumMobility,0,2026-08-06 15:58:06
Urban,16,EVA,2,9,0.239486891705004,64QAM,LMMSE,0,0.422126736111111,0.979817708333333,1,90.541166916382,0.863078250254751,4,0,0,0.204918,1,8,MediumMobility,0,2026-08-06 15:58:06
Urban,16,EVA,2,9,0.253012823590573,64QAM,LMMSE,5,0.395160590277778,0.976328125,1,86.7007969462044,1.23953821016478,4,0,0,0.2034329,1,8,MediumMobility,0,2026-08-06 15:58:07
Urban,16,EVA,2,9,0.250045557511882,64QAM,LMMSE,10,0.389704861111111,0.973359375,1,82.9945644140284,1.61900700122428,4,0,0,0.202604,1,8,MediumMobility,0,2026-08-06 15:58:07
Urban,16,EVA,2,9,0.252900546727924,64QAM,LMMSE,15,0.376124131944444,0.96234375,1,72.2719488629556,2.82060468147609,5,0,0,0.2386323,1,8,MediumMobility,0,2026-08-06 15:58:07
Urban,16,EVA,2,9,0.246000610664476,64QAM,LMMSE,20,0.249900173611111,0.805494791666667,1,43.5136523561366,7.22748924586952,7,0,0,0.2283023,1,8,MediumMobility,0,2026-08-06 15:58:07
Urban,16,EVA,2,9,0.251736510018138,64QAM,LMMSE,25,0.0971571180555556,0.3965625,0.9,20.7513365846613,13.6590785066054,10,540000,0.5625,0.2127887,1,8,MediumMobility,0,2026-08-06 15:58:07
Urban,16,EVA,2,9,0.25295137687276,64QAM,LMMSE,30,0.0541927083333333,0.241822916666667,0.6,11.8322243502237,18.5386720859359,12,2160000,2.25,0.2154317,1,8,MediumMobility,0,2026-08-06 15:58:08
Urban,16,EVA,2,9,0.219320177821985,64QAM,MPA,0,0.416788194444444,0.980390625,1,89.9567804961385,0.919321922394147,4,0,0,0.6043955,10,8,MediumMobility,0,2026-08-06 15:58:08
Urban,16,EVA,2,9,0.169323006322373,64QAM,MPA,5,0.391106770833333,0.974947916666667,1,86.2076252255772,1.28908636635288,4,0,0,0.6863028,10,8,MediumMobility,0,2026-08-06 15:58:09
Urban,16,EVA,2,9,0.248896100947607,64QAM,MPA,10,0.379539930555556,0.975625,1,84.7441332121485,1.43780716085364,4,0,0,0.59969,10,8,MediumMobility,0,2026-08-06 15:58:10
Urban,16,EVA,2,9,0.251100136441484,64QAM,MPA,15,0.404748263888889,0.97875,1,87.2884615844487,1.18086321326292,4,0,0,0.675722,10,8,MediumMobility,0,2026-08-06 15:58:10
Urban,16,EVA,2,9,0.250232482968351,64QAM,MPA,20,0.425946180555556,0.979427083333333,1,90.5764820623567,0.859691021388811,4,0,0,0.6352532,10,8,MediumMobility,0,2026-08-06 15:58:11
Urban,16,EVA,2,9,0.252991434616992,64QAM,MPA,25,0.450481770833333,0.982265625,1,94.4758940167153,0.493579794053495,4,0,0,0.6117201,10,8,MediumMobility,0,2026-08-06 15:58:11
Urban,16,EVA,2,9,0.246999057640965,64QAM,MPA,30,0.454947916666667,0.981067708333333,1,95.2866660727028,0.419357361042364,4,0,0,0.6693699,10,8,MediumMobility,0,2026-08-06 15:58:12
Urban,22,EVA,2,9,0.347894842598135,QPSK,MRC,0,0.236080729166667,0.4134375,1,96.3166048558754,0.32597669247794,4,0,0,1.1181109,2.5,9,MediumMobility,0,2026-08-06 15:58:13
Urban,22,EVA,2,9,0.336825137081137,QPSK,MRC,5,0.113567708333333,0.2059375,1,59.3090427264175,4.53758171221465,6,0,0,1.184147,3,9,MediumMobility,0,2026-08-06 15:58:14
Urban,22,EVA,2,9,0.338885435361623,QPSK,MRC,10,0.0266276041666667,0.0505729166666667,0.8,21.0066741723774,13.552854014154,10,360000,0.375,1.0580973,2.6,9,MediumMobility,0,2026-08-06 15:58:16
Urban,22,EVA,2,9,0.340519796229908,QPSK,MRC,15,0.0113151041666667,0.021875,0.4,11.4553976156663,18.8197966379284,13,1080000,1.125,0.8737536,2.2,9,MediumMobility,0,2026-08-06 15:58:16
Urban,22,EVA,2,9,0.347219874606956,QPSK,MRC,20,2.60416666666667e-05,5.20833333333333e-05,0.1,0.322748612183951,49.8227123303957,15,1620000,1.6875,0.8704851,2,9,MediumMobility,0,2026-08-06 15:58:17
Urban,22,EVA,2,9,0.347592601566532,QPSK,MRC,25,0,0,0,0,160,15,1800000,1.875,0.8528381,2,9,MediumMobility,0,2026-08-06 15:58:18
Urban,22,EVA,2,9,0.345444129657617,QPSK,MRC,30,0,0,0,0,160,15,1800000,1.875,0.7881721,2,9,MediumMobility,0,2026-08-06 15:58:19
Urban,22,EVA,2,9,0.34518016713205,QPSK,LMMSE,0,0.2204296875,0.380260416666667,1,90.3273851435549,0.883611236547676,4,0,0,0.1854537,1,9,MediumMobility,0,2026-08-06 15:58:19
Urban,22,EVA,2,9,0.344810420084734,QPSK,LMMSE,5,0.0998958333333333,0.183046875,1,54.8350975492587,5.21882759204756,6,0,0,0.1837881,1,9,MediumMobility,0,2026-08-06 15:58:19
Urban,22,EVA,2,9,0.347657138218961,QPSK,LMMSE,10,0.0631380208333333,0.1178125,0.8,39.259438232048,8.12111838125473,8,360000,0.375,0.1826775,1,9,MediumMobility,0,2026-08-06 15:58:19
Urban,22,EVA,2,9,0.347591079631576,QPSK,LMMSE,15,0.00697916666666667,0.0138020833333333,0.5,10.096286296998,19.9167668556527,13,900000,0.9375,0.1739178,1,9,MediumMobility,0,2026-08-06 15:58:20
Urban,22,EVA,2,9,0.341861988951519,QPSK,LMMSE,20,0.000963541666666667,0.00192708333333333,0.5,3.81642935902035,28.3668554374102,15,900000,0.9375,0.1766264,1,9,MediumMobility,0,2026-08-06 15:58:20
Urban,22,EVA,2,9,0.34429365320604,QPSK,LMMSE,25,0,0,0,0,160,15,1800000,1.875,0.1790467,1,9,MediumMobility,0,2026-08-06 15:58:20
Urban,22,EVA,2,9,0.342764111194109,QPSK,LMMSE,30,0,0,0,0,160,15,1800000,1.875,0.191934,1,9,MediumMobility,0,2026-08-06 15:58:20
Urban,22,EVA,2,9,0.325481405310876,QPSK,MPA,0,0.269557291666667,0.461223958333333,1,102.711280365732,-0.232362860565388,3,0,0,0.2211421,10,9,MediumMobility,0,2026-08-06 15:58:20
Urban,22,EVA,2,9,0.346630000559365,QPSK,MPA,5,0.213919270833333,0.376953125,1,91.4657810549358,0.774827053877498,4,0,0,0.2485104,10,9,MediumMobility,0,2026-08-06 15:58:21
Urban,22,EVA,2,9,0.337703659127335,QPSK,MPA,10,0.170078125,0.3103125,1,81.9062520992059,1.7336589248522,4,0,0,0.2381438,10,9,MediumMobility,0,2026-08-06 15:58:21
Urban,22,EVA,2,9,0.347860168080111,QPSK,MPA,15,0.122734375,0.229296875,1,69.187355892106,3.1994653270572,5,0,0,0.2173377,10,9,MediumMobility,0,2026-08-06 15:58:21
Urban,22,EVA,2,9,0.346352517887975,QPSK,MPA,20,0.134635416666667,0.250625,1,72.931638321547,2.74168060848343,5,0,0,0.2482785,10,9,MediumMobility,0,2026-08-06 15:58:21
Urban,22,EVA,2,9,0.347856725448804,QPSK,MPA,25,0.104661458333333,0.197578125,1,63.9299283392543,3.88591564756044,5,0,0,0.2416204,10,9,MediumMobility,0,2026-08-06 15:58:22
Urban,22,EVA,2,9,0.337049494616533,QPSK,MPA,30,0.1244140625,0.233229166666667,1,69.9915912613379,3.09908265347439,5,0,0,0.2260025,10,9,MediumMobility,0,2026-08-06 15:58:22
Urban,22,EVA,2,9,0.333352464776562,16QAM,MRC,0,0.356158854166667,0.804010416666667,1,101.991450895351,-0.171275399046639,3,0,0,1.2467843,3.5,9,MediumMobility,0,2026-08-06 15:58:23
Urban,22,EVA,2,9,0.345875040601696,16QAM,MRC,5,0.243736979166667,0.664114583333333,1,70.8570067896503,2.99234395007496,5,0,0,1.4795053,5.1,9,MediumMobility,0,2026-08-06 15:58:25
Urban,22,EVA,2,9,0.34600035337536,16QAM,MRC,10,0.101302083333333,0.332135416666667,1,37.1566147858274,8.59927719970611,8,0,0,1.6192585,4.7,9,MediumMobility,0,2026-08-06 15:58:26
Urban,22,EVA,2,9,0.347801446560017,16QAM,MRC,15,0.055546875,0.189947916666667,1,24.7209572207996,12.138694338604,10,0,0,1.7891458,4.4,9,MediumMobility,0,2026-08-06 15:58:28
Urban,22,EVA,2,9,0.343408761442816,16QAM,MRC,20,0.0225716145833333,0.08125,0.6,12.1709991331326,18.2934753701641,12,1440000,1.5,1.5812258,4.3,9,MediumMobility,0,2026-08-06 15:58:30
Urban,22,EVA,2,9,0.3476901278775,16QAM,MRC,25,0.00212890625,0.008203125,0.3,2.91699832645357,30.7012764008508,15,2520000,2.625,1.3811322,3.8,9,MediumMobility,0,2026-08-06 15:58:31
Urban,22,EVA,2,9,0.347040708848362,16QAM,MRC,30,6.51041666666667e-05,0.000260416666666667,0.2,0.453953506073816,46.8597725062757,15,2880000,3,1.113442,2.4,9,MediumMobility,0,2026-08-06 15:58:32
Urban,22,EVA,2,9,0.340881968664414,16QAM,LMMSE,0,0.356536458333333,0.883671875,1,80.4244571199822,1.89223723968972,4,0,0,0.1942223,1,9,MediumMobility,0,2026-08-06 15:58:32
Urban,22,EVA,2,9,0.307303391678863,16QAM,LMMSE,5,0.350924479166667,0.882916666666667,1,79.2707732895766,2.01773810451653,4,0,0,0.1986292,1,9,MediumMobility,0,2026-08-06 15:58:32
Urban,22,EVA,2,9,0.347811027521711,16QAM,LMMSE,10,0.228326822916667,0.659296875,1,58.8211963788251,4.60932293033009,6,0,0,0.1984405,1,9,MediumMobility,0,2026-08-06 15:58:33
Urban,22,EVA,2,9,0.318622271858197,16QAM,LMMSE,15,0.169016927083333,0.518697916666667,1,46.8208364121195,6.59121664579792,7,0,0,0.1936266,1,9,MediumMobility,0,2026-08-06 15:58:33
Urban,22,EVA,2,9,0.347277232160148,16QAM,LMMSE,20,0.0752799479166667,0.252942708333333,0.7,26.2264031059947,11.6252253573379,9,1080000,1.125,0.1745119,1,9,MediumMobility,0,2026-08-06 15:58:33
Urban,22,EVA,2,9,0.345180831163,16QAM,LMMSE,25,0.00486979166666667,0.01921875,0.4,4.80351342480784,26.3688198239812,15,2160000,2.25,0.184182,1,9,MediumMobility,0,2026-08-06 15:58:33
Urban,22,EVA,2,9,0.255062223581991,16QAM,LMMSE,30,0.01212890625,0.0443229166666667,0.5,6.81222584830145,23.334219242829,15,1800000,1.875,0.1737867,1,9,MediumMobility,0,2026-08-06 15:58:33
Urban,22,EVA,2,9,0.339159259419031,16QAM,MPA,0,0.381106770833333,0.896927083333333,1,85.6575682870183,1.34468517700981,4,0,0,0.2958883,10,9,MediumMobility,0,2026-08-06 15:58:34
Urban,22,EVA,2,9,0.305747452409541,16QAM,MPA,5,0.329830729166667,0.866328125,1,75.4111696126701,2.45128646672085,5,0,0,0.2708436,10,9,MediumMobility,0,2026-08-06 15:58:34
Urban,22,EVA,2,9,0.347849385198566,16QAM,MPA,10,0.330696614583333,0.866276041666667,1,75.4636240245332,2.4452468461872,5,0,0,0.3243694,10,9,MediumMobility,0,2026-08-06 15:58:34
Urban,22,EVA,2,9,0.344138492891335,16QAM,MPA,15,0.328854166666667,0.867109375,1,75.1075125709734,2.48633241705637,5,0,0,0.2977182,10,9,MediumMobility,0,2026-08-06 15:58:35
Urban,22,EVA,2,9,0.346290753677465,16QAM,MPA,20,0.324505208333333,0.862708333333333,1,74.0240161122369,2.61254712622103,5,0,0,0.3239707,10,9,MediumMobility,0,2026-08-06 15:58:35
Urban,22,EVA,2,9,0.337189735369669,16QAM,MPA,25,0.332994791666667,0.872213541666667,1,75.6429705190015,2.42462849271143,5,0,0,0.3534275,10,9,MediumMobility,0,2026-08-06 15:58:35
Urban,22,EVA,2,9,0.34124492098844,16QAM,MPA,30,0.33240234375,0.869557291666667,1,75.7818630672779,2.40869443941735,5,0,0,0.3815805,10,9,MediumMobility,0,2026-08-06 15:58:36
Urban,22,EVA,2,9,0.342050364508306,64QAM,MRC,0,0.407777777777778,0.945,1,109.245531425992,-0.768073632899756,3,0,0,3.1401181,9.1,9,MediumMobility,0,2026-08-06 15:58:39
Urban,22,EVA,2,9,0.345692108603275,64QAM,MRC,5,0.348758680555556,0.909505208333333,1,81.285035936737,1.79978795853937,4,0,0,2.5556675,9.2,9,MediumMobility,0,2026-08-06 15:58:41
Urban,22,EVA,2,9,0.347891271626603,64QAM,MRC,10,0.2138671875,0.748046875,1,44.2795312335434,7.07593970878545,7,0,0,3.0331599,8.1,9,MediumMobility,0,2026-08-06 15:58:44
Urban,22,EVA,2,9,0.346611042639339,64QAM,MRC,15,0.165225694444444,0.646276041666667,1,33.5337716889048,9.49035193675761,8,0,0,3.1702005,9.8,9,MediumMobility,0,2026-08-06 15:58:48
Urban,22,EVA,2,9,0.346977414747232,64QAM,MRC,20,0.07171875,0.330911458333333,1,17.7972849340024,14.9929249292355,11,0,0,3.010863,9.1,9,MediumMobility,0,2026-08-06 15:58:51
Urban,22,EVA,2,9,0.345807311168139,64QAM,MRC,25,0.016484375,0.0877604166666667,0.5,5.71366595370259,24.8617030799211,15,2700000,2.8125,3.1446804,10.8,9,MediumMobility,0,2026-08-06 15:58:54
Urban,22,EVA,2,9,0.333852161498156,64QAM,MRC,30,0.0034765625,0.02,0.5,2.45055628296622,32.2147063682223,15,2700000,2.8125,2.5045507,11,9,MediumMobility,0,2026-08-06 15:58:56
Urban,22,EVA,2,9,0.347059528756274,64QAM,LMMSE,0,0.424791666666667,0.979270833333333,1,90.823108407589,0.836072770312583,4,0,0,0.2212268,1,9,MediumMobility,0,2026-08-06 15:58:56
Urban,22,EVA,2,9,0.337004141217378,64QAM,LMMSE,5,0.409774305555556,0.978151041666667,1,88.5896645397722,1.05233885688012,4,0,0,0.2281408,1,9,MediumMobility,0,2026-08-06 15:58:57
Urban,22,EVA,2,9,0.347883591936849,64QAM,LMMSE,10,0.386206597222222,0.971119791666667,1,82.7279591683999,1.64695378465635,4,0,0,0.2171122,1,9,MediumMobility,0,2026-08-06 15:58:57
Urban,22,EVA,2,9,0.341761165744985,64QAM,LMMSE,15,0.3752734375,0.962786458333333,1,76.2474163350208,2.35549735843119,4,0,0,0.210853,1,9,MediumMobility,0,2026-08-06 15:58:57
Urban,22,EVA,2,9,0.34789375319304,64QAM,LMMSE,20,0.218758680555556,0.790651041666667,1,38.9279859266813,8.19476130840373,8,0,0,0.2138328,1,9,MediumMobility,0,2026-08-06 15:58:57
Urban,22,EVA,2,9,0.347577149747668,64QAM,LMMSE,25,0.169809027777778,0.641484375,1,32.881983255299,9.6608399230916,8,0,0,0.2202022,1,9,MediumMobility,0,2026-08-06 15:58:58
Urban,22,EVA,2,9,0.344064489821096,64QAM,LMMSE,30,0.070703125,0.258177083333333,0.6,15.0333841597718,16.4588648906197,12,2160000,2.25,0.2295056,1,9,MediumMobility,0,2026-08-06 15:58:58
Urban,22,EVA,2,9,0.344753813237534,64QAM,MPA,0,0.415980902777778,0.979192708333333,1,89.604798692058,0.953374630490595,4,0,0,0.6008886,10,9,MediumMobility,0,2026-08-06 15:58:58
Urban,22,EVA,2,9,0.33523067512301,64QAM,MPA,5,0.400464409722222,0.977552083333333,1,87.595915267625,1.15032290359992,4,0,0,0.6260899,10,9,MediumMobility,0,2026-08-06 15:58:59
Urban,22,EVA,2,9,0.344225925299139,64QAM,MPA,10,0.382877604166667,0.975494791666667,1,85.10045561214,1.40136229553301,4,0,0,0.7164256,10,9,MediumMobility,0,2026-08-06 15:59:00
Urban,22,EVA,2,9,0.34608836963015,64QAM,MPA,15,0.397712673611111,0.978020833333333,1,86.2585318891436,1.2839587554428,4,0,0,0.628408,10,9,MediumMobility,0,2026-08-06 15:59:00
Urban,22,EVA,2,9,0.335762765796409,64QAM,MPA,20,0.432313368055556,0.980546875,1,91.6273067041453,0.759501578253064,4,0,0,0.8400497,10,9,MediumMobility,0,2026-08-06 15:59:01
Urban,22,EVA,2,9,0.330572146577722,64QAM,MPA,25,0.439509548611111,0.981197916666667,1,92.8712401734577,0.642375099614742,4,0,0,0.6794665,10,9,MediumMobility,0,2026-08-06 15:59:02
Urban,22,EVA,2,9,0.347886592758681,64QAM,MPA,30,0.435607638888889,0.981041666666667,1,92.2547958136618,0.700220960554808,4,0,0,0.5944836,10,9,MediumMobility,0,2026-08-06 15:59:02
Urban,40,EVA,2,9,0.629725063829504,QPSK,MRC,0,0.211822916666667,0.370885416666667,1,89.8248195177578,0.932072934739145,4,0,0,1.1618094,2.9,10,MediumMobility,0,2026-08-06 15:59:04
Urban,40,EVA,2,9,0.629129700690957,QPSK,MRC,5,0.09359375,0.174453125,1,56.3607956154474,4.98045769629278,6,0,0,1.2814306,3.1,10,MediumMobility,0,2026-08-06 15:59:05
Urban,40,EVA,2,9,0.566978725068937,QPSK,MRC,10,0.0480338541666667,0.0912239583333333,0.9,36.4931572574716,8.75577122808584,8,180000,0.1875,1.2238202,3.3,10,MediumMobility,0,2026-08-06 15:59:06
Urban,40,EVA,2,9,0.57024603486111,QPSK,MRC,15,0.0019140625,0.00372395833333333,0.5,4.96659076224796,26.0788324716059,15,900000,0.9375,1.0093553,2.3,10,MediumMobility,0,2026-08-06 15:59:07
Urban,40,EVA,2,9,0.625900127405974,QPSK,MRC,20,0,0,0,0,160,15,1800000,1.875,0.9851257,2,10,MediumMobility,0,2026-08-06 15:59:08
Urban,40,EVA,2,9,0.632515378403245,QPSK,MRC,25,0,0,0,0,160,15,1800000,1.875,0.9096005,2,10,MediumMobility,0,2026-08-06 15:59:09
Urban,40,EVA,2,9,0.628926676402898,QPSK,MRC,30,0,0,0,0,160,15,1800000,1.875,0.9524565,2,10,MediumMobility,0,2026-08-06 15:59:10
Urban,40,EVA,2,9,0.51924630409705,QPSK,LMMSE,0,0.186510416666667,0.334791666666667,1,85.3561296081118,1.37530571608327,4,0,0,0.2139873,1,10,MediumMobility,0,2026-08-06 15:59:10
Urban,40,EVA,2,9,0.628696185641778,QPSK,LMMSE,5,0.0600390625,0.115078125,1,45.1275164807819,6.91117133020443,7,0,0,0.2107524,1,10,MediumMobility,0,2026-08-06 15:59:10
Urban,40,EVA,2,9,0.631318284280279,QPSK,LMMSE,10,0.0288932291666667,0.0546875,1,27.8273330602349,11.1105682791573,9,0,0,0.2307215,1,10,MediumMobility,0,2026-08-06 15:59:11
Urban,40,EVA,2,9,0.629644117813598,QPSK,LMMSE,15,0.000611979166666667,0.00122395833333333,0.2,2.10988210723351,33.5148362173481,15,1440000,1.5,0.2160869,1,10,MediumMobility,0,2026-08-06 15:59:11
Urban,40,EVA,2,9,0.631242442700866,QPSK,LMMSE,20,0.00217447916666667,0.00432291666666667,0.3,4.28236121963531,27.3663340501361,15,1260000,1.3125,0.2217178,1,10,MediumMobility,0,2026-08-06 15:59:11
Urban,40,EVA,2,9,0.626434795844986,QPSK,LMMSE,25,0,0,0,0,160,15,1800000,1.875,0.226262,1,10,MediumMobility,0,2026-08-06 15:59:11
Urban,40,EVA,2,9,0.628031379139194,QPSK,LMMSE,30,0,0,0,0,160,15,1800000,1.875,0.2030767,1,10,MediumMobility,0,2026-08-06 15:59:12
Urban,40,EVA,2,9,0.582864231873188,QPSK,MPA,0,0.29453125,0.500208333333333,1,108.118410682995,-0.677993060793038,3,0,0,0.2359428,10,10,MediumMobility,0,2026-08-06 15:59:12
Urban,40,EVA,2,9,0.632401505237139,QPSK,MPA,5,0.209583333333333,0.373333333333333,1,91.1218235092067,0.807551956792016,4,0,0,0.2732091,10,10,MediumMobility,0,2026-08-06 15:59:12
Urban,40,EVA,2,9,0.632178188106157,QPSK,MPA,10,0.148059895833333,0.273098958333333,1,76.172413289423,2.36404569798477,4,0,0,0.2282101,10,10,MediumMobility,0,2026-08-06 15:59:12
Urban,40,EVA,2,9,0.632512559829217,QPSK,MPA,15,0.1218359375,0.227369791666667,1,69.2691110768144,3.18920771165226,5,0,0,0.2255897,10,10,MediumMobility,0,2026-08-06 15:59:13
Urban,40,EVA,2,9,0.624711337062639,QPSK,MPA,20,0.105247395833333,0.198515625,1,64.4682035129578,3.81308863557309,5,0,0,0.2178737,10,10,MediumMobility,0,2026-08-06 15:59:13
Urban,40,EVA,2,9,0.632074423391114,QPSK,MPA,25,0.1058203125,0.200260416666667,1,64.7553578502958,3.77448584576738,5,0,0,0.2088972,10,10,MediumMobility,0,2026-08-06 15:59:13
Urban,40,EVA,2,9,0.631769468960313,QPSK,MPA,30,0.109348958333333,0.206536458333333,1,65.8618722600931,3.6273185545746,5,0,0,0.2259419,10,10,MediumMobility,0,2026-08-06 15:59:13
Urban,40,EVA,2,9,0.621361388389131,16QAM,MRC,0,0.327337239583333,0.774036458333333,1,93.7842055365196,0.557405924510668,4,0,0,1.3561057,4.1,10,MediumMobility,0,2026-08-06 15:59:15
Urban,40,EVA,2,9,0.626053922102797,16QAM,MRC,5,0.231471354166667,0.630338541666667,1,68.4241899870834,3.29580670224342,5,0,0,1.5232695,4.4,10,MediumMobility,0,2026-08-06 15:59:16
Urban,40,EVA,2,9,0.632331785375461,16QAM,MRC,10,0.166848958333333,0.516484375,1,53.0934274393929,5.49918475858698,6,0,0,1.6259533,5.4,10,MediumMobility,0,2026-08-06 15:59:18
Urban,40,EVA,2,9,0.61529484071798,16QAM,MRC,15,0.05607421875,0.197526041666667,1,25.6619332221054,11.814212589723,10,0,0,1.8297314,6.3,10,MediumMobility,0,2026-08-06 15:59:20
Urban,40,EVA,2,9,0.623738318858831,16QAM,MRC,20,0.0125325520833333,0.0469270833333333,0.9,10.2753746623683,19.7640466769548,13,360000,0.375,1.5131059,4.2,10,MediumMobility,0,2026-08-06 15:59:21
Urban,40,EVA,2,9,0.630574567352509,16QAM,MRC,25,0.000234375,0.000859375,0.1,0.609521966678624,44.3002127628348,15,3240000,3.375,1.0803376,2.6,10,MediumMobility,0,2026-08-06 15:59:22
Urban,40,EVA,2,9,0.510457741477998,16QAM,MRC,30,0.00015625,0.000546875,0.1,0.498548016017577,46.0458601537769,15,3240000,3.375,0.9644422,2.2,10,MediumMobility,0,2026-08-06 15:59:23
Urban,40,EVA,2,9,0.63250333703712,16QAM,LMMSE,0,0.3790625,0.898723958333333,1,85.231040406221,1.38804420277236,4,0,0,0.1963057,1,10,MediumMobility,0,2026-08-06 15:59:23
Urban,40,EVA,2,9,0.629402810974868,16QAM,LMMSE,5,0.334654947916667,0.8684375,1,75.704040999279,2.41761875429237,5,0,0,0.2234979,1,10,MediumMobility,0,2026-08-06 15:59:24
Urban,40,EVA,2,9,0.61300417054714,16QAM,LMMSE,10,0.283541666666667,0.770234375,1,67.8528332475487,3.3686402664706,5,0,0,0.2080732,1,10,MediumMobility,0,2026-08-06 15:59:24
Urban,40,EVA,2,9,0.630577159942105,16QAM,LMMSE,15,0.1580078125,0.50328125,1,47.6448440123454,6.4396818115912,7,0,0,0.2223295,1,10,MediumMobility,0,2026-08-06 15:59:24
Urban,40,EVA,2,9,0.629491685669968,16QAM,LMMSE,20,0.03884765625,0.14125,0.8,19.1599868480551,14.3520958673823,11,720000,0.75,0.2277361,1,10,MediumMobility,0,2026-08-06 15:59:24
Urban,40,EVA,2,9,0.632459987678456,16QAM,LMMSE,25,0.0237955729166667,0.08625,0.6,12.9897931858234,17.7279552679477,12,1440000,1.5,0.2205718,1,10,MediumMobility,0,2026-08-06 15:59:24
Urban,40,EVA,2,9,0.626009558220069,16QAM,LMMSE,30,4.55729166666667e-05,0.000182291666666667,0.1,0.270087136449575,51.3699219928154,15,3240000,3.375,0.2144071,1,10,MediumMobility,0,2026-08-06 15:59:25
Urban,40,EVA,2,9,0.632286845088074,16QAM,MPA,0,0.357610677083333,0.886015625,1,80.748699293492,1.85728929181548,4,0,0,0.3628592,10,10,MediumMobility,0,2026-08-06 15:59:25
Urban,40,EVA,2,9,0.621782694464103,16QAM,MPA,5,0.345755208333333,0.879557291666667,1,78.2311504172823,2.13240566500049,4,0,0,0.3299543,10,10,MediumMobility,0,2026-08-06 15:59:25
Urban,40,EVA,2,9,0.623415690266403,16QAM,MPA,10,0.33337890625,0.87296875,1,75.8522755116569,2.40062772342961,5,0,0,0.3239666,10,10,MediumMobility,0,2026-08-06 15:59:26
Urban,40,EVA,2,9,0.597764676478788,16QAM,MPA,15,0.338912760416667,0.876015625,1,76.9922708069707,2.27105742236,4,0,0,0.3298786,10,10,MediumMobility,0,2026-08-06 15:59:26
Urban,40,EVA,2,9,0.625289549927251,16QAM,MPA,20,0.3334375,0.869375,1,75.7295777129481,2.41468929806413,5,0,0,0.3223197,10,10,MediumMobility,0,2026-08-06 15:59:26
Urban,40,EVA,2,9,0.632487018207716,16QAM,MPA,25,0.338248697916667,0.875364583333333,1,76.6477619831746,2.31001042938129,4,0,0,0.3416876,10,10,MediumMobility,0,2026-08-06 15:59:27
Urban,40,EVA,2,9,0.618470603855632,16QAM,MPA,30,0.33158203125,0.869791666666667,1,75.4478404847832,2.44706372716854,5,0,0,0.3181967,10,10,MediumMobility,0,2026-08-06 15:59:27
Urban,40,EVA,2,9,0.629020628843631,64QAM,MRC,0,0.437686631944444,0.961276041666667,1,125.933448847066,-2.00282194454705,3,0,0,2.4112249,9.4,10,MediumMobility,0,2026-08-06 15:59:29
Urban,40,EVA,2,9,0.628686404099134,64QAM,MRC,5,0.365885416666667,0.917994791666667,1,87.416063984794,1.16817504092819,4,0,0,2.2975029,7.6,10,MediumMobility,0,2026-08-06 15:59:32
Urban,40,EVA,2,9,0.632496576471935,64QAM,MRC,10,0.249774305555556,0.803125,1,53.9059787271288,5.36726128839706,6,0,0,2.4198353,8.4,10,MediumMobility,0,2026-08-06 15:59:34
Urban,40,EVA,2,9,0.612588930164045,64QAM,MRC,15,0.138307291666667,0.5709375,1,29.9278519688103,10.4784890588326,9,0,0,2.3936021,11.2,10,MediumMobility,0,2026-08-06 15:59:36
Urban,40,EVA,2,9,0.632535810293562,64QAM,MRC,20,0.0756597222222222,0.367291666666667,1,19.7747595841485,14.0777757565171,10,0,0,2.1894137,10.5,10,MediumMobility,0,2026-08-06 15:59:39
Urban,40,EVA,2,9,0.630754957674007,64QAM,MRC,25,0.0247526041666667,0.129505208333333,0.8,8.53538457703099,21.3755381238621,14,1080000,1.125,1.8649775,8.8,10,MediumMobility,0,2026-08-06 15:59:41
Urban,40,EVA,2,9,0.620060499995235,64QAM,MRC,30,0.0148220486111111,0.071328125,0.5,4.97076691651294,26.0715320164215,15,2700000,2.8125,2.8933729,18.6,10,MediumMobility,0,2026-08-06 15:59:43
Urban,40,EVA,2,9,0.46403166660908,64QAM,LMMSE,0,0.419279513888889,0.979453125,1,90.2390045958031,0.89211407859193,4,0,0,0.2321288,1,10,MediumMobility,0,2026-08-06 15:59:44
Urban,40,EVA,2,9,0.605354741642361,64QAM,LMMSE,5,0.406549479166667,0.977447916666667,1,88.2025378157526,1.09037837819778,4,0,0,0.2515989,1,10,MediumMobility,0,2026-08-06 15:59:44
Urban,40,EVA,2,9,0.604595584260935,64QAM,LMMSE,10,0.393914930555556,0.975286458333333,1,83.7079788193466,1.54466288504176,4,0,0,0.2394285,1,10,MediumMobility,0,2026-08-06 15:59:44
Urban,40,EVA,2,9,0.613037621618746,64QAM,LMMSE,15,0.368077256944444,0.955390625,1,66.6030420931678,3.53011867962591,5,0,0,0.2429193,1,10,MediumMobility,0,2026-08-06 15:59:44
Urban,40,EVA,2,9,0.631223467101104,64QAM,LMMSE,20,0.2869921875,0.872135416666667,1,50.6929162277131,5.90105448518915,7,0,0,0.2248972,1,10,MediumMobility,0,2026-08-06 15:59:45
Urban,40,EVA,2,9,0.625226469928121,64QAM,LMMSE,25,0.2023046875,0.74828125,1,37.16054529647,8.59835843527385,8,0,0,0.2186464,1,10,MediumMobility,0,2026-08-06 15:59:45
Urban,40,EVA,2,9,0.628457389443923,64QAM,LMMSE,30,0.091953125,0.393046875,0.9,20.5965661368941,13.724103584954,10,540000,0.5625,0.2275156,1,10,MediumMobility,0,2026-08-06 15:59:45
Urban,40,EVA,2,9,0.599166917566436,64QAM,MPA,0,0.421653645833333,0.978203125,1,90.7094800977283,0.846946444248854,4,0,0,0.6978315,10,10,MediumMobility,0,2026-08-06 15:59:46
Urban,40,EVA,2,9,0.560637324676192,64QAM,MPA,5,0.399913194444444,0.976692708333333,1,87.3347727154284,1.17625611291058,4,0,0,0.7145591,10,10,MediumMobility,0,2026-08-06 15:59:47
Urban,40,EVA,2,9,0.632326860250664,64QAM,MPA,10,0.384114583333333,0.975677083333333,1,85.228343222128,1.38831907697253,4,0,0,0.7692023,10,10,MediumMobility,0,2026-08-06 15:59:47
Urban,40,EVA,2,9,0.628426273156088,64QAM,MPA,15,0.402473958333333,0.977552083333333,1,87.1578738437975,1.19386745221663,4,0,0,0.7503188,10,10,MediumMobility,0,2026-08-06 15:59:48
Urban,40,EVA,2,9,0.619490380356137,64QAM,MPA,20,0.423676215277778,0.978697916666667,1,90.22418371761,0.893540768586907,4,0,0,0.7598984,10,10,MediumMobility,0,2026-08-06 15:59:49
Urban,40,EVA,2,9,0.628177240056943,64QAM,MPA,25,0.429375,0.980182291666667,1,91.5474153956015,0.767078247403679,4,0,0,0.7070578,10,10,MediumMobility,0,2026-08-06 15:59:50
Urban,40,EVA,2,9,0.621857520380536,64QAM,MPA,30,0.447326388888889,0.982291666666667,1,94.3117547664491,0.50868349158366,4,0,0,0.7140416,10,10,MediumMobility,0,2026-08-06 15:59:50
Urban,19,EVA,2,9,0.299923747959081,QPSK,MRC,0,0.2249609375,0.390078125,1,92.1060164672269,0.714240005579641,4,0,0,1.1694246,2.9,11,MediumMobility,0,2026-08-06 15:59:51
Urban,19,EVA,2,9,0.298443084909677,QPSK,MRC,5,0.0933203125,0.170963541666667,1,56.115942851501,5.01827471470517,6,0,0,1.3642123,3.1,11,MediumMobility,0,2026-08-06 15:59:53
Urban,19,EVA,2,9,0.294492136973035,QPSK,MRC,10,0.0486979166666667,0.090234375,0.9,32.3868125094277,9.79263585775625,8,180000,0.1875,1.1352754,2.7,11,MediumMobility,0,2026-08-06 15:59:54
Urban,19,EVA,2,9,0.296713954320539,QPSK,MRC,15,0.0128255208333333,0.0245052083333333,0.6,12.4057154856823,18.1275636644771,12,720000,0.75,1.0951377,2.3,11,MediumMobility,0,2026-08-06 15:59:55
Urban,19,EVA,2,9,0.293311028997201,QPSK,MRC,20,1.30208333333333e-05,2.60416666666667e-05,0.1,0.228217732293819,52.8330122870355,15,1620000,1.6875,0.9952978,2.1,11,MediumMobility,0,2026-08-06 15:59:56
Urban,19,EVA,2,9,0.294231474991075,QPSK,MRC,25,0,0,0,0,160,15,1800000,1.875,1.0504875,2.1,11,MediumMobility,0,2026-08-06 15:59:57
Urban,19,EVA,2,9,0.290432624203709,QPSK,MRC,30,0,0,0,0,160,15,1800000,1.875,1.0236946,2,11,MediumMobility,0,2026-08-06 15:59:58
Urban,19,EVA,2,9,0.298846527423978,QPSK,LMMSE,0,0.186171875,0.325286458333333,1,82.4088484769009,1.68052308684039,4,0,0,0.2157908,1,11,MediumMobility,0,2026-08-06 15:59:58
Urban,19,EVA,2,9,0.240309197000751,QPSK,LMMSE,5,0.140052083333333,0.253854166666667,1,69.0181211966811,3.22073734395636,5,0,0,0.2246176,1,11,MediumMobility,0,2026-08-06 15:59:59
Urban,19,EVA,2,9,0.293576434218661,QPSK,LMMSE,10,0.0636328125,0.1209375,0.9,43.6605145308939,7.19822301037026,7,180000,0.1875,0.1888058,1,11,MediumMobility,0,2026-08-06 15:59:59
Urban,19,EVA,2,9,0.30045352084836,QPSK,LMMSE,15,0.0120833333333333,0.0235416666666667,0.5,13.3720280884828,17.4760543965097,12,900000,0.9375,0.2142084,1,11,MediumMobility,0,2026-08-06 15:59:59
Urban,19,EVA,2,9,0.294707283449674,QPSK,LMMSE,20,1.30208333333333e-05,2.60416666666667e-05,0.1,0.228217732293819,52.8330122870355,15,1620000,1.6875,0.2101966,1,11,MediumMobility,0,2026-08-06 15:59:59
Urban,19,EVA,2,9,0.299295020112002,QPSK,LMMSE,25,0,0,0,0,160,15,1800000,1.875,0.2059649,1,11,MediumMobility,0,2026-08-06 15:59:59
Urban,19,EVA,2,9,0.293712165150557,QPSK,LMMSE,30,0,0,0,0,160,15,1800000,1.875,0.2063794,1,11,MediumMobility,0,2026-08-06 16:00:00
Urban,19,EVA,2,9,0.300315916594542,QPSK,MPA,0,0.2202734375,0.383697916666667,1,91.5653230985751,0.765379355961443,4,0,0,0.2417572,10,11,MediumMobility,0,2026-08-06 16:00:00
Urban,19,EVA,2,9,0.300409235940243,QPSK,MPA,5,0.190065104166667,0.341510416666667,1,86.351655819266,1.27458660575775,4,0,0,0.2235884,10,11,MediumMobility,0,2026-08-06 16:00:00
Urban,19,EVA,2,9,0.295904486266233,QPSK,MPA,10,0.1620703125,0.294635416666667,1,79.4082937047899,2.00268271666723,4,0,0,0.2343352,10,11,MediumMobility,0,2026-08-06 16:00:00
Urban,19,EVA,2,9,0.300230064318047,QPSK,MPA,15,0.11796875,0.220572916666667,1,68.1580081297291,3.32966220018732,5,0,0,0.220303,10,11,MediumMobility,0,2026-08-06 16:00:00
Urban,19,EVA,2,9,0.295642741314038,QPSK,MPA,20,0.10109375,0.190625,1,62.8157400519268,4.0386303860259,5,0,0,0.2403012,10,11,MediumMobility,0,2026-08-06 16:00:01
Urban,19,EVA,2,9,0.299932747051709,QPSK,MPA,25,0.100833333333333,0.190859375,1,63.0164988974001,4.01091458489623,5,0,0,0.2523549,10,11,MediumMobility,0,2026-08-06 16:00:01
Urban,19,EVA,2,9,0.276481194156303,QPSK,MPA,30,0.118541666666667,0.222447916666667,1,68.1852142305064,3.32619581311095,5,0,0,0.2185434,10,11,MediumMobility,0,2026-08-06 16:00:01
Urban,19,EVA,2,9,0.283676569391904,16QAM,MRC,0,0.334694010416667,0.785442708333333,1,95.9455191899456,0.359506054113877,4,0,0,1.3877107,4,11,MediumMobility,0,2026-08-06 16:00:03
Urban,19,EVA,2,9,0.293819510866742,16QAM,MRC,5,0.217884114583333,0.630520833333333,1,63.908223261998,3.88886512555403,5,0,0,1.3287339,4.4,11,MediumMobility,0,2026-08-06 16:00:04
Urban,19,EVA,2,9,0.300369785342883,16QAM,MRC,10,0.1646484375,0.481458333333333,1,52.3863797540236,5.61563226283187,6,0,0,1.1925089,4.3,11,MediumMobility,0,2026-08-06 16:00:05
Urban,19,EVA,2,9,0.292315742885525,16QAM,MRC,15,0.1001171875,0.337578125,0.9,35.7360765525209,8.93786260410818,8,360000,0.375,1.5955466,5.7,11,MediumMobility,0,2026-08-06 16:00:07
Urban,19,EVA,2,9,0.286971972530989,16QAM,MRC,20,0.01232421875,0.0451822916666667,0.5,9.3687464987347,20.566370242222,13,1800000,1.875,1.619668,4,11,MediumMobility,0,2026-08-06 16:00:08
Urban,19,EVA,2,9,0.297877726270137,16QAM,MRC,25,1.953125e-05,7.8125e-05,0.2,0.245636457570293,52.1941434878693,15,2880000,3,1.1729637,2.3,11,MediumMobility,0,2026-08-06 16:00:09
Urban,19,EVA,2,9,0.273895958016954,16QAM,MRC,30,0,0,0,0,160,15,3600000,3.75,0.8737615,2.2,11,MediumMobility,0,2026-08-06 16:00:10
Urban,19,EVA,2,9,0.280793684513129,16QAM,LMMSE,0,0.383040364583333,0.896614583333333,1,86.3309269471747,1.27667191967057,4,0,0,0.1766371,1,11,MediumMobility,0,2026-08-06 16:00:11
Urban,19,EVA,2,9,0.286439584889808,16QAM,LMMSE,5,0.339088541666667,0.870833333333333,1,77.3352216625034,2.23245330668054,4,0,0,0.1606001,1,11,MediumMobility,0,2026-08-06 16:00:11
Urban,19,EVA,2,9,0.300214323668273,16QAM,LMMSE,10,0.285768229166667,0.796041666666667,1,68.6505090612541,3.26712476019087,5,0,0,0.1614641,1,11,MediumMobility,0,2026-08-06 16:00:11
Urban,19,EVA,2,9,0.299990814156353,16QAM,LMMSE,15,0.16587890625,0.512317708333333,1,46.4051768616559,6.66867135569578,7,0,0,0.1739277,1,11,MediumMobility,0,2026-08-06 16:00:11
Urban,19,EVA,2,9,0.298924558796908,16QAM,LMMSE,20,0.0447200520833333,0.155390625,0.7,18.8778684085725,14.4809409112012,11,1080000,1.125,0.1623398,1,11,MediumMobility,0,2026-08-06 16:00:11
Urban,19,EVA,2,9,0.299878190865717,16QAM,LMMSE,25,0.0164192708333333,0.0616145833333333,0.6,9.71055560059452,20.2551184144676,13,1440000,1.5,0.1846163,1,11,MediumMobility,0,2026-08-06 16:00:11
Urban,19,EVA,2,9,0.300337561083884,16QAM,LMMSE,30,0.00861979166666667,0.033359375,0.4,6.99012323484476,23.1103033527794,15,2160000,2.25,0.2015847,1,11,MediumMobility,0,2026-08-06 16:00:12
Urban,19,EVA,2,9,0.297252607504659,16QAM,MPA,0,0.376634114583333,0.893984375,1,84.5117258447016,1.4616605863676,4,0,0,0.2884878,10,11,MediumMobility,0,2026-08-06 16:00:12
Urban,19,EVA,2,9,0.295442004504084,16QAM,MPA,5,0.33421875,0.871875,1,76.1109727831753,2.37105454509928,4,0,0,0.3014616,10,11,MediumMobility,0,2026-08-06 16:00:12
Urban,19,EVA,2,9,0.300412854563886,16QAM,MPA,10,0.336432291666667,0.873463541666667,1,76.2181360067523,2.358833531083,4,0,0,0.2928968,10,11,MediumMobility,0,2026-08-06 16:00:12
Urban,19,EVA,2,9,0.300218486968071,16QAM,MPA,15,0.3291796875,0.86828125,1,74.9835202318714,2.50068349450977,5,0,0,0.3079371,10,11,MediumMobility,0,2026-08-06 16:00:13
Urban,19,EVA,2,9,0.300448363371242,16QAM,MPA,20,0.344837239583333,0.877682291666667,1,77.9749516437283,2.16089771798091,4,0,0,0.3203867,10,11,MediumMobility,0,2026-08-06 16:00:13
Urban,19,EVA,2,9,0.299889250731159,16QAM,MPA,25,0.336608072916667,0.871302083333333,1,76.547647340242,2.32136305237828,4,0,0,0.3284061,10,11,MediumMobility,0,2026-08-06 16:00:13
Urban,19,EVA,2,9,0.28910994865391,16QAM,MPA,30,0.344055989583333,0.876875,1,77.7790769402546,2.18274430480298,4,0,0,0.3649972,10,11,MediumMobility,0,2026-08-06 16:00:14
Urban,19,EVA,2,9,0.300002688762366,64QAM,MRC,0,0.391228298611111,0.936302083333333,1,99.9488974369702,0.00443984676138586,3,0,0,1.5661507,7.7,11,MediumMobility,0,2026-08-06 16:00:15
Urban,19,EVA,2,9,0.298704350879389,64QAM,MRC,5,0.346471354166667,0.908307291666667,1,80.6687352317369,1.86589504217047,4,0,0,1.7510096,8.1,11,MediumMobility,0,2026-08-06 16:00:17
Urban,19,EVA,2,9,0.2836822053915,64QAM,MRC,10,0.192144097222222,0.656640625,1,41.5656077631535,7.62531729914976,7,0,0,1.7534022,7,11,MediumMobility,0,2026-08-06 16:00:19
Urban,19,EVA,2,9,0.272273698497873,64QAM,MRC,15,0.177074652777778,0.644427083333333,1,36.1501609706167,8.83779529049002,8,0,0,2.3321027,12.6,11,MediumMobility,0,2026-08-06 16:00:21
Urban,19,EVA,2,9,0.297573962552804,64QAM,MRC,20,0.0413932291666667,0.217213541666667,0.9,13.0320156494675,17.6997681435531,12,540000,0.5625,1.6977127,7.2,11,MediumMobility,0,2026-08-06 16:00:23
Urban,19,EVA,2,9,0.234989887873774,64QAM,MRC,25,0.0576041666666667,0.259088541666667,0.8,15.2031194386941,16.3613458516113,12,1080000,1.125,2.1188872,10,11,MediumMobility,0,2026-08-06 16:00:25
Urban,19,EVA,2,9,0.283806023704396,64QAM,MRC,30,0.00919704861111111,0.0472135416666667,0.4,2.86059610159416,30.8708691510027,15,3240000,3.375,1.7903473,9.1,11,MediumMobility,0,2026-08-06 16:00:27
Urban,19,EVA,2,9,0.300136699863159,64QAM,LMMSE,0,0.4208984375,0.979010416666667,1,90.5692743811107,0.860382234090796,4,0,0,0.2023049,1,11,MediumMobility,0,2026-08-06 16:00:27
Urban,19,EVA,2,9,0.293241689269925,64QAM,LMMSE,5,0.393177083333333,0.97671875,1,86.4643837513908,1.26325498956207,4,0,0,0.2053171,1,11,MediumMobility,0,2026-08-06 16:00:27
Urban,19,EVA,2,9,0.299558465523401,64QAM,LMMSE,10,0.393663194444444,0.974713541666667,1,82.8218704562859,1.63709931157485,4,0,0,0.2046169,1,11,MediumMobility,0,2026-08-06 16:00:27
Urban,19,EVA,2,9,0.277396165148567,64QAM,LMMSE,15,0.361280381944444,0.952864583333333,1,68.4040804374479,3.29835981980487,5,0,0,0.1948331,1,11,MediumMobility,0,2026-08-06 16:00:28
Urban,19,EVA,2,9,0.300453181223357,64QAM,LMMSE,20,0.242534722222222,0.781744791666667,1,42.6044845931667,7.41089368388117,7,0,0,0.2103042,1,11,MediumMobility,0,2026-08-06 16:00:28
Urban,19,EVA,2,9,0.296833087710869,64QAM,LMMSE,25,0.106848958333333,0.474583333333333,1,23.0874914407667,12.7324650511562,10,0,0,0.2134299,1,11,MediumMobility,0,2026-08-06 16:00:28
Urban,19,EVA,2,9,0.297844429857642,64QAM,LMMSE,30,0.0672309027777778,0.320364583333333,0.8,15.9089118007081,15.9671905178297,11,1080000,1.125,0.1962328,1,11,MediumMobility,0,2026-08-06 16:00:28
Urban,19,EVA,2,9,0.285538828569256,64QAM,MPA,0,0.427881944444444,0.9796875,1,91.5597180671079,0.765911065709571,4,0,0,0.6422036,10,11,MediumMobility,0,2026-08-06 16:00:29
Urban,19,EVA,2,9,0.282491121151336,64QAM,MPA,5,0.410933159722222,0.978489583333333,1,88.917211154416,1.02028334394179,4,0,0,0.7064622,10,11,MediumMobility,0,2026-08-06 16:00:30
Urban,19,EVA,2,9,0.265807010456139,64QAM,MPA,10,0.389231770833333,0.97640625,1,85.6123874456542,1.34926783494614,4,0,0,0.6449024,10,11,MediumMobility,0,2026-08-06 16:00:30
Urban,19,EVA,2,9,0.29891241418024,64QAM,MPA,15,0.411831597222222,0.978072916666667,1,88.0884245195954,1.10162314788944,4,0,0,0.6821454,10,11,MediumMobility,0,2026-08-06 16:00:31
Urban,19,EVA,2,9,0.298190762389812,64QAM,MPA,20,0.425724826388889,0.980364583333333,1,90.5921198030026,0.858191559689848,4,0,0,0.7100294,10,11,MediumMobility,0,2026-08-06 16:00:32
Urban,19,EVA,2,9,0.298434539385413,64QAM,MPA,25,0.428211805555556,0.979505208333333,1,91.2864535632891,0.791873294704023,4,0,0,0.6573496,10,11,MediumMobility,0,2026-08-06 16:00:32
Urban,19,EVA,2,9,0.291216858684921,64QAM,MPA,30,0.445499131944444,0.981223958333333,1,93.953056888363,0.541781699635235,4,0,0,0.6483561,10,11,MediumMobility,0,2026-08-06 16:00:33
Urban,28,EVA,2,9,0.441350047623302,QPSK,MRC,0,0.2433203125,0.419713541666667,1,96.5372215225613,0.306104098907646,4,0,0,1.1773614,3.3,12,MediumMobility,0,2026-08-06 16:00:34
Urban,28,EVA,2,9,0.441041255216917,QPSK,MRC,5,0.105182291666667,0.192005208333333,1,58.7764646039774,4.61593080458768,6,0,0,1.1774765,3.3,12,MediumMobility,0,2026-08-06 16:00:35
Urban,28,EVA,2,9,0.434872643311805,QPSK,MRC,10,0.0391015625,0.0748177083333333,0.9,31.6375566472132,9.99594128452834,8,180000,0.1875,1.1153129,2.9,12,MediumMobility,0,2026-08-06 16:00:36
Urban,28,EVA,2,9,0.440989903845759,QPSK,MRC,15,0.00188802083333333,0.00375,0.4,4.4824639519979,26.9696638870115,15,1080000,1.125,1.0180037,2.2,12,MediumMobility,0,2026-08-06 16:00:37
Urban,28,EVA,2,9,0.439674668631305,QPSK,MRC,20,0,0,0,0,160,15,1800000,1.875,0.9865667,2.1,12,MediumMobility,0,2026-08-06 16:00:38
Urban,28,EVA,2,9,0.442232986489956,QPSK,MRC,25,0,0,0,0,160,15,1800000,1.875,0.9891909,2,12,MediumMobility,0,2026-08-06 16:00:39
Urban,28,EVA,2,9,0.438135788048986,QPSK,MRC,30,0,0,0,0,160,15,1800000,1.875,1.0291003,2,12,MediumMobility,0,2026-08-06 16:00:40
Urban,28,EVA,2,9,0.438183257851089,QPSK,LMMSE,0,0.213333333333333,0.374088541666667,1,88.937904243726,1.01826217192854,4,0,0,0.2073943,1,12,MediumMobility,0,2026-08-06 16:00:41
Urban,28,EVA,2,9,0.440923830710689,QPSK,LMMSE,5,0.1151171875,0.211953125,1,64.9319525839884,3.75083074319132,5,0,0,0.1842721,1,12,MediumMobility,0,2026-08-06 16:00:41
Urban,28,EVA,2,9,0.428333833444884,QPSK,LMMSE,10,0.0182421875,0.035859375,1,24.1216335714627,12.3518656826703,10,0,0,0.2093436,1,12,MediumMobility,0,2026-08-06 16:00:41
Urban,28,EVA,2,9,0.440356013114767,QPSK,LMMSE,15,0.0165885416666667,0.0323177083333333,0.7,17.8033744569866,14.9899534716272,11,540000,0.5625,0.1764158,1,12,MediumMobility,0,2026-08-06 16:00:41
Urban,28,EVA,2,9,0.437665711704614,QPSK,LMMSE,20,0.0001953125,0.000390625,0.2,1.14559934793943,38.8193448446208,15,1440000,1.5,0.1850739,1,12,MediumMobility,0,2026-08-06 16:00:41
Urban,28,EVA,2,9,0.435756777127895,QPSK,LMMSE,25,0,0,0,0,160,15,1800000,1.875,0.2071104,1,12,MediumMobility,0,2026-08-06 16:00:42
Urban,28,EVA,2,9,0.434854911187204,QPSK,LMMSE,30,0,0,0,0,160,15,1800000,1.875,0.2172873,1,12,MediumMobility,0,2026-08-06 16:00:42
Urban,28,EVA,2,9,0.432283236560526,QPSK,MPA,0,0.2871484375,0.488411458333333,1,106.712288886076,-0.564288704908914,3,0,0,0.2359817,10,12,MediumMobility,0,2026-08-06 16:00:42
Urban,28,EVA,2,9,0.441961817685561,QPSK,MPA,5,0.211666666666667,0.37578125,1,91.5873203256528,0.763292948863112,4,0,0,0.2045147,10,12,MediumMobility,0,2026-08-06 16:00:42
Urban,28,EVA,2,9,0.425950079877556,QPSK,MPA,10,0.1591796875,0.2934375,1,78.913689661657,2.0569530083595,4,0,0,0.2198101,10,12,MediumMobility,0,2026-08-06 16:00:43
Urban,28,EVA,2,9,0.433372071798765,QPSK,MPA,15,0.118385416666667,0.221640625,1,68.2378551382685,3.31949264860839,5,0,0,0.2230899,10,12,MediumMobility,0,2026-08-06 16:00:43
Urban,28,EVA,2,9,0.442719887724978,QPSK,MPA,20,0.1190625,0.223489583333333,1,68.5246019649585,3.28306956886645,5,0,0,0.2152386,10,12,MediumMobility,0,2026-08-06 16:00:43
Urban,28,EVA,2,9,0.441313555013883,QPSK,MPA,25,0.0907552083333333,0.173098958333333,1,59.841090185755,4.4600100617807,6,0,0,0.1763322,10,12,MediumMobility,0,2026-08-06 16:00:43
Urban,28,EVA,2,9,0.442754246959059,QPSK,MPA,30,0.108958333333333,0.205,1,65.629479881426,3.65802075091873,5,0,0,0.225164,10,12,MediumMobility,0,2026-08-06 16:00:43
Urban,28,EVA,2,9,0.442289307024494,16QAM,MRC,0,0.3542578125,0.802838541666667,1,101.277829499847,-0.11028770687389,3,0,0,1.4177131,4.3,12,MediumMobility,0,2026-08-06 16:00:45
Urban,28,EVA,2,9,0.325795980490204,16QAM,MRC,5,0.207649739583333,0.59921875,1,61.6689161301106,4.19867369009192,5,0,0,1.3808472,4.9,12,MediumMobility,0,2026-08-06 16:00:46
Urban,28,EVA,2,9,0.442753754395071,16QAM,MRC,10,0.13271484375,0.434453125,1,46.0343250766244,6.73836439581153,7,0,0,1.6681324,5.2,12,MediumMobility,0,2026-08-06 16:00:48
Urban,28,EVA,2,9,0.442733354860338,16QAM,MRC,15,0.05025390625,0.185390625,1,25.7810994849963,11.7739713051413,10,0,0,1.4878923,4.9,12,MediumMobility,0,2026-08-06 16:00:49
Urban,28,EVA,2,9,0.44147444599793,16QAM,MRC,20,0.00520182291666667,0.0199739583333333,0.5,4.80853449297679,26.3597452857931,15,1800000,1.875,1.0827674,3.2,12,MediumMobility,0,2026-08-06 16:00:50
Urban,28,EVA,2,9,0.440628847990455,16QAM,MRC,25,0.00171875,0.005625,0.3,2.18810228394566,33.1986476109867,15,2520000,2.625,1.0747708,3,12,MediumMobility,0,2026-08-06 16:00:52
Urban,28,EVA,2,9,0.427135231997869,16QAM,MRC,30,0,0,0,0,160,15,3600000,3.75,0.7641816,2,12,MediumMobility,0,2026-08-06 16:00:52
Urban,28,EVA,2,9,0.43765543888749,16QAM,LMMSE,0,0.384322916666667,0.900807291666667,1,86.0455392958745,1.3054327820105,4,0,0,0.1638585,1,12,MediumMobility,0,2026-08-06 16:00:52
Urban,28,EVA,2,9,0.442608808919608,16QAM,LMMSE,5,0.34958984375,0.878463541666667,1,79.4038845455928,2.00316501557673,4,0,0,0.1787428,1,12,MediumMobility,0,2026-08-06 16:00:53
Urban,28,EVA,2,9,0.43909419781411,16QAM,LMMSE,10,0.2697265625,0.761458333333333,1,65.9666151266436,3.61351599658863,5,0,0,0.1798528,1,12,MediumMobility,0,2026-08-06 16:00:53
Urban,28,EVA,2,9,0.425427167139588,16QAM,LMMSE,15,0.186731770833333,0.569661458333333,1,52.0975867050861,5.66364787755608,6,0,0,0.1952254,1,12,MediumMobility,0,2026-08-06 16:00:53
Urban,28,EVA,2,9,0.432415331759849,16QAM,LMMSE,20,0.06537109375,0.21515625,0.7,22.0541704913943,13.1301854480629,10,1080000,1.125,0.2133406,1,12,MediumMobility,0,2026-08-06 16:00:53
Urban,28,EVA,2,9,0.434451213226124,16QAM,LMMSE,25,0.0132942708333333,0.0519791666666667,0.7,11.5028300941391,18.7839059006571,13,1080000,1.125,0.1931426,1,12,MediumMobility,0,2026-08-06 16:00:53
Urban,28,EVA,2,9,0.442550741267572,16QAM,LMMSE,30,0.00091796875,0.00364583333333333,0.4,2.18806387102718,33.1988000962256,15,2160000,2.25,0.2067991,1,12,MediumMobility,0,2026-08-06 16:00:54
Urban,28,EVA,2,9,0.442541527817694,16QAM,MPA,0,0.383209635416667,0.899453125,1,86.0581630651694,1.3041585657606,4,0,0,0.3688667,10,12,MediumMobility,0,2026-08-06 16:00:54
Urban,28,EVA,2,9,0.410586386549084,16QAM,MPA,5,0.34619140625,0.881145833333333,1,77.8587794130178,2.1738481794124,4,0,0,0.3526011,10,12,MediumMobility,0,2026-08-06 16:00:54
Urban,28,EVA,2,9,0.328256758320865,16QAM,MPA,10,0.33,0.86703125,1,75.190759629984,2.47671055207265,5,0,0,0.3724197,10,12,MediumMobility,0,2026-08-06 16:00:55
Urban,28,EVA,2,9,0.40092458894983,16QAM,MPA,15,0.327115885416667,0.865494791666667,1,74.5151019845554,2.55511399633987,5,0,0,0.3428757,10,12,MediumMobility,0,2026-08-06 16:00:55
Urban,28,EVA,2,9,0.441140020646826,16QAM,MPA,20,0.326243489583333,0.863802083333333,1,74.6633329105957,2.53785254847473,5,0,0,0.341287,10,12,MediumMobility,0,2026-08-06 16:00:55
Urban,28,EVA,2,9,0.44249627896896,16QAM,MPA,25,0.337096354166667,0.871666666666667,1,76.5705618387296,2.31876332491899,4,0,0,0.3306054,10,12,MediumMobility,0,2026-08-06 16:00:56
Urban,28,EVA,2,9,0.43891238063677,16QAM,MPA,30,0.33703125,0.874401041666667,1,76.4210027056313,2.33574536627704,4,0,0,0.3371199,10,12,MediumMobility,0,2026-08-06 16:00:56
Urban,28,EVA,2,9,0.436014783613028,64QAM,MRC,0,0.415355902777778,0.951302083333333,1,111.0020072825,-0.906616646693754,3,0,0,2.5274267,10,12,MediumMobility,0,2026-08-06 16:00:59
Urban,28,EVA,2,9,0.426998955916866,64QAM,MRC,5,0.361779513888889,0.90859375,1,91.3442948671417,0.786371447913148,4,0,0,2.041558,8.8,12,MediumMobility,0,2026-08-06 16:01:01
Urban,28,EVA,2,9,0.42914594654603,64QAM,MRC,10,0.257452256944444,0.807838541666667,1,52.7050877886094,5.56294917891227,6,0,0,1.7751288,9.4,12,MediumMobility,0,2026-08-06 16:01:02
Urban,28,EVA,2,9,0.41377859400853,64QAM,MRC,15,0.1033984375,0.4809375,1,24.4819313789178,12.2230864738958,10,0,0,1.5920887,6.1,12,MediumMobility,0,2026-08-06 16:01:04
Urban,28,EVA,2,9,0.442739020951767,64QAM,MRC,20,0.0438020833333333,0.225494791666667,1,13.9779075304019,17.0911567377805,12,0,0,2.0124001,8.2,12,MediumMobility,0,2026-08-06 16:01:06
Urban,28,EVA,2,9,0.442347930814988,64QAM,MRC,25,0.0146918402777778,0.0775260416666667,0.8,5.79796586371673,24.7344869187826,15,1080000,1.125,1.9767921,8.9,12,MediumMobility,0,2026-08-06 16:01:08
Urban,28,EVA,2,9,0.441255409934275,64QAM,MRC,30,0.0165755208333333,0.0869270833333333,0.6,5.72430903945001,24.8455385586755,15,2160000,2.25,2.2212538,11.1,12,MediumMobility,0,2026-08-06 16:01:10
Urban,28,EVA,2,9,0.441900374326802,64QAM,LMMSE,0,0.42515625,0.979140625,1,91.0333983130576,0.815984891600278,4,0,0,0.2072734,1,12,MediumMobility,0,2026-08-06 16:01:10
Urban,28,EVA,2,9,0.432443827592493,64QAM,LMMSE,5,0.390490451388889,0.973802083333333,1,84.4826491811116,1.46464952246017,4,0,0,0.198219,1,12,MediumMobility,0,2026-08-06 16:01:11
Urban,28,EVA,2,9,0.428548693174691,64QAM,LMMSE,10,0.387530381944444,0.972005208333333,1,81.6657161295256,1.7592045047608,4,0,0,0.2225676,1,12,MediumMobility,0,2026-08-06 16:01:11
Urban,28,EVA,2,9,0.428883392410736,64QAM,LMMSE,15,0.363077256944444,0.95234375,1,68.1700001908177,3.32813409571782,5,0,0,0.2229321,1,12,MediumMobility,0,2026-08-06 16:01:11
Urban,28,EVA,2,9,0.417663565585017,64QAM,LMMSE,20,0.300950520833333,0.892395833333333,1,53.8297306464612,5.37955586608574,6,0,0,0.2332318,1,12,MediumMobility,0,2026-08-06 16:01:11
Urban,28,EVA,2,9,0.441196784558207,64QAM,LMMSE,25,0.172113715277778,0.666848958333333,1,32.7552157533736,9.69439071188491,8,0,0,0.2173791,1,12,MediumMobility,0,2026-08-06 16:01:12
Urban,28,EVA,2,9,0.417779224717182,64QAM,LMMSE,30,0.0874001736111111,0.346380208333333,0.8,18.4700301789465,14.6706478989491,11,1080000,1.125,0.2263156,1,12,MediumMobility,0,2026-08-06 16:01:12
Urban,28,EVA,2,9,0.438259786985644,64QAM,MPA,0,0.432126736111111,0.981302083333333,1,91.9994974344582,0.724290901357968,4,0,0,0.6831362,10,12,MediumMobility,0,2026-08-06 16:01:12
Urban,28,EVA,2,9,0.437869858329545,64QAM,MPA,5,0.3987890625,0.977604166666667,1,87.3255844864766,1.17716997732717,4,0,0,0.7293066,10,12,MediumMobility,0,2026-08-06 16:01:13
Urban,28,EVA,2,9,0.440997004469757,64QAM,MPA,10,0.391241319444444,0.977395833333333,1,86.1497993962944,1.2949145897825,4,0,0,0.6844493,10,12,MediumMobility,0,2026-08-06 16:01:14
Urban,28,EVA,2,9,0.404774539367828,64QAM,MPA,15,0.404565972222222,0.976953125,1,87.2684261195335,1.18285712871539,4,0,0,0.7409656,10,12,MediumMobility,0,2026-08-06 16:01:15
Urban,28,EVA,2,9,0.439324069476317,64QAM,MPA,20,0.425985243055556,0.980677083333333,1,90.8455561755664,0.833926237923941,4,0,0,0.7106769,10,12,MediumMobility,0,2026-08-06 16:01:15
Urban,28,EVA,2,9,0.430823857189345,64QAM,MPA,25,0.429552951388889,0.979010416666667,1,91.436462471237,0.777611688769055,4,0,0,0.7195315,10,12,MediumMobility,0,2026-08-06 16:01:16
Urban,28,EVA,2,9,0.435312751640508,64QAM,MPA,30,0.430455729166667,0.980338541666667,1,91.7803248172946,0.745008192772917,4,0,0,0.7383201,10,12,MediumMobility,0,2026-08-06 16:01:17
Urban,44,EVA,2,9,0.669864608956281,QPSK,MRC,0,0.246471354166667,0.426510416666667,1,97.775261374021,0.195420288259502,3,0,0,1.1033898,2.6,13,MediumMobility,0,2026-08-06 16:01:18
Urban,44,EVA,2,9,0.694237837866696,QPSK,MRC,5,0.113802083333333,0.206380208333333,1,59.9183261824786,4.44880654297639,6,0,0,1.1453361,2.6,13,MediumMobility,0,2026-08-06 16:01:19
Urban,44,EVA,2,9,0.683454175344272,QPSK,MRC,10,0.0613932291666667,0.114427083333333,1,40.196221350858,7.91629541771475,7,0,0,1.0719154,2.7,13,MediumMobility,0,2026-08-06 16:01:20
Urban,44,EVA,2,9,0.667575513281776,QPSK,MRC,15,0.00109375,0.0021875,0.4,3.54863268609851,28.9987790305529,15,1080000,1.125,1.0092022,2.4,13,MediumMobility,0,2026-08-06 16:01:21
Urban,44,EVA,2,9,0.695024276255274,QPSK,MRC,20,0,0,0,0,160,15,1800000,1.875,0.9382272,2,13,MediumMobility,0,2026-08-06 16:01:22
Urban,44,EVA,2,9,0.695789975721424,QPSK,MRC,25,0,0,0,0,160,15,1800000,1.875,0.8865239,2,13,MediumMobility,0,2026-08-06 16:01:23
Urban,44,EVA,2,9,0.654037959416838,QPSK,MRC,30,0,0,0,0,160,15,1800000,1.875,0.8658889,2,13,MediumMobility,0,2026-08-06 16:01:24
Urban,44,EVA,2,9,0.688316334543459,QPSK,LMMSE,0,0.217018229166667,0.381640625,1,91.6763746934618,0.754851380865921,4,0,0,0.2022947,1,13,MediumMobility,0,2026-08-06 16:01:24
Urban,44,EVA,2,9,0.684735669073944,QPSK,LMMSE,5,0.101510416666667,0.189296875,1,60.0496324502446,4.42979292935776,6,0,0,0.2094298,1,13,MediumMobility,0,2026-08-06 16:01:24
Urban,44,EVA,2,9,0.691443647183671,QPSK,LMMSE,10,0.015390625,0.03,0.8,19.338585936608,14.2715057057638,11,360000,0.375,0.2024615,1,13,MediumMobility,0,2026-08-06 16:01:24
Urban,44,EVA,2,9,0.671766325758431,QPSK,LMMSE,15,0.00455729166666667,0.00911458333333333,0.6,8.8763610456865,21.0353008233468,14,720000,0.75,0.2010636,1,13,MediumMobility,0,2026-08-06 16:01:25
Urban,44,EVA,2,9,0.677003352776762,QPSK,LMMSE,20,2.60416666666667e-05,5.20833333333333e-05,0.1,0.322748612183951,49.8227123303957,15,1620000,1.6875,0.1973352,1,13,MediumMobility,0,2026-08-06 16:01:25
Urban,44,EVA,2,9,0.629735692493659,QPSK,LMMSE,25,0,0,0,0,160,15,1800000,1.875,0.2121359,1,13,MediumMobility,0,2026-08-06 16:01:25
Urban,44,EVA,2,9,0.612538892500622,QPSK,LMMSE,30,0,0,0,0,160,15,1800000,1.875,0.2112729,1,13,MediumMobility,0,2026-08-06 16:01:25
Urban,44,EVA,2,9,0.693103795620937,QPSK,MPA,0,0.268502604166667,0.455104166666667,1,102.450727618412,-0.210300943282871,3,0,0,0.2650828,10,13,MediumMobility,0,2026-08-06 16:01:26
Urban,44,EVA,2,9,0.635558568934,QPSK,MPA,5,0.205091145833333,0.367604166666667,1,90.2173478468809,0.894198883359557,4,0,0,0.3091438,10,13,MediumMobility,0,2026-08-06 16:01:26
Urban,44,EVA,2,9,0.693797762634919,QPSK,MPA,10,0.159049479166667,0.291770833333333,1,78.9501317557391,2.05294281767544,4,0,0,0.255787,10,13,MediumMobility,0,2026-08-06 16:01:26
Urban,44,EVA,2,9,0.693669745987294,QPSK,MPA,15,0.129622395833333,0.242057291666667,1,71.8903961369373,2.86658246586585,5,0,0,0.2653724,10,13,MediumMobility,0,2026-08-06 16:01:26
Urban,44,EVA,2,9,0.694003586404665,QPSK,MPA,20,0.103059895833333,0.195598958333333,1,64.0176918308189,3.87399976947652,5,0,0,0.2287463,10,13,MediumMobility,0,2026-08-06 16:01:27
Urban,44,EVA,2,9,0.688290140707489,QPSK,MPA,25,0.111875,0.210755208333333,1,66.4649282540034,3.54814919428882,5,0,0,0.2378688,10,13,MediumMobility,0,2026-08-06 16:01:27
Urban,44,EVA,2,9,0.691255074632959,QPSK,MPA,30,0.107369791666667,0.202708333333333,1,65.1226211890115,3.72536254781515,5,0,0,0.233486,10,13,MediumMobility,0,2026-08-06 16:01:27
Urban,44,EVA,2,9,0.682956237345672,16QAM,MRC,0,0.366634114583333,0.819322916666667,1,105.352317070107,-0.452881834420202,3,0,0,1.1847677,3.5,13,MediumMobility,0,2026-08-06 16:01:28
Urban,44,EVA,2,9,0.631044006831776,16QAM,MRC,5,0.222897135416667,0.624401041666667,1,65.5329482719694,3.67080586125123,5,0,0,1.6459598,4.5,13,MediumMobility,0,2026-08-06 16:01:30
Urban,44,EVA,2,9,0.695162409564584,16QAM,MRC,10,0.115703125,0.382135416666667,1,42.8292667227962,7.36518722137024,7,0,0,1.2756809,4.2,13,MediumMobility,0,2026-08-06 16:01:31
Urban,44,EVA,2,9,0.689049320315682,16QAM,MRC,15,0.0529296875,0.189036458333333,0.9,25.1902990222202,11.9753335433054,10,360000,0.375,1.4468682,3.9,13,MediumMobility,0,2026-08-06 16:01:33
Urban,44,EVA,2,9,0.695306173862298,16QAM,MRC,20,0.0285221354166667,0.102161458333333,0.7,15.8185492104167,16.0166670018526,11,1080000,1.125,2.0541615,4.8,13,MediumMobility,0,2026-08-06 16:01:35
Urban,44,EVA,2,9,0.675700313798845,16QAM,MRC,25,0.0072265625,0.0275260416666667,0.3,5.80054283663197,24.7306272324576,15,2520000,2.625,1.4510247,3.7,13,MediumMobility,0,2026-08-06 16:01:36
Urban,44,EVA,2,9,0.692773128834463,16QAM,MRC,30,0,0,0,0,160,15,3600000,3.75,1.4310829,2.1,13,MediumMobility,0,2026-08-06 16:01:38
Urban,44,EVA,2,9,0.695150320580346,16QAM,LMMSE,0,0.373743489583333,0.893671875,1,84.3471157373069,1.47859527176114,4,0,0,0.2125544,1,13,MediumMobility,0,2026-08-06 16:01:38
Urban,44,EVA,2,9,0.638303418449549,16QAM,LMMSE,5,0.335169270833333,0.871614583333333,1,76.0009381488022,2.3836209358754,4,0,0,0.1891581,1,13,MediumMobility,0,2026-08-06 16:01:38
Urban,44,EVA,2,9,0.690970723241568,16QAM,LMMSE,10,0.246106770833333,0.726119791666667,1,62.7903274533661,4.04214504155029,5,0,0,0.4512283,1,13,MediumMobility,0,2026-08-06 16:01:38
Urban,44,EVA,2,9,0.653363894061082,16QAM,LMMSE,15,0.179166666666667,0.559895833333333,1,51.7744134877766,5.71769624384807,6,0,0,0.5156654,1,13,MediumMobility,0,2026-08-06 16:01:39
Urban,44,EVA,2,9,0.69309319026138,16QAM,LMMSE,20,0.04654296875,0.168359375,0.9,22.0641615572067,13.1262514237031,10,360000,0.375,0.5828537,1,13,MediumMobility,0,2026-08-06 16:01:40
Urban,44,EVA,2,9,0.681737134268333,16QAM,LMMSE,25,0.0120572916666667,0.046328125,0.6,8.23195930520056,21.6899357036164,14,1440000,1.5,0.5228666,1,13,MediumMobility,0,2026-08-06 16:01:40
Urban,44,EVA,2,9,0.694982698361411,16QAM,LMMSE,30,0.00677734375,0.0257552083333333,0.6,5.00995842005549,26.0033175705409,15,1440000,1.5,0.5033085,1,13,MediumMobility,0,2026-08-06 16:01:41
Urban,44,EVA,2,9,0.695049250994106,16QAM,MPA,0,0.3771875,0.896614583333333,1,84.8792193006175,1.42397247256625,4,0,0,0.9506218,10,13,MediumMobility,0,2026-08-06 16:01:42
Urban,44,EVA,2,9,0.690087204374473,16QAM,MPA,5,0.349069010416667,0.881588541666667,1,78.7310449076524,2.07707969245615,4,0,0,0.9815194,10,13,MediumMobility,0,2026-08-06 16:01:43
Urban,44,EVA,2,9,0.689799986499057,16QAM,MPA,10,0.332545572916667,0.872994791666667,1,75.2624611383794,2.46843168063642,5,0,0,0.9456087,10,13,MediumMobility,0,2026-08-06 16:01:43
Urban,44,EVA,2,9,0.605333616187511,16QAM,MPA,15,0.327838541666667,0.865104166666667,1,74.6950542349021,2.53416306130891,5,0,0,1.0886788,10,13,MediumMobility,0,2026-08-06 16:01:45
Urban,44,EVA,2,9,0.695620308903204,16QAM,MPA,20,0.333802083333333,0.868958333333333,1,76.0845740167221,2.37406773147844,4,0,0,0.9399906,10,13,MediumMobility,0,2026-08-06 16:01:46
Urban,44,EVA,2,9,0.675629582570441,16QAM,MPA,25,0.336770833333333,0.87265625,1,76.3059591547334,2.34883088521218,4,0,0,0.9701642,10,13,MediumMobility,0,2026-08-06 16:01:46
Urban,44,EVA,2,9,0.69282686025436,16QAM,MPA,30,0.332779947916667,0.870729166666667,1,75.6590578378926,2.42278142326359,5,0,0,0.9700368,10,13,MediumMobility,0,2026-08-06 16:01:47
Urban,44,EVA,2,9,0.693771872718907,64QAM,MRC,0,0.381519097222222,0.931197916666667,1,95.3096759990688,0.417260136302439,4,0,0,7.2217468,7.2,13,MediumMobility,0,2026-08-06 16:01:55
Urban,44,EVA,2,9,0.689686327699982,64QAM,MRC,5,0.35453125,0.915833333333333,1,81.3671095068648,1.79102223299801,4,0,0,6.3040731,6.9,13,MediumMobility,0,2026-08-06 16:02:01
Urban,44,EVA,2,9,0.694377103587492,64QAM,MRC,10,0.249848090277778,0.818541666666667,1,51.5368064650693,5.7576499297375,6,0,0,6.9405707,7.4,13,MediumMobility,0,2026-08-06 16:02:08
Urban,44,EVA,2,9,0.694188768707599,64QAM,MRC,15,0.141723090277778,0.576432291666667,1,30.3046428651347,10.369816594152,9,0,0,5.5688186,5.9,13,MediumMobility,0,2026-08-06 16:02:14
Urban,44,EVA,2,9,0.673881719530611,64QAM,MRC,20,0.0875911458333333,0.429739583333333,1,22.0276279102361,13.1406453642582,10,0,0,8.4821793,10.1,13,MediumMobility,0,2026-08-06 16:02:22
Urban,44,EVA,2,9,0.688826388765575,64QAM,MRC,25,0.0100737847222222,0.0562760416666667,0.9,5.55241062611497,25.1103684661165,15,540000,0.5625,5.7046386,11.2,13,MediumMobility,0,2026-08-06 16:02:28
Urban,44,EVA,2,9,0.662134408900016,64QAM,MRC,30,0.000460069444444444,0.00270833333333333,0.3,0.849593435996597,41.4157770326314,15,3780000,3.9375,3.4617687,11.5,13,MediumMobility,0,2026-08-06 16:02:31
Urban,44,EVA,2,9,0.693140883763521,64QAM,LMMSE,0,0.429240451388889,0.981171875,1,91.6544710689598,0.756926890474918,4,0,0,0.1844827,1,13,MediumMobility,0,2026-08-06 16:02:31
Urban,44,EVA,2,9,0.69214398145565,64QAM,LMMSE,5,0.401979166666667,0.9778125,1,87.653498634414,1.1446148926482,4,0,0,0.2052732,1,13,MediumMobility,0,2026-08-06 16:02:32
Urban,44,EVA,2,9,0.695664081238748,64QAM,LMMSE,10,0.394288194444444,0.973515625,1,80.8530229919494,1.84607475468681,4,0,0,0.1857739,1,13,MediumMobility,0,2026-08-06 16:02:32
Urban,44,EVA,2,9,0.690123436737661,64QAM,LMMSE,15,0.379440104166667,0.962760416666667,1,70.5645612334057,3.02826709083683,5,0,0,0.1869981,1,13,MediumMobility,0,2026-08-06 16:02:32
Urban,44,EVA,2,9,0.695748056555308,64QAM,LMMSE,20,0.293732638888889,0.896276041666667,1,49.8486553799471,6.04693103749589,7,0,0,0.1871296,1,13,MediumMobility,0,2026-08-06 16:02:32
Urban,44,EVA,2,9,0.695728198582166,64QAM,LMMSE,25,0.177795138888889,0.625364583333333,1,32.8064269436559,9.68082134970317,8,0,0,0.1859344,1,13,MediumMobility,0,2026-08-06 16:02:32
Urban,44,EVA,2,9,0.695506935098338,64QAM,LMMSE,30,0.0519574652777778,0.258932291666667,0.7,13.1155254822225,17.6442860885748,12,1620000,1.6875,0.2072071,1,13,MediumMobility,0,2026-08-06 16:02:33
Urban,44,EVA,2,9,0.695683249647124,64QAM,MPA,0,0.421918402777778,0.979505208333333,1,90.6196963571293,0.855547947229386,4,0,0,0.5389573,10,13,MediumMobility,0,2026-08-06 16:02:33
Urban,44,EVA,2,9,0.659953341059807,64QAM,MPA,5,0.405403645833333,0.979114583333333,1,88.1012671511984,1.1003569026295,4,0,0,0.8259891,10,13,MediumMobility,0,2026-08-06 16:02:34
Urban,44,EVA,2,9,0.695436060519662,64QAM,MPA,10,0.394314236111111,0.9771875,1,86.3503753198865,1.27471540883226,4,0,0,0.6879175,10,13,MediumMobility,0,2026-08-06 16:02:35
Urban,44,EVA,2,9,0.695708482600597,64QAM,MPA,15,0.403459201388889,0.977682291666667,1,87.0354885829651,1.20607256760125,4,0,0,0.6495394,10,13,MediumMobility,0,2026-08-06 16:02:35
Urban,44,EVA,2,9,0.673533245621075,64QAM,MPA,20,0.426475694444444,0.980963541666667,1,90.6009841802813,0.857341692877904,4,0,0,0.5970391,10,13,MediumMobility,0,2026-08-06 16:02:36
Urban,44,EVA,2,9,0.659663073322406,64QAM,MPA,25,0.440594618055556,0.9809375,1,93.1734440566566,0.614157019671424,4,0,0,0.6938222,10,13,MediumMobility,0,2026-08-06 16:02:37
Urban,44,EVA,2,9,0.694732703262313,64QAM,MPA,30,0.427586805555556,0.980598958333333,1,90.8658895442829,0.831982349395853,4,0,0,0.7046633,10,13,MediumMobility,0,2026-08-06 16:02:37
Urban,31,EVA,2,9,0.490042023104263,QPSK,MRC,0,0.1978125,0.349375,1,86.2278892535472,1.2870448946536,4,0,0,1.2148376,3.3,14,MediumMobility,0,2026-08-06 16:02:38
Urban,31,EVA,2,9,0.478483281293766,QPSK,MRC,5,0.0996875,0.182630208333333,1,57.4722534289711,4.81083548569518,6,0,0,1.2100812,3.5,14,MediumMobility,0,2026-08-06 16:02:40
Urban,31,EVA,2,9,0.489882951195204,QPSK,MRC,10,0.0288020833333333,0.0548177083333333,0.8,25.9873845809467,11.704748530194,10,360000,0.375,1.1008165,2.9,14,MediumMobility,0,2026-08-06 16:02:41
Urban,31,EVA,2,9,0.477091600822708,QPSK,MRC,15,0.00419270833333333,0.008203125,0.4,6.93304226763373,23.1815230419091,15,1080000,1.125,1.012549,2.4,14,MediumMobility,0,2026-08-06 16:02:42
Urban,31,EVA,2,9,0.486610003369973,QPSK,MRC,20,0,0,0,0,160,15,1800000,1.875,0.8640401,2,14,MediumMobility,0,2026-08-06 16:02:43
Urban,31,EVA,2,9,0.486029912553263,QPSK,MRC,25,0,0,0,0,160,15,1800000,1.875,0.8703363,2,14,MediumMobility,0,2026-08-06 16:02:44
Urban,31,EVA,2,9,0.470649692259367,QPSK,MRC,30,0,0,0,0,160,15,1800000,1.875,0.8764174,2,14,MediumMobility,0,2026-08-06 16:02:44
Urban,31,EVA,2,9,0.466174542605465,QPSK,LMMSE,0,0.177265625,0.3184375,1,82.6179498311714,1.6585117253287,4,0,0,0.1977452,1,14,MediumMobility,0,2026-08-06 16:02:45
Urban,31,EVA,2,9,0.475122117397538,QPSK,LMMSE,5,0.0938671875,0.178020833333333,1,60.170772435832,4.41228826527534,6,0,0,0.1936865,1,14,MediumMobility,0,2026-08-06 16:02:45
Urban,31,EVA,2,9,0.4753100898072,QPSK,LMMSE,10,0.0269140625,0.0514322916666667,0.8,22.2823509276679,13.0407798058271,10,360000,0.375,0.2306351,1,14,MediumMobility,0,2026-08-06 16:02:45
Urban,31,EVA,2,9,0.481443271311872,QPSK,LMMSE,15,0.007265625,0.0143489583333333,0.5,10.5808229148567,19.5096110817761,13,900000,0.9375,0.1761012,1,14,MediumMobility,0,2026-08-06 16:02:45
Urban,31,EVA,2,9,0.489862428351901,QPSK,LMMSE,20,0.00251302083333333,0.00502604166666667,0.2,4.36175879411801,27.2067670927986,15,1440000,1.5,0.171616,1,14,MediumMobility,0,2026-08-06 16:02:45
Urban,31,EVA,2,9,0.482453378048572,QPSK,LMMSE,25,0,0,0,0,160,15,1800000,1.875,0.1986731,1,14,MediumMobility,0,2026-08-06 16:02:46
Urban,31,EVA,2,9,0.487670815725036,QPSK,LMMSE,30,0,0,0,0,160,15,1800000,1.875,0.1833214,1,14,MediumMobility,0,2026-08-06 16:02:46
Urban,31,EVA,2,9,0.450551977746363,QPSK,MPA,0,0.281783854166667,0.480598958333333,1,105.61049608564,-0.474141652885771,3,0,0,0.2091861,10,14,MediumMobility,0,2026-08-06 16:02:46
Urban,31,EVA,2,9,0.488288796129649,QPSK,MPA,5,0.2077734375,0.372109375,1,90.8840870963968,0.830243015693654,4,0,0,0.2280517,10,14,MediumMobility,0,2026-08-06 16:02:46
Urban,31,EVA,2,9,0.483572443906873,QPSK,MPA,10,0.156731770833333,0.287526041666667,1,78.3814071685985,2.11573887940081,4,0,0,0.2199558,10,14,MediumMobility,0,2026-08-06 16:02:46
Urban,31,EVA,2,9,0.487827936942698,QPSK,MPA,15,0.117942708333333,0.221119791666667,1,68.4583629866988,3.29146980315761,5,0,0,0.2168515,10,14,MediumMobility,0,2026-08-06 16:02:47
Urban,31,EVA,2,9,0.480099731737909,QPSK,MPA,20,0.1165625,0.219817708333333,1,68.1713428143227,3.32796302685002,5,0,0,0.2071051,10,14,MediumMobility,0,2026-08-06 16:02:47
Urban,31,EVA,2,9,0.489928445114237,QPSK,MPA,25,0.131627604166667,0.247083333333333,1,72.4644434773257,2.79750077602264,5,0,0,0.2147462,10,14,MediumMobility,0,2026-08-06 16:02:47
Urban,31,EVA,2,9,0.4888187299692,QPSK,MPA,30,0.107838541666667,0.203359375,1,65.1626407174756,3.72002648426579,5,0,0,0.2127878,10,14,MediumMobility,0,2026-08-06 16:02:47
Urban,31,EVA,2,9,0.489548375725555,16QAM,MRC,0,0.337200520833333,0.786744791666667,1,95.9467313189027,0.359396321507994,4,0,0,1.2229155,3.5,14,MediumMobility,0,2026-08-06 16:02:49
Urban,31,EVA,2,9,0.431071918125374,16QAM,MRC,5,0.243600260416667,0.662578125,1,70.4145054554705,3.04675733126062,5,0,0,1.422267,4.1,14,MediumMobility,0,2026-08-06 16:02:50
Urban,31,EVA,2,9,0.445823531048336,16QAM,MRC,10,0.0943229166666667,0.321770833333333,1,36.4720322099995,8.76080074524072,8,0,0,1.3919574,4.2,14,MediumMobility,0,2026-08-06 16:02:51
Urban,31,EVA,2,9,0.483903466228441,16QAM,MRC,15,0.0544986979166667,0.192734375,1,24.8936488390533,12.0782288219283,10,0,0,1.6898375,4.5,14,MediumMobility,0,2026-08-06 16:02:53
Urban,31,EVA,2,9,0.459902617240919,16QAM,MRC,20,0.0156315104166667,0.0586458333333333,0.6,10.3345111434882,19.7142012422856,13,1440000,1.5,1.5579029,3.7,14,MediumMobility,0,2026-08-06 16:02:55
Urban,31,EVA,2,9,0.489177898479566,16QAM,MRC,25,7.8125e-05,0.0003125,0.3,0.597560787820269,44.4723581767318,15,2520000,2.625,1.0767004,2.7,14,MediumMobility,0,2026-08-06 16:02:56
Urban,31,EVA,2,9,0.484836286009802,16QAM,MRC,30,0.000338541666666667,0.001171875,0.1,0.734375379269233,42.6816378351219,15,3240000,3.375,0.9500695,2.4,14,MediumMobility,0,2026-08-06 16:02:57
Urban,31,EVA,2,9,0.490175795970522,16QAM,LMMSE,0,0.37240234375,0.8946875,1,83.7455837780782,1.54076171361476,4,0,0,0.1789312,1,14,MediumMobility,0,2026-08-06 16:02:57
Urban,31,EVA,2,9,0.48961979927992,16QAM,LMMSE,5,0.345670572916667,0.879270833333333,1,78.4183754651604,2.11164317793236,4,0,0,0.1915854,1,14,MediumMobility,0,2026-08-06 16:02:57
Urban,31,EVA,2,9,0.47922260050782,16QAM,LMMSE,10,0.29013671875,0.8065625,1,69.1023882750029,3.21013885085726,5,0,0,0.1897456,1,14,MediumMobility,0,2026-08-06 16:02:57
Urban,31,EVA,2,9,0.490153187644343,16QAM,LMMSE,15,0.190859375,0.593567708333333,1,54.1669976096636,5.32530471993108,6,0,0,0.1887729,1,14,MediumMobility,0,2026-08-06 16:02:57
Urban,31,EVA,2,9,0.489326978112795,16QAM,LMMSE,20,0.03267578125,0.120390625,0.8,18.3558139780854,14.7245270438452,11,720000,0.75,0.1568485,1,14,MediumMobility,0,2026-08-06 16:02:58
Urban,31,EVA,2,9,0.482445330925812,16QAM,LMMSE,25,0.01455078125,0.0536458333333333,0.6,9.21628216313973,20.7088847495572,13,1440000,1.5,0.1851486,1,14,MediumMobility,0,2026-08-06 16:02:58
Urban,31,EVA,2,9,0.483881465649782,16QAM,LMMSE,30,0.000970052083333333,0.00388020833333333,0.5,2.43356316107997,32.275147550542,15,1800000,1.875,0.1901643,1,14,MediumMobility,0,2026-08-06 16:02:58
Urban,31,EVA,2,9,0.47919853838844,16QAM,MPA,0,0.385110677083333,0.901328125,1,86.6487097310314,1.24475799791999,4,0,0,0.3009445,10,14,MediumMobility,0,2026-08-06 16:02:58
Urban,31,EVA,2,9,0.48550663832029,16QAM,MPA,5,0.33849609375,0.873463541666667,1,76.768959261757,2.29628693957328,4,0,0,0.2971978,10,14,MediumMobility,0,2026-08-06 16:02:59
Urban,31,EVA,2,9,0.49019945247438,16QAM,MPA,10,0.333528645833333,0.870885416666667,1,75.7117120381547,2.41673866360427,5,0,0,0.2846871,10,14,MediumMobility,0,2026-08-06 16:02:59
Urban,31,EVA,2,9,0.487393356903408,16QAM,MPA,15,0.33341796875,0.873255208333333,1,75.7462812037595,2.41277368353144,5,0,0,0.3029638,10,14,MediumMobility,0,2026-08-06 16:02:59
Urban,31,EVA,2,9,0.487807241144296,16QAM,MPA,20,0.32884765625,0.869036458333333,1,74.8778251862002,2.51293556193451,5,0,0,0.2937683,10,14,MediumMobility,0,2026-08-06 16:02:59
Urban,31,EVA,2,9,0.489167604350976,16QAM,MPA,25,0.34412109375,0.878020833333333,1,77.719440085827,2.18940673697562,4,0,0,0.2750473,10,14,MediumMobility,0,2026-08-06 16:03:00
Urban,31,EVA,2,9,0.487175701068941,16QAM,MPA,30,0.326712239583333,0.864661458333333,1,74.3320708062879,2.5764753616414,5,0,0,0.3253481,10,14,MediumMobility,0,2026-08-06 16:03:00
Urban,31,EVA,2,9,0.490044187666603,64QAM,MRC,0,0.3446875,0.903958333333333,1,82.1542810942186,1.7073960074143,4,0,0,2.4297253,8.4,14,MediumMobility,0,2026-08-06 16:03:02
Urban,31,EVA,2,9,0.463391818787492,64QAM,MRC,5,0.324240451388889,0.890208333333333,1,72.2707763388582,2.82074560056965,5,0,0,1.7510224,6.7,14,MediumMobility,0,2026-08-06 16:03:04
Urban,31,EVA,2,9,0.466868311696754,64QAM,MRC,10,0.230538194444444,0.775755208333333,1,46.0783965324969,6.73005284395594,7,0,0,2.5551547,8.9,14,MediumMobility,0,2026-08-06 16:03:07
Urban,31,EVA,2,9,0.490084704852531,64QAM,MRC,15,0.130299479166667,0.590182291666667,1,28.3812303787397,10.9393756200553,9,0,0,3.2806032,10.5,14,MediumMobility,0,2026-08-06 16:03:10
Urban,31,EVA,2,9,0.48802411038209,64QAM,MRC,20,0.0725911458333333,0.310989583333333,0.9,18.757613426848,14.5364483740264,11,540000,0.5625,1.9715611,7.6,14,MediumMobility,0,2026-08-06 16:03:12
Urban,31,EVA,2,9,0.489078999823518,64QAM,MRC,25,0.0203211805555556,0.108619791666667,0.5,6.27279866833166,24.0507730269857,15,2700000,2.8125,2.2425522,8.9,14,MediumMobility,0,2026-08-06 16:03:14
Urban,31,EVA,2,9,0.484552208973167,64QAM,MRC,30,0.0187630208333333,0.0969270833333333,0.6,6.64796815171627,23.5462213956913,15,2160000,2.25,3.1847219,11.8,14,MediumMobility,0,2026-08-06 16:03:17
Urban,31,EVA,2,9,0.490205592022749,64QAM,LMMSE,0,0.422013888888889,0.980078125,1,90.6556650574282,0.852101034611119,4,0,0,0.1925971,1,14,MediumMobility,0,2026-08-06 16:03:18
Urban,31,EVA,2,9,0.435848518732173,64QAM,LMMSE,5,0.3988671875,0.977526041666667,1,87.0929655373385,1.20033842721537,4,0,0,0.1995953,1,14,MediumMobility,0,2026-08-06 16:03:18
Urban,31,EVA,2,9,0.455235639862665,64QAM,LMMSE,10,0.389084201388889,0.975182291666667,1,84.2000940356783,1.49374846949551,4,0,0,0.1990551,1,14,MediumMobility,0,2026-08-06 16:03:18
Urban,31,EVA,2,9,0.48376273466528,64QAM,LMMSE,15,0.353914930555556,0.945260416666667,1,64.0849053887361,3.86488505029836,5,0,0,0.2531142,1,14,MediumMobility,0,2026-08-06 16:03:18
Urban,31,EVA,2,9,0.47393327815675,64QAM,LMMSE,20,0.290138888888889,0.878984375,1,50.4603010274557,5.94100325941566,7,0,0,0.2364888,1,14,MediumMobility,0,2026-08-06 16:03:19
Urban,31,EVA,2,9,0.483408547523817,64QAM,LMMSE,25,0.184184027777778,0.72125,1,34.6625093759826,9.20279999880486,8,0,0,0.1881198,1,14,MediumMobility,0,2026-08-06 16:03:19
Urban,31,EVA,2,9,0.490165679910531,64QAM,LMMSE,30,0.0677213541666667,0.302447916666667,0.8,15.6390897023473,16.1157705865885,11,1080000,1.125,0.1971367,1,14,MediumMobility,0,2026-08-06 16:03:19
Urban,31,EVA,2,9,0.488191720291222,64QAM,MPA,0,0.422065972222222,0.980520833333333,1,90.6290753796105,0.854649015297584,4,0,0,0.7289597,10,14,MediumMobility,0,2026-08-06 16:03:20
Urban,31,EVA,2,9,0.48410935626167,64QAM,MPA,5,0.3973828125,0.97765625,1,87.1435596908068,1.195294074487,4,0,0,0.6969525,10,14,MediumMobility,0,2026-08-06 16:03:20
Urban,31,EVA,2,9,0.436504455292777,64QAM,MPA,10,0.384769965277778,0.976041666666667,1,85.3446963329005,1.37646925077958,4,0,0,0.6940527,10,14,MediumMobility,0,2026-08-06 16:03:21
Urban,31,EVA,2,9,0.473900013784331,64QAM,MPA,15,0.409852430555556,0.97875,1,88.1145113087587,1.09905126141917,4,0,0,0.6639668,10,14,MediumMobility,0,2026-08-06 16:03:22
Urban,31,EVA,2,9,0.489746178858647,64QAM,MPA,20,0.420603298611111,0.978411458333333,1,89.7932994059274,0.935121404650642,4,0,0,0.7176146,10,14,MediumMobility,0,2026-08-06 16:03:22
Urban,31,EVA,2,9,0.484272002136451,64QAM,MPA,25,0.433194444444444,0.981432291666667,1,91.8943414675093,0.734224602548945,4,0,0,0.6907484,10,14,MediumMobility,0,2026-08-06 16:03:23
Urban,31,EVA,2,9,0.484882460428013,64QAM,MPA,30,0.443302951388889,0.980494791666667,1,93.493068067359,0.584411763661333,4,0,0,0.666034,10,14,MediumMobility,0,2026-08-06 16:03:24
Urban,34,EVA,2,9,0.529236432280643,QPSK,MRC,0,0.201783854166667,0.355598958333333,1,87.5365099228485,1.15621545362734,4,0,0,1.1177965,3,15,MediumMobility,0,2026-08-06 16:03:25
Urban,34,EVA,2,9,0.46316011269164,QPSK,MRC,5,0.175950520833333,0.311354166666667,1,80.9043889366216,1.8405583590391,4,0,0,1.2000553,3.2,15,MediumMobility,0,2026-08-06 16:03:26
Urban,34,EVA,2,9,0.505698073987731,QPSK,MRC,10,0.0253776041666667,0.048046875,0.8,21.761747363171,13.2461247165034,10,360000,0.375,1.1472125,2.9,15,MediumMobility,0,2026-08-06 16:03:27
Urban,34,EVA,2,9,0.480143871236448,QPSK,MRC,15,0.0113541666666667,0.021484375,0.5,7.90854844117359,22.0380644181326,14,900000,0.9375,1.0487098,2.7,15,MediumMobility,0,2026-08-06 16:03:28
Urban,34,EVA,2,9,0.514552784895668,QPSK,MRC,20,0.00143229166666667,0.00286458333333333,0.3,3.33098059458532,29.5485579477319,15,1260000,1.3125,1.0169296,2.4,15,MediumMobility,0,2026-08-06 16:03:29
Urban,34,EVA,2,9,0.537438609629537,QPSK,MRC,25,0,0,0,0,160,15,1800000,1.875,0.833164,2,15,MediumMobility,0,2026-08-06 16:03:30
Urban,34,EVA,2,9,0.536062796254401,QPSK,MRC,30,0,0,0,0,160,15,1800000,1.875,0.879073,2,15,MediumMobility,0,2026-08-06 16:03:31
Urban,34,EVA,2,9,0.537362013386467,QPSK,LMMSE,0,0.2165234375,0.382213541666667,1,91.4363456907041,0.777622782193291,4,0,0,0.18033,1,15,MediumMobility,0,2026-08-06 16:03:31
Urban,34,EVA,2,9,0.536010468233668,QPSK,LMMSE,5,0.0969401041666667,0.183046875,1,60.6762535762664,4.33962484689008,6,0,0,0.1892338,1,15,MediumMobility,0,2026-08-06 16:03:31
Urban,34,EVA,2,9,0.537302550120472,QPSK,LMMSE,10,0.0152213541666667,0.0299479166666667,0.9,18.0487769498075,14.8710444424198,11,180000,0.1875,0.1915411,1,15,MediumMobility,0,2026-08-06 16:03:32
Urban,34,EVA,2,9,0.536458564291718,QPSK,LMMSE,15,0.00678385416666667,0.0134114583333333,0.6,10.4050943735382,19.6550795282282,13,720000,0.75,0.1891932,1,15,MediumMobility,0,2026-08-06 16:03:32
Urban,34,EVA,2,9,0.508105049549875,QPSK,LMMSE,20,0.000221354166666667,0.000442708333333333,0.2,1.30087977812192,37.7152567453366,15,1440000,1.5,0.1752196,1,15,MediumMobility,0,2026-08-06 16:03:32
Urban,34,EVA,2,9,0.471780284303332,QPSK,LMMSE,25,0,0,0,0,160,15,1800000,1.875,0.1941788,1,15,MediumMobility,0,2026-08-06 16:03:32
Urban,34,EVA,2,9,0.50064515941097,QPSK,LMMSE,30,0,0,0,0,160,15,1800000,1.875,0.1941161,1,15,MediumMobility,0,2026-08-06 16:03:32
Urban,34,EVA,2,9,0.533161889598372,QPSK,MPA,0,0.287890625,0.489479166666667,1,106.884411071453,-0.578287372775474,3,0,0,0.2092155,10,15,MediumMobility,0,2026-08-06 16:03:33
Urban,34,EVA,2,9,0.530598523590173,QPSK,MPA,5,0.218658854166667,0.387552083333333,1,93.1611557537513,0.615302645262568,4,0,0,0.2220813,10,15,MediumMobility,0,2026-08-06 16:03:33
Urban,34,EVA,2,9,0.449166170326169,QPSK,MPA,10,0.1625,0.296875,1,80.0656133926662,1.93107929635987,4,0,0,0.2154351,10,15,MediumMobility,0,2026-08-06 16:03:33
Urban,34,EVA,2,9,0.529488698939956,QPSK,MPA,15,0.112630208333333,0.211223958333333,1,66.5791863192466,3.5332303353505,5,0,0,0.2074468,10,15,MediumMobility,0,2026-08-06 16:03:33
Urban,34,EVA,2,9,0.496234699585176,QPSK,MPA,20,0.108541666666667,0.204322916666667,1,65.1923779071285,3.71606355357578,5,0,0,0.2200439,10,15,MediumMobility,0,2026-08-06 16:03:33
Urban,34,EVA,2,9,0.537563755656692,QPSK,MPA,25,0.113450520833333,0.213255208333333,1,66.769635198041,3.5084199313467,5,0,0,0.226156,10,15,MediumMobility,0,2026-08-06 16:03:34
Urban,34,EVA,2,9,0.535820365550334,QPSK,MPA,30,0.124140625,0.232526041666667,1,70.1637746607489,3.07774109801771,5,0,0,0.206771,10,15,MediumMobility,0,2026-08-06 16:03:34
Urban,34,EVA,2,9,0.523171617763493,16QAM,MRC,0,0.3212890625,0.767005208333333,1,91.2244108619337,0.797778653590743,4,0,0,1.5504083,4.5,15,MediumMobility,0,2026-08-06 16:03:35
Urban,34,EVA,2,9,0.475688234365521,16QAM,MRC,5,0.199368489583333,0.565260416666667,1,60.7399730712146,4.33050809920311,6,0,0,1.2568931,3.6,15,MediumMobility,0,2026-08-06 16:03:37
Urban,34,EVA,2,9,0.524633047556964,16QAM,MRC,10,0.1889453125,0.550885416666667,1,58.526853532079,4.65289646813054,6,0,0,1.7635878,5.3,15,MediumMobility,0,2026-08-06 16:03:38
Urban,34,EVA,2,9,0.529541023523773,16QAM,MRC,15,0.0527408854166667,0.192734375,0.9,25.876087375966,11.7420278208769,10,360000,0.375,1.5693709,4.7,15,MediumMobility,0,2026-08-06 16:03:40
Urban,34,EVA,2,9,0.520492815193816,16QAM,MRC,20,0.0220638020833333,0.0793229166666667,0.7,11.9133872137617,18.4792948474197,12,1080000,1.125,1.6603851,4.9,15,MediumMobility,0,2026-08-06 16:03:42
Urban,34,EVA,2,9,0.533793159720757,16QAM,MRC,25,9.11458333333333e-05,0.000364583333333333,0.2,0.473109173077207,46.5007726273529,15,2880000,3,1.0580634,2.9,15,MediumMobility,0,2026-08-06 16:03:43
Urban,34,EVA,2,9,0.459292593828188,16QAM,MRC,30,0,0,0,0,160,15,3600000,3.75,0.8824641,2.1,15,MediumMobility,0,2026-08-06 16:03:44
Urban,34,EVA,2,9,0.529936536929991,16QAM,LMMSE,0,0.382701822916667,0.900416666666667,1,85.6637324415015,1.34406013896319,4,0,0,0.1743482,1,15,MediumMobility,0,2026-08-06 16:03:44
Urban,34,EVA,2,9,0.440052990491125,16QAM,LMMSE,5,0.335045572916667,0.868411458333333,1,76.4831016101269,2.32869016964693,4,0,0,0.1872536,1,15,MediumMobility,0,2026-08-06 16:03:44
Urban,34,EVA,2,9,0.479723613452458,16QAM,LMMSE,10,0.2973046875,0.817421875,1,70.0908580437869,3.08677246807032,5,0,0,0.1845495,1,15,MediumMobility,0,2026-08-06 16:03:44
Urban,34,EVA,2,9,0.518616521116558,16QAM,LMMSE,15,0.19357421875,0.596875,1,54.6746193350441,5.24428463997763,6,0,0,0.177459,1,15,MediumMobility,0,2026-08-06 16:03:44
Urban,34,EVA,2,9,0.511753666208085,16QAM,LMMSE,20,0.0616796875,0.226354166666667,1,28.5355897693052,10.8922629417762,9,0,0,0.1960601,1,15,MediumMobility,0,2026-08-06 16:03:45
Urban,34,EVA,2,9,0.383209396029867,16QAM,LMMSE,25,0.0325651041666667,0.116223958333333,0.5,14.2492059721855,16.9241867152233,12,1800000,1.875,0.2008095,1,15,MediumMobility,0,2026-08-06 16:03:45
Urban,34,EVA,2,9,0.53602487992236,16QAM,LMMSE,30,0.00106770833333333,0.00419270833333333,0.2,1.84080866380988,34.6998270063453,15,2880000,3,0.1779622,1,15,MediumMobility,0,2026-08-06 16:03:45
Urban,34,EVA,2,9,0.509694826848202,16QAM,MPA,0,0.375944010416667,0.896666666666667,1,84.6952463006716,1.44281929358025,4,0,0,0.3130572,10,15,MediumMobility,0,2026-08-06 16:03:45
Urban,34,EVA,2,9,0.533668918318998,16QAM,MPA,5,0.340143229166667,0.877161458333333,1,77.1396882520627,2.25444241198769,4,0,0,0.3168002,10,15,MediumMobility,0,2026-08-06 16:03:46
Urban,34,EVA,2,9,0.517667040058085,16QAM,MPA,10,0.333229166666667,0.871197916666667,1,75.5787236539662,2.43200893129089,5,0,0,0.304035,10,15,MediumMobility,0,2026-08-06 16:03:46
Urban,34,EVA,2,9,0.537551624853225,16QAM,MPA,15,0.336549479166667,0.872864583333333,1,76.3618119705159,2.34247549779897,4,0,0,0.3068139,10,15,MediumMobility,0,2026-08-06 16:03:46
Urban,34,EVA,2,9,0.529487520162121,16QAM,MPA,20,0.337115885416667,0.873854166666667,1,76.5571776644808,2.32028171030226,4,0,0,0.3034015,10,15,MediumMobility,0,2026-08-06 16:03:46
Urban,34,EVA,2,9,0.534951945384219,16QAM,MPA,25,0.3377734375,0.875598958333333,1,76.4432069016684,2.33322203922577,4,0,0,0.3410432,10,15,MediumMobility,0,2026-08-06 16:03:47
Urban,34,EVA,2,9,0.529512143632073,16QAM,MPA,30,0.324609375,0.862473958333333,1,74.0359238837098,2.61114999490954,5,0,0,0.3127732,10,15,MediumMobility,0,2026-08-06 16:03:47
Urban,34,EVA,2,9,0.52723059687627,64QAM,MRC,0,0.386866319444444,0.931640625,1,98.3993891487409,0.140151952136287,3,0,0,2.4384448,7.8,15,MediumMobility,0,2026-08-06 16:03:50
Urban,34,EVA,2,9,0.524794148061601,64QAM,MRC,5,0.305455729166667,0.87921875,1,66.1237222046447,3.59285414634383,5,0,0,2.5184399,8,15,MediumMobility,0,2026-08-06 16:03:52
Urban,34,EVA,2,9,0.530723261058576,64QAM,MRC,10,0.237243923611111,0.787552083333333,1,48.5604977739509,6.27433740267076,7,0,0,2.5956889,8.2,15,MediumMobility,0,2026-08-06 16:03:55
Urban,34,EVA,2,9,0.53397539733684,64QAM,MRC,15,0.157916666666667,0.654322916666667,1,32.2938811046521,9.81759515970934,8,0,0,2.8744162,9.3,15,MediumMobility,0,2026-08-06 16:03:58
Urban,34,EVA,2,9,0.536933039464163,64QAM,MRC,20,0.101232638888889,0.429635416666667,1,24.1198256725162,12.3525167081981,10,0,0,2.5214196,8.1,15,MediumMobility,0,2026-08-06 16:04:00
Urban,34,EVA,2,9,0.529358695851359,64QAM,MRC,25,0.0214279513888889,0.118098958333333,0.7,7.56861195439817,22.4196752126914,14,1620000,1.6875,2.0585951,6.6,15,MediumMobility,0,2026-08-06 16:04:02
Urban,34,EVA,2,9,0.533510514252514,64QAM,MRC,30,0.0123914930555556,0.063203125,0.4,4.12261342773458,27.6965477307141,15,3240000,3.375,3.3810488,12.2,15,MediumMobility,0,2026-08-06 16:04:06
Urban,34,EVA,2,9,0.537317376287261,64QAM,LMMSE,0,0.424652777777778,0.978046875,1,90.9812048774371,0.820966320849479,4,0,0,0.2113501,1,15,MediumMobility,0,2026-08-06 16:04:06
Urban,34,EVA,2,9,0.520801987701741,64QAM,LMMSE,5,0.410516493055556,0.978567708333333,1,88.9700067498919,1.01512752966186,4,0,0,0.2035835,1,15,MediumMobility,0,2026-08-06 16:04:06
Urban,34,EVA,2,9,0.535108733101008,64QAM,LMMSE,10,0.388394097222222,0.974348958333333,1,84.1258414189971,1.5014115794485,4,0,0,0.1961938,1,15,MediumMobility,0,2026-08-06 16:04:06
Urban,34,EVA,2,9,0.536081039748733,64QAM,LMMSE,15,0.375073784722222,0.959635416666667,1,70.3132177155928,3.05926054331235,5,0,0,0.2025702,1,15,MediumMobility,0,2026-08-06 16:04:06
Urban,34,EVA,2,9,0.537207525902899,64QAM,LMMSE,20,0.253459201388889,0.846614583333333,1,44.7008244938924,6.99368932713956,7,0,0,0.188849,1,15,MediumMobility,0,2026-08-06 16:04:07
Urban,34,EVA,2,9,0.533352916437204,64QAM,LMMSE,25,0.166098090277778,0.661953125,1,32.0203603993369,9.89147568533473,8,0,0,0.2007461,1,15,MediumMobility,0,2026-08-06 16:04:07
Urban,34,EVA,2,9,0.537555389736856,64QAM,LMMSE,30,0.0947265625,0.357239583333333,0.6,17.8899289465858,14.9478276863238,11,2160000,2.25,0.2125481,1,15,MediumMobility,0,2026-08-06 16:04:07
Urban,34,EVA,2,9,0.510204870363559,64QAM,MPA,0,0.422803819444444,0.980338541666667,1,90.5722845968914,0.86009354934934,4,0,0,0.6844988,10,15,MediumMobility,0,2026-08-06 16:04:08
Urban,34,EVA,2,9,0.537231083568476,64QAM,MPA,5,0.392404513888889,0.97640625,1,86.3913302677576,1.27059677213366,4,0,0,0.6238149,10,15,MediumMobility,0,2026-08-06 16:04:08
Urban,34,EVA,2,9,0.537029657511038,64QAM,MPA,10,0.388116319444444,0.9759375,1,85.78989294122,1.33127748274853,4,0,0,0.6320085,10,15,MediumMobility,0,2026-08-06 16:04:09
Urban,34,EVA,2,9,0.53695496228284,64QAM,MPA,15,0.401072048611111,0.976354166666667,1,87.1683959206707,1.1928189172056,4,0,0,0.6085919,10,15,MediumMobility,0,2026-08-06 16:04:10
Urban,34,EVA,2,9,0.537643401724735,64QAM,MPA,20,0.426046006944444,0.979166666666667,1,90.8379673365428,0.834651849327813,4,0,0,0.6269104,10,15,MediumMobility,0,2026-08-06 16:04:10
Urban,34,EVA,2,9,0.537393050239319,64QAM,MPA,25,0.423650173611111,0.98015625,1,90.3567741445333,0.880785647161994,4,0,0,0.5978101,10,15,MediumMobility,0,2026-08-06 16:04:11
Urban,34,EVA,2,9,0.53697193597972,64QAM,MPA,30,0.437391493055556,0.980260416666667,1,92.6784407476491,0.660425630655557,4,0,0,0.5748888,10,15,MediumMobility,0,2026-08-06 16:04:11
Urban,26,EVA,2,9,0.41088639425005,QPSK,MRC,0,0.225,0.394114583333333,1,92.8961387264807,0.640046745882442,4,0,0,1.1227921,3.3,16,MediumMobility,0,2026-08-06 16:04:12
Urban,26,EVA,2,9,0.407463517067594,QPSK,MRC,5,0.104895833333333,0.193489583333333,1,59.2911701012554,4.54019957684026,6,0,0,0.9996868,2.7,16,MediumMobility,0,2026-08-06 16:04:13
Urban,26,EVA,2,9,0.411077283280726,QPSK,MRC,10,0.010625,0.0209635416666667,0.7,15.3688718946352,16.2671601879562,11,540000,0.5625,0.9662959,2.4,16,MediumMobility,0,2026-08-06 16:04:14
Urban,26,EVA,2,9,0.410896807152186,QPSK,MRC,15,0.000247395833333333,0.000494791666666667,0.3,1.58893768524275,35.9778626912946,15,1260000,1.3125,0.9548711,2.2,16,MediumMobility,0,2026-08-06 16:04:15
Urban,26,EVA,2,9,0.407664922827811,QPSK,MRC,20,0.000611979166666667,0.00119791666666667,0.1,1.56458194629322,36.1120337076783,15,1620000,1.6875,0.8799237,2.2,16,MediumMobility,0,2026-08-06 16:04:16
Urban,26,EVA,2,9,0.407046631966168,QPSK,MRC,25,0,0,0,0,160,15,1800000,1.875,0.8827821,2,16,MediumMobility,0,2026-08-06 16:04:17
Urban,26,EVA,2,9,0.385167893519316,QPSK,MRC,30,0,0,0,0,160,15,1800000,1.875,0.9282997,2,16,MediumMobility,0,2026-08-06 16:04:18
Urban,26,EVA,2,9,0.403247760016131,QPSK,LMMSE,0,0.212486979166667,0.37828125,1,91.4927317501346,0.77226810472264,4,0,0,0.1766811,1,16,MediumMobility,0,2026-08-06 16:04:18
Urban,26,EVA,2,9,0.41113129591343,QPSK,LMMSE,5,0.0818098958333333,0.149166666666667,1,48.280333751665,6.32459472758099,7,0,0,0.1923325,1,16,MediumMobility,0,2026-08-06 16:04:18
Urban,26,EVA,2,9,0.405055854926206,QPSK,LMMSE,10,0.0395703125,0.0759375,0.9,32.7707367256083,9.69027590090308,8,180000,0.1875,0.1885746,1,16,MediumMobility,0,2026-08-06 16:04:19
Urban,26,EVA,2,9,0.408921478536894,QPSK,LMMSE,15,0.0129557291666667,0.025078125,0.5,13.8998600782418,17.1397914302466,12,900000,0.9375,0.1761829,1,16,MediumMobility,0,2026-08-06 16:04:19
Urban,26,EVA,2,9,0.352589071658616,QPSK,LMMSE,20,0.000260416666666667,0.000520833333333333,0.3,1.55836815354318,36.1465987103588,15,1260000,1.3125,0.1840325,1,16,MediumMobility,0,2026-08-06 16:04:19
Urban,26,EVA,2,9,0.411086172567538,QPSK,LMMSE,25,0,0,0,0,160,15,1800000,1.875,0.2005659,1,16,MediumMobility,0,2026-08-06 16:04:19
Urban,26,EVA,2,9,0.410323434654816,QPSK,LMMSE,30,0,0,0,0,160,15,1800000,1.875,0.183353,1,16,MediumMobility,0,2026-08-06 16:04:19
Urban,26,EVA,2,9,0.41026475819081,QPSK,MPA,0,0.288307291666667,0.491536458333333,1,106.869138750409,-0.57704618922146,3,0,0,0.2449937,10,16,MediumMobility,0,2026-08-06 16:04:20
Urban,26,EVA,2,9,0.407271863277752,QPSK,MPA,5,0.202161458333333,0.360390625,1,89.2600189933449,0.986860501667796,4,0,0,0.2080206,10,16,MediumMobility,0,2026-08-06 16:04:20
Urban,26,EVA,2,9,0.402620625915905,QPSK,MPA,10,0.163177083333333,0.298854166666667,1,80.0184333289302,1.93619911744116,4,0,0,0.2241171,10,16,MediumMobility,0,2026-08-06 16:04:20
Urban,26,EVA,2,9,0.392264672672787,QPSK,MPA,15,0.121432291666667,0.227838541666667,1,68.9454198596273,3.22989158635699,5,0,0,0.2007992,10,16,MediumMobility,0,2026-08-06 16:04:20
Urban,26,EVA,2,9,0.410321044457964,QPSK,MPA,20,0.1012109375,0.190885416666667,1,63.0839464131547,4.00162291693057,5,0,0,0.2239655,10,16,MediumMobility,0,2026-08-06 16:04:20
Urban,26,EVA,2,9,0.395055728307823,QPSK,MPA,25,0.103450520833333,0.19578125,1,63.8583479983845,3.89564641510649,5,0,0,0.213011,10,16,MediumMobility,0,2026-08-06 16:04:21
Urban,26,EVA,2,9,0.409989958711613,QPSK,MPA,30,0.124375,0.231953125,1,70.0963510526095,3.08609178302429,5,0,0,0.2103374,10,16,MediumMobility,0,2026-08-06 16:04:21
Urban,26,EVA,2,9,0.410211384146835,16QAM,MRC,0,0.33052734375,0.780338541666667,1,94.4956119119249,0.491767166679162,4,0,0,1.2534475,3.3,16,MediumMobility,0,2026-08-06 16:04:22
Urban,26,EVA,2,9,0.410938116119988,16QAM,MRC,5,0.290813802083333,0.733177083333333,1,82.4287845039582,1.67842208443513,4,0,0,1.5188043,4,16,MediumMobility,0,2026-08-06 16:04:24
Urban,26,EVA,2,9,0.41113730499844,16QAM,MRC,10,0.11220703125,0.377395833333333,1,41.4793992111169,7.64335085143924,7,0,0,1.6492018,4.5,16,MediumMobility,0,2026-08-06 16:04:25
Urban,26,EVA,2,9,0.406264628420897,16QAM,MRC,15,0.0317903645833333,0.114947916666667,0.9,15.6789747488702,16.0936467864318,11,360000,0.375,1.3204621,3.3,16,MediumMobility,0,2026-08-06 16:04:27
Urban,26,EVA,2,9,0.411119252445734,16QAM,MRC,20,0.0326106770833333,0.113776041666667,0.8,14.4184310654253,16.8216398917755,12,720000,0.75,1.4030651,4.2,16,MediumMobility,0,2026-08-06 16:04:28
Urban,26,EVA,2,9,0.4076043590586,16QAM,MRC,25,0.0019140625,0.00713541666666667,0.3,2.64612112386971,31.5478056049032,15,2520000,2.625,1.2448221,3.3,16,MediumMobility,0,2026-08-06 16:04:29
Urban,26,EVA,2,9,0.394606842724274,16QAM,MRC,30,0.00172526041666667,0.00625,0.1,1.65593954043902,35.6191104734025,15,3240000,3.375,1.0471829,2.7,16,MediumMobility,0,2026-08-06 16:04:30
Urban,26,EVA,2,9,0.411106192693929,16QAM,LMMSE,0,0.37091796875,0.890755208333333,1,83.386398338719,1.57809567985589,4,0,0,0.1793355,1,16,MediumMobility,0,2026-08-06 16:04:31
Urban,26,EVA,2,9,0.409627710654508,16QAM,LMMSE,5,0.340774739583333,0.8721875,1,77.6977114305316,2.19183546123505,4,0,0,0.2040609,1,16,MediumMobility,0,2026-08-06 16:04:31
Urban,26,EVA,2,9,0.388272797340211,16QAM,LMMSE,10,0.264739583333333,0.762083333333333,1,65.3334775765602,3.69728449053873,5,0,0,0.182688,1,16,MediumMobility,0,2026-08-06 16:04:31
Urban,26,EVA,2,9,0.396675419611123,16QAM,LMMSE,15,0.16763671875,0.515208333333333,1,48.3098621328003,6.31928403811871,7,0,0,0.1756544,1,16,MediumMobility,0,2026-08-06 16:04:31
Urban,26,EVA,2,9,0.405769081854307,16QAM,LMMSE,20,0.0633723958333333,0.224817708333333,0.9,26.2094401217293,11.6308451244793,9,360000,0.375,0.1800315,1,16,MediumMobility,0,2026-08-06 16:04:31
Urban,26,EVA,2,9,0.41065250869013,16QAM,LMMSE,25,0.0151822916666667,0.0588802083333333,0.7,11.9996617290709,18.4166199311618,12,1080000,1.125,0.2198872,1,16,MediumMobility,0,2026-08-06 16:04:32
Urban,26,EVA,2,9,0.410861447580391,16QAM,LMMSE,30,0.00152994791666667,0.00606770833333333,0.2,2.02960467575697,33.851770905349,15,2880000,3,0.193688,1,16,MediumMobility,0,2026-08-06 16:04:32
Urban,26,EVA,2,9,0.408703634331068,16QAM,MPA,0,0.3653125,0.892161458333333,1,82.0671670454352,1.71661116284257,4,0,0,0.305653,10,16,MediumMobility,0,2026-08-06 16:04:32
Urban,26,EVA,2,9,0.411146292864061,16QAM,MPA,5,0.348138020833333,0.880052083333333,1,78.9143704112296,2.05687807978652,4,0,0,0.3172654,10,16,MediumMobility,0,2026-08-06 16:04:32
Urban,26,EVA,2,9,0.406315580269329,16QAM,MPA,10,0.339420572916667,0.876171875,1,76.8473012889052,2.28742758759602,4,0,0,0.2788051,10,16,MediumMobility,0,2026-08-06 16:04:33
Urban,26,EVA,2,9,0.407894954475715,16QAM,MPA,15,0.330787760416667,0.867708333333333,1,75.1181073514985,2.48510725859698,5,0,0,0.2759217,10,16,MediumMobility,0,2026-08-06 16:04:33
Urban,26,EVA,2,9,0.409892479647751,16QAM,MPA,20,0.329928385416667,0.867578125,1,74.8245771926413,2.51911457052297,5,0,0,0.2957129,10,16,MediumMobility,0,2026-08-06 16:04:33
Urban,26,EVA,2,9,0.410276523690849,16QAM,MPA,25,0.332395833333333,0.868411458333333,1,75.7482880213057,2.41254356312752,5,0,0,0.2853839,10,16,MediumMobility,0,2026-08-06 16:04:33
Urban,26,EVA,2,9,0.250079033791697,16QAM,MPA,30,0.34466796875,0.878984375,1,77.9784931650657,2.16050322507912,4,0,0,0.3122206,10,16,MediumMobility,0,2026-08-06 16:04:34
Urban,26,EVA,2,9,0.409195336629525,64QAM,MRC,0,0.408806423611111,0.945494791666667,1,109.418264825472,-0.781796467520679,3,0,0,2.5377471,9.4,16,MediumMobility,0,2026-08-06 16:04:36
Urban,26,EVA,2,9,0.411053006647911,64QAM,MRC,5,0.340581597222222,0.90234375,1,79.1232451818765,2.03391817551801,4,0,0,2.4277633,9.7,16,MediumMobility,0,2026-08-06 16:04:39
Urban,26,EVA,2,9,0.396761450436059,64QAM,MRC,10,0.206067708333333,0.7534375,1,41.4768808786749,7.6438782125419,7,0,0,2.2062294,7.1,16,MediumMobility,0,2026-08-06 16:04:41
Urban,26,EVA,2,9,0.410739683296661,64QAM,MRC,15,0.152230902777778,0.631067708333333,1,31.9184987889911,9.91915085707087,8,0,0,2.5292418,9.3,16,MediumMobility,0,2026-08-06 16:04:43
Urban,26,EVA,2,9,0.410911482730393,64QAM,MRC,20,0.0725694444444445,0.347734375,1,18.3981963923948,14.7044949911388,11,0,0,1.4772244,7.5,16,MediumMobility,0,2026-08-06 16:04:45
Urban,26,EVA,2,9,0.410670060917672,64QAM,MRC,25,0.0234114583333333,0.125885416666667,0.9,8.54604125692273,21.3647002982196,14,540000,0.5625,0.9202331,9.5,16,MediumMobility,0,2026-08-06 16:04:46
Urban,26,EVA,2,9,0.400262676457554,64QAM,MRC,30,0.00162326388888889,0.00958333333333333,0.4,1.84311336796184,34.6889590192645,15,3240000,3.375,1.2384631,12.9,16,MediumMobility,0,2026-08-06 16:04:47
Urban,26,EVA,2,9,0.410463697529595,64QAM,LMMSE,0,0.421310763888889,0.979296875,1,90.3039840261368,0.885861781681361,4,0,0,0.1058756,1,16,MediumMobility,0,2026-08-06 16:04:47
Urban,26,EVA,2,9,0.410979031407013,64QAM,LMMSE,5,0.401471354166667,0.976901041666667,1,87.8236425307611,1.12777108541978,4,0,0,0.1027056,1,16,MediumMobility,0,2026-08-06 16:04:47
Urban,26,EVA,2,9,0.410009411927422,64QAM,LMMSE,10,0.390264756944444,0.972708333333333,1,81.7644033103393,1.74871456486032,4,0,0,0.1064251,1,16,MediumMobility,0,2026-08-06 16:04:47
Urban,26,EVA,2,9,0.397652859761148,64QAM,LMMSE,15,0.389079861111111,0.965833333333333,1,72.0746722248136,2.84434647967014,5,0,0,0.1031572,1,16,MediumMobility,0,2026-08-06 16:04:48
Urban,26,EVA,2,9,0.407341954968096,64QAM,LMMSE,20,0.248914930555556,0.861041666666667,1,43.3791885275714,7.25437152743891,7,0,0,0.1050563,1,16,MediumMobility,0,2026-08-06 16:04:48
Urban,26,EVA,2,9,0.377374437695476,64QAM,LMMSE,25,0.106883680555556,0.461354166666667,0.9,22.3335024695035,13.0208632601135,10,540000,0.5625,0.1053643,1,16,MediumMobility,0,2026-08-06 16:04:48
Urban,26,EVA,2,9,0.391013038239993,64QAM,LMMSE,30,0.0643706597222222,0.277578125,0.6,13.7972352653494,17.2041586042878,12,2160000,2.25,0.1215448,1,16,MediumMobility,0,2026-08-06 16:04:48
Urban,26,EVA,2,9,0.404361279002235,64QAM,MPA,0,0.422595486111111,0.979557291666667,1,90.634184783384,0.854159343896279,4,0,0,0.4658708,10,16,MediumMobility,0,2026-08-06 16:04:48
Urban,26,EVA,2,9,0.409719312337441,64QAM,MPA,5,0.4045703125,0.977942708333333,1,87.9387491954534,1.11639431796413,4,0,0,0.4790956,10,16,MediumMobility,0,2026-08-06 16:04:49
Urban,26,EVA,2,9,0.41003171085233,64QAM,MPA,10,0.385338541666667,0.975651041666667,1,85.4224255677656,1.36856201905017,4,0,0,0.5867599,10,16,MediumMobility,0,2026-08-06 16:04:49
Urban,26,EVA,2,9,0.410905030705368,64QAM,MPA,15,0.404479166666667,0.977864583333333,1,87.3193559625726,1.17778952314536,4,0,0,0.4897771,10,16,MediumMobility,0,2026-08-06 16:04:50
Urban,26,EVA,2,9,0.411030152713755,64QAM,MPA,20,0.428229166666667,0.980729166666667,1,90.9947049700509,0.819677575379151,4,0,0,0.529715,10,16,MediumMobility,0,2026-08-06 16:04:50
Urban,26,EVA,2,9,0.411057051447267,64QAM,MPA,25,0.434782986111111,0.97953125,1,92.1820010467902,0.707077372668555,4,0,0,0.5951945,10,16,MediumMobility,0,2026-08-06 16:04:51
Urban,26,EVA,2,9,0.408383812954367,64QAM,MPA,30,0.438585069444444,0.980234375,1,92.8836944903752,0.641210373384228,4,0,0,0.5625664,10,16,MediumMobility,0,2026-08-06 16:04:52
Urban,34,EVA,2,9,0.535244985879724,QPSK,MRC,0,0.193619791666667,0.342265625,1,84.840692522894,1.4279159031463,4,0,0,0.5309323,3.1,17,MediumMobility,0,2026-08-06 16:04:52
Urban,34,EVA,2,9,0.52816234757768,QPSK,MRC,5,0.145690104166667,0.264921875,1,70.9007411851881,2.986984494941,5,0,0,0.475281,2.7,17,MediumMobility,0,2026-08-06 16:04:53
Urban,34,EVA,2,9,0.51867433156537,QPSK,MRC,10,0.0271484375,0.0516927083333333,0.9,21.0916777990483,13.5177774332937,10,180000,0.1875,0.4339872,2.5,17,MediumMobility,0,2026-08-06 16:04:53
Urban,34,EVA,2,9,0.536069045133435,QPSK,MRC,15,0.00225260416666667,0.00440104166666667,0.4,5.11037316894491,25.8309477143457,15,1080000,1.125,0.4491218,2.3,17,MediumMobility,0,2026-08-06 16:04:53
Urban,34,EVA,2,9,0.535448380720173,QPSK,MRC,20,2.60416666666667e-05,5.20833333333333e-05,0.2,0.456435464587638,46.8124123737559,15,1440000,1.5,0.4207337,2.1,17,MediumMobility,0,2026-08-06 16:04:54
Urban,34,EVA,2,9,0.52804841364728,QPSK,MRC,25,0,0,0,0,160,15,1800000,1.875,0.450057,2,17,MediumMobility,0,2026-08-06 16:04:54
Urban,34,EVA,2,9,0.520450573164104,QPSK,MRC,30,0,0,0,0,160,15,1800000,1.875,0.4069549,2,17,MediumMobility,0,2026-08-06 16:04:55
Urban,34,EVA,2,9,0.535172765458731,QPSK,LMMSE,0,0.231901041666667,0.407161458333333,1,96.1154319861265,0.344137556022888,4,0,0,0.1022172,1,17,MediumMobility,0,2026-08-06 16:04:55
Urban,34,EVA,2,9,0.475124042837315,QPSK,LMMSE,5,0.0960286458333333,0.176848958333333,1,55.7572053867557,5.07398003375552,6,0,0,0.1059375,1,17,MediumMobility,0,2026-08-06 16:04:55
Urban,34,EVA,2,9,0.537219535374311,QPSK,LMMSE,10,0.0487369791666667,0.0922395833333333,0.9,34.6669037337524,9.20169891039353,8,180000,0.1875,0.1066663,1,17,MediumMobility,0,2026-08-06 16:04:55
Urban,34,EVA,2,9,0.534610711671191,QPSK,LMMSE,15,0.0197916666666667,0.0384375,0.9,20.4422773234823,13.7894144858839,10,180000,0.1875,0.107494,1,17,MediumMobility,0,2026-08-06 16:04:55
Urban,34,EVA,2,9,0.492683316443927,QPSK,LMMSE,20,0.000234375,0.00046875,0.3,1.43484982096096,36.8638710425869,15,1260000,1.3125,0.1137337,1,17,MediumMobility,0,2026-08-06 16:04:55
Urban,34,EVA,2,9,0.534569742319809,QPSK,LMMSE,25,1.30208333333333e-05,2.60416666666667e-05,0.1,0.228217732293819,52.8330122870355,15,1620000,1.6875,0.1089828,1,17,MediumMobility,0,2026-08-06 16:04:55
Urban,34,EVA,2,9,0.527029400883061,QPSK,LMMSE,30,0,0,0,0,160,15,1800000,1.875,0.1097406,1,17,MediumMobility,0,2026-08-06 16:04:56
Urban,34,EVA,2,9,0.537650313495072,QPSK,MPA,0,0.264114583333333,0.454479166666667,1,102.31965759953,-0.199181563172019,3,0,0,0.1431684,10,17,MediumMobility,0,2026-08-06 16:04:56
Urban,34,EVA,2,9,0.535732279291778,QPSK,MPA,5,0.19078125,0.343307291666667,1,86.9476491145601,1.21484311862539,4,0,0,0.1449394,10,17,MediumMobility,0,2026-08-06 16:04:56
Urban,34,EVA,2,9,0.536857431157436,QPSK,MPA,10,0.161223958333333,0.295546875,1,79.7288416573279,1.96769091040302,4,0,0,0.1440569,10,17,MediumMobility,0,2026-08-06 16:04:56
Urban,34,EVA,2,9,0.536274444152934,QPSK,MPA,15,0.127565104166667,0.237239583333333,1,70.7828031216705,3.00144485087652,5,0,0,0.146622,10,17,MediumMobility,0,2026-08-06 16:04:56
Urban,34,EVA,2,9,0.536841479956595,QPSK,MPA,20,0.118359375,0.222552083333333,1,68.5381754663112,3.28134921944196,5,0,0,0.1530954,10,17,MediumMobility,0,2026-08-06 16:04:56
Urban,34,EVA,2,9,0.511221193022663,QPSK,MPA,25,0.110377604166667,0.208020833333333,1,66.1532247204987,3.58897961481042,5,0,0,0.1648192,10,17,MediumMobility,0,2026-08-06 16:04:56
Urban,34,EVA,2,9,0.531134254989694,QPSK,MPA,30,0.0959635416666667,0.182291666666667,1,61.7156746228695,4.19209038621725,5,0,0,0.1647782,10,17,MediumMobility,0,2026-08-06 16:04:57
Urban,34,EVA,2,9,0.536569798091474,16QAM,MRC,0,0.339134114583333,0.790338541666667,1,96.9043833551709,0.273131554153477,4,0,0,0.6494212,4.1,17,MediumMobility,0,2026-08-06 16:04:57
Urban,34,EVA,2,9,0.529498627214007,16QAM,MRC,5,0.24736328125,0.677552083333333,1,70.5588312586496,3.02897243000857,5,0,0,0.5910224,3.7,17,MediumMobility,0,2026-08-06 16:04:58
Urban,34,EVA,2,9,0.515530885714734,16QAM,MRC,10,0.0964388020833333,0.332265625,1,37.5238462296962,8.51385304833191,8,0,0,0.6590336,4.8,17,MediumMobility,0,2026-08-06 16:04:59
Urban,34,EVA,2,9,0.521420382876086,16QAM,MRC,15,0.0701692708333333,0.224296875,0.9,29.5893759230866,10.5772838911219,9,360000,0.375,0.6448303,5.3,17,MediumMobility,0,2026-08-06 16:04:59
Urban,34,EVA,2,9,0.536825525062545,16QAM,MRC,20,0.00549479166666667,0.0212239583333333,0.8,6.70918491078688,23.4666047687496,15,720000,0.75,0.5770127,4.6,17,MediumMobility,0,2026-08-06 16:05:00
Urban,34,EVA,2,9,0.534264531485178,16QAM,MRC,25,0.00164713541666667,0.00591145833333333,0.5,2.71447833073576,31.3262724180142,15,1800000,1.875,0.5239138,4,17,MediumMobility,0,2026-08-06 16:05:00
Urban,34,EVA,2,9,0.537268050888377,16QAM,MRC,30,0,0,0,0,160,15,3600000,3.75,0.3955326,2,17,MediumMobility,0,2026-08-06 16:05:01
Urban,34,EVA,2,9,0.536340276160395,16QAM,LMMSE,0,0.3803515625,0.899713541666667,1,85.1665964603121,1.39461416511441,4,0,0,0.1046595,1,17,MediumMobility,0,2026-08-06 16:05:01
Urban,34,EVA,2,9,0.533346681335606,16QAM,LMMSE,5,0.318463541666667,0.849140625,1,73.5590793543351,2.6672742982589,5,0,0,0.1066809,1,17,MediumMobility,0,2026-08-06 16:05:01
Urban,34,EVA,2,9,0.464982135320992,16QAM,LMMSE,10,0.280266927083333,0.779427083333333,1,67.7361980784423,3.3835836648672,5,0,0,0.1169645,1,17,MediumMobility,0,2026-08-06 16:05:01
Urban,34,EVA,2,9,0.534754478402892,16QAM,LMMSE,15,0.153411458333333,0.474739583333333,1,44.9154954476704,6.95207610801356,7,0,0,0.1061941,1,17,MediumMobility,0,2026-08-06 16:05:01
Urban,34,EVA,2,9,0.510890624062485,16QAM,LMMSE,20,0.101731770833333,0.341744791666667,1,36.8674125812077,8.66714681724822,8,0,0,0.1784822,1,17,MediumMobility,0,2026-08-06 16:05:01
Urban,34,EVA,2,9,0.537648151527884,16QAM,LMMSE,25,0.0258333333333333,0.09515625,0.6,13.184428337638,17.598773919901,12,1440000,1.5,0.1141072,1,17,MediumMobility,0,2026-08-06 16:05:01
Urban,34,EVA,2,9,0.521421112358568,16QAM,LMMSE,30,0.000579427083333333,0.00231770833333333,0.2,1.34872729279308,37.401517080808,15,2880000,3,0.1092929,1,17,MediumMobility,0,2026-08-06 16:05:01
Urban,34,EVA,2,9,0.532126771899705,16QAM,MPA,0,0.357701822916667,0.888567708333333,1,80.5891357665499,1.87447003105922,4,0,0,0.2381641,10,17,MediumMobility,0,2026-08-06 16:05:02
Urban,34,EVA,2,9,0.534885737687218,16QAM,MPA,5,0.343489583333333,0.877265625,1,77.7477443276813,2.18624404351489,4,0,0,0.2445798,10,17,MediumMobility,0,2026-08-06 16:05:02
Urban,34,EVA,2,9,0.533894170501462,16QAM,MPA,10,0.324661458333333,0.864739583333333,1,73.9720078845669,2.61865185433748,5,0,0,0.2462271,10,17,MediumMobility,0,2026-08-06 16:05:02
Urban,34,EVA,2,9,0.53120177552802,16QAM,MPA,15,0.33423828125,0.872135416666667,1,75.9141127099475,2.39354959347085,4,0,0,0.250634,10,17,MediumMobility,0,2026-08-06 16:05:02
Urban,34,EVA,2,9,0.532740988541695,16QAM,MPA,20,0.32923828125,0.870026041666667,1,74.7056182112885,2.53293471967319,5,0,0,0.2562174,10,17,MediumMobility,0,2026-08-06 16:05:03
Urban,34,EVA,2,9,0.52969952889596,16QAM,MPA,25,0.32677734375,0.868098958333333,1,74.3773435103851,2.57118674255348,5,0,0,0.2862783,10,17,MediumMobility,0,2026-08-06 16:05:03
Urban,34,EVA,2,9,0.537647877898446,16QAM,MPA,30,0.3394921875,0.8734375,1,77.1561193233434,2.25259247873855,4,0,0,0.2587606,10,17,MediumMobility,0,2026-08-06 16:05:03
Urban,34,EVA,2,9,0.532838072232297,64QAM,MRC,0,0.407899305555556,0.946197916666667,1,109.107622255977,-0.757101829013182,3,0,0,1.0169095,10.1,17,MediumMobility,0,2026-08-06 16:05:04
Urban,34,EVA,2,9,0.515768176752695,64QAM,MRC,5,0.287339409722222,0.851953125,1,61.8684308698946,4.17061797156309,5,0,0,0.8405357,7.6,17,MediumMobility,0,2026-08-06 16:05:05
Urban,34,EVA,2,9,0.537631441961674,64QAM,MRC,10,0.222560763888889,0.777473958333333,1,44.2259152247762,7.08646341801669,7,0,0,0.8607103,8.2,17,MediumMobility,0,2026-08-06 16:05:06
Urban,34,EVA,2,9,0.530430892444521,64QAM,MRC,15,0.160464409722222,0.6053125,1,33.699837716769,9.44744380980257,8,0,0,0.8536562,8.3,17,MediumMobility,0,2026-08-06 16:05:07
Urban,34,EVA,2,9,0.534862096922299,64QAM,MRC,20,0.0772439236111111,0.384895833333333,1,20.1833604186426,13.9001304886673,10,0,0,1.0662559,10.7,17,MediumMobility,0,2026-08-06 16:05:08
Urban,34,EVA,2,9,0.535775774500508,64QAM,MRC,25,0.0243446180555556,0.129947916666667,0.9,9.20179776689312,20.7225463140293,13,540000,0.5625,0.7895838,7.5,17,MediumMobility,0,2026-08-06 16:05:09
Urban,34,EVA,2,9,0.537582856650491,64QAM,MRC,30,0.000655381944444444,0.00369791666666667,0.5,1.31208676165196,37.6407489263281,15,2700000,2.8125,0.9071804,9.2,17,MediumMobility,0,2026-08-06 16:05:10
Urban,34,EVA,2,9,0.529973455041172,64QAM,LMMSE,0,0.411948784722222,0.9784375,1,89.135556951848,0.998980350786758,4,0,0,0.1107997,1,17,MediumMobility,0,2026-08-06 16:05:10
Urban,34,EVA,2,9,0.536251738459845,64QAM,LMMSE,5,0.403585069444444,0.977083333333333,1,87.8071779086978,1.12939961383223,4,0,0,0.1138692,1,17,MediumMobility,0,2026-08-06 16:05:10
Urban,34,EVA,2,9,0.457429842951508,64QAM,LMMSE,10,0.3925,0.974713541666667,1,83.2117952589386,1.5963021634193,4,0,0,0.1089218,1,17,MediumMobility,0,2026-08-06 16:05:10
Urban,34,EVA,2,9,0.532473468583054,64QAM,LMMSE,15,0.368003472222222,0.958541666666667,1,71.010111990845,2.97359604840021,5,0,0,0.1198857,1,17,MediumMobility,0,2026-08-06 16:05:10
Urban,34,EVA,2,9,0.529068984186873,64QAM,LMMSE,20,0.271766493055556,0.854010416666667,1,47.8551529442888,6.40142582868116,7,0,0,0.1149203,1,17,MediumMobility,0,2026-08-06 16:05:10
Urban,34,EVA,2,9,0.535678940854577,64QAM,LMMSE,25,0.163381076388889,0.6475,1,30.8097029381855,10.2262497810995,8,0,0,0.1138786,1,17,MediumMobility,0,2026-08-06 16:05:10
Urban,34,EVA,2,9,0.522733640409769,64QAM,LMMSE,30,0.0748133680555556,0.345755208333333,0.8,16.5733463553663,15.611795870309,11,1080000,1.125,0.1155331,1,17,MediumMobility,0,2026-08-06 16:05:10
Urban,34,EVA,2,9,0.534161990593867,64QAM,MPA,0,0.424926215277778,0.98,1,91.0042905749809,0.818762630696472,4,0,0,0.4986791,10,17,MediumMobility,0,2026-08-06 16:05:11
Urban,34,EVA,2,9,0.529384823575256,64QAM,MPA,5,0.410486111111111,0.978958333333333,1,88.9033280001841,1.02163962760063,4,0,0,0.5474613,10,17,MediumMobility,0,2026-08-06 16:05:11
Urban,34,EVA,2,9,0.528664291400048,64QAM,MPA,10,0.392699652777778,0.977890625,1,86.2331346242877,1.28651653513964,4,0,0,0.5556832,10,17,MediumMobility,0,2026-08-06 16:05:12
Urban,34,EVA,2,9,0.533669654256399,64QAM,MPA,15,0.393993055555556,0.976067708333333,1,85.90870593861,1.31925645573547,4,0,0,0.5598689,10,17,MediumMobility,0,2026-08-06 16:05:13
Urban,34,EVA,2,9,0.513000446381056,64QAM,MPA,20,0.439357638888889,0.980911458333333,1,92.5893643610418,0.668777947698374,4,0,0,0.5637871,10,17,MediumMobility,0,2026-08-06 16:05:13
Urban,34,EVA,2,9,0.537026989638793,64QAM,MPA,25,0.425143229166667,0.979765625,1,90.5090285873973,0.866161925263977,4,0,0,0.5892226,10,17,MediumMobility,0,2026-08-06 16:05:14
Urban,34,EVA,2,9,0.533699055413531,64QAM,MPA,30,0.435846354166667,0.980338541666667,1,92.3591928709724,0.690397420947057,4,0,0,0.5475507,10,17,MediumMobility,0,2026-08-06 16:05:14
Urban,38,EVA,2,9,0.59889850596083,QPSK,MRC,0,0.258606770833333,0.446822916666667,1,101.145254628581,-0.0989102410063009,3,0,0,0.4773331,3,18,MediumMobility,0,2026-08-06 16:05:15
Urban,38,EVA,2,9,0.593476320735566,QPSK,MRC,5,0.0983984375,0.181796875,1,56.8736291380553,4.90178116580101,6,0,0,0.4865404,3.2,18,MediumMobility,0,2026-08-06 16:05:15
Urban,38,EVA,2,9,0.599059108371913,QPSK,MRC,10,0.0325651041666667,0.0620052083333333,0.9,28.3584235768202,10.9463582983527,9,180000,0.1875,0.4101662,2.5,18,MediumMobility,0,2026-08-06 16:05:16
Urban,38,EVA,2,9,0.589521328689466,QPSK,MRC,15,0.0025,0.00497395833333333,0.2,4.40773075582216,27.1156988404394,15,1440000,1.5,0.4182911,2.5,18,MediumMobility,0,2026-08-06 16:05:16
Urban,38,EVA,2,9,0.53561437801057,QPSK,MRC,20,0,0,0,0,160,15,1800000,1.875,0.3901878,2,18,MediumMobility,0,2026-08-06 16:05:16
Urban,38,EVA,2,9,0.599402540544317,QPSK,MRC,25,0,0,0,0,160,15,1800000,1.875,0.3822265,2,18,MediumMobility,0,2026-08-06 16:05:17
Urban,38,EVA,2,9,0.600908233297851,QPSK,MRC,30,0,0,0,0,160,15,1800000,1.875,0.3863649,2,18,MediumMobility,0,2026-08-06 16:05:17
Urban,38,EVA,2,9,0.600250163065284,QPSK,LMMSE,0,0.222421875,0.393619791666667,1,93.8572512608193,0.55064337701527,4,0,0,0.1091443,1,18,MediumMobility,0,2026-08-06 16:05:17
Urban,38,EVA,2,9,0.60089755442624,QPSK,LMMSE,5,0.090546875,0.16765625,1,53.6638290048809,5.40636685826719,6,0,0,0.1032134,1,18,MediumMobility,0,2026-08-06 16:05:17
Urban,38,EVA,2,9,0.597319995339193,QPSK,LMMSE,10,0.028046875,0.0543489583333333,1,28.3063315033955,10.9623282298421,9,0,0,0.1045023,1,18,MediumMobility,0,2026-08-06 16:05:18
Urban,38,EVA,2,9,0.569865484061763,QPSK,LMMSE,15,0.00388020833333333,0.007734375,0.5,6.74052381276282,23.4261270540027,15,900000,0.9375,0.101351,1,18,MediumMobility,0,2026-08-06 16:05:18
Urban,38,EVA,2,9,0.585677602144275,QPSK,LMMSE,20,0.000247395833333333,0.000494791666666667,0.5,2.0632235960069,33.709074080867,15,900000,0.9375,0.1038146,1,18,MediumMobility,0,2026-08-06 16:05:18
Urban,38,EVA,2,9,0.594872402657547,QPSK,LMMSE,25,1.30208333333333e-05,2.60416666666667e-05,0.1,0.228217732293819,52.8330122870355,15,1620000,1.6875,0.1049984,1,18,MediumMobility,0,2026-08-06 16:05:18
Urban,38,EVA,2,9,0.600818014192961,QPSK,LMMSE,30,0,0,0,0,160,15,1800000,1.875,0.1030457,1,18,MediumMobility,0,2026-08-06 16:05:18
Urban,38,EVA,2,9,0.600870212101504,QPSK,MPA,0,0.277421875,0.473072916666667,1,104.495315468009,-0.381936428655182,3,0,0,0.1404687,10,18,MediumMobility,0,2026-08-06 16:05:18
Urban,38,EVA,2,9,0.588354257621555,QPSK,MPA,5,0.218567708333333,0.387317708333333,1,92.8074753141037,0.648340829735765,4,0,0,0.1415487,10,18,MediumMobility,0,2026-08-06 16:05:18
Urban,38,EVA,2,9,0.595205202943042,QPSK,MPA,10,0.158125,0.289817708333333,1,78.9184264641322,2.05643165257262,4,0,0,0.145597,10,18,MediumMobility,0,2026-08-06 16:05:18
Urban,38,EVA,2,9,0.577784480897899,QPSK,MPA,15,0.133815104166667,0.249296875,1,72.6246304901467,2.77832128521603,5,0,0,0.145881,10,18,MediumMobility,0,2026-08-06 16:05:19
Urban,38,EVA,2,9,0.590696970042352,QPSK,MPA,20,0.113841145833333,0.214088541666667,1,67.1066202970309,3.46469266170441,5,0,0,0.1455996,10,18,MediumMobility,0,2026-08-06 16:05:19
Urban,38,EVA,2,9,0.600779423413064,QPSK,MPA,25,0.114752604166667,0.21609375,1,67.2265239699933,3.44918687788888,5,0,0,0.1455633,10,18,MediumMobility,0,2026-08-06 16:05:19
Urban,38,EVA,2,9,0.600462243004359,QPSK,MPA,30,0.1135546875,0.214401041666667,1,67.3069964896209,3.43879577973941,5,0,0,0.1473806,10,18,MediumMobility,0,2026-08-06 16:05:19
Urban,38,EVA,2,9,0.584659033393176,16QAM,MRC,0,0.35232421875,0.80765625,1,98.7456066420281,0.109644355259189,3,0,0,0.5396406,4,18,MediumMobility,0,2026-08-06 16:05:20
Urban,38,EVA,2,9,0.596538591889146,16QAM,MRC,5,0.2408984375,0.645026041666667,1,70.4273268127279,3.04517591340114,5,0,0,0.4601914,3.2,18,MediumMobility,0,2026-08-06 16:05:20
Urban,38,EVA,2,9,0.595509178236459,16QAM,MRC,10,0.151640625,0.485729166666667,1,49.5551136295907,6.09823047381602,7,0,0,0.5484991,4.2,18,MediumMobility,0,2026-08-06 16:05:21
Urban,38,EVA,2,9,0.599076647346956,16QAM,MRC,15,0.0520052083333333,0.182135416666667,0.9,24.1889407538448,12.3276629840087,10,360000,0.375,0.5897428,4.9,18,MediumMobility,0,2026-08-06 16:05:21
Urban,38,EVA,2,9,0.600819356939382,16QAM,MRC,20,0.00309244791666667,0.0121354166666667,0.7,5.15266403700585,25.7593634679959,15,1080000,1.125,0.523506,4.1,18,MediumMobility,0,2026-08-06 16:05:22
Urban,38,EVA,2,9,0.592342139010216,16QAM,MRC,25,0,0,0,0,160,15,3600000,3.75,0.3959644,2.1,18,MediumMobility,0,2026-08-06 16:05:22
Urban,38,EVA,2,9,0.600643345870244,16QAM,MRC,30,0.00080078125,0.00291666666666667,0.1,1.13882445105677,38.8708643386675,15,3240000,3.375,0.4324954,2.5,18,MediumMobility,0,2026-08-06 16:05:23
Urban,38,EVA,2,9,0.595180304868416,16QAM,LMMSE,0,0.376080729166667,0.8978125,1,84.8952151345537,1.42233573557328,4,0,0,0.1106066,1,18,MediumMobility,0,2026-08-06 16:05:23
Urban,38,EVA,2,9,0.581149856719526,16QAM,LMMSE,5,0.333671875,0.865416666666667,1,76.1342614037563,2.36839722198703,4,0,0,0.1064778,1,18,MediumMobility,0,2026-08-06 16:05:23
Urban,38,EVA,2,9,0.586481769179651,16QAM,LMMSE,10,0.264231770833333,0.761041666666667,1,65.0643691503369,3.73313553360379,5,0,0,0.1082086,1,18,MediumMobility,0,2026-08-06 16:05:23
Urban,38,EVA,2,9,0.487000976816499,16QAM,LMMSE,15,0.188880208333333,0.581692708333333,0.9,51.6389475771671,5.74045234828527,6,360000,0.375,0.1088375,1,18,MediumMobility,0,2026-08-06 16:05:23
Urban,38,EVA,2,9,0.538979082256464,16QAM,LMMSE,20,0.0850520833333333,0.273333333333333,0.7,27.2358803085863,11.2971716609965,9,1080000,1.125,0.1073802,1,18,MediumMobility,0,2026-08-06 16:05:23
Urban,38,EVA,2,9,0.59747428707019,16QAM,LMMSE,25,0.03080078125,0.110182291666667,0.8,14.5146991106417,16.7638392530601,12,720000,0.75,0.1090753,1,18,MediumMobility,0,2026-08-06 16:05:23
Urban,38,EVA,2,9,0.541422251061062,16QAM,LMMSE,30,0.00193359375,0.00768229166666667,0.3,2.94087831186441,30.6304589085609,15,2520000,2.625,0.107889,1,18,MediumMobility,0,2026-08-06 16:05:23
Urban,38,EVA,2,9,0.600906940400804,16QAM,MPA,0,0.36921875,0.892213541666667,1,83.4126770583933,1.57535880544258,4,0,0,0.2329971,10,18,MediumMobility,0,2026-08-06 16:05:24
Urban,38,EVA,2,9,0.589578916780421,16QAM,MPA,5,0.334680989583333,0.873723958333333,1,75.8756744001819,2.39794871583593,4,0,0,0.2574119,10,18,MediumMobility,0,2026-08-06 16:05:24
Urban,38,EVA,2,9,0.529428338238542,16QAM,MPA,10,0.3280859375,0.868046875,1,74.7000022935958,2.53358769699966,5,0,0,0.250107,10,18,MediumMobility,0,2026-08-06 16:05:24
Urban,38,EVA,2,9,0.600853174273053,16QAM,MPA,15,0.330436197916667,0.870755208333333,1,74.9446936266325,2.50518222903059,5,0,0,0.260443,10,18,MediumMobility,0,2026-08-06 16:05:24
Urban,38,EVA,2,9,0.59999260113462,16QAM,MPA,20,0.335501302083333,0.873984375,1,76.1642102147665,2.36498113950355,4,0,0,0.2771299,10,18,MediumMobility,0,2026-08-06 16:05:25
Urban,38,EVA,2,9,0.597948620538068,16QAM,MPA,25,0.3375390625,0.8721875,1,76.636775617971,2.31125551720735,4,0,0,0.2738316,10,18,MediumMobility,0,2026-08-06 16:05:25
Urban,38,EVA,2,9,0.573427101186077,16QAM,MPA,30,0.33900390625,0.875026041666667,1,76.783834366307,2.29460408491688,4,0,0,0.2703142,10,18,MediumMobility,0,2026-08-06 16:05:25
Urban,38,EVA,2,9,0.587472123031999,64QAM,MRC,0,0.394457465277778,0.940755208333333,1,98.5931419381211,0.123065863856583,3,0,0,0.9183798,7.9,18,MediumMobility,0,2026-08-06 16:05:26
Urban,38,EVA,2,9,0.597982648739637,64QAM,MRC,5,0.321006944444444,0.881067708333333,1,71.9038676825388,2.86495496897435,5,0,0,0.8284619,7,18,MediumMobility,0,2026-08-06 16:05:27
Urban,38,EVA,2,9,0.490233642399998,64QAM,MRC,10,0.228871527777778,0.791744791666667,1,45.9099959587719,6.76185490925513,7,0,0,0.9612859,8.2,18,MediumMobility,0,2026-08-06 16:05:28
Urban,38,EVA,2,9,0.60014390767984,64QAM,MRC,15,0.115577256944444,0.50578125,1,26.4145388675224,11.5631393323544,9,0,0,0.9054582,8.1,18,MediumMobility,0,2026-08-06 16:05:29
Urban,38,EVA,2,9,0.598623908222831,64QAM,MRC,20,0.0483333333333333,0.247239583333333,1,14.1426435706273,16.9893880755238,12,0,0,0.9644919,8.4,18,MediumMobility,0,2026-08-06 16:05:30
Urban,38,EVA,2,9,0.587160402017687,64QAM,MRC,25,0.0171050347222222,0.0916666666666667,0.7,6.38120727800721,23.9019429629582,15,1620000,1.6875,1.0798034,10,18,MediumMobility,0,2026-08-06 16:05:31
Urban,38,EVA,2,9,0.563204733374263,64QAM,MRC,30,0.000403645833333333,0.00221354166666667,0.4,0.842215700112034,41.4915333393298,15,3240000,3.375,1.2724469,13,18,MediumMobility,0,2026-08-06 16:05:32
Urban,38,EVA,2,9,0.592194603215315,64QAM,LMMSE,0,0.427478298611111,0.980338541666667,1,91.1589675226839,0.804012046695978,4,0,0,0.1572876,1,18,MediumMobility,0,2026-08-06 16:05:32
Urban,38,EVA,2,9,0.59630091283744,64QAM,LMMSE,5,0.410798611111111,0.977083333333333,1,88.3241706990389,1.07840863178751,4,0,0,0.1240873,1,18,MediumMobility,0,2026-08-06 16:05:32
Urban,38,EVA,2,9,0.600532583451239,64QAM,LMMSE,10,0.382951388888889,0.969765625,1,80.5215322760745,1.88175938686682,4,0,0,0.1351348,1,18,MediumMobility,0,2026-08-06 16:05:32
Urban,38,EVA,2,9,0.576773137129727,64QAM,LMMSE,15,0.374839409722222,0.9596875,1,70.402314976129,3.04826120214956,5,0,0,0.1491595,1,18,MediumMobility,0,2026-08-06 16:05:33
Urban,38,EVA,2,9,0.600532174158061,64QAM,LMMSE,20,0.329396701388889,0.934609375,1,56.0804732357734,5.02376660453057,6,0,0,0.1397345,1,18,MediumMobility,0,2026-08-06 16:05:33
Urban,38,EVA,2,9,0.59600070494293,64QAM,LMMSE,25,0.0911024305555556,0.420338541666667,0.8,19.5937677435783,14.157640884077,11,1080000,1.125,0.1471848,1,18,MediumMobility,0,2026-08-06 16:05:33
Urban,38,EVA,2,9,0.579445526165464,64QAM,LMMSE,30,0.0609722222222222,0.291510416666667,0.6,14.1657949481023,16.9751809793312,12,2160000,2.25,0.1423198,1,18,MediumMobility,0,2026-08-06 16:05:33
Urban,38,EVA,2,9,0.60079237131028,64QAM,MPA,0,0.423832465277778,0.981067708333333,1,91.0058305507625,0.818615649203339,4,0,0,0.6311562,10,18,MediumMobility,0,2026-08-06 16:05:34
Urban,38,EVA,2,9,0.586674431851745,64QAM,MPA,5,0.405017361111111,0.978463541666667,1,87.6909674572266,1.14090277019545,4,0,0,0.6273344,10,18,MediumMobility,0,2026-08-06 16:05:34
Urban,38,EVA,2,9,0.57912123871318,64QAM,MPA,10,0.384340277777778,0.975260416666667,1,85.4118449284132,1.36963794211368,4,0,0,0.8310406,10,18,MediumMobility,0,2026-08-06 16:05:35
Urban,38,EVA,2,9,0.597613268641553,64QAM,MPA,15,0.402951388888889,0.977786458333333,1,87.2075249475828,1.18892078249279,4,0,0,0.6940209,10,18,MediumMobility,0,2026-08-06 16:05:36
Urban,38,EVA,2,9,0.595719977136493,64QAM,MPA,20,0.4223828125,0.978489583333333,1,90.5888138472144,0.858508537492638,4,0,0,0.7857919,10,18,MediumMobility,0,2026-08-06 16:05:37
Urban,38,EVA,2,9,0.568350766576339,64QAM,MPA,25,0.434470486111111,0.981901041666667,1,92.0605955722597,0.718524396594684,4,0,0,0.6624346,10,18,MediumMobility,0,2026-08-06 16:05:37
Urban,38,EVA,2,9,0.600853894497041,64QAM,MPA,30,0.435963541666667,0.980442708333333,1,92.3807835526939,0.688367169746117,4,0,0,0.6274085,10,18,MediumMobility,0,2026-08-06 16:05:38
Urban,14,EVA,2,9,0.220305868678713,QPSK,MRC,0,0.227135416666667,0.397213541666667,1,94.0598085636866,0.531918189838158,4,0,0,0.555569,3.3,19,MediumMobility,0,2026-08-06 16:05:38
Urban,14,EVA,2,9,0.219110176535421,QPSK,MRC,5,0.0981119791666667,0.178723958333333,0.9,53.0097788446636,5.51288015268807,6,180000,0.1875,0.4622767,2.7,19,MediumMobility,0,2026-08-06 16:05:39
Urban,14,EVA,2,9,0.217069971056525,QPSK,MRC,10,0.0266796875,0.0507552083333333,0.7,23.3363387625572,12.6393455878727,10,540000,0.5625,0.4146877,2.3,19,MediumMobility,0,2026-08-06 16:05:39
Urban,14,EVA,2,9,0.221128676985224,QPSK,MRC,15,0.0141015625,0.0270833333333333,0.5,14.2344102940379,16.933210403639,12,900000,0.9375,0.4578889,2.8,19,MediumMobility,0,2026-08-06 16:05:40
Urban,14,EVA,2,9,0.221375598123122,QPSK,MRC,20,0.00151041666666667,0.00286458333333333,0.1,2.45798020062544,32.1884323947663,15,1620000,1.6875,0.4430471,2.3,19,MediumMobility,0,2026-08-06 16:05:40
Urban,14,EVA,2,9,0.220906373411251,QPSK,MRC,25,0,0,0,0,160,15,1800000,1.875,0.4111141,2,19,MediumMobility,0,2026-08-06 16:05:41
Urban,14,EVA,2,9,0.217145569977841,QPSK,MRC,30,0,0,0,0,160,15,1800000,1.875,0.411307,2,19,MediumMobility,0,2026-08-06 16:05:41
Urban,14,EVA,2,9,0.213825179254319,QPSK,LMMSE,0,0.230677083333333,0.404088541666667,1,95.1755380037881,0.42949319094623,4,0,0,0.1000248,1,19,MediumMobility,0,2026-08-06 16:05:41
Urban,14,EVA,2,9,0.221382305962681,QPSK,LMMSE,5,0.0899609375,0.171536458333333,1,59.1108389759642,4.56665753099013,6,0,0,0.1003739,1,19,MediumMobility,0,2026-08-06 16:05:41
Urban,14,EVA,2,9,0.209611975119495,QPSK,LMMSE,10,0.0367838541666667,0.0685416666666667,0.8,27.1320729170136,11.3303404889189,9,360000,0.375,0.099927,1,19,MediumMobility,0,2026-08-06 16:05:41
Urban,14,EVA,2,9,0.221247547612602,QPSK,LMMSE,15,0.0206901041666667,0.03984375,0.6,18.537502874351,14.6389753724718,11,720000,0.75,0.1001049,1,19,MediumMobility,0,2026-08-06 16:05:41
Urban,14,EVA,2,9,0.221012566242292,QPSK,LMMSE,20,0.00358072916666667,0.007109375,0.4,6.15553367084881,24.2146857750188,15,1080000,1.125,0.0999336,1,19,MediumMobility,0,2026-08-06 16:05:42
Urban,14,EVA,2,9,0.203777694155355,QPSK,LMMSE,25,0,0,0,0,160,15,1800000,1.875,0.1058839,1,19,MediumMobility,0,2026-08-06 16:05:42
Urban,14,EVA,2,9,0.221383070758709,QPSK,LMMSE,30,0,0,0,0,160,15,1800000,1.875,0.1006814,1,19,MediumMobility,0,2026-08-06 16:05:42
Urban,14,EVA,2,9,0.161435883257222,QPSK,MPA,0,0.240859375,0.413723958333333,1,96.1613907063646,0.339985288745878,4,0,0,0.1299068,10,19,MediumMobility,0,2026-08-06 16:05:42
Urban,14,EVA,2,9,0.210304586938671,QPSK,MPA,5,0.204518229166667,0.36296875,1,89.2804669212075,0.984870942329384,4,0,0,0.1370862,10,19,MediumMobility,0,2026-08-06 16:05:42
Urban,14,EVA,2,9,0.173506073322223,QPSK,MPA,10,0.152552083333333,0.280260416666667,1,77.3461950671226,2.23122091841243,4,0,0,0.1563928,10,19,MediumMobility,0,2026-08-06 16:05:42
Urban,14,EVA,2,9,0.221387639533207,QPSK,MPA,15,0.138151041666667,0.25671875,1,73.68578923051,2.65232520994421,5,0,0,0.1480486,10,19,MediumMobility,0,2026-08-06 16:05:42
Urban,14,EVA,2,9,0.221284867533345,QPSK,MPA,20,0.109544270833333,0.2065625,1,65.9017251966659,3.62206432311673,5,0,0,0.1432753,10,19,MediumMobility,0,2026-08-06 16:05:43
Urban,14,EVA,2,9,0.215603243888276,QPSK,MPA,25,0.104609375,0.197005208333333,1,63.6357758802122,3.92597312758659,5,0,0,0.1493351,10,19,MediumMobility,0,2026-08-06 16:05:43
Urban,14,EVA,2,9,0.221386625880495,QPSK,MPA,30,0.0943229166666667,0.179270833333333,1,61.3068855219784,4.24981492194243,5,0,0,0.1503486,10,19,MediumMobility,0,2026-08-06 16:05:43
Urban,14,EVA,2,9,0.21856768021728,16QAM,MRC,0,0.326490885416667,0.772135416666667,1,93.524823280699,0.581462074953295,4,0,0,0.6256858,4.5,19,MediumMobility,0,2026-08-06 16:05:43
Urban,14,EVA,2,9,0.221370056706184,16QAM,MRC,5,0.2455078125,0.668802083333333,1,71.2793059153115,2.9407307581604,5,0,0,0.6287031,4.8,19,MediumMobility,0,2026-08-06 16:05:44
Urban,14,EVA,2,9,0.219538653271743,16QAM,MRC,10,0.154615885416667,0.454557291666667,1,51.7366135768523,5.72404002921127,6,0,0,0.5813588,4.4,19,MediumMobility,0,2026-08-06 16:05:45
Urban,14,EVA,2,9,0.213926430969403,16QAM,MRC,15,0.0430338541666667,0.147395833333333,0.7,18.9934705202076,14.4279134592718,11,1080000,1.125,0.5614377,4,19,MediumMobility,0,2026-08-06 16:05:45
Urban,14,EVA,2,9,0.215022238948201,16QAM,MRC,20,0.01490234375,0.053671875,0.6,9.52096699135475,20.426378810289,13,1440000,1.5,0.5889246,4,19,MediumMobility,0,2026-08-06 16:05:46
Urban,14,EVA,2,9,0.218036211757981,16QAM,MRC,25,0.0170833333333333,0.0615104166666667,0.6,10.4545421544001,19.6138996379334,13,1440000,1.5,0.5788886,4.4,19,MediumMobility,0,2026-08-06 16:05:46
Urban,14,EVA,2,9,0.220201913335014,16QAM,MRC,30,0.00260416666666667,0.00942708333333333,0.2,2.83107049482457,30.9609863277658,15,2880000,3,0.4828473,3,19,MediumMobility,0,2026-08-06 16:05:47
Urban,14,EVA,2,9,0.21117861926666,16QAM,LMMSE,0,0.388170572916667,0.899661458333333,1,87.3439072307843,1.17534768616525,4,0,0,0.0980655,1,19,MediumMobility,0,2026-08-06 16:05:47
Urban,14,EVA,2,9,0.217846714116854,16QAM,LMMSE,5,0.321373697916667,0.858828125,1,73.5661881898757,2.66643492427454,5,0,0,0.1026618,1,19,MediumMobility,0,2026-08-06 16:05:47
Urban,14,EVA,2,9,0.221037398739837,16QAM,LMMSE,10,0.259876302083333,0.738776041666667,1,64.3927959176598,3.82325435100737,5,0,0,0.1007725,1,19,MediumMobility,0,2026-08-06 16:05:47
Urban,14,EVA,2,9,0.220384722971782,16QAM,LMMSE,15,0.10919921875,0.357447916666667,1,37.7369546374937,8.46466300419364,8,0,0,0.1003448,1,19,MediumMobility,0,2026-08-06 16:05:47
Urban,14,EVA,2,9,0.221252773427209,16QAM,LMMSE,20,0.0716536458333333,0.221458333333333,0.8,22.6346734264845,12.9045153426579,10,720000,0.75,0.1041368,1,19,MediumMobility,0,2026-08-06 16:05:47
Urban,14,EVA,2,9,0.219644157102508,16QAM,LMMSE,25,0.0588671875,0.199817708333333,0.8,22.0631654431998,13.1266435678423,10,720000,0.75,0.103144,1,19,MediumMobility,0,2026-08-06 16:05:47
Urban,14,EVA,2,9,0.220799936198171,16QAM,LMMSE,30,0.00449869791666667,0.0176822916666667,0.2,3.76693763370354,28.4802314003553,15,2880000,3,0.1010758,1,19,MediumMobility,0,2026-08-06 16:05:48
Urban,14,EVA,2,9,0.221197259114509,16QAM,MPA,0,0.3675,0.88890625,1,82.8399247457048,1.63520608609318,4,0,0,0.2445282,10,19,MediumMobility,0,2026-08-06 16:05:48
Urban,14,EVA,2,9,0.203182738785344,16QAM,MPA,5,0.358860677083333,0.88375,1,81.0988038557146,1.81971102494917,4,0,0,0.2595373,10,19,MediumMobility,0,2026-08-06 16:05:48
Urban,14,EVA,2,9,0.211164112986415,16QAM,MPA,10,0.342473958333333,0.87640625,1,77.7015941558425,2.19140141909534,4,0,0,0.2608149,10,19,MediumMobility,0,2026-08-06 16:05:48
Urban,14,EVA,2,9,0.220064230189631,16QAM,MPA,15,0.340377604166667,0.873515625,1,77.3446760748822,2.2313915011865,4,0,0,0.258913,10,19,MediumMobility,0,2026-08-06 16:05:49
Urban,14,EVA,2,9,0.218864571407235,16QAM,MPA,20,0.326315104166667,0.865338541666667,1,74.4636400272933,2.56111475716091,5,0,0,0.261165,10,19,MediumMobility,0,2026-08-06 16:05:49
Urban,14,EVA,2,9,0.215447330560582,16QAM,MPA,25,0.346341145833333,0.877682291666667,1,78.5199849375509,2.10039584765029,4,0,0,0.2699335,10,19,MediumMobility,0,2026-08-06 16:05:49
Urban,14,EVA,2,9,0.213644136305821,16QAM,MPA,30,0.340071614583333,0.875807291666667,1,77.0406072535485,2.26560605302199,4,0,0,0.2681175,10,19,MediumMobility,0,2026-08-06 16:05:49
Urban,14,EVA,2,9,0.207960078948962,64QAM,MRC,0,0.392083333333333,0.938489583333333,1,100.06809810665,-0.00591291332667873,3,0,0,0.9579652,9.1,19,MediumMobility,0,2026-08-06 16:05:50
Urban,14,EVA,2,9,0.214044619022368,64QAM,MRC,5,0.314084201388889,0.883125,1,70.0012564476711,3.09788329588823,5,0,0,0.9699825,9.4,19,MediumMobility,0,2026-08-06 16:05:51
Urban,14,EVA,2,9,0.190092901092303,64QAM,MRC,10,0.205264756944444,0.740364583333333,1,40.8517377146193,7.77578930218132,7,0,0,0.9049285,8.8,19,MediumMobility,0,2026-08-06 16:05:52
Urban,14,EVA,2,9,0.218450359831534,64QAM,MRC,15,0.106310763888889,0.476067708333333,1,24.9051286426416,12.0742242132273,10,0,0,0.9382548,9.6,19,MediumMobility,0,2026-08-06 16:05:53
Urban,14,EVA,2,9,0.212591712495097,64QAM,MRC,20,0.0800824652777778,0.34609375,1,20.3627114098481,13.8232878745121,10,0,0,1.337923,14.9,19,MediumMobility,0,2026-08-06 16:05:55
Urban,14,EVA,2,9,0.219541147665397,64QAM,MRC,25,0.0275520833333333,0.135625,0.8,8.68838875144893,21.2212151067806,14,1080000,1.125,0.9142437,8.9,19,MediumMobility,0,2026-08-06 16:05:55
Urban,14,EVA,2,9,0.2070536135773,64QAM,MRC,30,0.0196310763888889,0.0965104166666667,0.3,4.86967005502888,26.2500092690732,15,3780000,3.9375,1.1589672,12.5,19,MediumMobility,0,2026-08-06 16:05:57
Urban,14,EVA,2,9,0.202364559181451,64QAM,LMMSE,0,0.421284722222222,0.981848958333333,1,90.2602257667012,0.890071690390159,4,0,0,0.1015889,1,19,MediumMobility,0,2026-08-06 16:05:57
Urban,14,EVA,2,9,0.22116107265393,64QAM,LMMSE,5,0.384153645833333,0.975442708333333,1,85.0752537605562,1.40393493652789,4,0,0,0.1044459,1,19,MediumMobility,0,2026-08-06 16:05:57
Urban,14,EVA,2,9,0.219166944498923,64QAM,LMMSE,10,0.382413194444444,0.972864583333333,1,82.7438402660801,1.64528653425264,4,0,0,0.1085459,1,19,MediumMobility,0,2026-08-06 16:05:57
Urban,14,EVA,2,9,0.220416134602241,64QAM,LMMSE,15,0.299535590277778,0.899375,1,54.0812639528762,5.33906333787247,6,0,0,0.1078965,1,19,MediumMobility,0,2026-08-06 16:05:57
Urban,14,EVA,2,9,0.221345516862947,64QAM,LMMSE,20,0.215099826388889,0.706901041666667,1,40.0165775472854,7.95520115052163,7,0,0,0.109744,1,19,MediumMobility,0,2026-08-06 16:05:57
Urban,14,EVA,2,9,0.220784350536015,64QAM,LMMSE,25,0.123198784722222,0.492057291666667,0.9,25.0497939441018,12.0239168444837,10,540000,0.5625,0.1213021,1,19,MediumMobility,0,2026-08-06 16:05:57
Urban,14,EVA,2,9,0.212871996335814,64QAM,LMMSE,30,0.102912326388889,0.414244791666667,0.9,21.7114168876444,13.2662366710256,10,540000,0.5625,0.1695303,1,19,MediumMobility,0,2026-08-06 16:05:57
Urban,14,EVA,2,9,0.221215593640251,64QAM,MPA,0,0.416163194444444,0.977864583333333,1,89.921829789092,0.922697287453031,4,0,0,0.565442,10,19,MediumMobility,0,2026-08-06 16:05:58
Urban,14,EVA,2,9,0.220664586910648,64QAM,MPA,5,0.397105034722222,0.975989583333333,1,87.2228826843729,1.18739128303217,4,0,0,0.6197755,10,19,MediumMobility,0,2026-08-06 16:05:59
Urban,14,EVA,2,9,0.207704383572126,64QAM,MPA,10,0.387395833333333,0.975390625,1,85.6205857242306,1.34843611028853,4,0,0,0.6098312,10,19,MediumMobility,0,2026-08-06 16:05:59
Urban,14,EVA,2,9,0.209477510861788,64QAM,MPA,15,0.411814236111111,0.978671875,1,88.5788818458004,1.05339612457087,4,0,0,0.6187833,10,19,MediumMobility,0,2026-08-06 16:06:00
Urban,14,EVA,2,9,0.216700980237895,64QAM,MPA,20,0.412938368055556,0.979453125,1,88.4168417413098,1.06930004393391,4,0,0,0.5949948,10,19,MediumMobility,0,2026-08-06 16:06:00
Urban,14,EVA,2,9,0.218623228484579,64QAM,MPA,25,0.439097222222222,0.980182291666667,1,92.8390735125842,0.645384044714454,4,0,0,0.6054135,10,19,MediumMobility,0,2026-08-06 16:06:01
Urban,14,EVA,2,9,0.218308772329272,64QAM,MPA,30,0.434704861111111,0.978880208333333,1,92.249974829571,0.700674873324908,4,0,0,0.6091359,10,19,MediumMobility,0,2026-08-06 16:06:02
Urban,36,EVA,2,9,0.569139512491121,QPSK,MRC,0,0.189739583333333,0.337135416666667,1,84.8736411235443,1.42454331927051,4,0,0,0.5409158,3.1,20,MediumMobility,0,2026-08-06 16:06:02
Urban,36,EVA,2,9,0.53379514476826,QPSK,MRC,5,0.104466145833333,0.192421875,1,59.1890384032811,4.55517431208215,6,0,0,0.4937373,3.1,20,MediumMobility,0,2026-08-06 16:06:03
Urban,36,EVA,2,9,0.563830708900287,QPSK,MRC,10,0.0235286458333333,0.0461458333333333,1,28.4042990974342,10.932318457516,9,0,0,0.4897165,2.8,20,MediumMobility,0,2026-08-06 16:06:03
Urban,36,EVA,2,9,0.534484365845622,QPSK,MRC,15,0.00485677083333333,0.00940104166666667,0.5,5.75287565652131,24.8023002555243,15,900000,0.9375,0.4383703,2.1,20,MediumMobility,0,2026-08-06 16:06:04
Urban,36,EVA,2,9,0.530924736856102,QPSK,MRC,20,1.30208333333333e-05,2.60416666666667e-05,0.1,0.228217732293819,52.8330122870355,15,1620000,1.6875,0.4217328,2,20,MediumMobility,0,2026-08-06 16:06:04
Urban,36,EVA,2,9,0.562012914238825,QPSK,MRC,25,0,0,0,0,160,15,1800000,1.875,0.4197644,2,20,MediumMobility,0,2026-08-06 16:06:04
Urban,36,EVA,2,9,0.567988892308074,QPSK,MRC,30,0,0,0,0,160,15,1800000,1.875,0.4249831,2,20,MediumMobility,0,2026-08-06 16:06:05
Urban,36,EVA,2,9,0.560281498723112,QPSK,LMMSE,0,0.237421875,0.415885416666667,1,96.8525840722671,0.277775752205565,4,0,0,0.113694,1,20,MediumMobility,0,2026-08-06 16:06:05
Urban,36,EVA,2,9,0.562400259401484,QPSK,LMMSE,5,0.136223958333333,0.248385416666667,1,71.288208244876,2.93964601381769,5,0,0,0.1168284,1,20,MediumMobility,0,2026-08-06 16:06:05
Urban,36,EVA,2,9,0.532689771475291,QPSK,LMMSE,10,0.0257291666666667,0.0498177083333333,0.8,25.720576601052,11.7943859934569,10,360000,0.375,0.1127576,1,20,MediumMobility,0,2026-08-06 16:06:05
Urban,36,EVA,2,9,0.561457541807067,QPSK,LMMSE,15,0.0027734375,0.005546875,0.6,6.89064900241005,23.2347974344412,15,720000,0.75,0.1122711,1,20,MediumMobility,0,2026-08-06 16:06:05
Urban,36,EVA,2,9,0.557633300836133,QPSK,LMMSE,20,7.8125e-05,0.00015625,0.1,0.559016994374947,45.0514997831991,15,1620000,1.6875,0.1133307,1,20,MediumMobility,0,2026-08-06 16:06:05
Urban,36,EVA,2,9,0.558337712939004,QPSK,LMMSE,25,1.30208333333333e-05,2.60416666666667e-05,0.1,0.228217732293819,52.8330122870355,15,1620000,1.6875,0.1142593,1,20,MediumMobility,0,2026-08-06 16:06:06
Urban,36,EVA,2,9,0.551663321421903,QPSK,LMMSE,30,0,0,0,0,160,15,1800000,1.875,0.1100604,1,20,MediumMobility,0,2026-08-06 16:06:06
Urban,36,EVA,2,9,0.54195551242639,QPSK,MPA,0,0.263216145833333,0.455651041666667,1,102.170723996535,-0.186529417309219,3,0,0,0.156459,10,20,MediumMobility,0,2026-08-06 16:06:06
Urban,36,EVA,2,9,0.566325268123772,QPSK,MPA,5,0.223125,0.391197916666667,1,93.3381941701739,0.598812114767272,4,0,0,0.1583776,10,20,MediumMobility,0,2026-08-06 16:06:06
Urban,36,EVA,2,9,0.565602761752051,QPSK,MPA,10,0.187682291666667,0.335989583333333,1,85.5546556554779,1.35512704671973,4,0,0,0.1594164,10,20,MediumMobility,0,2026-08-06 16:06:06
Urban,36,EVA,2,9,0.568183190074973,QPSK,MPA,15,0.126236979166667,0.23546875,1,70.4290309143456,3.04496574697595,5,0,0,0.1586867,10,20,MediumMobility,0,2026-08-06 16:06:06
Urban,36,EVA,2,9,0.569271848182668,QPSK,MPA,20,0.1103125,0.207942708333333,1,66.0186575128986,3.60666622558162,5,0,0,0.158305,10,20,MediumMobility,0,2026-08-06 16:06:07
Urban,36,EVA,2,9,0.524731388229589,QPSK,MPA,25,0.115130208333333,0.216041666666667,1,67.5363764951681,3.40924488241268,5,0,0,0.159127,10,20,MediumMobility,0,2026-08-06 16:06:07
Urban,36,EVA,2,9,0.566850566914185,QPSK,MPA,30,0.0965104166666667,0.182994791666667,1,61.7895691268962,4.18169666423532,5,0,0,0.164541,10,20,MediumMobility,0,2026-08-06 16:06:07
Urban,36,EVA,2,9,0.567737524310932,16QAM,MRC,0,0.354342447916667,0.802239583333333,1,102.286139675282,-0.19633576899225,3,0,0,0.580607,3.7,20,MediumMobility,0,2026-08-06 16:06:07
Urban,36,EVA,2,9,0.55749562235012,16QAM,MRC,5,0.212747395833333,0.604635416666667,1,63.5408256830702,3.93894292040364,5,0,0,0.6740457,4.3,20,MediumMobility,0,2026-08-06 16:06:08
Urban,36,EVA,2,9,0.566461346997892,16QAM,MRC,10,0.121881510416667,0.397291666666667,1,43.0256783318331,7.32544547941548,7,0,0,0.6830557,4.8,20,MediumMobility,0,2026-08-06 16:06:09
Urban,36,EVA,2,9,0.550553783593894,16QAM,MRC,15,0.0582682291666667,0.196041666666667,0.9,25.7171916608528,11.7955291696886,10,360000,0.375,0.6047055,4.4,20,MediumMobility,0,2026-08-06 16:06:09
Urban,36,EVA,2,9,0.568532678232835,16QAM,MRC,20,0.0207682291666667,0.0745833333333333,0.7,11.9202867958607,18.4742659114436,12,1080000,1.125,0.673614,5.3,20,MediumMobility,0,2026-08-06 16:06:10
Urban,36,EVA,2,9,0.52987949362308,16QAM,MRC,25,0.00119140625,0.00473958333333333,0.3,1.9825708340431,34.0554257419021,15,2520000,2.625,0.5842256,2.9,20,MediumMobility,0,2026-08-06 16:06:11
Urban,36,EVA,2,9,0.564179736061663,16QAM,MRC,30,0.00123046875,0.00473958333333333,0.2,1.73005161784467,35.2388187812313,15,2880000,3,0.5092919,2.4,20,MediumMobility,0,2026-08-06 16:06:11
Urban,36,EVA,2,9,0.563949535774605,16QAM,LMMSE,0,0.38251953125,0.896692708333333,1,85.9572500719577,1.31434973650108,4,0,0,0.1308696,1,20,MediumMobility,0,2026-08-06 16:06:11
Urban,36,EVA,2,9,0.569214755033568,16QAM,LMMSE,5,0.33033203125,0.863385416666667,1,75.4631779085217,2.44529819444864,5,0,0,0.124698,1,20,MediumMobility,0,2026-08-06 16:06:11
Urban,36,EVA,2,9,0.567553447584395,16QAM,LMMSE,10,0.29328125,0.816067708333333,1,69.433256317263,3.16864932990965,5,0,0,0.1201018,1,20,MediumMobility,0,2026-08-06 16:06:12
Urban,36,EVA,2,9,0.556075913967658,16QAM,LMMSE,15,0.179381510416667,0.564192708333333,1,52.4600542079053,5.60342529962471,6,0,0,0.1162977,1,20,MediumMobility,0,2026-08-06 16:06:12
Urban,36,EVA,2,9,0.555960097774084,16QAM,LMMSE,20,0.107408854166667,0.357734375,1,37.3854638203708,8.54594453874213,8,0,0,0.1163262,1,20,MediumMobility,0,2026-08-06 16:06:12
Urban,36,EVA,2,9,0.542643515517632,16QAM,LMMSE,25,0.0354752604166667,0.128411458333333,0.6,17.4307760972132,15.1736655139867,11,1440000,1.5,0.1182507,1,20,MediumMobility,0,2026-08-06 16:06:12
Urban,36,EVA,2,9,0.569265647625094,16QAM,LMMSE,30,0.000149739583333333,0.000598958333333333,0.4,0.965811399378582,40.3021534593927,15,2160000,2.25,0.1160476,1,20,MediumMobility,0,2026-08-06 16:06:12
Urban,36,EVA,2,9,0.535054075885251,16QAM,MPA,0,0.369778645833333,0.893802083333333,1,83.0848985813066,1.60955811849366,4,0,0,0.2613212,10,20,MediumMobility,0,2026-08-06 16:06:12
Urban,36,EVA,2,9,0.569137627947673,16QAM,MPA,5,0.35064453125,0.883619791666667,1,79.0753861860085,2.03917356825291,4,0,0,0.2708163,10,20,MediumMobility,0,2026-08-06 16:06:13
Urban,36,EVA,2,9,0.56314537517148,16QAM,MPA,10,0.33017578125,0.871197916666667,1,74.9826346091545,2.50078608327305,5,0,0,0.2712557,10,20,MediumMobility,0,2026-08-06 16:06:13
Urban,36,EVA,2,9,0.555419680373544,16QAM,MPA,15,0.33275390625,0.869817708333333,1,75.7407518201384,2.41340776573586,5,0,0,0.2706749,10,20,MediumMobility,0,2026-08-06 16:06:13
Urban,36,EVA,2,9,0.55962647626945,16QAM,MPA,20,0.3369140625,0.874375,1,76.2819397882646,2.35156543453742,4,0,0,0.2909074,10,20,MediumMobility,0,2026-08-06 16:06:13
Urban,36,EVA,2,9,0.475237263322924,16QAM,MPA,25,0.339518229166667,0.874348958333333,1,77.3319503799087,2.23282072788856,4,0,0,0.2744677,10,20,MediumMobility,0,2026-08-06 16:06:14
Urban,36,EVA,2,9,0.565600744513238,16QAM,MPA,30,0.328333333333333,0.865703125,1,75.1023123498997,2.48693382307467,5,0,0,0.2721222,10,20,MediumMobility,0,2026-08-06 16:06:14
Urban,36,EVA,2,9,0.568629751313679,64QAM,MRC,0,0.400512152777778,0.942057291666667,1,104.640911535461,-0.394030283421961,3,0,0,0.8918472,7.7,20,MediumMobility,0,2026-08-06 16:06:15
Urban,36,EVA,2,9,0.549743653663485,64QAM,MRC,5,0.307239583333333,0.875520833333333,1,66.6380132035966,3.52555919588415,5,0,0,0.7484517,6.6,20,MediumMobility,0,2026-08-06 16:06:16
Urban,36,EVA,2,9,0.564351274960798,64QAM,MRC,10,0.264470486111111,0.80859375,1,57.0010432617131,4.88234391158214,6,0,0,0.8975519,8.3,20,MediumMobility,0,2026-08-06 16:06:16
Urban,36,EVA,2,9,0.564563351285746,64QAM,MRC,15,0.140546875,0.587916666666667,1,29.9928434818045,10.4596471770287,9,0,0,0.8576916,8,20,MediumMobility,0,2026-08-06 16:06:17
Urban,36,EVA,2,9,0.562421070858576,64QAM,MRC,20,0.0698524305555556,0.318880208333333,1,17.907216097624,14.939438509055,11,0,0,1.0324162,10.4,20,MediumMobility,0,2026-08-06 16:06:18
Urban,36,EVA,2,9,0.506587834283135,64QAM,MRC,25,0.0436805555555556,0.220859375,0.9,11.9265081615997,18.469733805764,12,540000,0.5625,1.3313277,14.6,20,MediumMobility,0,2026-08-06 16:06:20
Urban,36,EVA,2,9,0.561528228047169,64QAM,MRC,30,0.000868055555555556,0.00489583333333333,0.3,1.02721872056676,39.766741487904,15,3780000,3.9375,0.951552,9.4,20,MediumMobility,0,2026-08-06 16:06:21
Urban,36,EVA,2,9,0.560035206811594,64QAM,LMMSE,0,0.4198046875,0.98015625,1,90.2540661667115,0.890664459031059,4,0,0,0.1153502,1,20,MediumMobility,0,2026-08-06 16:06:21
Urban,36,EVA,2,9,0.553809213312899,64QAM,LMMSE,5,0.401011284722222,0.97734375,1,87.0768206090739,1.20194873022631,4,0,0,0.1186627,1,20,MediumMobility,0,2026-08-06 16:06:21
Urban,36,EVA,2,9,0.567693727194157,64QAM,LMMSE,10,0.394791666666667,0.977239583333333,1,85.8536276091236,1.32482699379097,4,0,0,0.1208438,1,20,MediumMobility,0,2026-08-06 16:06:21
Urban,36,EVA,2,9,0.56762717280584,64QAM,LMMSE,15,0.376701388888889,0.962057291666667,1,69.4501831926103,3.16653208724298,5,0,0,0.1228005,1,20,MediumMobility,0,2026-08-06 16:06:21
Urban,36,EVA,2,9,0.56446582183977,64QAM,LMMSE,20,0.261497395833333,0.869765625,1,44.9310712376986,6.94906453841091,7,0,0,0.1216176,1,20,MediumMobility,0,2026-08-06 16:06:21
Urban,36,EVA,2,9,0.547364227199676,64QAM,LMMSE,25,0.1242578125,0.533307291666667,1,25.5488864753992,11.8525604688069,10,0,0,0.1242924,1,20,MediumMobility,0,2026-08-06 16:06:21
Urban,36,EVA,2,9,0.568925947427308,64QAM,LMMSE,30,0.0676128472222222,0.3071875,0.7,14.4327645556445,16.8130094609226,12,1620000,1.6875,0.1277592,1,20,MediumMobility,0,2026-08-06 16:06:21
Urban,36,EVA,2,9,0.569247781684343,64QAM,MPA,0,0.420694444444444,0.97953125,1,90.3915459087402,0.877443721659626,4,0,0,0.5577924,10,20,MediumMobility,0,2026-08-06 16:06:22
Urban,36,EVA,2,9,0.531542416726697,64QAM,MPA,5,0.399361979166667,0.977526041666667,1,87.2948756106167,1.18022499057396,4,0,0,0.6087918,10,20,MediumMobility,0,2026-08-06 16:06:23
Urban,36,EVA,2,9,0.565614057696103,64QAM,MPA,10,0.381996527777778,0.9746875,1,84.9849412289273,1.41316043172923,4,0,0,0.6152022,10,20,MediumMobility,0,2026-08-06 16:06:23
Urban,36,EVA,2,9,0.544860549746041,64QAM,MPA,15,0.3987109375,0.977213541666667,1,86.4716191149004,1.26252818232782,4,0,0,0.6235456,10,20,MediumMobility,0,2026-08-06 16:06:24
Urban,36,EVA,2,9,0.567244471018407,64QAM,MPA,20,0.429079861111111,0.980911458333333,1,91.239735792113,0.796319620076464,4,0,0,0.6156125,10,20,MediumMobility,0,2026-08-06 16:06:25
Urban,36,EVA,2,9,0.555054209781623,64QAM,MPA,25,0.424609375,0.979661458333333,1,90.3161886912713,0.884687955159168,4,0,0,0.6175939,10,20,MediumMobility,0,2026-08-06 16:06:25
Urban,36,EVA,2,9,0.56764944596833,64QAM,MPA,30,0.435017361111111,0.980286458333333,1,92.2564361723085,0.70006652037229,4,0,0,0.6454056,10,20,MediumMobility,0,2026-08-06 16:06:26
Highway,116,ETU,5,9,1.83240564845147,QPSK,MRC,0,0.219167564655172,0.388604525862069,1,92.9521342306369,0.63481268288786,4,0,0,0.5817545,3.2,1,HighMobility,0,2026-08-06 16:06:26
Highway,116,ETU,5,9,1.78517754414904,QPSK,MRC,5,0.109927262931034,0.204337284482759,1,63.4960053632499,3.94507192038653,5,0,0,0.5517974,3.3,1,HighMobility,0,2026-08-06 16:06:27
Highway,116,ETU,5,9,1.83352238394928,QPSK,MRC,10,0.0310614224137931,0.0595366379310345,1,27.7602216841237,11.1315414013701,9,0,0,0.5310423,2.9,1,HighMobility,0,2026-08-06 16:06:27
Highway,116,ETU,5,9,1.83409772499986,QPSK,MRC,15,0.000969827586206897,0.00193965517241379,0.7,4.35094525444939,27.2283276232292,15,522000,0.54375,0.4746885,2.4,1,HighMobility,0,2026-08-06 16:06:28
Highway,116,ETU,5,9,1.77738998347161,QPSK,MRC,20,0,0,0,0,160,15,1740000,1.8125,0.4485209,2,1,HighMobility,0,2026-08-06 16:06:28
Highway,116,ETU,5,9,1.57064166625583,QPSK,MRC,25,0,0,0,0,160,15,1740000,1.8125,0.4515181,2,1,HighMobility,0,2026-08-06 16:06:29
Highway,116,ETU,5,9,1.50494020172441,QPSK,MRC,30,0,0,0,0,160,15,1740000,1.8125,0.4479281,2,1,HighMobility,0,2026-08-06 16:06:29
Highway,116,ETU,5,9,1.83434626806253,QPSK,LMMSE,0,0.225942887931034,0.400350215517241,1,94.8654622117782,0.457837458717978,4,0,0,0.1404422,1,1,HighMobility,0,2026-08-06 16:06:29
Highway,116,ETU,5,9,1.82873495989912,QPSK,LMMSE,5,0.131775323275862,0.24520474137931,1,71.7838642070195,2.8794633361562,5,0,0,0.1374202,1,1,HighMobility,0,2026-08-06 16:06:30
Highway,116,ETU,5,9,1.77394912067516,QPSK,LMMSE,10,0.0155980603448276,0.0307650862068966,1,22.1524473989749,13.0915657200565,10,0,0,0.1384875,1,1,HighMobility,0,2026-08-06 16:06:30
Highway,116,ETU,5,9,1.83242887492403,QPSK,LMMSE,15,0.00340786637931034,0.00670797413793103,0.6,8.36679308134227,21.5488194278451,14,696000,0.725,0.1398291,1,1,HighMobility,0,2026-08-06 16:06:30
Highway,116,ETU,5,9,1.82114018196964,QPSK,LMMSE,20,0.000269396551724138,0.000538793103448276,0.4,1.90854013481465,34.3859740562389,15,1044000,1.0875,0.1398673,1,1,HighMobility,0,2026-08-06 16:06:30
Highway,116,ETU,5,9,1.82582179791182,QPSK,LMMSE,25,2.69396551724138e-05,5.38793103448276e-05,0.1,0.328266082149306,49.6754797621886,15,1566000,1.63125,0.140176,1,1,HighMobility,0,2026-08-06 16:06:30
Highway,116,ETU,5,9,1.27962171009279,QPSK,LMMSE,30,0,0,0,0,160,15,1740000,1.8125,0.1371227,1,1,HighMobility,0,2026-08-06 16:06:30
Highway,116,ETU,5,9,1.82610429135919,QPSK,MPA,0,0.275969827586207,0.472117456896552,1,104.856387935791,-0.411897863553903,3,0,0,0.1678907,10,1,HighMobility,0,2026-08-06 16:06:30
Highway,116,ETU,5,9,1.83421092813215,QPSK,MPA,5,0.224380387931034,0.39754849137931,1,94.5025253462411,0.491131717797095,4,0,0,0.1743239,10,1,HighMobility,0,2026-08-06 16:06:31
Highway,116,ETU,5,9,1.82499331061578,QPSK,MPA,10,0.157246767241379,0.289439655172414,1,79.1093192202377,2.03544705633554,4,0,0,0.1886196,10,1,HighMobility,0,2026-08-06 16:06:31
Highway,116,ETU,5,9,1.75705866548547,QPSK,MPA,15,0.129391163793103,0.243022629310345,1,71.7656166445823,2.88167158258672,5,0,0,0.1795949,10,1,HighMobility,0,2026-08-06 16:06:31
Highway,116,ETU,5,9,1.82506618533002,QPSK,MPA,20,0.126683728448276,0.238335129310345,1,71.0979623086426,2.96285692233683,5,0,0,0.1772404,10,1,HighMobility,0,2026-08-06 16:06:31
Highway,116,ETU,5,9,1.49049687387476,QPSK,MPA,25,0.123168103448276,0.230118534482759,1,70.0225127642176,3.09524617189004,5,0,0,0.1753874,10,1,HighMobility,0,2026-08-06 16:06:31
Highway,116,ETU,5,9,1.81873856732154,QPSK,MPA,30,0.128973599137931,0.241567887931034,1,71.7407637160715,2.88468008709841,5,0,0,0.1771707,10,1,HighMobility,0,2026-08-06 16:06:32
Highway,116,ETU,5,9,1.82333826784091,16QAM,MRC,0,0.346612338362069,0.801239224137931,1,98.7851684381676,0.106165106017077,3,0,0,0.5976474,3.6,1,HighMobility,0,2026-08-06 16:06:32
Highway,116,ETU,5,9,1.82174562414831,16QAM,MRC,5,0.253273168103448,0.691190732758621,1,71.8654171874269,2.86960097893866,5,0,0,0.6901871,5.2,1,HighMobility,0,2026-08-06 16:06:33
Highway,116,ETU,5,9,1.83333173195765,16QAM,MRC,10,0.146794181034483,0.476239224137931,1,49.0767584273553,6.18248261230105,7,0,0,0.6324972,4.4,1,HighMobility,0,2026-08-06 16:06:33
Highway,116,ETU,5,9,1.81745009796243,16QAM,MRC,15,0.0548289331896552,0.193965517241379,1,24.7692486550139,12.121743340169,10,0,0,0.6707998,4.9,1,HighMobility,0,2026-08-06 16:06:34
Highway,116,ETU,5,9,1.80656245893456,16QAM,MRC,20,0.00539466594827586,0.0213900862068966,1,8.07508668389324,21.8570561387373,14,0,0,0.7213836,5.6,1,HighMobility,0,2026-08-06 16:06:35
Highway,116,ETU,5,9,1.83195662877737,16QAM,MRC,25,4.71443965517241e-05,0.000188577586206897,0.1,0.274706319330518,51.2226269995169,15,3132000,3.2625,0.5058627,2.7,1,HighMobility,0,2026-08-06 16:06:35
Highway,116,ETU,5,9,1.76220327364796,16QAM,MRC,30,0,0,0,0,160,15,3480000,3.625,0.4600525,2.1,1,HighMobility,0,2026-08-06 16:06:36
Highway,116,ETU,5,9,1.81580308271953,16QAM,LMMSE,0,0.375599407327586,0.898949353448276,1,84.7021570817379,1.44211058989897,4,0,0,0.1407039,1,1,HighMobility,0,2026-08-06 16:06:36
Highway,116,ETU,5,9,1.74982564104617,16QAM,LMMSE,5,0.336530172413793,0.876400862068966,1,76.1199379953141,2.3700314829247,4,0,0,0.1395019,1,1,HighMobility,0,2026-08-06 16:06:36
Highway,116,ETU,5,9,1.82313965520692,16QAM,LMMSE,10,0.265880926724138,0.76651400862069,1,65.557599607982,3.66753913012496,5,0,0,0.1442927,1,1,HighMobility,0,2026-08-06 16:06:36
Highway,116,ETU,5,9,1.70944055717873,16QAM,LMMSE,15,0.17430630387931,0.565140086206897,1,52.4680065135739,5.60210872426703,6,0,0,0.1410969,1,1,HighMobility,0,2026-08-06 16:06:36
Highway,116,ETU,5,9,1.83242286808631,16QAM,LMMSE,20,0.0671672952586207,0.244585129310345,1,30.6759446094571,10.2640411018588,8,0,0,0.1413626,1,1,HighMobility,0,2026-08-06 16:06:36
Highway,116,ETU,5,9,1.662483906276,16QAM,LMMSE,25,0.0137931034482759,0.0530441810344828,0.8,11.1323508167988,19.0682623216446,13,696000,0.725,0.1406589,1,1,HighMobility,0,2026-08-06 16:06:37
Highway,116,ETU,5,9,1.83424932407421,16QAM,LMMSE,30,0.000713900862068966,0.00282866379310345,0.5,2.16890478933043,33.2751902448796,15,1740000,1.8125,0.1382823,1,1,HighMobility,0,2026-08-06 16:06:37
Highway,116,ETU,5,9,1.83426801630321,16QAM,MPA,0,0.384954202586207,0.901697198275862,1,86.6628432483159,1.24334133331232,4,0,0,0.2847335,10,1,HighMobility,0,2026-08-06 16:06:37
Highway,116,ETU,5,9,1.80469097838041,16QAM,MPA,5,0.348780980603448,0.879822198275862,1,78.7026567438702,2.0802121406896,4,0,0,0.3062688,10,1,HighMobility,0,2026-08-06 16:06:37
Highway,116,ETU,5,9,1.67476259684855,16QAM,MPA,10,0.334226831896552,0.872171336206897,1,75.8718200684721,2.39838995277345,4,0,0,0.3011214,10,1,HighMobility,0,2026-08-06 16:06:38
Highway,116,ETU,5,9,1.82859776121117,16QAM,MPA,15,0.330401400862069,0.870743534482759,1,74.8485021437894,2.51633772530858,5,0,0,0.3007226,10,1,HighMobility,0,2026-08-06 16:06:38
Highway,116,ETU,5,9,1.82992003353536,16QAM,MPA,20,0.3232421875,0.863469827586207,1,73.7225685650256,2.64799083905819,5,0,0,0.2960798,10,1,HighMobility,0,2026-08-06 16:06:38
Highway,116,ETU,5,9,1.83250103164506,16QAM,MPA,25,0.331290409482759,0.869773706896552,1,75.3460590718714,2.45878916508895,5,0,0,0.3075263,10,1,HighMobility,0,2026-08-06 16:06:39
Highway,116,ETU,5,9,1.74136996450745,16QAM,MPA,30,0.32862338362069,0.86640625,1,74.8714862333016,2.51367091683943,5,0,0,0.3010027,10,1,HighMobility,0,2026-08-06 16:06:39
Highway,116,ETU,5,9,1.83101836924912,64QAM,MRC,0,0.39968121408046,0.941810344827586,1,101.644018139156,-0.141636500484804,3,0,0,0.8769103,7.7,1,HighMobility,0,2026-08-06 16:06:40
Highway,116,ETU,5,9,1.83417193713077,64QAM,MRC,5,0.345429238505747,0.913038793103448,1,76.4152799943741,2.3363958248927,4,0,0,0.9730309,9.7,1,HighMobility,0,2026-08-06 16:06:41
Highway,116,ETU,5,9,1.73845749349045,64QAM,MRC,10,0.238227370689655,0.804498922413793,1,47.3828169046707,6.48758248147179,7,0,0,0.9824609,9.5,1,HighMobility,0,2026-08-06 16:06:42
Highway,116,ETU,5,9,1.8256366765507,64QAM,MRC,15,0.154709949712644,0.671794181034483,1,31.8626093093452,9.93437323218658,8,0,0,0.9071374,8.4,1,HighMobility,0,2026-08-06 16:06:43
Highway,116,ETU,5,9,1.83067092093756,64QAM,MRC,20,0.0619926364942529,0.32510775862069,1,18.1059106503422,14.8435925426255,11,0,0,1.1488265,12,1,HighMobility,0,2026-08-06 16:06:44
Highway,116,ETU,5,9,1.83367081610582,64QAM,MRC,25,0.0243354885057471,0.131573275862069,0.9,8.71686463833534,21.1927939599023,14,522000,0.54375,0.998317,10,1,HighMobility,0,2026-08-06 16:06:45
Highway,116,ETU,5,9,1.82952786910568,64QAM,MRC,30,0.000107758620689655,0.000646551724137931,0.2,0.342618512551512,49.3037834939743,15,4176000,4.35,1.0460927,10.6,1,HighMobility,0,2026-08-06 16:06:46
Highway,116,ETU,5,9,1.76360092596554,64QAM,LMMSE,0,0.420487607758621,0.979849137931034,1,90.1930757136774,0.896536055097166,4,0,0,0.1429165,1,1,HighMobility,0,2026-08-06 16:06:46
Highway,116,ETU,5,9,1.79471877176243,64QAM,LMMSE,5,0.405033225574713,0.978475215517241,1,88.0128450702165,1.10907879881174,4,0,0,0.1468571,1,1,HighMobility,0,2026-08-06 16:06:46
Highway,116,ETU,5,9,1.82889625487067,64QAM,LMMSE,10,0.395047593390805,0.975457974137931,1,82.975348328577,1.62101831514851,4,0,0,0.1485785,1,1,HighMobility,0,2026-08-06 16:06:46
Highway,116,ETU,5,9,1.73105601173678,64QAM,LMMSE,15,0.365153556034483,0.951481681034483,1,64.4184019971669,3.81980105521955,5,0,0,0.148688,1,1,HighMobility,0,2026-08-06 16:06:46
Highway,116,ETU,5,9,1.71593945066075,64QAM,LMMSE,20,0.247575431034483,0.861422413793103,1,42.9604396287238,7.33862566006577,7,0,0,0.1471557,1,1,HighMobility,0,2026-08-06 16:06:47
Highway,116,ETU,5,9,1.83416332734994,64QAM,LMMSE,25,0.152312320402299,0.658324353448276,1,30.0519217888003,10.4425550019542,9,0,0,0.236812,1,1,HighMobility,0,2026-08-06 16:06:47
Highway,116,ETU,5,9,1.8148552148285,64QAM,LMMSE,30,0.0729885057471264,0.38504849137931,1,20.1871097395652,13.8985171218813,10,0,0,0.1569777,1,1,HighMobility,0,2026-08-06 16:06:47
Highway,116,ETU,5,9,1.8323658348296,64QAM,MPA,0,0.424102011494253,0.979741379310345,1,90.9274813572527,0.826096769433491,4,0,0,0.5796641,10,1,HighMobility,0,2026-08-06 16:06:48
Highway,116,ETU,5,9,1.8333243640753,64QAM,MPA,5,0.403609913793103,0.978394396551724,1,87.7951936376956,1.1305851793182,4,0,0,0.654889,10,1,HighMobility,0,2026-08-06 16:06:48
Highway,116,ETU,5,9,1.83350383166269,64QAM,MPA,10,0.391989942528736,0.977074353448276,1,86.1103280442925,1.29889512571322,4,0,0,0.6742703,10,1,HighMobility,0,2026-08-06 16:06:49
Highway,116,ETU,5,9,1.78963657755549,64QAM,MPA,15,0.400211027298851,0.978125,1,86.9504390746187,1.21456441187918,4,0,0,0.6398746,10,1,HighMobility,0,2026-08-06 16:06:50
Highway,116,ETU,5,9,1.71327080124493,64QAM,MPA,20,0.415898886494253,0.977909482758621,1,88.9689740025288,1.01522835444552,4,0,0,0.6390746,10,1,HighMobility,0,2026-08-06 16:06:50
Highway,116,ETU,5,9,1.79826293625,64QAM,MPA,25,0.42315463362069,0.978529094827586,1,90.4208440420843,0.874628866382014,4,0,0,0.6345503,10,1,HighMobility,0,2026-08-06 16:06:51
Highway,116,ETU,5,9,1.78834766827199,64QAM,MPA,30,0.426517600574713,0.979121767241379,1,90.653319247981,0.852325793930672,4,0,0,0.6472682,10,1,HighMobility,0,2026-08-06 16:06:51
Highway,99,ETU,5,9,1.565525473009,QPSK,MRC,0,0.248868534482759,0.431896551724138,1,99.180730953687,0.0714539063825452,3,0,0,0.592126,3.4,2,HighMobility,0,2026-08-06 16:06:52
Highway,99,ETU,5,9,1.327123343886,QPSK,MRC,5,0.100323275862069,0.18760775862069,1,60.988720798379,4.29500951222993,5,0,0,0.5425399,3.1,2,HighMobility,0,2026-08-06 16:06:53
Highway,99,ETU,5,9,1.56000184800049,QPSK,MRC,10,0.01875,0.0368803879310345,1,22.4041795483425,12.9934191105838,10,0,0,0.5179989,2.9,2,HighMobility,0,2026-08-06 16:06:53
Highway,99,ETU,5,9,1.56503960871836,QPSK,MRC,15,0.00060614224137931,0.00121228448275862,0.5,2.7931271464898,31.0781858848909,15,870000,0.90625,0.4735233,2.3,2,HighMobility,0,2026-08-06 16:06:54
Highway,99,ETU,5,9,1.56359302927912,QPSK,MRC,20,0,0,0,0,160,15,1740000,1.8125,0.448264,2,2,HighMobility,0,2026-08-06 16:06:54
Highway,99,ETU,5,9,1.35346165865126,QPSK,MRC,25,0,0,0,0,160,15,1740000,1.8125,0.4543673,2,2,HighMobility,0,2026-08-06 16:06:54
Highway,99,ETU,5,9,1.52869597087028,QPSK,MRC,30,0,0,0,0,160,15,1740000,1.8125,0.4415096,2,2,HighMobility,0,2026-08-06 16:06:55
Highway,99,ETU,5,9,1.53189001135678,QPSK,LMMSE,0,0.204808728448276,0.36729525862069,1,90.192011526923,0.896638540384003,4,0,0,0.1394975,1,2,HighMobility,0,2026-08-06 16:06:55
Highway,99,ETU,5,9,1.56351835031478,QPSK,LMMSE,5,0.0978313577586207,0.184078663793103,1,61.0094703549757,4.29205490513827,5,0,0,0.1451431,1,2,HighMobility,0,2026-08-06 16:06:55
Highway,99,ETU,5,9,1.55858229605793,QPSK,LMMSE,10,0.0467133620689655,0.0904094827586207,1,39.1658620082329,8.14184621107596,8,0,0,0.1394524,1,2,HighMobility,0,2026-08-06 16:06:55
Highway,99,ETU,5,9,1.56551742637837,QPSK,LMMSE,15,0.00111799568965517,0.00220905172413793,0.4,3.38235064136398,29.4156274396983,15,1044000,1.0875,0.1368778,1,2,HighMobility,0,2026-08-06 16:06:55
Highway,99,ETU,5,9,1.53964452491991,QPSK,LMMSE,20,0,0,0,0,160,15,1740000,1.8125,0.1347182,1,2,HighMobility,0,2026-08-06 16:06:56
Highway,99,ETU,5,9,1.35238332736617,QPSK,LMMSE,25,1.34698275862069e-05,2.69396551724138e-05,0.1,0.232119172721315,52.6857797188284,15,1566000,1.63125,0.136713,1,2,HighMobility,0,2026-08-06 16:06:56
Highway,99,ETU,5,9,1.55934117878791,QPSK,LMMSE,30,0,0,0,0,160,15,1740000,1.8125,0.1350162,1,2,HighMobility,0,2026-08-06 16:06:56
Highway,99,ETU,5,9,1.54238011954819,QPSK,MPA,0,0.266756465517241,0.462446120689655,1,103.062007801907,-0.261971978258004,3,0,0,0.1756256,10,2,HighMobility,0,2026-08-06 16:06:56
Highway,99,ETU,5,9,1.56051385550961,QPSK,MPA,5,0.20809536637931,0.372898706896552,1,91.029320475904,0.816373984366989,4,0,0,0.1789364,10,2,HighMobility,0,2026-08-06 16:06:56
Highway,99,ETU,5,9,1.54302446080408,QPSK,MPA,10,0.167914870689655,0.308351293103448,1,81.735721977271,1.75176193740295,4,0,0,0.1743812,10,2,HighMobility,0,2026-08-06 16:06:56
Highway,99,ETU,5,9,1.51741626002653,QPSK,MPA,15,0.134146012931034,0.250754310344828,1,73.1430164970746,2.71654265709378,5,0,0,0.1782928,10,2,HighMobility,0,2026-08-06 16:06:57
Highway,99,ETU,5,9,1.47163487465425,QPSK,MPA,20,0.130172413793103,0.24296875,1,71.9036829585165,2.86497728341422,5,0,0,0.1788593,10,2,HighMobility,0,2026-08-06 16:06:57
Highway,99,ETU,5,9,1.54129805724745,QPSK,MPA,25,0.122966056034483,0.230657327586207,1,70.0649653732753,3.08998176577304,5,0,0,0.1817582,10,2,HighMobility,0,2026-08-06 16:06:57
Highway,99,ETU,5,9,1.5572687152752,QPSK,MPA,30,0.118547952586207,0.223410560344828,1,68.5934351700165,3.27434894121916,5,0,0,0.1735606,10,2,HighMobility,0,2026-08-06 16:06:57
Highway,99,ETU,5,9,1.54178867429116,16QAM,MRC,0,0.356546336206897,0.810721982758621,1,100.191390350589,-0.0166080665764037,3,0,0,0.617133,3.9,2,HighMobility,0,2026-08-06 16:06:58
Highway,99,ETU,5,9,1.48635833085354,16QAM,MRC,5,0.262210398706897,0.700296336206897,1,74.1460633388695,2.59823804324236,5,0,0,0.6503802,4.3,2,HighMobility,0,2026-08-06 16:06:58
Highway,99,ETU,5,9,1.54421877592621,16QAM,MRC,10,0.169827586206897,0.531384698275862,1,54.0183758906346,5.34916954785794,6,0,0,0.6690017,4.9,2,HighMobility,0,2026-08-06 16:06:59
Highway,99,ETU,5,9,1.51315285741887,16QAM,MRC,15,0.0542497306034483,0.195096982758621,1,26.0798928813315,11.6738839345249,9,0,0,0.7227945,5.6,2,HighMobility,0,2026-08-06 16:07:00
Highway,99,ETU,5,9,1.54860059037184,16QAM,MRC,20,0.00422952586206897,0.0165409482758621,0.8,5.57845517498914,25.0697210458562,15,696000,0.725,0.6595763,4.9,2,HighMobility,0,2026-08-06 16:07:00
Highway,99,ETU,5,9,1.48378464437404,16QAM,MRC,25,0,0,0,0,160,15,3480000,3.625,0.4797777,2.4,2,HighMobility,0,2026-08-06 16:07:01
Highway,99,ETU,5,9,1.56012997607816,16QAM,MRC,30,0,0,0,0,160,15,3480000,3.625,0.485435,2.4,2,HighMobility,0,2026-08-06 16:07:01
Highway,99,ETU,5,9,1.11535989402746,16QAM,LMMSE,0,0.388665140086207,0.900511853448276,1,87.7265237407149,1.13738159386988,4,0,0,0.1467411,1,2,HighMobility,0,2026-08-06 16:07:02
Highway,99,ETU,5,9,1.54198436695511,16QAM,LMMSE,5,0.347561961206897,0.880765086206897,1,78.6374736925228,2.08740894192647,4,0,0,0.1378839,1,2,HighMobility,0,2026-08-06 16:07:02
Highway,99,ETU,5,9,1.56519789142611,16QAM,LMMSE,10,0.281431842672414,0.792429956896552,1,67.7276462007977,3.38468035108503,5,0,0,0.1368396,1,2,HighMobility,0,2026-08-06 16:07:02
Highway,99,ETU,5,9,1.55717689461452,16QAM,LMMSE,15,0.195979256465517,0.599137931034483,1,55.1603466478078,5.1674602644426,6,0,0,0.13779,1,2,HighMobility,0,2026-08-06 16:07:02
Highway,99,ETU,5,9,1.56354583813795,16QAM,LMMSE,20,0.0692753232758621,0.248599137931034,1,31.1718437844163,10.1247501772956,8,0,0,0.1382867,1,2,HighMobility,0,2026-08-06 16:07:02
Highway,99,ETU,5,9,1.55078706865053,16QAM,LMMSE,25,0.0114628232758621,0.0439655172413793,0.9,10.6730148641419,19.4342577147626,13,348000,0.3625,0.1398158,1,2,HighMobility,0,2026-08-06 16:07:02
Highway,99,ETU,5,9,1.2201702090178,16QAM,LMMSE,30,0.000127963362068966,0.000511853448275862,0.2,0.543084056100543,45.3026589413559,15,2784000,2.9,0.1396649,1,2,HighMobility,0,2026-08-06 16:07:02
Highway,99,ETU,5,9,1.43897447780905,16QAM,MPA,0,0.374050377155172,0.897171336206897,1,83.9817146368179,1.51630525418862,4,0,0,0.2763566,10,2,HighMobility,0,2026-08-06 16:07:03
Highway,99,ETU,5,9,1.4884074204681,16QAM,MPA,5,0.349265894396552,0.884024784482759,1,79.1765568529908,2.02806776631631,4,0,0,0.2910849,10,2,HighMobility,0,2026-08-06 16:07:03
Highway,99,ETU,5,9,1.5617119779489,16QAM,MPA,10,0.340086206896552,0.876266163793103,1,76.7791025062448,2.2951393757251,4,0,0,0.2987369,10,2,HighMobility,0,2026-08-06 16:07:03
Highway,99,ETU,5,9,1.5163879482996,16QAM,MPA,15,0.332778825431034,0.872171336206897,1,75.632704863205,2.42580735181382,5,0,0,0.2990393,10,2,HighMobility,0,2026-08-06 16:07:04
Highway,99,ETU,5,9,1.56215467349333,16QAM,MPA,20,0.324562230603448,0.86473599137931,1,73.9876616002477,2.61681396908389,5,0,0,0.2968727,10,2,HighMobility,0,2026-08-06 16:07:04
Highway,99,ETU,5,9,1.54959178459591,16QAM,MPA,25,0.322730334051724,0.86182650862069,1,73.9016205233312,2.62692076481684,5,0,0,0.2942018,10,2,HighMobility,0,2026-08-06 16:07:04
Highway,99,ETU,5,9,1.56450202201464,16QAM,MPA,30,0.331714709051724,0.870501077586207,1,75.2439393157572,2.4705695100911,5,0,0,0.2946239,10,2,HighMobility,0,2026-08-06 16:07:04
Highway,99,ETU,5,9,1.47295975930229,64QAM,MRC,0,0.418534482758621,0.952209051724138,1,111.458205809432,-0.942240955036166,3,0,0,0.9841825,8.8,2,HighMobility,0,2026-08-06 16:07:05
Highway,99,ETU,5,9,1.56430706977961,64QAM,MRC,5,0.343844288793103,0.914251077586207,1,75.6884824723507,2.4194040425643,5,0,0,0.935274,8.8,2,HighMobility,0,2026-08-06 16:07:06
Highway,99,ETU,5,9,1.53380207404657,64QAM,MRC,10,0.261480783045977,0.84073275862069,1,51.1194134536272,5.82828275869675,6,0,0,1.0183284,9.9,2,HighMobility,0,2026-08-06 16:07:07
Highway,99,ETU,5,9,1.5632317866566,64QAM,MRC,15,0.129328304597701,0.591136853448276,1,28.2320816482895,10.9851419729913,9,0,0,1.0185514,9.9,2,HighMobility,0,2026-08-06 16:07:08
Highway,99,ETU,5,9,1.50507087039497,64QAM,MRC,20,0.0922503591954023,0.445878232758621,1,22.5230217883972,12.9474668607945,10,0,0,0.9937889,9.8,2,HighMobility,0,2026-08-06 16:07:09
Highway,99,ETU,5,9,1.54532257604981,64QAM,MRC,25,0.0285021551724138,0.148653017241379,0.8,9.19541821618091,20.7285702771875,13,1044000,1.0875,1.1224074,11.1,2,HighMobility,0,2026-08-06 16:07:11
Highway,99,ETU,5,9,1.5637357617548,64QAM,MRC,30,0.00049389367816092,0.0029364224137931,0.6,1.18000517035301,38.5623217953883,15,2088000,2.175,1.2631369,13.4,2,HighMobility,0,2026-08-06 16:07:12
Highway,99,ETU,5,9,1.53318170654383,64QAM,LMMSE,0,0.421071300287356,0.980199353448276,1,90.4364449209465,0.873130364296008,4,0,0,0.1434835,1,2,HighMobility,0,2026-08-06 16:07:12
Highway,99,ETU,5,9,1.50215124078428,64QAM,LMMSE,5,0.404040948275862,0.978125,1,87.9971605558242,1.11062682400399,4,0,0,0.1452967,1,2,HighMobility,0,2026-08-06 16:07:12
Highway,99,ETU,5,9,1.49485179967664,64QAM,LMMSE,10,0.391644216954023,0.973626077586207,1,80.3671156777814,1.89843235863894,4,0,0,0.1625607,1,2,HighMobility,0,2026-08-06 16:07:12
Highway,99,ETU,5,9,1.55041730711256,64QAM,LMMSE,15,0.377550287356322,0.958890086206897,1,68.8049936423403,3.24760081883277,5,0,0,0.1485283,1,2,HighMobility,0,2026-08-06 16:07:12
Highway,99,ETU,5,9,1.48768584916991,64QAM,LMMSE,20,0.288164511494253,0.894800646551724,1,50.021363639421,6.01688946162513,7,0,0,0.1468508,1,2,HighMobility,0,2026-08-06 16:07:13
Highway,99,ETU,5,9,1.56041277391792,64QAM,LMMSE,25,0.195478627873563,0.768399784482759,1,35.9909055745958,8.87614451673223,8,0,0,0.1437344,1,2,HighMobility,0,2026-08-06 16:07:13
Highway,99,ETU,5,9,1.56429879680965,64QAM,LMMSE,30,0.108535380747126,0.489278017241379,1,24.1399320205226,12.3452791447183,10,0,0,0.1479518,1,2,HighMobility,0,2026-08-06 16:07:13
Highway,99,ETU,5,9,1.563559164571,64QAM,MPA,0,0.425475933908046,0.979876077586207,1,91.0323807329143,0.816081983858566,4,0,0,0.5589892,10,2,HighMobility,0,2026-08-06 16:07:13
Highway,99,ETU,5,9,1.48345143884701,64QAM,MPA,5,0.398980783045977,0.977801724137931,1,87.2871172242996,1.18099698871959,4,0,0,0.6122738,10,2,HighMobility,0,2026-08-06 16:07:14
Highway,99,ETU,5,9,1.52670128367265,64QAM,MPA,10,0.388380028735632,0.975134698275862,1,85.9114156248623,1.31898249439114,4,0,0,0.6489404,10,2,HighMobility,0,2026-08-06 16:07:15
Highway,99,ETU,5,9,1.49507529791515,64QAM,MPA,15,0.401944145114943,0.977801724137931,1,87.1153567021601,1.19810561554393,4,0,0,0.636298,10,2,HighMobility,0,2026-08-06 16:07:15
Highway,99,ETU,5,9,1.56486735143632,64QAM,MPA,20,0.415202945402299,0.979498922413793,1,88.872837857318,1.02461903732413,4,0,0,0.6317661,10,2,HighMobility,0,2026-08-06 16:07:16
Highway,99,ETU,5,9,1.5650179269919,64QAM,MPA,25,0.422279094827586,0.979175646551724,1,90.2144106547653,0.894481673116485,4,0,0,0.6560459,10,2,HighMobility,0,2026-08-06 16:07:17
Highway,99,ETU,5,9,1.55898329912111,64QAM,MPA,30,0.415297234195402,0.978340517241379,1,89.1742976066912,0.995206055096794,4,0,0,0.6261788,10,2,HighMobility,0,2026-08-06 16:07:17
Highway,82,ETU,5,9,1.11645212177151,QPSK,MRC,0,0.242052801724138,0.420501077586207,1,97.4932089377073,0.220512695998021,4,0,0,0.5235086,2.7,3,HighMobility,0,2026-08-06 16:07:18
Highway,82,ETU,5,9,1.29659034624107,QPSK,MRC,5,0.131465517241379,0.242322198275862,1,71.1877108201998,2.95189944850538,5,0,0,0.4709273,2.3,3,HighMobility,0,2026-08-06 16:07:18
Highway,82,ETU,5,9,1.28172092988056,QPSK,MRC,10,0.0362338362068966,0.0681303879310345,0.9,27.8652392087203,11.0987444879487,9,174000,0.18125,0.4989873,2.7,3,HighMobility,0,2026-08-06 16:07:19
Highway,82,ETU,5,9,1.20372510073353,QPSK,MRC,15,0.00965786637931034,0.0183459051724138,0.5,8.79507203726704,21.1152119808457,14,870000,0.90625,0.4716564,2.3,3,HighMobility,0,2026-08-06 16:07:19
Highway,82,ETU,5,9,1.29123228392784,QPSK,MRC,20,2.69396551724138e-05,5.38793103448276e-05,0.1,0.328266082149306,49.6754797621886,15,1566000,1.63125,0.4437681,2,3,HighMobility,0,2026-08-06 16:07:20
Highway,82,ETU,5,9,1.29412152920995,QPSK,MRC,25,0,0,0,0,160,15,1740000,1.8125,0.4587873,2,3,HighMobility,0,2026-08-06 16:07:20
Highway,82,ETU,5,9,1.28981099175833,QPSK,MRC,30,0,0,0,0,160,15,1740000,1.8125,0.4957291,2,3,HighMobility,0,2026-08-06 16:07:21
Highway,82,ETU,5,9,1.28918672244575,QPSK,LMMSE,0,0.239776400862069,0.420959051724138,1,97.0368267475992,0.261268280039171,4,0,0,0.1429929,1,3,HighMobility,0,2026-08-06 16:07:21
Highway,82,ETU,5,9,1.27732301509813,QPSK,LMMSE,5,0.0909752155172414,0.170932112068966,1,58.1736155212815,4.70547887457541,6,0,0,0.134731,1,3,HighMobility,0,2026-08-06 16:07:21
Highway,82,ETU,5,9,1.06524563392712,QPSK,LMMSE,10,0.0440059267241379,0.0845096982758621,1,36.3821889043359,8.78222351035615,8,0,0,0.1331176,1,3,HighMobility,0,2026-08-06 16:07:21
Highway,82,ETU,5,9,1.27838105988527,QPSK,LMMSE,15,0.00420258620689655,0.00835129310344828,0.7,8.61520965154891,21.2946829901973,14,522000,0.54375,0.1358525,1,3,HighMobility,0,2026-08-06 16:07:21
Highway,82,ETU,5,9,1.26677293369117,QPSK,LMMSE,20,0,0,0,0,160,15,1740000,1.8125,0.1350455,1,3,HighMobility,0,2026-08-06 16:07:21
Highway,82,ETU,5,9,1.29609821331123,QPSK,LMMSE,25,0,0,0,0,160,15,1740000,1.8125,0.1350811,1,3,HighMobility,0,2026-08-06 16:07:21
Highway,82,ETU,5,9,1.13591342618484,QPSK,LMMSE,30,0,0,0,0,160,15,1740000,1.8125,0.2101649,1,3,HighMobility,0,2026-08-06 16:07:22
Highway,82,ETU,5,9,1.21585619999361,QPSK,MPA,0,0.27667025862069,0.474407327586207,1,104.859099222803,-0.412122452973479,3,0,0,0.1762657,10,3,HighMobility,0,2026-08-06 16:07:22
Highway,82,ETU,5,9,1.25137640615627,QPSK,MPA,5,0.224757543103448,0.397171336206897,1,94.6055356193843,0.481669022785208,4,0,0,0.1758175,10,3,HighMobility,0,2026-08-06 16:07:22
Highway,82,ETU,5,9,1.29594334061445,QPSK,MPA,10,0.13877963362069,0.256465517241379,1,73.9514877074804,2.62106169455869,5,0,0,0.1730521,10,3,HighMobility,0,2026-08-06 16:07:22
Highway,82,ETU,5,9,1.29666739027634,QPSK,MPA,15,0.14090786637931,0.261584051724138,1,74.8870256463793,2.51186836650926,5,0,0,0.1776559,10,3,HighMobility,0,2026-08-06 16:07:22
Highway,82,ETU,5,9,1.28182697714161,QPSK,MPA,20,0.11903286637931,0.223976293103448,1,68.7845528111932,3.25018163706114,5,0,0,0.1784688,10,3,HighMobility,0,2026-08-06 16:07:23
Highway,82,ETU,5,9,1.2748465766058,QPSK,MPA,25,0.125390625,0.235371767241379,1,70.3813487741912,3.05084829375744,5,0,0,0.1732631,10,3,HighMobility,0,2026-08-06 16:07:23
Highway,82,ETU,5,9,1.1266166155949,QPSK,MPA,30,0.116823814655172,0.220447198275862,1,68.1772491602777,3.32721051641455,5,0,0,0.1696135,10,3,HighMobility,0,2026-08-06 16:07:23
Highway,82,ETU,5,9,1.29181165824982,16QAM,MRC,0,0.33778286637931,0.790059267241379,1,96.3203913972459,0.325635226600685,4,0,0,0.6466278,4,3,HighMobility,0,2026-08-06 16:07:24
Highway,82,ETU,5,9,1.29629507666053,16QAM,MRC,5,0.278333782327586,0.720959051724138,1,78.2103616512191,2.13471411787099,4,0,0,0.6926783,5.3,3,HighMobility,0,2026-08-06 16:07:24
Highway,82,ETU,5,9,1.16530502665852,16QAM,MRC,10,0.125909213362069,0.41963900862069,1,43.8854023149995,7.15359831876561,7,0,0,0.7337292,4.7,3,HighMobility,0,2026-08-06 16:07:25
Highway,82,ETU,5,9,1.29655156278978,16QAM,MRC,15,0.0461004849137931,0.167780172413793,1,24.0472125212242,12.3787051690145,10,0,0,0.9122637,5.8,3,HighMobility,0,2026-08-06 16:07:26
Highway,82,ETU,5,9,1.29390825683057,16QAM,MRC,20,0.011456088362069,0.0431573275862069,1,9.60562898079903,20.3494838415603,13,0,0,1.0250418,6.6,3,HighMobility,0,2026-08-06 16:07:27
Highway,82,ETU,5,9,1.08722691717008,16QAM,MRC,25,4.71443965517241e-05,0.000188577586206897,0.2,0.388262617156692,48.2174884468241,15,2784000,2.9,0.6198016,2.5,3,HighMobility,0,2026-08-06 16:07:28
Highway,82,ETU,5,9,1.29657995628842,16QAM,MRC,30,0,0,0,0,160,15,3480000,3.625,0.5069189,2.3,3,HighMobility,0,2026-08-06 16:07:28
Highway,82,ETU,5,9,1.29103855194102,16QAM,LMMSE,0,0.368157327586207,0.892160560344828,1,83.207761252942,1.59672325492593,4,0,0,0.1372803,1,3,HighMobility,0,2026-08-06 16:07:28
Highway,82,ETU,5,9,1.29648833381579,16QAM,LMMSE,5,0.349528556034483,0.878582974137931,1,79.0467384594047,2.04232089497827,4,0,0,0.1369875,1,3,HighMobility,0,2026-08-06 16:07:28
Highway,82,ETU,5,9,1.29651207619884,16QAM,LMMSE,10,0.296538254310345,0.82254849137931,1,69.7620453825314,3.12761589255208,5,0,0,0.1387161,1,3,HighMobility,0,2026-08-06 16:07:28
Highway,82,ETU,5,9,1.24706105357975,16QAM,LMMSE,15,0.169760237068966,0.556842672413793,1,51.712818392329,5.72803584332833,6,0,0,0.1353425,1,3,HighMobility,0,2026-08-06 16:07:29
Highway,82,ETU,5,9,1.28687366113901,16QAM,LMMSE,20,0.0824420797413793,0.294935344827586,0.9,33.5567807776007,9.48439418546258,8,348000,0.3625,0.1335994,1,3,HighMobility,0,2026-08-06 16:07:29
Highway,82,ETU,5,9,1.27601348850493,16QAM,LMMSE,25,0.0104458512931034,0.0411368534482759,0.9,11.0121841694511,19.1625306802136,13,348000,0.3625,0.1410473,1,3,HighMobility,0,2026-08-06 16:07:29
Highway,82,ETU,5,9,1.29553852895047,16QAM,LMMSE,30,0.0023504849137931,0.00924030172413793,0.2,2.49785869426155,32.0486426726265,15,2784000,2.9,0.1359658,1,3,HighMobility,0,2026-08-06 16:07:29
Highway,82,ETU,5,9,1.29586665265323,16QAM,MPA,0,0.379929956896552,0.897575431034483,1,85.3421711401717,1.37672625409428,4,0,0,0.2651581,10,3,HighMobility,0,2026-08-06 16:07:29
Highway,82,ETU,5,9,1.28963279054775,16QAM,MPA,5,0.349616109913793,0.883836206896552,1,79.0286570778841,2.04430795798126,4,0,0,0.2850303,10,3,HighMobility,0,2026-08-06 16:07:30
Highway,82,ETU,5,9,1.29668792806628,16QAM,MPA,10,0.328852370689655,0.869719827586207,1,74.6959103996007,2.53406350305111,5,0,0,0.2834059,10,3,HighMobility,0,2026-08-06 16:07:30
Highway,82,ETU,5,9,1.14360716467323,16QAM,MPA,15,0.330919989224138,0.870150862068966,1,75.0668054492426,2.49104131242754,5,0,0,0.2950954,10,3,HighMobility,0,2026-08-06 16:07:30
Highway,82,ETU,5,9,1.29653937408109,16QAM,MPA,20,0.332745150862069,0.871147629310345,1,75.4116838255246,2.45122723967397,5,0,0,0.2978999,10,3,HighMobility,0,2026-08-06 16:07:30
Highway,82,ETU,5,9,1.29465184644783,16QAM,MPA,25,0.336617726293103,0.873141163793103,1,76.2236434869994,2.35820591618911,4,0,0,0.285524,10,3,HighMobility,0,2026-08-06 16:07:31
Highway,82,ETU,5,9,1.28677009726994,16QAM,MPA,30,0.327882543103448,0.866540948275862,1,74.3743767187805,2.57153321551421,5,0,0,0.2970252,10,3,HighMobility,0,2026-08-06 16:07:31
Highway,82,ETU,5,9,1.25643274373723,64QAM,MRC,0,0.409141522988506,0.947144396551724,1,106.512459914729,-0.548008297409137,3,0,0,1.0409979,9.7,3,HighMobility,0,2026-08-06 16:07:32
Highway,82,ETU,5,9,1.2931200943784,64QAM,MRC,5,0.319127155172414,0.892618534482759,1,67.5001644464507,3.41390338246125,5,0,0,1.0863255,10.5,3,HighMobility,0,2026-08-06 16:07:33
Highway,82,ETU,5,9,1.29225229634014,64QAM,MRC,10,0.251733117816092,0.824622844827586,1,49.4779378491208,6.11176818547051,7,0,0,1.0175059,10,3,HighMobility,0,2026-08-06 16:07:34
Highway,82,ETU,5,9,1.29404081172706,64QAM,MRC,15,0.135919540229885,0.605199353448276,1,29.2430855931822,10.6795360916079,9,0,0,0.9379895,8.7,3,HighMobility,0,2026-08-06 16:07:35
Highway,82,ETU,5,9,1.29398061445536,64QAM,MRC,20,0.0823724856321839,0.415625,1,20.8943678066091,13.5994152922781,10,0,0,0.9764052,9.7,3,HighMobility,0,2026-08-06 16:07:36
Highway,82,ETU,5,9,1.20301802357605,64QAM,MRC,25,0.0330908764367816,0.177963362068966,1,12.0835850414934,18.3560839421955,12,0,0,1.2501314,13.2,3,HighMobility,0,2026-08-06 16:07:37
Highway,82,ETU,5,9,1.26308203344487,64QAM,MRC,30,0.00290050287356322,0.0165948275862069,0.4,2.18566017301134,33.208347227037,15,3132000,3.2625,1.3913002,15.5,3,HighMobility,0,2026-08-06 16:07:39
Highway,82,ETU,5,9,1.29480929033108,64QAM,LMMSE,0,0.429786278735632,0.980387931034483,1,91.6848961433266,0.754044052548468,4,0,0,0.1358834,1,3,HighMobility,0,2026-08-06 16:07:39
Highway,82,ETU,5,9,1.29130279231244,64QAM,LMMSE,5,0.399322018678161,0.977182112068966,1,86.992634575484,1.21035032662431,4,0,0,0.1413794,1,3,HighMobility,0,2026-08-06 16:07:39
Highway,82,ETU,5,9,1.29623773438883,64QAM,LMMSE,10,0.389273527298851,0.975323275862069,1,83.8387527733902,1.53110382182132,4,0,0,0.1422313,1,3,HighMobility,0,2026-08-06 16:07:39
Highway,82,ETU,5,9,1.26418149159953,64QAM,LMMSE,15,0.357017780172414,0.947332974137931,1,62.9587536201,4.01887756382826,5,0,0,0.1473254,1,3,HighMobility,0,2026-08-06 16:07:39
Highway,82,ETU,5,9,1.29548702068446,64QAM,LMMSE,20,0.315898886494253,0.921605603448276,1,54.5359660643292,5.26633978509121,6,0,0,0.1505659,1,3,HighMobility,0,2026-08-06 16:07:39
Highway,82,ETU,5,9,1.29567635356096,64QAM,LMMSE,25,0.228457255747126,0.833001077586207,1,40.4578843910366,7.85993661880846,7,0,0,0.1447281,1,3,HighMobility,0,2026-08-06 16:07:40
Highway,82,ETU,5,9,1.28714679627767,64QAM,LMMSE,30,0.0900368175287356,0.421282327586207,0.9,20.3953515455833,13.8093760908395,10,522000,0.54375,0.1458381,1,3,HighMobility,0,2026-08-06 16:07:40
Highway,82,ETU,5,9,1.24177289665989,64QAM,MPA,0,0.422665229885057,0.979714439655172,1,90.7932046048343,0.83893309853448,4,0,0,0.5552185,10,3,HighMobility,0,2026-08-06 16:07:40
Highway,82,ETU,5,9,1.14964160390313,64QAM,MPA,5,0.407376975574713,0.978448275862069,1,88.3164459508571,1.079168324677,4,0,0,0.6233243,10,3,HighMobility,0,2026-08-06 16:07:41
Highway,82,ETU,5,9,1.18746806460067,64QAM,MPA,10,0.38820941091954,0.976212284482759,1,85.7500408278709,1.33531329012021,4,0,0,0.6381213,10,3,HighMobility,0,2026-08-06 16:07:42
Highway,82,ETU,5,9,1.29484548533538,64QAM,MPA,15,0.404624640804598,0.977720905172414,1,87.3448768898223,1.17525125923741,4,0,0,0.6468909,10,3,HighMobility,0,2026-08-06 16:07:42
Highway,82,ETU,5,9,1.27880610926591,64QAM,MPA,20,0.417712823275862,0.97745150862069,1,89.668633014761,0.947189018933182,4,0,0,0.6425275,10,3,HighMobility,0,2026-08-06 16:07:43
Highway,82,ETU,5,9,1.29505530135573,64QAM,MPA,25,0.418970007183908,0.978879310344828,1,89.6881457338508,0.94529909510199,4,0,0,0.6258043,10,3,HighMobility,0,2026-08-06 16:07:43
Highway,82,ETU,5,9,1.29663404399387,64QAM,MPA,30,0.424815912356322,0.97979525862069,1,90.5664474325349,0.860653351936555,4,0,0,0.6307266,10,3,HighMobility,0,2026-08-06 16:07:44
Highway,101,ETU,5,9,1.59708847154789,QPSK,MRC,0,0.229027478448276,0.402397629310345,1,94.8733137047957,0.457118605109341,4,0,0,0.557686,3,4,HighMobility,0,2026-08-06 16:07:45
Highway,101,ETU,5,9,1.59194228225645,QPSK,MRC,5,0.115840517241379,0.215032327586207,1,65.7901282303553,3.63678534252856,5,0,0,0.5076034,2.9,4,HighMobility,0,2026-08-06 16:07:45
Highway,101,ETU,5,9,1.59683110059248,QPSK,MRC,10,0.0392780172413793,0.0752155172413793,1,33.1520985776594,9.58977949791406,8,0,0,0.4969695,2.7,4,HighMobility,0,2026-08-06 16:07:46
Highway,101,ETU,5,9,1.59563716231774,QPSK,MRC,15,0.00138739224137931,0.00277478448275862,0.4,4.16358054386509,27.6106605912062,15,1044000,1.0875,0.4802441,2.3,4,HighMobility,0,2026-08-06 16:07:46
Highway,101,ETU,5,9,1.42077569335288,QPSK,MRC,20,0,0,0,0,160,15,1740000,1.8125,0.4464682,2,4,HighMobility,0,2026-08-06 16:07:47
Highway,101,ETU,5,9,1.59618585800843,QPSK,MRC,25,0,0,0,0,160,15,1740000,1.8125,0.4554027,2,4,HighMobility,0,2026-08-06 16:07:47
Highway,101,ETU,5,9,1.56866104723351,QPSK,MRC,30,0,0,0,0,160,15,1740000,1.8125,0.4543051,2,4,HighMobility,0,2026-08-06 16:07:48
Highway,101,ETU,5,9,1.56149984269601,QPSK,LMMSE,0,0.222898706896552,0.392376077586207,1,93.3267585560218,0.59987635828103,4,0,0,0.142681,1,4,HighMobility,0,2026-08-06 16:07:48
Highway,101,ETU,5,9,1.4797896606617,QPSK,LMMSE,5,0.0943830818965517,0.176831896551724,1,58.5610842108631,4.64781782531973,6,0,0,0.1417785,1,4,HighMobility,0,2026-08-06 16:07:48
Highway,101,ETU,5,9,1.59708106110552,QPSK,LMMSE,10,0.0251212284482759,0.0489224137931034,1,27.5738813719881,11.1900419431785,9,0,0,0.1395659,1,4,HighMobility,0,2026-08-06 16:07:48
Highway,101,ETU,5,9,1.58176717069845,QPSK,LMMSE,15,0.00123922413793103,0.00247844827586207,0.5,4.15947949873768,27.6192202382778,15,870000,0.90625,0.1367723,1,4,HighMobility,0,2026-08-06 16:07:48
Highway,101,ETU,5,9,1.53250657286761,QPSK,LMMSE,20,0.000862068965517241,0.00169719827586207,0.3,2.37329394838899,32.4929693632791,15,1218000,1.26875,0.1381821,1,4,HighMobility,0,2026-08-06 16:07:48
Highway,101,ETU,5,9,1.59610078194282,QPSK,LMMSE,25,0,0,0,0,160,15,1740000,1.8125,0.1344319,1,4,HighMobility,0,2026-08-06 16:07:48
Highway,101,ETU,5,9,1.5925108277349,QPSK,LMMSE,30,0,0,0,0,160,15,1740000,1.8125,0.1333417,1,4,HighMobility,0,2026-08-06 16:07:48
Highway,101,ETU,5,9,1.59373935150047,QPSK,MPA,0,0.273464439655172,0.471875,1,104.417192956683,-0.375440278200882,3,0,0,0.1663318,10,4,HighMobility,0,2026-08-06 16:07:49
Highway,101,ETU,5,9,1.59675140159063,QPSK,MPA,5,0.22450161637931,0.398814655172414,1,94.4716643576487,0.493968667582013,4,0,0,0.182137,10,4,HighMobility,0,2026-08-06 16:07:49
Highway,101,ETU,5,9,1.59640337308484,QPSK,MPA,10,0.165813577586207,0.302478448275862,1,81.1744520758732,1.81161268322995,4,0,0,0.1736506,10,4,HighMobility,0,2026-08-06 16:07:49
Highway,101,ETU,5,9,1.59646770545046,QPSK,MPA,15,0.139655172413793,0.259536637931034,1,74.4469581767651,2.5630608471639,5,0,0,0.1713609,10,4,HighMobility,0,2026-08-06 16:07:49
Highway,101,ETU,5,9,1.56569031802246,QPSK,MPA,20,0.130563038793103,0.243938577586207,1,72.1962871247879,2.82970273078973,5,0,0,0.1742576,10,4,HighMobility,0,2026-08-06 16:07:49
Highway,101,ETU,5,9,1.50932790200072,QPSK,MPA,25,0.112931034482759,0.212904094827586,1,67.0342944475964,3.4740591463186,5,0,0,0.1752781,10,4,HighMobility,0,2026-08-06 16:07:50
Highway,101,ETU,5,9,1.59603008488683,QPSK,MPA,30,0.121282327586207,0.228394396551724,1,69.5522298585991,3.1537788375908,5,0,0,0.1763744,10,4,HighMobility,0,2026-08-06 16:07:50
Highway,101,ETU,5,9,1.49119902912223,16QAM,MRC,0,0.351852101293103,0.806115301724138,1,99.473418491207,0.0458591378263692,3,0,0,0.5954124,3.4,4,HighMobility,0,2026-08-06 16:07:50
Highway,101,ETU,5,9,1.59668220013384,16QAM,MRC,5,0.257394935344828,0.696578663793103,1,72.8275999650199,2.75408003986088,5,0,0,0.6704555,4.6,4,HighMobility,0,2026-08-06 16:07:51
Highway,101,ETU,5,9,1.44995712062038,16QAM,MRC,10,0.164143318965517,0.526751077586207,1,52.6276252460934,5.57572453041112,6,0,0,0.7246637,5.3,4,HighMobility,0,2026-08-06 16:07:52
Highway,101,ETU,5,9,1.48231664707819,16QAM,MRC,15,0.0906047952586207,0.319746767241379,1,37.2207428003773,8.58429928133983,8,0,0,0.6875283,5.4,4,HighMobility,0,2026-08-06 16:07:52
Highway,101,ETU,5,9,1.59624270019094,16QAM,MRC,20,0.00347521551724138,0.0133351293103448,0.5,4.16544818826289,27.606765262251,15,1740000,1.8125,0.6486325,4.6,4,HighMobility,0,2026-08-06 16:07:53
Highway,101,ETU,5,9,1.59636365141369,16QAM,MRC,25,4.71443965517241e-05,0.000188577586206897,0.1,0.274765567971201,51.2207538294128,15,3132000,3.2625,0.4842468,2.8,4,HighMobility,0,2026-08-06 16:07:54
Highway,101,ETU,5,9,1.53959936424052,16QAM,MRC,30,0,0,0,0,160,15,3480000,3.625,0.4731685,2.1,4,HighMobility,0,2026-08-06 16:07:54
Highway,101,ETU,5,9,1.5024993341325,16QAM,LMMSE,0,0.373673221982759,0.896039870689655,1,84.0961553067676,1.50447717493903,4,0,0,0.1472246,1,4,HighMobility,0,2026-08-06 16:07:54
Highway,101,ETU,5,9,1.59679850448751,16QAM,LMMSE,5,0.336200161637931,0.872952586206897,1,76.2607800309063,2.35397513745315,4,0,0,0.136897,1,4,HighMobility,0,2026-08-06 16:07:54
Highway,101,ETU,5,9,1.57009679220737,16QAM,LMMSE,10,0.293797144396552,0.813685344827586,1,69.9242521458305,3.10744339599704,5,0,0,0.1423795,1,4,HighMobility,0,2026-08-06 16:07:54
Highway,101,ETU,5,9,1.57831561365606,16QAM,LMMSE,15,0.180179148706897,0.580172413793103,1,53.3714186466333,5.4538250643269,6,0,0,0.1398837,1,4,HighMobility,0,2026-08-06 16:07:55
Highway,101,ETU,5,9,1.59522239846556,16QAM,LMMSE,20,0.0470703125,0.174757543103448,1,24.9571652615246,12.0560949031835,10,0,0,0.1373928,1,4,HighMobility,0,2026-08-06 16:07:55
Highway,101,ETU,5,9,1.51911608134269,16QAM,LMMSE,25,0.0160088900862069,0.0611260775862069,0.8,11.9776185285,18.4325904548669,12,696000,0.725,0.1385329,1,4,HighMobility,0,2026-08-06 16:07:55
Highway,101,ETU,5,9,1.59348465708886,16QAM,LMMSE,30,9.42887931034483e-05,0.000377155172413793,0.2,0.535509081792604,45.424663189865,15,2784000,2.9,0.1376744,1,4,HighMobility,0,2026-08-06 16:07:55
Highway,101,ETU,5,9,1.59714650996384,16QAM,MPA,0,0.37745150862069,0.897306034482759,1,84.882081758962,1.42367955542763,4,0,0,0.2870326,10,4,HighMobility,0,2026-08-06 16:07:55
Highway,101,ETU,5,9,1.59539375817481,16QAM,MPA,5,0.34520474137931,0.879606681034483,1,78.2535320444462,2.12992102124197,4,0,0,0.3804264,10,4,HighMobility,0,2026-08-06 16:07:56
Highway,101,ETU,5,9,1.57074922173963,16QAM,MPA,10,0.341338900862069,0.880172413793103,1,76.9382389894588,2.2771551663842,4,0,0,0.2922118,10,4,HighMobility,0,2026-08-06 16:07:56
Highway,101,ETU,5,9,1.59651681338366,16QAM,MPA,15,0.327754579741379,0.8703125,1,74.5517949931246,2.55083791042382,5,0,0,0.2971537,10,4,HighMobility,0,2026-08-06 16:07:56
Highway,101,ETU,5,9,1.59697068818431,16QAM,MPA,20,0.324744073275862,0.865571120689655,1,73.9515809032599,2.62105074835909,5,0,0,0.2979628,10,4,HighMobility,0,2026-08-06 16:07:57
Highway,101,ETU,5,9,1.59641907298919,16QAM,MPA,25,0.32940463362069,0.870177801724138,1,74.7611969435083,2.52647508171229,5,0,0,0.2937548,10,4,HighMobility,0,2026-08-06 16:07:57
Highway,101,ETU,5,9,1.53861265672633,16QAM,MPA,30,0.325956357758621,0.863927801724138,1,74.4586555415615,2.56169619720411,5,0,0,0.2929223,10,4,HighMobility,0,2026-08-06 16:07:57
Highway,101,ETU,5,9,1.58887280392976,64QAM,MRC,0,0.405405890804598,0.947306034482759,1,103.779577612262,-0.32223797527279,3,0,0,1.0916321,10.5,4,HighMobility,0,2026-08-06 16:07:58
Highway,101,ETU,5,9,1.59192939564883,64QAM,MRC,5,0.345743534482759,0.90692349137931,1,79.0560267107791,2.04130033437803,4,0,0,0.808691,7,4,HighMobility,0,2026-08-06 16:07:59
Highway,101,ETU,5,9,1.4100225624639,64QAM,MRC,10,0.250579202586207,0.825646551724138,1,48.7794065380876,6.23526975441116,7,0,0,0.8767281,7.9,4,HighMobility,0,2026-08-06 16:08:00
Highway,101,ETU,5,9,1.33346178084731,64QAM,MRC,15,0.140607040229885,0.597306034482759,1,29.9086149398715,10.4840739713354,9,0,0,0.9118423,8.5,4,HighMobility,0,2026-08-06 16:08:01
Highway,101,ETU,5,9,1.59103653322214,64QAM,MRC,20,0.0764592313218391,0.385802801724138,1,20.5285510985094,13.7528340395028,10,0,0,1.0646809,10.7,4,HighMobility,0,2026-08-06 16:08:02
Highway,101,ETU,5,9,1.59532580407309,64QAM,MRC,25,0.00586835488505747,0.0335668103448276,1,4.10787468755796,27.727656264164,15,0,0,1.1617929,12.2,4,HighMobility,0,2026-08-06 16:08:03
Highway,101,ETU,5,9,1.58570696202984,64QAM,MRC,30,0.000121228448275862,0.000727370689655172,0.2,0.371466412237693,48.6016089753108,15,4176000,4.35,1.0797442,10.7,4,HighMobility,0,2026-08-06 16:08:04
Highway,101,ETU,5,9,1.58501810716909,64QAM,LMMSE,0,0.429736889367816,0.980818965517241,1,91.7091245646254,0.751749044304269,4,0,0,0.1352756,1,4,HighMobility,0,2026-08-06 16:08:04
Highway,101,ETU,5,9,1.54822154064145,64QAM,LMMSE,5,0.402231501436782,0.977424568965517,1,87.8656764352312,1.12361486392153,4,0,0,0.1423649,1,4,HighMobility,0,2026-08-06 16:08:04
Highway,101,ETU,5,9,1.58493612255763,64QAM,LMMSE,10,0.394293283045977,0.97411099137931,1,80.8446916302743,1.84696982346719,4,0,0,0.146243,1,4,HighMobility,0,2026-08-06 16:08:05
Highway,101,ETU,5,9,1.59362725334087,64QAM,LMMSE,15,0.381851652298851,0.963335129310345,1,70.4601466801987,3.04112914125204,5,0,0,0.1519243,1,4,HighMobility,0,2026-08-06 16:08:05
Highway,101,ETU,5,9,1.5967433594906,64QAM,LMMSE,20,0.289008620689655,0.891271551724138,1,50.029578385039,6.01546314074181,7,0,0,0.1482364,1,4,HighMobility,0,2026-08-06 16:08:05
Highway,101,ETU,5,9,1.55026226492607,64QAM,LMMSE,25,0.173289331896552,0.720528017241379,1,33.0274140614944,9.62250857630085,8,0,0,0.1471105,1,4,HighMobility,0,2026-08-06 16:08:05
Highway,101,ETU,5,9,1.59421940758323,64QAM,LMMSE,30,0.0850395114942529,0.427155172413793,1,21.1413849506225,13.497331318139,10,0,0,0.1516242,1,4,HighMobility,0,2026-08-06 16:08:05
Highway,101,ETU,5,9,1.57587128647519,64QAM,MPA,0,0.420375359195402,0.979929956896552,1,90.3629696399348,0.880190101947015,4,0,0,0.5665539,10,4,HighMobility,0,2026-08-06 16:08:06
Highway,101,ETU,5,9,1.42202669560798,64QAM,MPA,5,0.401652298850575,0.978044181034483,1,87.450146078337,1.16478921462372,4,0,0,0.6290581,10,4,HighMobility,0,2026-08-06 16:08:06
Highway,101,ETU,5,9,1.53243836072284,64QAM,MPA,10,0.390782147988506,0.97645474137931,1,86.0169382817764,1.30832039885502,4,0,0,0.6492518,10,4,HighMobility,0,2026-08-06 16:08:07
Highway,101,ETU,5,9,1.56588980408314,64QAM,MPA,15,0.400525323275862,0.978582974137931,1,86.8452114847193,1.22508245811902,4,0,0,0.6443709,10,4,HighMobility,0,2026-08-06 16:08:08
Highway,101,ETU,5,9,1.5770536612863,64QAM,MPA,20,0.41704382183908,0.979202586206897,1,89.3729107024829,0.97588195410841,4,0,0,0.6353753,10,4,HighMobility,0,2026-08-06 16:08:08
Highway,101,ETU,5,9,1.57405954135829,64QAM,MPA,25,0.423783225574713,0.980037715517241,1,90.2935267989221,0.886867668431335,4,0,0,0.6331862,10,4,HighMobility,0,2026-08-06 16:08:09
Highway,101,ETU,5,9,1.59714432843996,64QAM,MPA,30,0.422952586206897,0.978259698275862,1,90.4900333643419,0.867985033184386,4,0,0,0.6228056,10,4,HighMobility,0,2026-08-06 16:08:10
Highway,74,ETU,5,9,1.17014695025422,QPSK,MRC,0,0.220824353448276,0.386961206896552,1,91.790608223366,0.744035048181299,4,0,0,0.5423915,3,5,HighMobility,0,2026-08-06 16:08:10
Highway,74,ETU,5,9,1.16933735605116,QPSK,MRC,5,0.120096982758621,0.222683189655172,1,67.5950052416468,3.40170787883972,5,0,0,0.5731802,3.6,5,HighMobility,0,2026-08-06 16:08:11
Highway,74,ETU,5,9,1.08521931602503,QPSK,MRC,10,0.0308459051724138,0.0588631465517241,0.9,27.7147005869491,11.1457961780807,9,174000,0.18125,0.5467669,3.1,5,HighMobility,0,2026-08-06 16:08:11
Highway,74,ETU,5,9,1.16606447948011,QPSK,MRC,15,0.00180495689655172,0.00358297413793103,0.6,5.45208681256852,25.2687447518342,15,696000,0.725,0.5596632,2.7,5,HighMobility,0,2026-08-06 16:08:12
Highway,74,ETU,5,9,1.16957407500141,QPSK,MRC,20,0,0,0,0,160,15,1740000,1.8125,0.5192733,2,5,HighMobility,0,2026-08-06 16:08:12
Highway,74,ETU,5,9,1.15397477850086,QPSK,MRC,25,0,0,0,0,160,15,1740000,1.8125,0.4931177,2,5,HighMobility,0,2026-08-06 16:08:13
Highway,74,ETU,5,9,1.15425577151428,QPSK,MRC,30,0,0,0,0,160,15,1740000,1.8125,0.4887756,2,5,HighMobility,0,2026-08-06 16:08:13
Highway,74,ETU,5,9,1.17016473288351,QPSK,LMMSE,0,0.209024784482759,0.370501077586207,1,90.3382823690985,0.88256342154385,4,0,0,0.1413493,1,5,HighMobility,0,2026-08-06 16:08:13
Highway,74,ETU,5,9,1.16242636207927,QPSK,LMMSE,5,0.0936422413793103,0.176589439655172,1,59.2912262735521,4.54019134785544,6,0,0,0.1472808,1,5,HighMobility,0,2026-08-06 16:08:14
Highway,74,ETU,5,9,1.16980206187426,QPSK,LMMSE,10,0.0337688577586207,0.0658943965517241,1,34.0195212340831,9.3654360524813,8,0,0,0.142538,1,5,HighMobility,0,2026-08-06 16:08:14
Highway,74,ETU,5,9,1.15768045553352,QPSK,LMMSE,15,0.00470096982758621,0.009375,0.9,10.3782641732797,19.6775055752357,13,174000,0.18125,0.1421928,1,5,HighMobility,0,2026-08-06 16:08:14
Highway,74,ETU,5,9,1.16259573795184,QPSK,LMMSE,20,1.34698275862069e-05,2.69396551724138e-05,0.1,0.232119172721315,52.6857797188284,15,1566000,1.63125,0.14229,1,5,HighMobility,0,2026-08-06 16:08:14
Highway,74,ETU,5,9,1.15303274950415,QPSK,LMMSE,25,1.34698275862069e-05,2.69396551724138e-05,0.1,0.232119172721315,52.6857797188284,15,1566000,1.63125,0.1479005,1,5,HighMobility,0,2026-08-06 16:08:14
Highway,74,ETU,5,9,0.900757987002357,QPSK,LMMSE,30,0,0,0,0,160,15,1740000,1.8125,0.1449342,1,5,HighMobility,0,2026-08-06 16:08:14
Highway,74,ETU,5,9,1.17011342330623,QPSK,MPA,0,0.26551724137931,0.458836206896552,1,102.693212340023,-0.230834784176938,3,0,0,0.1788503,10,5,HighMobility,0,2026-08-06 16:08:14
Highway,74,ETU,5,9,1.08027145907665,QPSK,MPA,5,0.203825431034483,0.364439655172414,1,89.788021725059,0.935631940526999,4,0,0,0.184357,10,5,HighMobility,0,2026-08-06 16:08:15
Highway,74,ETU,5,9,1.13992265720997,QPSK,MPA,10,0.155522629310345,0.286153017241379,1,78.6683895084182,2.08399481148108,4,0,0,0.1838372,10,5,HighMobility,0,2026-08-06 16:08:15
Highway,74,ETU,5,9,1.15904512349779,QPSK,MPA,15,0.138766163793103,0.258324353448276,1,74.3247027215669,2.57733638356813,5,0,0,0.1839719,10,5,HighMobility,0,2026-08-06 16:08:15
Highway,74,ETU,5,9,1.16995195475912,QPSK,MPA,20,0.126131465517241,0.235506465517241,1,70.7562454864784,3.00470439929517,5,0,0,0.1808977,10,5,HighMobility,0,2026-08-06 16:08:15
Highway,74,ETU,5,9,1.16211952592996,QPSK,MPA,25,0.119221443965517,0.224164870689655,1,68.8881983101738,3.2371034712168,5,0,0,0.1824065,10,5,HighMobility,0,2026-08-06 16:08:15
Highway,74,ETU,5,9,1.15255857419735,QPSK,MPA,30,0.126468211206897,0.237203663793103,1,70.8834875411357,2.98909845712395,5,0,0,0.1840871,10,5,HighMobility,0,2026-08-06 16:08:16
Highway,74,ETU,5,9,1.16820869253386,16QAM,MRC,0,0.352330280172414,0.796363146551724,1,101.876681474228,-0.161495796718134,3,0,0,0.6232949,3.7,5,HighMobility,0,2026-08-06 16:08:16
Highway,74,ETU,5,9,1.12682950133196,16QAM,MRC,5,0.232091864224138,0.65390625,1,67.0156938358758,3.47646963308867,5,0,0,0.6659983,4.7,5,HighMobility,0,2026-08-06 16:08:17
Highway,74,ETU,5,9,1.13352346999719,16QAM,MRC,10,0.145090247844828,0.476643318965517,1,48.9986379411935,6.19631984548905,7,0,0,0.7334404,5.4,5,HighMobility,0,2026-08-06 16:08:18
Highway,74,ETU,5,9,1.16139043972395,16QAM,MRC,15,0.0420999461206897,0.15536099137931,1,24.3956870053821,12.2537389448073,10,0,0,0.7833709,6.2,5,HighMobility,0,2026-08-06 16:08:18
Highway,74,ETU,5,9,1.16926157145255,16QAM,MRC,20,0.0171807650862069,0.0629040948275862,0.9,10.6295312177451,19.4697177651047,13,348000,0.3625,0.6338918,4.4,5,HighMobility,0,2026-08-06 16:08:19
Highway,74,ETU,5,9,1.1509308148759,16QAM,MRC,25,0,0,0,0,160,15,3480000,3.625,0.4995443,2.6,5,HighMobility,0,2026-08-06 16:08:20
Highway,74,ETU,5,9,1.16839988218666,16QAM,MRC,30,0,0,0,0,160,15,3480000,3.625,0.4687764,2,5,HighMobility,0,2026-08-06 16:08:20
Highway,74,ETU,5,9,1.16604002993886,16QAM,LMMSE,0,0.373875269396552,0.896659482758621,1,83.8592468634356,1.52898084592848,4,0,0,0.1368811,1,5,HighMobility,0,2026-08-06 16:08:20
Highway,74,ETU,5,9,1.16910553790227,16QAM,LMMSE,5,0.344921875,0.878879310344828,1,78.1620710810539,2.14007883042318,4,0,0,0.1374529,1,5,HighMobility,0,2026-08-06 16:08:20
Highway,74,ETU,5,9,1.15825705425057,16QAM,LMMSE,10,0.2916015625,0.812931034482759,1,69.5095181868754,3.1591144368297,5,0,0,0.1398725,1,5,HighMobility,0,2026-08-06 16:08:20
Highway,74,ETU,5,9,1.16989410532365,16QAM,LMMSE,15,0.172582165948276,0.545043103448276,1,49.9824423625651,6.02365052294726,7,0,0,0.1335889,1,5,HighMobility,0,2026-08-06 16:08:21
Highway,74,ETU,5,9,1.1680447742624,16QAM,LMMSE,20,0.0538523706896552,0.197898706896552,1,26.9303346077118,11.3951650094675,9,0,0,0.1347272,1,5,HighMobility,0,2026-08-06 16:08:21
Highway,74,ETU,5,9,1.16943952407379,16QAM,LMMSE,25,0.00465382543103448,0.0184806034482759,0.6,5.80268962943333,24.7274131616173,15,1392000,1.45,0.1398579,1,5,HighMobility,0,2026-08-06 16:08:21
Highway,74,ETU,5,9,1.16809204309596,16QAM,LMMSE,30,0.000269396551724138,0.00107758620689655,0.3,0.965827240634275,40.3020109944452,15,2436000,2.5375,0.1348942,1,5,HighMobility,0,2026-08-06 16:08:21
Highway,74,ETU,5,9,1.17019151172966,16QAM,MPA,0,0.374245689655172,0.895339439655172,1,84.1507854581723,1.49883651983374,4,0,0,0.2673008,10,5,HighMobility,0,2026-08-06 16:08:21
Highway,74,ETU,5,9,1.17004456320533,16QAM,MPA,5,0.339379040948276,0.877532327586207,1,76.9679412694492,2.27380259498304,4,0,0,0.2924067,10,5,HighMobility,0,2026-08-06 16:08:22
Highway,74,ETU,5,9,1.15135355987722,16QAM,MPA,10,0.329936691810345,0.869773706896552,1,74.9203252613087,2.50800691667681,5,0,0,0.2841994,10,5,HighMobility,0,2026-08-06 16:08:22
Highway,74,ETU,5,9,1.16465230808993,16QAM,MPA,15,0.33428744612069,0.872090517241379,1,75.6551255598833,2.42323287245435,5,0,0,0.2818339,10,5,HighMobility,0,2026-08-06 16:08:22
Highway,74,ETU,5,9,1.14901147192686,16QAM,MPA,20,0.339776400862069,0.875835129310345,1,76.9905769479572,2.27124851731204,4,0,0,0.2879458,10,5,HighMobility,0,2026-08-06 16:08:22
Highway,74,ETU,5,9,1.15159797707675,16QAM,MPA,25,0.325451239224138,0.862742456896552,1,74.2660058246794,2.58419865375943,5,0,0,0.287731,10,5,HighMobility,0,2026-08-06 16:08:23
Highway,74,ETU,5,9,1.17017206015144,16QAM,MPA,30,0.327417834051724,0.864224137931034,1,74.4635227112551,2.56112844162439,5,0,0,0.2903682,10,5,HighMobility,0,2026-08-06 16:08:23
Highway,74,ETU,5,9,0.931488103791069,64QAM,MRC,0,0.399708153735632,0.944207974137931,1,102.460798923854,-0.211154758089028,3,0,0,0.9057326,8.1,5,HighMobility,0,2026-08-06 16:08:24
Highway,74,ETU,5,9,1.12600540509854,64QAM,MRC,5,0.347247665229885,0.912553879310345,1,78.4040274697007,2.1132325567852,4,0,0,0.8680817,7.7,5,HighMobility,0,2026-08-06 16:08:25
Highway,74,ETU,5,9,1.15805351027238,64QAM,MRC,10,0.236359554597701,0.792133620689655,1,47.8793221934018,6.39704012677829,7,0,0,0.8902141,8.2,5,HighMobility,0,2026-08-06 16:08:26
Highway,74,ETU,5,9,1.16649968397295,64QAM,MRC,15,0.143947557471264,0.618938577586207,1,30.4749879508807,10.3211291483948,9,0,0,1.1344946,10.4,5,HighMobility,0,2026-08-06 16:08:27
Highway,74,ETU,5,9,1.14236262497127,64QAM,MRC,20,0.0857444324712644,0.434078663793103,1,21.9457777584353,13.1729804629682,10,0,0,1.0697118,9.1,5,HighMobility,0,2026-08-06 16:08:28
Highway,74,ETU,5,9,1.1701419741029,64QAM,MRC,25,0.0176275143678161,0.0946928879310345,1,7.18799006980128,22.867850630798,15,0,0,1.2365159,13.2,5,HighMobility,0,2026-08-06 16:08:29
Highway,74,ETU,5,9,1.07501172721095,64QAM,MRC,30,0.00984644396551724,0.0521821120689655,0.4,3.37005263050275,29.4472663329682,15,3132000,3.2625,1.1506459,12.2,5,HighMobility,0,2026-08-06 16:08:30
Highway,74,ETU,5,9,1.1689843570241,64QAM,LMMSE,0,0.419239403735632,0.980549568965517,1,90.1078310718549,0.904749276200451,4,0,0,0.1358545,1,5,HighMobility,0,2026-08-06 16:08:30
Highway,74,ETU,5,9,1.08568264072904,64QAM,LMMSE,5,0.40440463362069,0.977289870689655,1,87.8574512804743,1.12442799293255,4,0,0,0.1384589,1,5,HighMobility,0,2026-08-06 16:08:30
Highway,74,ETU,5,9,1.15843650651343,64QAM,LMMSE,10,0.39147808908046,0.974164870689655,1,83.1960467209338,1.59794619728034,4,0,0,0.1423519,1,5,HighMobility,0,2026-08-06 16:08:31
Highway,74,ETU,5,9,1.08163903517623,64QAM,LMMSE,15,0.381254489942529,0.962553879310345,1,70.0356490999145,3.09361683789153,5,0,0,0.1408279,1,5,HighMobility,0,2026-08-06 16:08:31
Highway,74,ETU,5,9,1.16569462378013,64QAM,LMMSE,20,0.307632902298851,0.909832974137931,1,53.0660415246607,5.50366614947184,6,0,0,0.1640534,1,5,HighMobility,0,2026-08-06 16:08:31
Highway,74,ETU,5,9,1.08485312206093,64QAM,LMMSE,25,0.18235003591954,0.732596982758621,1,34.2701618297016,9.30167689501489,8,0,0,0.1437475,1,5,HighMobility,0,2026-08-06 16:08:31
Highway,74,ETU,5,9,1.16093893277225,64QAM,LMMSE,30,0.0930046695402299,0.464978448275862,0.9,21.8827247416696,13.1979720502489,10,522000,0.54375,0.1461826,1,5,HighMobility,0,2026-08-06 16:08:31
Highway,74,ETU,5,9,1.11299309419576,64QAM,MPA,0,0.428838900862069,0.980414870689655,1,91.5638456879097,0.765519504317658,4,0,0,0.5436783,10,5,HighMobility,0,2026-08-06 16:08:32
Highway,74,ETU,5,9,1.14493181087342,64QAM,MPA,5,0.411530172413793,0.979606681034483,1,88.9095290460284,1.02103380414376,4,0,0,0.6188905,10,5,HighMobility,0,2026-08-06 16:08:32
Highway,74,ETU,5,9,1.16949396885468,64QAM,MPA,10,0.387598778735632,0.976481681034483,1,85.6778492339185,1.34262888217127,4,0,0,0.6520668,10,5,HighMobility,0,2026-08-06 16:08:33
Highway,74,ETU,5,9,1.10583679337963,64QAM,MPA,15,0.401472701149425,0.977532327586207,1,87.1112367893006,1.1985164036757,4,0,0,0.6479577,10,5,HighMobility,0,2026-08-06 16:08:34
Highway,74,ETU,5,9,1.0759813757603,64QAM,MPA,20,0.419571659482759,0.98046875,1,89.6417445987424,0.949793997171911,4,0,0,0.7387669,10,5,HighMobility,0,2026-08-06 16:08:34
Highway,74,ETU,5,9,1.15686936545538,64QAM,MPA,25,0.424330998563218,0.979256465517241,1,90.565969870587,0.860699153239677,4,0,0,0.6457465,10,5,HighMobility,0,2026-08-06 16:08:35
Highway,74,ETU,5,9,1.16998788819459,64QAM,MPA,30,0.42464529454023,0.978987068965517,1,90.6716818503867,0.850566571125845,4,0,0,0.6217992,10,5,HighMobility,0,2026-08-06 16:08:36
Highway,88,ETU,5,9,1.38262120823127,QPSK,MRC,0,0.262015086206897,0.454256465517241,1,101.827298048017,-0.157284401345075,3,0,0,0.5677938,3.1,6,HighMobility,0,2026-08-06 16:08:36
Highway,88,ETU,5,9,1.38108041495226,QPSK,MRC,5,0.0980064655172414,0.181196120689655,1,57.8820164789654,4.74912694897539,6,0,0,0.5513129,3.3,6,HighMobility,0,2026-08-06 16:08:37
Highway,88,ETU,5,9,1.28811493101868,QPSK,MRC,10,0.0330818965517241,0.0631465517241379,0.9,28.1697392140831,11.0043434709405,9,174000,0.18125,0.5427797,3.3,6,HighMobility,0,2026-08-06 16:08:37
Highway,88,ETU,5,9,1.33493163532221,QPSK,MRC,15,0.000404094827586207,0.000808189655172414,0.3,1.93498420416119,34.2664515180552,15,1218000,1.26875,0.4651555,2.2,6,HighMobility,0,2026-08-06 16:08:38
Highway,88,ETU,5,9,1.3915774795169,QPSK,MRC,20,0,0,0,0,160,15,1740000,1.8125,0.4538828,2,6,HighMobility,0,2026-08-06 16:08:38
Highway,88,ETU,5,9,1.38834525923762,QPSK,MRC,25,0,0,0,0,160,15,1740000,1.8125,0.4441824,2,6,HighMobility,0,2026-08-06 16:08:39
Highway,88,ETU,5,9,1.38673828240832,QPSK,MRC,30,0,0,0,0,160,15,1740000,1.8125,0.4571714,2,6,HighMobility,0,2026-08-06 16:08:39
Highway,88,ETU,5,9,1.39122695927556,QPSK,LMMSE,0,0.219046336206897,0.387446120689655,1,93.0760769698264,0.623238598437049,4,0,0,0.1422948,1,6,HighMobility,0,2026-08-06 16:08:39
Highway,88,ETU,5,9,1.38587911098973,QPSK,LMMSE,5,0.117712823275862,0.218992456896552,1,66.2870185461611,3.57143028432558,5,0,0,0.1384144,1,6,HighMobility,0,2026-08-06 16:08:39
Highway,88,ETU,5,9,1.38500297113002,QPSK,LMMSE,10,0.0374730603448276,0.0720096982758621,1,33.1127144868014,9.6001043110735,8,0,0,0.1337929,1,6,HighMobility,0,2026-08-06 16:08:40
Highway,88,ETU,5,9,1.38785985161237,QPSK,LMMSE,15,0.0013604525862069,0.00272090517241379,0.8,5.36292112011288,25.4119718151733,15,348000,0.3625,0.1360495,1,6,HighMobility,0,2026-08-06 16:08:40
Highway,88,ETU,5,9,1.39109361088254,QPSK,LMMSE,20,0,0,0,0,160,15,1740000,1.8125,0.1367261,1,6,HighMobility,0,2026-08-06 16:08:40
Highway,88,ETU,5,9,1.24563824111101,QPSK,LMMSE,25,0,0,0,0,160,15,1740000,1.8125,0.1336581,1,6,HighMobility,0,2026-08-06 16:08:40
Highway,88,ETU,5,9,1.3473587841648,QPSK,LMMSE,30,0,0,0,0,160,15,1740000,1.8125,0.1387879,1,6,HighMobility,0,2026-08-06 16:08:40
Highway,88,ETU,5,9,1.38913959259362,QPSK,MPA,0,0.276589439655172,0.475323275862069,1,104.815608914496,-0.408519233233213,3,0,0,0.1706906,10,6,HighMobility,0,2026-08-06 16:08:40
Highway,88,ETU,5,9,1.39157988757878,QPSK,MPA,5,0.19698275862069,0.353448275862069,1,88.5564023661108,1.05560070263246,4,0,0,0.1727741,10,6,HighMobility,0,2026-08-06 16:08:41
Highway,88,ETU,5,9,1.38701624213765,QPSK,MPA,10,0.159940732758621,0.292510775862069,1,79.4922766208302,1.99350129703311,4,0,0,0.1745409,10,6,HighMobility,0,2026-08-06 16:08:41
Highway,88,ETU,5,9,1.37652576283554,QPSK,MPA,15,0.137931034482759,0.256196120689655,1,73.9671998449948,2.61921643896321,5,0,0,0.1768649,10,6,HighMobility,0,2026-08-06 16:08:41
Highway,88,ETU,5,9,1.37630419310527,QPSK,MPA,20,0.126737607758621,0.237311422413793,1,71.0123797562986,2.9733186619072,5,0,0,0.2300878,10,6,HighMobility,0,2026-08-06 16:08:41
Highway,88,ETU,5,9,1.28670310434857,QPSK,MPA,25,0.121443965517241,0.227828663793103,1,69.5770344456179,3.15068171911291,5,0,0,0.2067964,10,6,HighMobility,0,2026-08-06 16:08:41
Highway,88,ETU,5,9,1.33568520912631,QPSK,MPA,30,0.122992995689655,0.230872844827586,1,69.9625845271861,3.10268310760577,5,0,0,0.2147455,10,6,HighMobility,0,2026-08-06 16:08:42
Highway,88,ETU,5,9,1.39122653133681,16QAM,MRC,0,0.331573275862069,0.789412715517241,1,93.0303969202795,0.627502521864326,4,0,0,0.7541079,3.8,6,HighMobility,0,2026-08-06 16:08:42
Highway,88,ETU,5,9,1.2968674451364,16QAM,MRC,5,0.263025323275862,0.693480603448276,1,74.6704829427075,2.53702079594066,5,0,0,0.7346611,3.7,6,HighMobility,0,2026-08-06 16:08:43
Highway,88,ETU,5,9,1.18631549655593,16QAM,MRC,10,0.147770743534483,0.482866379310345,1,49.0933170677688,6.17955246227668,7,0,0,0.7183106,5.3,6,HighMobility,0,2026-08-06 16:08:44
Highway,88,ETU,5,9,1.0741271285915,16QAM,MRC,15,0.08046875,0.286772629310345,1,34.2565441641407,9.30512902480956,8,0,0,0.785684,6.3,6,HighMobility,0,2026-08-06 16:08:45
Highway,88,ETU,5,9,1.18027897274782,16QAM,MRC,20,0.00238415948275862,0.00924030172413793,0.9,4.51298542459832,26.910721382009,15,348000,0.3625,0.6745722,4.9,6,HighMobility,0,2026-08-06 16:08:45
Highway,88,ETU,5,9,1.36788833170533,16QAM,MRC,25,6.0614224137931e-05,0.000242456896551724,0.1,0.313248667086251,50.0822153661858,15,3132000,3.2625,0.524894,2.9,6,HighMobility,0,2026-08-06 16:08:46
Highway,88,ETU,5,9,1.30953966777387,16QAM,MRC,30,0,0,0,0,160,15,3480000,3.625,0.4450917,2,6,HighMobility,0,2026-08-06 16:08:46
Highway,88,ETU,5,9,1.35400205964718,16QAM,LMMSE,0,0.372420528017241,0.896632543103448,1,83.6753156630867,1.54805281203517,4,0,0,0.1343082,1,6,HighMobility,0,2026-08-06 16:08:46
Highway,88,ETU,5,9,1.3915799826536,16QAM,LMMSE,5,0.331997575431034,0.867591594827586,1,75.656689437648,2.42305332706098,5,0,0,0.1351205,1,6,HighMobility,0,2026-08-06 16:08:46
Highway,88,ETU,5,9,1.36598980703525,16QAM,LMMSE,10,0.281674299568966,0.793992456896552,1,67.824776615021,3.37223255877988,5,0,0,0.1430529,1,6,HighMobility,0,2026-08-06 16:08:47
Highway,88,ETU,5,9,1.39111169891576,16QAM,LMMSE,15,0.15594692887931,0.497952586206897,1,48.0194570349055,6.37165509802362,7,0,0,0.149523,1,6,HighMobility,0,2026-08-06 16:08:47
Highway,88,ETU,5,9,1.39090763225224,16QAM,LMMSE,20,0.0686085668103448,0.245393318965517,0.9,29.9223060220257,10.4800987949958,9,348000,0.3625,0.1415124,1,6,HighMobility,0,2026-08-06 16:08:47
Highway,88,ETU,5,9,1.39126480056117,16QAM,LMMSE,25,0.0378838900862069,0.138927801724138,1,20.417757010566,13.7998393795933,10,0,0,0.1364575,1,6,HighMobility,0,2026-08-06 16:08:47
Highway,88,ETU,5,9,1.38889628395258,16QAM,LMMSE,30,1.34698275862069e-05,5.38793103448276e-05,0.1,0.147844254190915,56.6039109840247,15,3132000,3.2625,0.14084,1,6,HighMobility,0,2026-08-06 16:08:47
Highway,88,ETU,5,9,1.38924774364734,16QAM,MPA,0,0.382415140086207,0.900942887931034,1,85.8811044850608,1.32204757798946,4,0,0,0.2744444,10,6,HighMobility,0,2026-08-06 16:08:47
Highway,88,ETU,5,9,1.39071122412234,16QAM,MPA,5,0.342389547413793,0.877478448275862,1,77.7629652500833,2.18454374579321,4,0,0,0.2935066,10,6,HighMobility,0,2026-08-06 16:08:48
Highway,88,ETU,5,9,1.37430851518951,16QAM,MPA,10,0.33368130387931,0.871470905172414,1,75.8117695053988,2.40526732945307,5,0,0,0.2942267,10,6,HighMobility,0,2026-08-06 16:08:48
Highway,88,ETU,5,9,1.38543623216435,16QAM,MPA,15,0.328838900862069,0.870393318965517,1,74.8298392423651,2.51850375549621,5,0,0,0.2948095,10,6,HighMobility,0,2026-08-06 16:08:48
Highway,88,ETU,5,9,1.34049038825349,16QAM,MPA,20,0.326488415948276,0.865651939655172,1,74.2155092980971,2.59010655783148,5,0,0,0.2850994,10,6,HighMobility,0,2026-08-06 16:08:49
Highway,88,ETU,5,9,1.39152611829187,16QAM,MPA,25,0.324461206896552,0.866109913793103,1,73.5769276966183,2.66516701350704,5,0,0,0.2954908,10,6,HighMobility,0,2026-08-06 16:08:49
Highway,88,ETU,5,9,1.38607266694073,16QAM,MPA,30,0.338880657327586,0.876643318965517,1,76.5503077320433,2.32106118198986,4,0,0,0.2962512,10,6,HighMobility,0,2026-08-06 16:08:49
Highway,88,ETU,5,9,1.38072318932247,64QAM,MRC,0,0.425686961206897,0.955199353448276,1,116.520509872221,-1.32804752704386,3,0,0,1.0337167,9.7,6,HighMobility,0,2026-08-06 16:08:50
Highway,88,ETU,5,9,1.37148013480628,64QAM,MRC,5,0.343736530172414,0.912230603448276,1,74.8982896334758,2.5105619934672,5,0,0,0.9258512,8.6,6,HighMobility,0,2026-08-06 16:08:51
Highway,88,ETU,5,9,1.3803570913576,64QAM,MRC,10,0.251311063218391,0.819719827586207,1,49.6552139846118,6.08070284433636,7,0,0,0.9553833,9.1,6,HighMobility,0,2026-08-06 16:08:52
Highway,88,ETU,5,9,1.3838721130098,64QAM,MRC,15,0.157008800287356,0.656088362068965,1,32.2907120488766,9.81844756327498,8,0,0,1.050436,10.5,6,HighMobility,0,2026-08-06 16:08:53
Highway,88,ETU,5,9,1.37198556985377,64QAM,MRC,20,0.099542025862069,0.465274784482759,1,23.8069683915446,12.4659180932878,10,0,0,1.0419054,10.6,6,HighMobility,0,2026-08-06 16:08:54
Highway,88,ETU,5,9,1.38821063451607,64QAM,MRC,25,0.0168013649425287,0.0917564655172414,0.8,7.20610489968116,22.8459884023565,15,1044000,1.0875,1.3529176,15,6,HighMobility,0,2026-08-06 16:08:56
Highway,88,ETU,5,9,1.3778008786831,64QAM,MRC,30,0.00145923132183908,0.00808189655172414,0.2,1.14442248662308,38.828272347633,15,4176000,4.35,1.1481287,12.2,6,HighMobility,0,2026-08-06 16:08:57
Highway,88,ETU,5,9,1.39058971437903,64QAM,LMMSE,0,0.424488146551724,0.980064655172414,1,90.7273365161949,0.845236770506481,4,0,0,0.1421037,1,6,HighMobility,0,2026-08-06 16:08:57
Highway,88,ETU,5,9,1.2864066365921,64QAM,LMMSE,5,0.401059626436782,0.977882543103448,1,87.2892951711318,1.18078026521653,4,0,0,0.1437142,1,6,HighMobility,0,2026-08-06 16:08:57
Highway,88,ETU,5,9,1.32691777660396,64QAM,LMMSE,10,0.389655172413793,0.975619612068966,1,83.6762168900802,1.54795926095638,4,0,0,0.1647086,1,6,HighMobility,0,2026-08-06 16:08:57
Highway,88,ETU,5,9,1.32394581189816,64QAM,LMMSE,15,0.357655352011494,0.948653017241379,1,64.2753987525242,3.8391044079039,5,0,0,0.1487578,1,6,HighMobility,0,2026-08-06 16:08:57
Highway,88,ETU,5,9,1.32312280723151,64QAM,LMMSE,20,0.325794719827586,0.925700431034483,1,56.1423305808363,5.01419125783345,6,0,0,0.1475542,1,6,HighMobility,0,2026-08-06 16:08:57
Highway,88,ETU,5,9,1.3851334257887,64QAM,LMMSE,25,0.162966954022988,0.647683189655172,1,31.6130973401642,10.0026590285783,8,0,0,0.1483559,1,6,HighMobility,0,2026-08-06 16:08:58
Highway,88,ETU,5,9,1.1881515411075,64QAM,LMMSE,30,0.0663119612068966,0.343884698275862,0.9,18.0723867172157,14.8596897770395,11,522000,0.54375,0.1490084,1,6,HighMobility,0,2026-08-06 16:08:58
Highway,88,ETU,5,9,1.35143298035487,64QAM,MPA,0,0.425314295977011,0.980307112068965,1,91.0541307756928,0.814006943038354,4,0,0,0.5668895,10,6,HighMobility,0,2026-08-06 16:08:58
Highway,88,ETU,5,9,1.38882625870264,64QAM,MPA,5,0.40635775862069,0.97801724137931,1,88.2773429671747,1.08301494021673,4,0,0,0.625336,10,6,HighMobility,0,2026-08-06 16:08:59
Highway,88,ETU,5,9,1.35995922636679,64QAM,MPA,10,0.38703753591954,0.975808189655172,1,85.4627819141749,1.36445948984019,4,0,0,0.7496392,10,6,HighMobility,0,2026-08-06 16:09:00
Highway,88,ETU,5,9,1.35522631135659,64QAM,MPA,15,0.403506645114943,0.978259698275862,1,87.0495414218062,1.20467024819978,4,0,0,0.7410964,10,6,HighMobility,0,2026-08-06 16:09:00
Highway,88,ETU,5,9,1.20367675617437,64QAM,MPA,20,0.418705100574713,0.978825431034483,1,89.5353247502799,0.960111736725249,4,0,0,0.8550014,10,6,HighMobility,0,2026-08-06 16:09:01
Highway,88,ETU,5,9,1.38990661545528,64QAM,MPA,25,0.418574892241379,0.980441810344828,1,89.5180219225631,0.961790459354398,4,0,0,0.852447,10,6,HighMobility,0,2026-08-06 16:09:02
Highway,88,ETU,5,9,1.387091274096,64QAM,MPA,30,0.419019396551724,0.980118534482759,1,89.5020700486175,0.963338399760999,4,0,0,0.6898984,10,6,HighMobility,0,2026-08-06 16:09:03
Highway,107,ETU,5,9,1.5404472987636,QPSK,MRC,0,0.246255387931034,0.428151939655172,1,98.5874279294022,0.123569272982246,3,0,0,0.7068399,3.9,7,HighMobility,0,2026-08-06 16:09:04
Highway,107,ETU,5,9,1.68576519729407,QPSK,MRC,5,0.0959994612068965,0.178313577586207,1,56.8603073726384,4.90381593903186,6,0,0,0.6040525,2.9,7,HighMobility,0,2026-08-06 16:09:04
Highway,107,ETU,5,9,1.69054625628559,QPSK,MRC,10,0.0330684267241379,0.0644127155172414,1,31.9005014911262,9.92404979144767,8,0,0,0.5792756,2.8,7,HighMobility,0,2026-08-06 16:09:05
Highway,107,ETU,5,9,1.63547695663001,QPSK,MRC,15,0.000848599137931034,0.00169719827586207,0.6,3.73508169828154,28.5539978864774,15,696000,0.725,0.6000154,2.2,7,HighMobility,0,2026-08-06 16:09:05
Highway,107,ETU,5,9,1.60483181966146,QPSK,MRC,20,0,0,0,0,160,15,1740000,1.8125,0.6124805,2,7,HighMobility,0,2026-08-06 16:09:06
Highway,107,ETU,5,9,1.66474928280753,QPSK,MRC,25,0,0,0,0,160,15,1740000,1.8125,0.653811,2,7,HighMobility,0,2026-08-06 16:09:07
Highway,107,ETU,5,9,1.68887978401923,QPSK,MRC,30,0,0,0,0,160,15,1740000,1.8125,0.5212864,2,7,HighMobility,0,2026-08-06 16:09:07
Highway,107,ETU,5,9,1.65898918767204,QPSK,LMMSE,0,0.21942349137931,0.38917025862069,1,93.1272339610539,0.618465922924728,4,0,0,0.1543861,1,7,HighMobility,0,2026-08-06 16:09:07
Highway,107,ETU,5,9,1.65814656979011,QPSK,LMMSE,5,0.0887122844827586,0.168238146551724,1,57.4231612462156,4.81825805009709,6,0,0,0.1462641,1,7,HighMobility,0,2026-08-06 16:09:07
Highway,107,ETU,5,9,1.68141820972558,QPSK,LMMSE,10,0.0180765086206897,0.0357489224137931,0.9,23.9867278822855,12.400579833965,10,174000,0.18125,0.1636604,1,7,HighMobility,0,2026-08-06 16:09:08
Highway,107,ETU,5,9,1.58396565467534,QPSK,LMMSE,15,0.0021551724137931,0.00428340517241379,0.8,6.78056827571338,23.3746781324989,15,348000,0.3625,0.1831101,1,7,HighMobility,0,2026-08-06 16:09:08
Highway,107,ETU,5,9,1.21773814871597,QPSK,LMMSE,20,0.000363685344827586,0.000727370689655172,0.3,1.74736581898764,35.1523232794354,15,1218000,1.26875,0.1592297,1,7,HighMobility,0,2026-08-06 16:09:08
Highway,107,ETU,5,9,1.56850058836266,QPSK,LMMSE,25,0,0,0,0,160,15,1740000,1.8125,0.1568876,1,7,HighMobility,0,2026-08-06 16:09:08
Highway,107,ETU,5,9,1.68822388743143,QPSK,LMMSE,30,0,0,0,0,160,15,1740000,1.8125,0.1609788,1,7,HighMobility,0,2026-08-06 16:09:08
Highway,107,ETU,5,9,1.68923686455366,QPSK,MPA,0,0.272804418103448,0.470366379310345,1,104.337016158174,-0.368768251221567,3,0,0,0.2771284,10,7,HighMobility,0,2026-08-06 16:09:09
Highway,107,ETU,5,9,1.68980721888044,QPSK,MPA,5,0.219463900862069,0.391325431034483,1,93.5122414592596,0.582630659509356,4,0,0,0.2024491,10,7,HighMobility,0,2026-08-06 16:09:09
Highway,107,ETU,5,9,1.67804418215639,QPSK,MPA,10,0.166002155172414,0.304067887931035,1,81.2032788665919,1.80852868490112,4,0,0,0.2088559,10,7,HighMobility,0,2026-08-06 16:09:09
Highway,107,ETU,5,9,1.6507811760717,QPSK,MPA,15,0.124824892241379,0.233028017241379,1,70.4797941388523,3.03870746209357,5,0,0,0.2158754,10,7,HighMobility,0,2026-08-06 16:09:09
Highway,107,ETU,5,9,1.69174361585297,QPSK,MPA,20,0.11434536637931,0.215220905172414,1,67.3529631275648,3.43286586321699,5,0,0,0.2171552,10,7,HighMobility,0,2026-08-06 16:09:09
Highway,107,ETU,5,9,1.68791334508208,QPSK,MPA,25,0.130630387931034,0.24375,1,72.1887722091794,2.83060689259115,5,0,0,0.2064384,10,7,HighMobility,0,2026-08-06 16:09:10
Highway,107,ETU,5,9,1.6897802552058,QPSK,MPA,30,0.123168103448276,0.232246767241379,1,70.0299080982913,3.09432887170678,5,0,0,0.2107805,10,7,HighMobility,0,2026-08-06 16:09:10
Highway,107,ETU,5,9,1.68801261765259,16QAM,MRC,0,0.350747575431034,0.802693965517241,1,99.5614948856913,0.0381718242875943,3,0,0,0.8425866,4,7,HighMobility,0,2026-08-06 16:09:11
Highway,107,ETU,5,9,1.69120918565781,16QAM,MRC,5,0.254074622844828,0.694935344827586,1,71.5916488352802,2.90275270364287,5,0,0,0.7405718,3.3,7,HighMobility,0,2026-08-06 16:09:11
Highway,107,ETU,5,9,1.65853202094706,16QAM,MRC,10,0.125471443965517,0.421147629310345,1,44.5224328504727,7.02842224853105,7,0,0,0.899195,4.6,7,HighMobility,0,2026-08-06 16:09:12
Highway,107,ETU,5,9,1.68901210999931,16QAM,MRC,15,0.0655711206896552,0.23213900862069,1,28.8883247396303,10.7855528511948,9,0,0,0.8797284,5.6,7,HighMobility,0,2026-08-06 16:09:13
Highway,107,ETU,5,9,1.63894847460794,16QAM,MRC,20,0.00743534482758621,0.0275053879310345,0.7,5.77233161500756,24.7729745410686,15,1044000,1.0875,0.8211919,5.5,7,HighMobility,0,2026-08-06 16:09:14
Highway,107,ETU,5,9,1.66592688853212,16QAM,MRC,25,4.04094827586207e-05,0.000161637931034483,0.1,0.25496159930094,51.8705045064227,15,3132000,3.2625,0.5606015,2.7,7,HighMobility,0,2026-08-06 16:09:15
Highway,107,ETU,5,9,1.68668496694169,16QAM,MRC,30,0,0,0,0,160,15,3480000,3.625,0.5511034,2,7,HighMobility,0,2026-08-06 16:09:15
Highway,107,ETU,5,9,1.66885205291308,16QAM,LMMSE,0,0.38465786637931,0.900835129310345,1,86.6838528810155,1.24123587233806,4,0,0,0.1748667,1,7,HighMobility,0,2026-08-06 16:09:15
Highway,107,ETU,5,9,1.67543642634442,16QAM,LMMSE,5,0.341729525862069,0.877262931034483,1,77.1371019433691,2.25473363391234,4,0,0,0.1547767,1,7,HighMobility,0,2026-08-06 16:09:15
Highway,107,ETU,5,9,1.69159408563023,16QAM,LMMSE,10,0.269571659482759,0.771120689655172,1,66.2248527117034,3.57957997856573,5,0,0,0.1491872,1,7,HighMobility,0,2026-08-06 16:09:16
Highway,107,ETU,5,9,1.68322627042594,16QAM,LMMSE,15,0.172582165948276,0.565032327586207,1,52.3063690768977,5.62890852225661,6,0,0,0.1501994,1,7,HighMobility,0,2026-08-06 16:09:16
Highway,107,ETU,5,9,1.64586228781958,16QAM,LMMSE,20,0.091924838362069,0.321686422413793,1,36.9929668209924,8.63761674091739,8,0,0,0.1461924,1,7,HighMobility,0,2026-08-06 16:09:16
Highway,107,ETU,5,9,1.61807550112076,16QAM,LMMSE,25,0.0128367456896552,0.0494073275862069,0.8,10.1625299511325,19.8599632287597,13,696000,0.725,0.1511071,1,7,HighMobility,0,2026-08-06 16:09:16
Highway,107,ETU,5,9,1.69184281282596,16QAM,LMMSE,30,0.00399380387931034,0.015625,0.5,4.73746721132057,26.4890756565379,15,1740000,1.8125,0.149235,1,7,HighMobility,0,2026-08-06 16:09:16
Highway,107,ETU,5,9,1.6897067305938,16QAM,MPA,0,0.385142780172414,0.902020474137931,1,86.4979337987183,1.25988533059563,4,0,0,0.2785477,10,7,HighMobility,0,2026-08-06 16:09:16
Highway,107,ETU,5,9,1.65066687170684,16QAM,MPA,5,0.350276131465517,0.885802801724138,1,78.9295086383227,2.05521201619202,4,0,0,0.3023461,10,7,HighMobility,0,2026-08-06 16:09:17
Highway,107,ETU,5,9,1.69183833524038,16QAM,MPA,10,0.332839439655172,0.873302801724138,1,75.7773896544991,2.40920718369414,5,0,0,0.3176832,10,7,HighMobility,0,2026-08-06 16:09:17
Highway,107,ETU,5,9,1.6865593061634,16QAM,MPA,15,0.323013200431034,0.863577586206897,1,73.7115517831233,2.64928891784378,5,0,0,0.3260746,10,7,HighMobility,0,2026-08-06 16:09:17
Highway,107,ETU,5,9,1.69171959627982,16QAM,MPA,20,0.331256734913793,0.868723060344828,1,75.658655042377,2.42282766553527,5,0,0,0.3120083,10,7,HighMobility,0,2026-08-06 16:09:18
Highway,107,ETU,5,9,1.66692194723179,16QAM,MPA,25,0.325646551724138,0.863415948275862,1,74.6402464724177,2.5405387031748,5,0,0,0.3248927,10,7,HighMobility,0,2026-08-06 16:09:18
Highway,107,ETU,5,9,1.28184431668805,16QAM,MPA,30,0.326710668103448,0.867941810344828,1,74.604667474382,2.54468002026298,5,0,0,0.3244254,10,7,HighMobility,0,2026-08-06 16:09:18
Highway,107,ETU,5,9,1.61484621184244,64QAM,MRC,0,0.404166666666667,0.943507543103448,1,103.725434967706,-0.317705293964037,3,0,0,1.177384,9.5,7,HighMobility,0,2026-08-06 16:09:20
Highway,107,ETU,5,9,1.69051826321677,64QAM,MRC,5,0.340759698275862,0.908755387931034,1,74.9167484445759,2.50842160490629,5,0,0,1.0215314,9.3,7,HighMobility,0,2026-08-06 16:09:21
Highway,107,ETU,5,9,1.66621480209257,64QAM,MRC,10,0.24417654454023,0.812742456896552,1,48.0220736608618,6.3711818085181,7,0,0,0.9987333,9,7,HighMobility,0,2026-08-06 16:09:22
Highway,107,ETU,5,9,1.69055892335006,64QAM,MRC,15,0.126980064655172,0.560237068965517,1,27.885550689621,11.0924154910101,9,0,0,1.0546208,9.1,7,HighMobility,0,2026-08-06 16:09:23
Highway,107,ETU,5,9,1.68914949236208,64QAM,MRC,20,0.0823186063218391,0.416998922413793,1,21.3934549905396,13.3943814454019,10,0,0,0.9778259,8,7,HighMobility,0,2026-08-06 16:09:24
Highway,107,ETU,5,9,1.69156475412447,64QAM,MRC,25,0.0240975215517241,0.135560344827586,0.9,10.1815379542045,19.843732309188,13,522000,0.54375,1.0343507,8.8,7,HighMobility,0,2026-08-06 16:09:25
Highway,107,ETU,5,9,1.69200579690623,64QAM,MRC,30,0.000615122126436782,0.00366379310344828,0.6,1.34485393880548,37.426497614575,15,2088000,2.175,1.4760739,12.6,7,HighMobility,0,2026-08-06 16:09:26
Highway,107,ETU,5,9,1.68801963298438,64QAM,LMMSE,0,0.42222970545977,0.978933189655172,1,90.6658186293128,0.851128256282577,4,0,0,0.1517555,1,7,HighMobility,0,2026-08-06 16:09:26
Highway,107,ETU,5,9,1.67931579124412,64QAM,LMMSE,5,0.400228987068966,0.977963362068966,1,87.2942967761091,1.18028258512673,4,0,0,0.1505001,1,7,HighMobility,0,2026-08-06 16:09:26
Highway,107,ETU,5,9,1.68717699918966,64QAM,LMMSE,10,0.393570402298851,0.974973060344828,1,83.9285599532491,1.5218045690075,4,0,0,0.1547153,1,7,HighMobility,0,2026-08-06 16:09:27
Highway,107,ETU,5,9,1.62964702598803,64QAM,LMMSE,15,0.361745689655172,0.950431034482759,1,63.950230362398,3.88315773521925,5,0,0,0.156311,1,7,HighMobility,0,2026-08-06 16:09:27
Highway,107,ETU,5,9,1.69047651736935,64QAM,LMMSE,20,0.295105962643678,0.907246767241379,1,50.4070546245136,5.95017356867083,7,0,0,0.1661834,1,7,HighMobility,0,2026-08-06 16:09:27
Highway,107,ETU,5,9,1.68995104957476,64QAM,LMMSE,25,0.176818426724138,0.677774784482759,1,32.8498418085195,9.66933434969587,8,0,0,0.1682482,1,7,HighMobility,0,2026-08-06 16:09:27
Highway,107,ETU,5,9,1.69193233051099,64QAM,LMMSE,30,0.0938263290229885,0.439143318965517,1,22.5734487677612,12.9280416882836,10,0,0,0.167683,1,7,HighMobility,0,2026-08-06 16:09:27
Highway,107,ETU,5,9,1.69114229301719,64QAM,MPA,0,0.42042025862069,0.979391163793103,1,90.1322927678557,0.902391625877082,4,0,0,0.6268822,10,7,HighMobility,0,2026-08-06 16:09:28
Highway,107,ETU,5,9,1.68427013946928,64QAM,MPA,5,0.405037715517241,0.978636853448276,1,88.0627839178929,1.10415178723503,4,0,0,0.6891421,10,7,HighMobility,0,2026-08-06 16:09:29
Highway,107,ETU,5,9,1.69146920233954,64QAM,MPA,10,0.388734734195402,0.977155172413793,1,85.6752325934068,1.34289415724501,4,0,0,0.7011674,10,7,HighMobility,0,2026-08-06 16:09:29
Highway,107,ETU,5,9,1.6744871129996,64QAM,MPA,15,0.400008979885057,0.977155172413793,1,86.6363363886263,1.24599842217094,4,0,0,0.6740367,10,7,HighMobility,0,2026-08-06 16:09:30
Highway,107,ETU,5,9,1.67260707717242,64QAM,MPA,20,0.422310524425287,0.980334051724138,1,89.9258783859921,0.922306226969398,4,0,0,0.7911289,10,7,HighMobility,0,2026-08-06 16:09:31
Highway,107,ETU,5,9,1.68938513342994,64QAM,MPA,25,0.427505387931034,0.978960129310345,1,91.1100925111315,0.808670247780678,4,0,0,0.9156537,10,7,HighMobility,0,2026-08-06 16:09:32
Highway,107,ETU,5,9,1.65416451185602,64QAM,MPA,30,0.420231681034483,0.980495689655172,1,89.6399279883396,0.949970020490381,4,0,0,0.7090767,10,7,HighMobility,0,2026-08-06 16:09:32
Highway,83,ETU,5,9,1.29311784222676,QPSK,MRC,0,0.245070043103448,0.425862068965517,1,98.2457999123925,0.153720139938499,3,0,0,0.7925748,4.1,8,HighMobility,0,2026-08-06 16:09:33
Highway,83,ETU,5,9,1.30705109812491,QPSK,MRC,5,0.109226831896552,0.204445043103448,1,64.6737076359525,3.78544481919622,5,0,0,0.7005175,3.4,8,HighMobility,0,2026-08-06 16:09:34
Highway,83,ETU,5,9,1.31251236980661,QPSK,MRC,10,0.0167699353448276,0.0326778017241379,0.8,19.0095931659709,14.42054355187,11,348000,0.3625,0.5760843,2.4,8,HighMobility,0,2026-08-06 16:09:34
Highway,83,ETU,5,9,1.24410628057657,QPSK,MRC,15,0.000390625,0.00078125,0.4,2.34236666195365,32.6069024346386,15,1044000,1.0875,0.6132565,2.4,8,HighMobility,0,2026-08-06 16:09:35
Highway,83,ETU,5,9,1.31089472795591,QPSK,MRC,20,0.000188577586206897,0.000377155172413793,0.1,0.868510417224564,41.224499362046,15,1566000,1.63125,0.5501045,2,8,HighMobility,0,2026-08-06 16:09:36
Highway,83,ETU,5,9,1.31232764951315,QPSK,MRC,25,0,0,0,0,160,15,1740000,1.8125,0.559114,2,8,HighMobility,0,2026-08-06 16:09:36
Highway,83,ETU,5,9,1.30706637357048,QPSK,MRC,30,0,0,0,0,160,15,1740000,1.8125,0.5269772,2,8,HighMobility,0,2026-08-06 16:09:37
Highway,83,ETU,5,9,1.16286388440853,QPSK,LMMSE,0,0.213739224137931,0.377855603448276,1,91.4576073011133,0.775603294951059,4,0,0,0.1509051,1,8,HighMobility,0,2026-08-06 16:09:37
Highway,83,ETU,5,9,1.27837437038584,QPSK,LMMSE,5,0.0866648706896552,0.16338900862069,1,55.9841790134262,5.03869372342412,6,0,0,0.1537945,1,8,HighMobility,0,2026-08-06 16:09:37
Highway,83,ETU,5,9,1.06999618411306,QPSK,LMMSE,10,0.0161907327586207,0.0320043103448276,1,24.1817923775947,12.330230239191,10,0,0,0.1504037,1,8,HighMobility,0,2026-08-06 16:09:37
Highway,83,ETU,5,9,1.30498623281876,QPSK,LMMSE,15,0.000794719827586207,0.00158943965517241,0.5,3.38441637889778,29.41032423693,15,870000,0.90625,0.1698067,1,8,HighMobility,0,2026-08-06 16:09:37
Highway,83,ETU,5,9,1.30800328000774,QPSK,LMMSE,20,0,0,0,0,160,15,1740000,1.8125,0.1627393,1,8,HighMobility,0,2026-08-06 16:09:38
Highway,83,ETU,5,9,1.28208899716103,QPSK,LMMSE,25,0,0,0,0,160,15,1740000,1.8125,0.1615237,1,8,HighMobility,0,2026-08-06 16:09:38
Highway,83,ETU,5,9,1.30519931678151,QPSK,LMMSE,30,0,0,0,0,160,15,1740000,1.8125,0.1572972,1,8,HighMobility,0,2026-08-06 16:09:38
Highway,83,ETU,5,9,1.30496931642984,QPSK,MPA,0,0.273747306034483,0.470070043103448,1,104.533277763285,-0.385091368423916,3,0,0,0.2109165,10,8,HighMobility,0,2026-08-06 16:09:38
Highway,83,ETU,5,9,1.26521254394892,QPSK,MPA,5,0.214668642241379,0.38192349137931,1,92.4793249825092,0.67910697757156,4,0,0,0.193808,10,8,HighMobility,0,2026-08-06 16:09:38
Highway,83,ETU,5,9,1.26478039262876,QPSK,MPA,10,0.148774245689655,0.274568965517241,1,76.9044325787723,2.28097255663121,4,0,0,0.2215053,10,8,HighMobility,0,2026-08-06 16:09:38
Highway,83,ETU,5,9,1.19157792865949,QPSK,MPA,15,0.134819504310345,0.251508620689655,1,73.239748567345,2.7050631060857,5,0,0,0.2071977,10,8,HighMobility,0,2026-08-06 16:09:39
Highway,83,ETU,5,9,1.24371475612663,QPSK,MPA,20,0.104727909482759,0.197844827586207,1,64.4056475697628,3.82152097552267,5,0,0,0.1900773,10,8,HighMobility,0,2026-08-06 16:09:39
Highway,83,ETU,5,9,1.311586945363,QPSK,MPA,25,0.120191271551724,0.225161637931034,1,69.3010384471897,3.1852051523511,5,0,0,0.2385312,10,8,HighMobility,0,2026-08-06 16:09:39
Highway,83,ETU,5,9,1.31120256588027,QPSK,MPA,30,0.124515086206897,0.233028017241379,1,70.3467530898086,3.0551188594593,5,0,0,0.2566416,10,8,HighMobility,0,2026-08-06 16:09:39
Highway,83,ETU,5,9,1.24338030008743,16QAM,MRC,0,0.361887122844828,0.815651939655172,1,103.036484440664,-0.259820646652709,3,0,0,0.8222129,3.2,8,HighMobility,0,2026-08-06 16:09:40
Highway,83,ETU,5,9,1.31220223703715,16QAM,MRC,5,0.228481950431034,0.653744612068966,1,66.2330103729579,3.57851010556913,5,0,0,0.8227108,3.6,8,HighMobility,0,2026-08-06 16:09:41
Highway,83,ETU,5,9,1.30293050826854,16QAM,MRC,10,0.14921875,0.487149784482759,1,49.7089911549878,6.07130101574259,7,0,0,0.8544875,4.5,8,HighMobility,0,2026-08-06 16:09:42
Highway,83,ETU,5,9,1.27314493073806,16QAM,MRC,15,0.0653151939655172,0.22823275862069,1,27.9534752503996,11.0712838355162,9,0,0,0.9682766,5.6,8,HighMobility,0,2026-08-06 16:09:43
Highway,83,ETU,5,9,1.31232232877461,16QAM,MRC,20,0.0101629849137931,0.0376885775862069,1,7.89568779822824,22.0522006469591,14,0,0,0.7724604,4.6,8,HighMobility,0,2026-08-06 16:09:44
Highway,83,ETU,5,9,1.25053367341,16QAM,MRC,25,0.000154903017241379,0.000619612068965517,0.2,0.691577989451216,43.2031767455561,15,2784000,2.9,0.6043988,3.2,8,HighMobility,0,2026-08-06 16:09:44
Highway,83,ETU,5,9,1.31229738196448,16QAM,MRC,30,0,0,0,0,160,15,3480000,3.625,0.5099609,2,8,HighMobility,0,2026-08-06 16:09:45
Highway,83,ETU,5,9,1.30359133048749,16QAM,LMMSE,0,0.372056842672414,0.895797413793103,1,83.8897044924781,1.52582670868626,4,0,0,0.1639345,1,8,HighMobility,0,2026-08-06 16:09:45
Highway,83,ETU,5,9,1.28638776090374,16QAM,LMMSE,5,0.342113415948276,0.874191810344828,1,77.507289317184,2.21314903081247,4,0,0,0.1702723,1,8,HighMobility,0,2026-08-06 16:09:45
Highway,83,ETU,5,9,1.31139822682139,16QAM,LMMSE,10,0.278111530172414,0.787338362068966,1,67.240108234625,3.44743192319311,5,0,0,0.1547033,1,8,HighMobility,0,2026-08-06 16:09:45
Highway,83,ETU,5,9,1.30793193715522,16QAM,LMMSE,15,0.163557381465517,0.539008620689655,1,50.5446524630112,5.92649570498283,7,0,0,0.1492522,1,8,HighMobility,0,2026-08-06 16:09:45
Highway,83,ETU,5,9,1.27499227418809,16QAM,LMMSE,20,0.0734105603448276,0.262823275862069,1,31.7681757149059,9.9601544756935,8,0,0,0.1568955,1,8,HighMobility,0,2026-08-06 16:09:46
Highway,83,ETU,5,9,1.31251287955517,16QAM,LMMSE,25,0.0162176724137931,0.0623922413793103,0.8,12.6087591110641,17.9865530468652,12,696000,0.725,0.2496286,1,8,HighMobility,0,2026-08-06 16:09:46
Highway,83,ETU,5,9,1.31227563349985,16QAM,LMMSE,30,0.000579202586206897,0.00231681034482759,0.2,1.10039786724285,39.1690052003537,15,2784000,2.9,0.1574273,1,8,HighMobility,0,2026-08-06 16:09:46
Highway,83,ETU,5,9,1.30728824441907,16QAM,MPA,0,0.380387931034483,0.901643318965517,1,85.1438903488426,1.39693020311299,4,0,0,0.2955786,10,8,HighMobility,0,2026-08-06 16:09:46
Highway,83,ETU,5,9,1.17920907042536,16QAM,MPA,5,0.343595096982759,0.878933189655172,1,77.6258844899153,2.19986876641327,4,0,0,0.339326,10,8,HighMobility,0,2026-08-06 16:09:47
Highway,83,ETU,5,9,1.30952617532068,16QAM,MPA,10,0.337318157327586,0.872979525862069,1,76.744162115488,2.29909302254225,4,0,0,0.3272394,10,8,HighMobility,0,2026-08-06 16:09:47
Highway,83,ETU,5,9,1.30268930186779,16QAM,MPA,15,0.326192079741379,0.867672413793103,1,74.1293544255245,2.60019564053109,5,0,0,0.3054462,10,8,HighMobility,0,2026-08-06 16:09:47
Highway,83,ETU,5,9,1.29034580870068,16QAM,MPA,20,0.326528825431035,0.865086206896552,1,74.3282511543019,2.57692170906182,5,0,0,0.3083436,10,8,HighMobility,0,2026-08-06 16:09:48
Highway,83,ETU,5,9,1.29448327451188,16QAM,MPA,25,0.325336745689655,0.863604525862069,1,74.392873508954,2.56937331703269,5,0,0,0.3741893,10,8,HighMobility,0,2026-08-06 16:09:48
Highway,83,ETU,5,9,1.31247523187938,16QAM,MPA,30,0.332354525862069,0.872225215517241,1,75.6825948309322,2.42007972519175,5,0,0,0.3296693,10,8,HighMobility,0,2026-08-06 16:09:48
Highway,83,ETU,5,9,1.30197054765477,64QAM,MRC,0,0.404238505747126,0.94765625,1,103.480529359265,-0.297172834059789,3,0,0,1.4321265,8.6,8,HighMobility,0,2026-08-06 16:09:50
Highway,83,ETU,5,9,1.29321449594721,64QAM,MRC,5,0.34311242816092,0.910425646551724,1,76.9827420482997,2.27213247661425,4,0,0,1.0450531,8.6,8,HighMobility,0,2026-08-06 16:09:51
Highway,83,ETU,5,9,1.31215000205202,64QAM,MRC,10,0.26743444683908,0.850026939655172,1,52.68444219244,5.56635227544693,6,0,0,1.1154503,10.2,8,HighMobility,0,2026-08-06 16:09:52
Highway,83,ETU,5,9,1.00700257145836,64QAM,MRC,15,0.143651221264368,0.615436422413793,1,30.323056854976,10.3645403956746,9,0,0,0.9563322,8.4,8,HighMobility,0,2026-08-06 16:09:53
Highway,83,ETU,5,9,1.3010304698821,64QAM,MRC,20,0.070770474137931,0.358782327586207,1,19.5175360274589,14.1915002059496,11,0,0,1.3690997,11.4,8,HighMobility,0,2026-08-06 16:09:54
Highway,83,ETU,5,9,1.25540061591004,64QAM,MRC,25,0.0237113864942529,0.129983836206897,0.8,9.05727287010557,20.8600509598274,13,1044000,1.0875,1.37429,13.7,8,HighMobility,0,2026-08-06 16:09:56
Highway,83,ETU,5,9,1.31250523019357,64QAM,MRC,30,0.000350215517241379,0.00207435344827586,0.6,0.998377229249102,40.0141066566833,15,2088000,2.175,1.1920221,11.5,8,HighMobility,0,2026-08-06 16:09:57
Highway,83,ETU,5,9,1.3116784830278,64QAM,LMMSE,0,0.42862338362069,0.97979525862069,1,91.511828391719,0.770455348562538,4,0,0,0.1455392,1,8,HighMobility,0,2026-08-06 16:09:57
Highway,83,ETU,5,9,1.31195867157931,64QAM,LMMSE,5,0.403933189655172,0.979094827586207,1,87.806374561217,1.12947908136149,4,0,0,0.1470946,1,8,HighMobility,0,2026-08-06 16:09:57
Highway,83,ETU,5,9,1.19910021528764,64QAM,LMMSE,10,0.38959680316092,0.974865301724138,1,83.922370475941,1.52244515070344,4,0,0,0.1497324,1,8,HighMobility,0,2026-08-06 16:09:57
Highway,83,ETU,5,9,1.30649577328337,64QAM,LMMSE,15,0.39034213362069,0.969692887931034,1,76.260822448475,2.35397030621201,4,0,0,0.1573982,1,8,HighMobility,0,2026-08-06 16:09:57
Highway,83,ETU,5,9,1.02454828111491,64QAM,LMMSE,20,0.31299838362069,0.921363146551724,1,53.6061239071657,5.41571188257362,6,0,0,0.1529052,1,8,HighMobility,0,2026-08-06 16:09:57
Highway,83,ETU,5,9,1.20116045662864,64QAM,LMMSE,25,0.159146012931034,0.682866379310345,1,31.3349639403262,10.0794160148292,8,0,0,0.1536822,1,8,HighMobility,0,2026-08-06 16:09:58
Highway,83,ETU,5,9,1.29747491704609,64QAM,LMMSE,30,0.0931842672413793,0.429903017241379,1,21.3334512260425,13.4187776147047,10,0,0,0.1578547,1,8,HighMobility,0,2026-08-06 16:09:58
Highway,83,ETU,5,9,1.29326943654716,64QAM,MPA,0,0.424438757183908,0.979849137931034,1,90.8239209840904,0.835995059712667,4,0,0,0.6244909,10,8,HighMobility,0,2026-08-06 16:09:58
Highway,83,ETU,5,9,1.29656840517095,64QAM,MPA,5,0.398908943965517,0.978690732758621,1,87.2659558915952,1.18310299577044,4,0,0,0.6535,10,8,HighMobility,0,2026-08-06 16:09:59
Highway,83,ETU,5,9,1.29373910323294,64QAM,MPA,10,0.396358656609195,0.976885775862069,1,86.6965410682017,1.23996458449181,4,0,0,0.7436522,10,8,HighMobility,0,2026-08-06 16:10:00
Highway,83,ETU,5,9,1.30376084526973,64QAM,MPA,15,0.405230783045977,0.978313577586207,1,87.2184751515664,1.18783020811297,4,0,0,0.7131664,10,8,HighMobility,0,2026-08-06 16:10:01
Highway,83,ETU,5,9,1.31173458549467,64QAM,MPA,20,0.41200161637931,0.979121767241379,1,88.6210220441206,1.04926491331397,4,0,0,0.8768283,10,8,HighMobility,0,2026-08-06 16:10:01
Highway,83,ETU,5,9,1.3050579508797,64QAM,MPA,25,0.418202227011494,0.979121767241379,1,89.4353283638034,0.969817882983406,4,0,0,0.8334812,10,8,HighMobility,0,2026-08-06 16:10:02
Highway,83,ETU,5,9,1.26907862319479,64QAM,MPA,30,0.42073904454023,0.980199353448276,1,89.701880031513,0.943969092572871,4,0,0,0.846151,10,8,HighMobility,0,2026-08-06 16:10:03
Highway,83,ETU,5,9,1.29575402143924,QPSK,MRC,0,0.230455280172414,0.403448275862069,1,93.9811667907661,0.539183348924526,4,0,0,0.7894878,3.7,9,HighMobility,0,2026-08-06 16:10:04
Highway,83,ETU,5,9,1.30741838484136,QPSK,MRC,5,0.091338900862069,0.172144396551724,1,57.4618249313988,4.81241170713524,6,0,0,0.742673,3.3,9,HighMobility,0,2026-08-06 16:10:05
Highway,83,ETU,5,9,1.30760170330578,QPSK,MRC,10,0.0278960129310345,0.0536907327586207,0.9,27.3496069598546,11.2609782102986,9,174000,0.18125,0.6791587,3.3,9,HighMobility,0,2026-08-06 16:10:05
Highway,83,ETU,5,9,1.30220246658663,QPSK,MRC,15,0.000983297413793103,0.00193965517241379,0.3,2.61046125188589,31.6656549762213,15,1218000,1.26875,0.5484493,2.3,9,HighMobility,0,2026-08-06 16:10:06
Highway,83,ETU,5,9,1.27698695221563,QPSK,MRC,20,0,0,0,0,160,15,1740000,1.8125,0.5293817,2,9,HighMobility,0,2026-08-06 16:10:06
Highway,83,ETU,5,9,1.25770721673835,QPSK,MRC,25,0,0,0,0,160,15,1740000,1.8125,0.5659965,2,9,HighMobility,0,2026-08-06 16:10:07
Highway,83,ETU,5,9,1.24684129482806,QPSK,MRC,30,0,0,0,0,160,15,1740000,1.8125,0.525948,2,9,HighMobility,0,2026-08-06 16:10:07
Highway,83,ETU,5,9,1.291937574653,QPSK,LMMSE,0,0.207947198275862,0.366837284482759,1,89.2417379376588,0.988639612814283,4,0,0,0.1611327,1,9,HighMobility,0,2026-08-06 16:10:08
Highway,83,ETU,5,9,1.30049852526547,QPSK,LMMSE,5,0.0980064655172414,0.183135775862069,1,59.8488344833925,4.45888605548054,6,0,0,0.1751483,1,9,HighMobility,0,2026-08-06 16:10:08
Highway,83,ETU,5,9,1.26208946992642,QPSK,LMMSE,10,0.0312634698275862,0.0608566810344828,1,32.4488559574855,9.77601220846467,8,0,0,0.1613787,1,9,HighMobility,0,2026-08-06 16:10:08
Highway,83,ETU,5,9,1.309670480373,QPSK,LMMSE,15,0.00238415948275862,0.00474137931034483,0.8,7.11995317396351,22.9504572518588,15,348000,0.3625,0.1560193,1,9,HighMobility,0,2026-08-06 16:10:08
Highway,83,ETU,5,9,1.30183561437483,QPSK,LMMSE,20,1.34698275862069e-05,2.69396551724138e-05,0.1,0.232119172721315,52.6857797188284,15,1566000,1.63125,0.1497344,1,9,HighMobility,0,2026-08-06 16:10:08
Highway,83,ETU,5,9,1.30334144924598,QPSK,LMMSE,25,0,0,0,0,160,15,1740000,1.8125,0.1508358,1,9,HighMobility,0,2026-08-06 16:10:08
Highway,83,ETU,5,9,1.31054742319166,QPSK,LMMSE,30,0,0,0,0,160,15,1740000,1.8125,0.1985203,1,9,HighMobility,0,2026-08-06 16:10:09
Highway,83,ETU,5,9,1.31046374270868,QPSK,MPA,0,0.261274245689655,0.452262931034483,1,102.117473701244,-0.182001243838793,3,0,0,0.2454358,10,9,HighMobility,0,2026-08-06 16:10:09
Highway,83,ETU,5,9,1.30162843552842,QPSK,MPA,5,0.214412715517241,0.3828125,1,92.4960466849068,0.677536575407504,4,0,0,0.2854233,10,9,HighMobility,0,2026-08-06 16:10:09
Highway,83,ETU,5,9,1.30698009342286,QPSK,MPA,10,0.173073814655172,0.316325431034483,1,83.1290328709391,1.60494544163003,4,0,0,0.3388767,10,9,HighMobility,0,2026-08-06 16:10:10
Highway,83,ETU,5,9,1.30263005911013,QPSK,MPA,15,0.133364762931034,0.2484375,1,72.7896889838583,2.75860272543286,5,0,0,0.2924113,10,9,HighMobility,0,2026-08-06 16:10:10
Highway,83,ETU,5,9,1.27731391357601,QPSK,MPA,20,0.119450431034483,0.224488146551724,1,69.0061997451444,3.22223778115356,5,0,0,0.2637854,10,9,HighMobility,0,2026-08-06 16:10:10
Highway,83,ETU,5,9,1.23814245115279,QPSK,MPA,25,0.114884159482759,0.216190732758621,1,67.7203627205961,3.38561448818718,5,0,0,0.2440905,10,9,HighMobility,0,2026-08-06 16:10:10
Highway,83,ETU,5,9,1.30918946029256,QPSK,MPA,30,0.121524784482759,0.228421336206897,1,69.6287054319299,3.14423358693671,5,0,0,0.2212237,10,9,HighMobility,0,2026-08-06 16:10:11
Highway,83,ETU,5,9,1.08762069660203,16QAM,MRC,0,0.360674838362069,0.816621767241379,1,101.635191597292,-0.140882204276494,3,0,0,0.643435,3.6,9,HighMobility,0,2026-08-06 16:10:11
Highway,83,ETU,5,9,1.30553128959657,16QAM,MRC,5,0.270157596982759,0.713604525862069,1,76.5076388522977,2.32590401698565,4,0,0,0.6232798,4,9,HighMobility,0,2026-08-06 16:10:12
Highway,83,ETU,5,9,1.30141746367621,16QAM,MRC,10,0.150902478448276,0.492241379310345,1,50.1080509390471,6.00184979503236,7,0,0,0.6822131,4.7,9,HighMobility,0,2026-08-06 16:10:12
Highway,83,ETU,5,9,1.30302224982035,16QAM,MRC,15,0.0437095905172414,0.16161099137931,1,24.5054692096855,12.2147395514772,10,0,0,0.7554222,5.9,9,HighMobility,0,2026-08-06 16:10:13
Highway,83,ETU,5,9,1.29578697054308,16QAM,MRC,20,0.00828394396551724,0.0305765086206897,0.9,7.18361846270172,22.873134840689,15,348000,0.3625,0.7153647,5.2,9,HighMobility,0,2026-08-06 16:10:14
Highway,83,ETU,5,9,1.28550679239672,16QAM,MRC,25,0.00142780172413793,0.00571120689655172,0.2,2.01300094776392,33.9231204127233,15,2784000,2.9,0.6097096,3.2,9,HighMobility,0,2026-08-06 16:10:15
Highway,83,ETU,5,9,1.31208219926077,16QAM,MRC,30,0,0,0,0,160,15,3480000,3.625,0.4780184,2.1,9,HighMobility,0,2026-08-06 16:10:15
Highway,83,ETU,5,9,1.31077055767627,16QAM,LMMSE,0,0.383108836206897,0.8984375,1,86.1887802029815,1.29098531298972,4,0,0,0.1360378,1,9,HighMobility,0,2026-08-06 16:10:15
Highway,83,ETU,5,9,1.28347376216206,16QAM,LMMSE,5,0.343574892241379,0.879445043103448,1,77.5702814897907,2.20609265139449,4,0,0,0.1421494,1,9,HighMobility,0,2026-08-06 16:10:15
Highway,83,ETU,5,9,1.28541700954631,16QAM,LMMSE,10,0.29989224137931,0.829175646551724,1,70.5332245879401,3.03212521868811,5,0,0,0.1465451,1,9,HighMobility,0,2026-08-06 16:10:15
Highway,83,ETU,5,9,1.27140334953162,16QAM,LMMSE,15,0.141581357758621,0.468992456896552,1,45.8967581376509,6.76435978496353,7,0,0,0.1563407,1,9,HighMobility,0,2026-08-06 16:10:16
Highway,83,ETU,5,9,1.18845147094456,16QAM,LMMSE,20,0.042450161637931,0.159348060344828,1,24.2460590957933,12.3071768130166,10,0,0,0.139618,1,9,HighMobility,0,2026-08-06 16:10:16
Highway,83,ETU,5,9,1.30675196500329,16QAM,LMMSE,25,0.0277680495689655,0.10067349137931,0.8,15.1048828699503,16.4176527618445,12,696000,0.725,0.1411937,1,9,HighMobility,0,2026-08-06 16:10:16
Highway,83,ETU,5,9,1.27621829655544,16QAM,LMMSE,30,0.00021551724137931,0.000862068965517241,0.3,0.957188700849206,40.3800487333033,15,2436000,2.5375,0.1397953,1,9,HighMobility,0,2026-08-06 16:10:16
Highway,83,ETU,5,9,1.31183754529258,16QAM,MPA,0,0.378246228448276,0.899973060344828,1,84.5437904529015,1.45836569652843,4,0,0,0.294783,10,9,HighMobility,0,2026-08-06 16:10:16
Highway,83,ETU,5,9,1.31045174407888,16QAM,MPA,5,0.340456627155172,0.875996767241379,1,77.0185447629398,2.26809382940358,4,0,0,0.2955032,10,9,HighMobility,0,2026-08-06 16:10:17
Highway,83,ETU,5,9,1.29768627082196,16QAM,MPA,10,0.338456357758621,0.873141163793103,1,76.6202798750951,2.31312531957581,4,0,0,0.2984912,10,9,HighMobility,0,2026-08-06 16:10:17
Highway,83,ETU,5,9,1.2984858274783,16QAM,MPA,15,0.325161637931034,0.863846982758621,1,74.1687466595331,2.59558119701847,5,0,0,0.2949602,10,9,HighMobility,0,2026-08-06 16:10:17
Highway,83,ETU,5,9,1.28329317883789,16QAM,MPA,20,0.328327047413793,0.86953125,1,74.5653205910066,2.54926221134523,5,0,0,0.3002416,10,9,HighMobility,0,2026-08-06 16:10:18
Highway,83,ETU,5,9,1.30206438112716,16QAM,MPA,25,0.327976831896552,0.865490301724138,1,74.619287506969,2.54297804164999,5,0,0,0.3072806,10,9,HighMobility,0,2026-08-06 16:10:18
Highway,83,ETU,5,9,1.27351927378282,16QAM,MPA,30,0.334994612068966,0.871363146551724,1,75.8604375367578,2.39969313531378,4,0,0,0.3022998,10,9,HighMobility,0,2026-08-06 16:10:18
Highway,83,ETU,5,9,1.09490090694034,64QAM,MRC,0,0.408158225574713,0.944396551724138,1,106.715653092882,-0.564562531557571,3,0,0,1.0805276,9.8,9,HighMobility,0,2026-08-06 16:10:19
Highway,83,ETU,5,9,1.30281060101489,64QAM,MRC,5,0.333943965517241,0.893130387931034,1,77.4706499665362,2.21725600711552,4,0,0,1.0056743,9.3,9,HighMobility,0,2026-08-06 16:10:20
Highway,83,ETU,5,9,1.28846880168564,64QAM,MRC,10,0.294297772988506,0.873410560344828,1,59.6469637314512,4.48823317507401,6,0,0,1.0777038,10.8,9,HighMobility,0,2026-08-06 16:10:21
Highway,83,ETU,5,9,1.29758664653922,64QAM,MRC,15,0.126495150862069,0.573841594827586,1,27.8983973922956,11.0884148762292,9,0,0,1.0920337,9.2,9,HighMobility,0,2026-08-06 16:10:22
Highway,83,ETU,5,9,1.29225465356821,64QAM,MRC,20,0.0680271192528736,0.339520474137931,1,18.0842412010013,14.8539941827601,11,0,0,0.9206932,7.8,9,HighMobility,0,2026-08-06 16:10:23
Highway,83,ETU,5,9,1.31251293336248,64QAM,MRC,25,0.0246857040229885,0.131950431034483,1,9.60731751684849,20.3479571170868,13,0,0,1.7159504,18,9,HighMobility,0,2026-08-06 16:10:25
Highway,83,ETU,5,9,1.17433897402806,64QAM,MRC,30,0.0028735632183908,0.0162176724137931,0.3,1.71688968122482,35.3051521908356,15,3654000,3.80625,1.2415487,12.5,9,HighMobility,0,2026-08-06 16:10:26
Highway,83,ETU,5,9,1.31250369809007,64QAM,LMMSE,0,0.421475395114943,0.978421336206897,1,90.4435242405569,0.872450463816545,4,0,0,0.1343602,1,9,HighMobility,0,2026-08-06 16:10:26
Highway,83,ETU,5,9,1.30006505152494,64QAM,LMMSE,5,0.398289331896552,0.978071120689655,1,87.2490583680867,1.18478502898039,4,0,0,0.1445585,1,9,HighMobility,0,2026-08-06 16:10:27
Highway,83,ETU,5,9,1.31246448712968,64QAM,LMMSE,10,0.397180316091954,0.977747844827586,1,85.0522152470736,1.40628740774168,4,0,0,0.1482853,1,9,HighMobility,0,2026-08-06 16:10:27
Highway,83,ETU,5,9,1.1992314514297,64QAM,LMMSE,15,0.378695222701149,0.96171875,1,70.3449587738079,3.05534041097149,5,0,0,0.1514967,1,9,HighMobility,0,2026-08-06 16:10:27
Highway,83,ETU,5,9,1.28360655888692,64QAM,LMMSE,20,0.302985811781609,0.916433189655172,1,51.180960062441,5.81783143583491,6,0,0,0.1542742,1,9,HighMobility,0,2026-08-06 16:10:27
Highway,83,ETU,5,9,1.26842743236275,64QAM,LMMSE,25,0.152729885057471,0.577505387931034,0.9,28.5504261308627,10.8877481056999,9,522000,0.54375,0.1499243,1,9,HighMobility,0,2026-08-06 16:10:27
Highway,83,ETU,5,9,1.29438224548542,64QAM,LMMSE,30,0.10209680316092,0.487931034482759,0.9,22.9018161390096,12.8026015253634,10,522000,0.54375,0.2292543,1,9,HighMobility,0,2026-08-06 16:10:27
Highway,83,ETU,5,9,1.23064646915718,64QAM,MPA,0,0.422898706896552,0.97957974137931,1,90.8223422252355,0.836146044653805,4,0,0,0.5905634,10,9,HighMobility,0,2026-08-06 16:10:28
Highway,83,ETU,5,9,1.26078757470342,64QAM,MPA,5,0.403165409482759,0.977640086206897,1,87.9119414739404,1.11904257497611,4,0,0,0.6353037,10,9,HighMobility,0,2026-08-06 16:10:29
Highway,83,ETU,5,9,1.31244936980493,64QAM,MPA,10,0.385789331896552,0.97588900862069,1,85.3484031635879,1.37609199918173,4,0,0,0.6473578,10,9,HighMobility,0,2026-08-06 16:10:29
Highway,83,ETU,5,9,1.2174701530793,64QAM,MPA,15,0.404826688218391,0.978178879310345,1,87.0355209309101,1.20606933937065,4,0,0,0.6337523,10,9,HighMobility,0,2026-08-06 16:10:30
Highway,83,ETU,5,9,1.31054572847099,64QAM,MPA,20,0.41470007183908,0.97957974137931,1,89.1779319831501,0.994852061284634,4,0,0,0.6583822,10,9,HighMobility,0,2026-08-06 16:10:31
Highway,83,ETU,5,9,1.31241522336038,64QAM,MPA,25,0.416783405172414,0.979391163793103,1,89.0845556983641,1.00395163337287,4,0,0,0.6702007,10,9,HighMobility,0,2026-08-06 16:10:31
Highway,83,ETU,5,9,1.05726060047709,64QAM,MPA,30,0.428116020114943,0.98057650862069,1,91.0587352190091,0.813567724356243,4,0,0,0.6480899,10,9,HighMobility,0,2026-08-06 16:10:32
Highway,75,ETU,5,9,1.17872354619828,QPSK,MRC,0,0.184199892241379,0.33114224137931,1,84.7079595414586,1.44151558972085,4,0,0,0.609352,3.3,10,HighMobility,0,2026-08-06 16:10:33
Highway,75,ETU,5,9,1.07924549957982,QPSK,MRC,5,0.0869746767241379,0.164224137931034,1,54.8441681636134,5.21739092386964,6,0,0,0.7548995,4.2,10,HighMobility,0,2026-08-06 16:10:33
Highway,75,ETU,5,9,1.18600487203336,QPSK,MRC,10,0.0233432112068966,0.0450161637931034,0.9,23.2699936923528,12.6640746886932,10,174000,0.18125,0.6353634,2.8,10,HighMobility,0,2026-08-06 16:10:34
Highway,75,ETU,5,9,1.16665191734548,QPSK,MRC,15,0.00202047413793103,0.00404094827586207,0.6,5.40065077789539,25.3510780916153,15,696000,0.725,0.4881134,2.2,10,HighMobility,0,2026-08-06 16:10:34
Highway,75,ETU,5,9,1.17190966183519,QPSK,MRC,20,0,0,0,0,160,15,1740000,1.8125,0.4735098,2,10,HighMobility,0,2026-08-06 16:10:35
Highway,75,ETU,5,9,1.15590861431168,QPSK,MRC,25,0,0,0,0,160,15,1740000,1.8125,0.4528671,2,10,HighMobility,0,2026-08-06 16:10:35
Highway,75,ETU,5,9,1.1838944012566,QPSK,MRC,30,0,0,0,0,160,15,1740000,1.8125,0.4505304,2,10,HighMobility,0,2026-08-06 16:10:36
Highway,75,ETU,5,9,1.13588706795811,QPSK,LMMSE,0,0.223895474137931,0.397171336206897,1,94.4389964034456,0.496972735712365,4,0,0,0.1384854,1,10,HighMobility,0,2026-08-06 16:10:36
Highway,75,ETU,5,9,1.1827168711456,QPSK,LMMSE,5,0.0891433189655172,0.168480603448276,1,57.4699256063011,4.81118730103366,6,0,0,0.1352819,1,10,HighMobility,0,2026-08-06 16:10:36
Highway,75,ETU,5,9,1.18062630046993,QPSK,LMMSE,10,0.0207570043103448,0.0407058189655172,0.9,23.5543647523885,12.5585720787824,10,174000,0.18125,0.1374679,1,10,HighMobility,0,2026-08-06 16:10:36
Highway,75,ETU,5,9,1.1853755359852,QPSK,LMMSE,15,0.00114493534482759,0.00228987068965517,0.7,4.89715990731172,26.2011142940312,15,522000,0.54375,0.1405485,1,10,HighMobility,0,2026-08-06 16:10:36
Highway,75,ETU,5,9,1.18461572143886,QPSK,LMMSE,20,4.04094827586207e-05,8.08189655172414e-05,0.1,0.402042200564173,47.9145671716318,15,1566000,1.63125,0.1377022,1,10,HighMobility,0,2026-08-06 16:10:36
Highway,75,ETU,5,9,1.11179853013591,QPSK,LMMSE,25,0,0,0,0,160,15,1740000,1.8125,0.134079,1,10,HighMobility,0,2026-08-06 16:10:37
Highway,75,ETU,5,9,1.18400204547924,QPSK,LMMSE,30,0,0,0,0,160,15,1740000,1.8125,0.1350788,1,10,HighMobility,0,2026-08-06 16:10:37
Highway,75,ETU,5,9,1.18349687669913,QPSK,MPA,0,0.239924568965517,0.421578663793103,1,97.5287964975339,0.217342698644307,4,0,0,0.169066,10,10,HighMobility,0,2026-08-06 16:10:37
Highway,75,ETU,5,9,1.1821754079088,QPSK,MPA,5,0.217793642241379,0.38671875,1,93.1423666271827,0.617054628029599,4,0,0,0.1782426,10,10,HighMobility,0,2026-08-06 16:10:37
Highway,75,ETU,5,9,1.1857207358281,QPSK,MPA,10,0.158445581896552,0.290598060344828,1,79.4049535720796,2.00304807692024,4,0,0,0.1756471,10,10,HighMobility,0,2026-08-06 16:10:37
Highway,75,ETU,5,9,1.16725443629833,QPSK,MPA,15,0.128569504310345,0.24073275862069,1,71.4963916482618,2.91431752112318,5,0,0,0.1867933,10,10,HighMobility,0,2026-08-06 16:10:37
Highway,75,ETU,5,9,1.15735658595014,QPSK,MPA,20,0.128327047413793,0.240975215517241,1,71.4905540355065,2.91502674475096,5,0,0,0.1762096,10,10,HighMobility,0,2026-08-06 16:10:38
Highway,75,ETU,5,9,1.17238828398503,QPSK,MPA,25,0.124191810344828,0.23370150862069,1,70.357744860187,3.05376178408474,5,0,0,0.1742353,10,10,HighMobility,0,2026-08-06 16:10:38
Highway,75,ETU,5,9,1.14494582929948,QPSK,MPA,30,0.110196659482759,0.208351293103448,1,66.0360985510751,3.60437186015064,5,0,0,0.1826331,10,10,HighMobility,0,2026-08-06 16:10:38
Highway,75,ETU,5,9,1.18573750891089,16QAM,MRC,0,0.36375942887931,0.819558189655172,1,103.510096495446,-0.299654268979468,3,0,0,0.6288073,3.4,10,HighMobility,0,2026-08-06 16:10:39
Highway,75,ETU,5,9,1.18419007119741,16QAM,MRC,5,0.218595096982759,0.628933189655172,1,64.3624703177197,3.82734590899735,5,0,0,0.6419198,4.2,10,HighMobility,0,2026-08-06 16:10:39
Highway,75,ETU,5,9,1.1777359624433,16QAM,MRC,10,0.156458782327586,0.495878232758621,1,50.840482170951,5.87580678502371,6,0,0,0.6541089,4.3,10,HighMobility,0,2026-08-06 16:10:40
Highway,75,ETU,5,9,1.18083522516836,16QAM,MRC,15,0.0707906788793103,0.242483836206897,1,30.6827086059013,10.2621260882858,8,0,0,0.7544476,6,10,HighMobility,0,2026-08-06 16:10:41
Highway,75,ETU,5,9,1.17947473005122,16QAM,MRC,20,0.00945581896551724,0.0352101293103448,0.8,7.34671976345468,22.6781305152301,14,696000,0.725,0.6872931,5,10,HighMobility,0,2026-08-06 16:10:41
Highway,75,ETU,5,9,1.18583759541062,16QAM,MRC,25,2.02047413793103e-05,8.08189655172414e-05,0.2,0.251381877078009,51.9933207039416,15,2784000,2.9,0.5175471,2.8,10,HighMobility,0,2026-08-06 16:10:42
Highway,75,ETU,5,9,1.16582990122341,16QAM,MRC,30,0,0,0,0,160,15,3480000,3.625,0.502349,2.3,10,HighMobility,0,2026-08-06 16:10:42
Highway,75,ETU,5,9,1.11531487000083,16QAM,LMMSE,0,0.371019665948276,0.895932112068966,1,83.0863377681286,1.60940766384002,4,0,0,0.1367194,1,10,HighMobility,0,2026-08-06 16:10:43
Highway,75,ETU,5,9,1.17856294278106,16QAM,LMMSE,5,0.344463900862069,0.880091594827586,1,77.9683149454555,2.16163703337495,4,0,0,0.1424981,1,10,HighMobility,0,2026-08-06 16:10:43
Highway,75,ETU,5,9,1.18567621118045,16QAM,LMMSE,10,0.280286907327586,0.788981681034483,1,67.6812505441933,3.39063250900683,5,0,0,0.1400657,1,10,HighMobility,0,2026-08-06 16:10:43
Highway,75,ETU,5,9,1.18531184527865,16QAM,LMMSE,15,0.156633890086207,0.505118534482759,1,48.2113113194666,6.33702111600952,7,0,0,0.1425086,1,10,HighMobility,0,2026-08-06 16:10:43
Highway,75,ETU,5,9,1.18519836775256,16QAM,LMMSE,20,0.0968413254310345,0.331977370689655,0.9,35.0220381858212,9.11317165557263,8,348000,0.3625,0.1429026,1,10,HighMobility,0,2026-08-06 16:10:43
Highway,75,ETU,5,9,1.18561318584005,16QAM,LMMSE,25,0.0142712823275862,0.0557650862068966,0.9,12.4613468900209,18.0887002846918,12,348000,0.3625,0.1402875,1,10,HighMobility,0,2026-08-06 16:10:43
Highway,75,ETU,5,9,1.11636218101387,16QAM,LMMSE,30,0.00160964439655172,0.00630387931034483,0.5,2.49716847418813,32.0510431302095,15,1740000,1.8125,0.1422041,1,10,HighMobility,0,2026-08-06 16:10:43
Highway,75,ETU,5,9,1.14199553099687,16QAM,MPA,0,0.392308728448276,0.905495689655172,1,88.0863818688219,1.10182456419353,4,0,0,0.2858828,10,10,HighMobility,0,2026-08-06 16:10:44
Highway,75,ETU,5,9,1.16720803091623,16QAM,MPA,5,0.339601293103448,0.876885775862069,1,76.5298288056972,2.32338516339245,4,0,0,0.2883601,10,10,HighMobility,0,2026-08-06 16:10:44
Highway,75,ETU,5,9,1.18589159374699,16QAM,MPA,10,0.338442887931034,0.875700431034483,1,76.6460910246175,2.31019978807159,4,0,0,0.294723,10,10,HighMobility,0,2026-08-06 16:10:44
Highway,75,ETU,5,9,1.18375724659625,16QAM,MPA,15,0.328488685344828,0.869746767241379,1,74.7531525354629,2.52740974572009,5,0,0,0.2891407,10,10,HighMobility,0,2026-08-06 16:10:45
Highway,75,ETU,5,9,1.18531767650632,16QAM,MPA,20,0.325518588362069,0.864547413793103,1,74.3541584826442,2.57389474443803,5,0,0,0.3027384,10,10,HighMobility,0,2026-08-06 16:10:45
Highway,75,ETU,5,9,1.18195498835901,16QAM,MPA,25,0.333034752155172,0.871255387931035,1,75.6761695953782,2.42081716365017,5,0,0,0.3091338,10,10,HighMobility,0,2026-08-06 16:10:45
Highway,75,ETU,5,9,1.15918754036923,16QAM,MPA,30,0.330421605603448,0.868318965517241,1,74.9785975081613,2.50125374832485,5,0,0,0.3256703,10,10,HighMobility,0,2026-08-06 16:10:45
Highway,75,ETU,5,9,1.13996504929697,64QAM,MRC,0,0.384213362068966,0.934294181034483,1,94.2285533905175,0.516349523564326,4,0,0,1.0032879,8.9,10,HighMobility,0,2026-08-06 16:10:46
Highway,75,ETU,5,9,0.961400773719987,64QAM,MRC,5,0.337616738505747,0.909994612068965,1,72.8895610256167,2.74669330568381,5,0,0,1.1020252,10.5,10,HighMobility,0,2026-08-06 16:10:48
Highway,75,ETU,5,9,1.18540239362339,64QAM,MRC,10,0.25379849137931,0.816971982758621,1,50.7965972670825,5.88330758015822,6,0,0,1.0974999,9.2,10,HighMobility,0,2026-08-06 16:10:49
Highway,75,ETU,5,9,1.1038003844251,64QAM,MRC,15,0.158750897988506,0.66729525862069,1,32.7340029217286,9.70001766315264,8,0,0,0.9381129,8.5,10,HighMobility,0,2026-08-06 16:10:50
Highway,75,ETU,5,9,1.15035792784957,64QAM,MRC,20,0.0729076867816092,0.367887931034483,1,19.4201382637781,14.234953648208,11,0,0,0.9542813,8.8,10,HighMobility,0,2026-08-06 16:10:51
Highway,75,ETU,5,9,1.17228429190662,64QAM,MRC,25,0.0227774784482759,0.12567349137931,1,9.79174764929109,20.1827957518718,13,0,0,1.2971669,12.5,10,HighMobility,0,2026-08-06 16:10:52
Highway,75,ETU,5,9,1.06194595492799,64QAM,MRC,30,0.000399604885057471,0.0021551724137931,0.4,0.774266826928034,42.2221869493213,15,3132000,3.2625,1.2113906,12.2,10,HighMobility,0,2026-08-06 16:10:53
Highway,75,ETU,5,9,1.18003766674673,64QAM,LMMSE,0,0.423280352011494,0.979822198275862,1,90.8607311637972,0.832475454076358,4,0,0,0.1405972,1,10,HighMobility,0,2026-08-06 16:10:53
Highway,75,ETU,5,9,1.16844895533572,64QAM,LMMSE,5,0.40735003591954,0.977262931034483,1,88.2711785265945,1.08362150038646,4,0,0,0.1474115,1,10,HighMobility,0,2026-08-06 16:10:53
Highway,75,ETU,5,9,1.17462825698072,64QAM,LMMSE,10,0.395159841954023,0.976131465517241,1,84.0062147705783,1.51377167382698,4,0,0,0.1528851,1,10,HighMobility,0,2026-08-06 16:10:54
Highway,75,ETU,5,9,1.17020954298148,64QAM,LMMSE,15,0.382022270114943,0.962015086206897,1,69.5053101982951,3.15964028180383,5,0,0,0.1464255,1,10,HighMobility,0,2026-08-06 16:10:54
Highway,75,ETU,5,9,1.1671879449899,64QAM,LMMSE,20,0.313959231321839,0.913496767241379,1,54.3015707224604,5.30375215730922,6,0,0,0.1526898,1,10,HighMobility,0,2026-08-06 16:10:54
Highway,75,ETU,5,9,1.1839843178315,64QAM,LMMSE,25,0.163532686781609,0.684617456896552,1,31.6572815129104,9.9905276357349,8,0,0,0.1513619,1,10,HighMobility,0,2026-08-06 16:10:54
Highway,75,ETU,5,9,1.08361317617739,64QAM,LMMSE,30,0.054449533045977,0.281896551724138,0.9,14.9054293821587,16.5331101737526,12,522000,0.54375,0.1554399,1,10,HighMobility,0,2026-08-06 16:10:54
Highway,75,ETU,5,9,1.17955601804528,64QAM,MPA,0,0.419526760057471,0.979148706896552,1,90.2554265575684,0.890533538438794,4,0,0,0.5872209,10,10,HighMobility,0,2026-08-06 16:10:55
Highway,75,ETU,5,9,1.18527799933781,64QAM,MPA,5,0.402815193965517,0.977936422413793,1,87.7614020582066,1.13392894356241,4,0,0,0.636975,10,10,HighMobility,0,2026-08-06 16:10:55
Highway,75,ETU,5,9,1.18511729293369,64QAM,MPA,10,0.394553699712644,0.977747844827586,1,86.5614008075176,1.25351448142928,4,0,0,0.6617121,10,10,HighMobility,0,2026-08-06 16:10:56
Highway,75,ETU,5,9,1.16661655327103,64QAM,MPA,15,0.398540768678161,0.977747844827586,1,86.6008874279129,1.24955315201543,4,0,0,0.6551123,10,10,HighMobility,0,2026-08-06 16:10:57
Highway,75,ETU,5,9,1.18173004084977,64QAM,MPA,20,0.416882183908046,0.979229525862069,1,89.2757289944591,0.985331896469319,4,0,0,0.635641,10,10,HighMobility,0,2026-08-06 16:10:57
Highway,75,ETU,5,9,1.0945875040329,64QAM,MPA,25,0.417883441091954,0.979768318965517,1,89.4015595580238,0.973098102485158,4,0,0,0.6945489,10,10,HighMobility,0,2026-08-06 16:10:58
Highway,75,ETU,5,9,1.18544920273576,64QAM,MPA,30,0.427478448275862,0.981869612068966,1,90.9917310777848,0.819961452579916,4,0,0,0.6654178,10,10,HighMobility,0,2026-08-06 16:10:59
Highway,66,ETU,5,9,1.04238150066821,QPSK,MRC,0,0.23604525862069,0.412931034482759,1,96.3363844467531,0.324193140147136,4,0,0,0.6319708,3.6,11,HighMobility,0,2026-08-06 16:10:59
Highway,66,ETU,5,9,1.0236104278285,QPSK,MRC,5,0.120474137931034,0.223168103448276,1,66.3108995864124,3.5683016065118,5,0,0,0.5621303,2.9,11,HighMobility,0,2026-08-06 16:11:00
Highway,66,ETU,5,9,1.04047710688856,QPSK,MRC,10,0.0438981681034483,0.081707974137931,0.9,30.254171158011,10.3842948096354,9,174000,0.18125,0.4927047,2.5,11,HighMobility,0,2026-08-06 16:11:00
Highway,66,ETU,5,9,1.04303234435387,QPSK,MRC,15,0.00078125,0.0015625,0.6,3.69898141795165,28.6383570076544,15,696000,0.725,0.5375801,2.2,11,HighMobility,0,2026-08-06 16:11:01
Highway,66,ETU,5,9,1.02609145467562,QPSK,MRC,20,1.34698275862069e-05,2.69396551724138e-05,0.1,0.232119172721315,52.6857797188284,15,1566000,1.63125,0.4764331,2,11,HighMobility,0,2026-08-06 16:11:01
Highway,66,ETU,5,9,0.911116024655682,QPSK,MRC,25,0,0,0,0,160,15,1740000,1.8125,0.4676675,2,11,HighMobility,0,2026-08-06 16:11:02
Highway,66,ETU,5,9,1.042104507499,QPSK,MRC,30,0,0,0,0,160,15,1740000,1.8125,0.4925665,2,11,HighMobility,0,2026-08-06 16:11:02
Highway,66,ETU,5,9,1.04051662970782,QPSK,LMMSE,0,0.234240301724138,0.407677801724138,1,95.5044534914913,0.399527525040502,4,0,0,0.1370421,1,11,HighMobility,0,2026-08-06 16:11:03
Highway,66,ETU,5,9,1.04368460067095,QPSK,LMMSE,5,0.121794181034483,0.225457974137931,1,68.3933523951134,3.29972216396605,5,0,0,0.1390664,1,11,HighMobility,0,2026-08-06 16:11:03
Highway,66,ETU,5,9,1.0436622162382,QPSK,LMMSE,10,0.0124595905172414,0.0247306034482759,1,19.7745002763828,14.0778896559247,10,0,0,0.1365031,1,11,HighMobility,0,2026-08-06 16:11:03
Highway,66,ETU,5,9,1.04356763959568,QPSK,LMMSE,15,0.00405441810344828,0.00805495689655172,0.6,8.78387461486948,21.1262774434419,14,696000,0.725,0.1329988,1,11,HighMobility,0,2026-08-06 16:11:03
Highway,66,ETU,5,9,1.04211583877807,QPSK,LMMSE,20,0.000134698275862069,0.000269396551724138,0.2,0.928476690885259,40.6445798922692,15,1392000,1.45,0.1354784,1,11,HighMobility,0,2026-08-06 16:11:03
Highway,66,ETU,5,9,1.01789560771665,QPSK,LMMSE,25,0,0,0,0,160,15,1740000,1.8125,0.1346356,1,11,HighMobility,0,2026-08-06 16:11:03
Highway,66,ETU,5,9,1.00750071379964,QPSK,LMMSE,30,0,0,0,0,160,15,1740000,1.8125,0.1355117,1,11,HighMobility,0,2026-08-06 16:11:03
Highway,66,ETU,5,9,1.04051171398008,QPSK,MPA,0,0.258135775862069,0.446282327586207,1,101.116357804057,-0.0964283599672748,3,0,0,0.1685888,10,11,HighMobility,0,2026-08-06 16:11:03
Highway,66,ETU,5,9,1.04289275682153,QPSK,MPA,5,0.222521551724138,0.392887931034483,1,94.0274912908689,0.534903019415459,4,0,0,0.1769593,10,11,HighMobility,0,2026-08-06 16:11:04
Highway,66,ETU,5,9,1.04356827752494,QPSK,MPA,10,0.176575969827586,0.319585129310345,1,83.7885384004273,1.5363077061267,4,0,0,0.2786245,10,11,HighMobility,0,2026-08-06 16:11:04
Highway,66,ETU,5,9,1.04226978495924,QPSK,MPA,15,0.139129849137931,0.259024784482759,1,74.3854858202335,2.5702359243265,5,0,0,0.1831139,10,11,HighMobility,0,2026-08-06 16:11:04
Highway,66,ETU,5,9,1.04349708102613,QPSK,MPA,20,0.127909482758621,0.240193965517241,1,71.4555727767589,2.91927790378161,5,0,0,0.1778322,10,11,HighMobility,0,2026-08-06 16:11:04
Highway,66,ETU,5,9,1.01750939035203,QPSK,MPA,25,0.111355064655172,0.210802801724138,1,66.5049894933013,3.54291541630761,5,0,0,0.1869487,10,11,HighMobility,0,2026-08-06 16:11:05
Highway,66,ETU,5,9,1.03961425189433,QPSK,MPA,30,0.126104525862069,0.235775862068966,1,70.8075161757125,2.99841279524908,5,0,0,0.1846267,10,11,HighMobility,0,2026-08-06 16:11:05
Highway,66,ETU,5,9,1.04002224768016,16QAM,MRC,0,0.333142510775862,0.783270474137931,1,94.5399518352122,0.487692465816932,4,0,0,0.6595869,4.2,11,HighMobility,0,2026-08-06 16:11:05
Highway,66,ETU,5,9,1.04308167008022,16QAM,MRC,5,0.286031788793103,0.724030172413793,1,81.1477708011827,1.81446812231086,4,0,0,0.7262753,5.4,11,HighMobility,0,2026-08-06 16:11:06
Highway,66,ETU,5,9,0.980972460562293,16QAM,MRC,10,0.175222252155172,0.537580818965517,1,54.8157682759441,5.22188989229061,6,0,0,0.6813204,4.6,11,HighMobility,0,2026-08-06 16:11:07
Highway,66,ETU,5,9,1.04237584212324,16QAM,MRC,15,0.0751818426724138,0.271336206896552,0.9,32.2049180114972,9.84155604300081,8,348000,0.3625,0.7673383,5.9,11,HighMobility,0,2026-08-06 16:11:08
Highway,66,ETU,5,9,1.03595436690879,16QAM,MRC,20,0.0113887392241379,0.0431573275862069,0.8,9.68553304558782,20.2775294557648,13,696000,0.725,0.7458022,5.3,11,HighMobility,0,2026-08-06 16:11:08
Highway,66,ETU,5,9,1.04180370433474,16QAM,MRC,25,0.000222252155172414,0.000889008620689655,0.1,0.596453511784925,44.4884680008806,15,3132000,3.2625,0.5534543,3,11,HighMobility,0,2026-08-06 16:11:09
Highway,66,ETU,5,9,0.936602234915131,16QAM,MRC,30,0,0,0,0,160,15,3480000,3.625,0.4792104,2.1,11,HighMobility,0,2026-08-06 16:11:09
Highway,66,ETU,5,9,1.0413146362648,16QAM,LMMSE,0,0.370635775862069,0.893292025862069,1,83.405567802023,1.57609913473127,4,0,0,0.1379367,1,11,HighMobility,0,2026-08-06 16:11:09
Highway,66,ETU,5,9,1.04350001290708,16QAM,LMMSE,5,0.332859644396552,0.873302801724138,1,75.4309756061896,2.44900550373637,5,0,0,0.135573,1,11,HighMobility,0,2026-08-06 16:11:10
Highway,66,ETU,5,9,1.0059466206026,16QAM,LMMSE,10,0.256512661637931,0.754956896551724,1,64.298853535623,3.83593541168397,5,0,0,0.1392432,1,11,HighMobility,0,2026-08-06 16:11:10
Highway,66,ETU,5,9,0.981476003651901,16QAM,LMMSE,15,0.171255387931034,0.527720905172414,1,47.8699888053394,6.39873348160393,7,0,0,0.13581,1,11,HighMobility,0,2026-08-06 16:11:10
Highway,66,ETU,5,9,1.04237752133893,16QAM,LMMSE,20,0.0611328125,0.223733836206897,1,29.5853732913464,10.5784589334523,9,0,0,0.1498344,1,11,HighMobility,0,2026-08-06 16:11:10
Highway,66,ETU,5,9,1.04366394353166,16QAM,LMMSE,25,0.0170191271551724,0.0633620689655172,0.8,10.623206715826,19.4748873510167,13,696000,0.725,0.1608349,1,11,HighMobility,0,2026-08-06 16:11:10
Highway,66,ETU,5,9,1.04277465680744,16QAM,LMMSE,30,0.000249191810344828,0.00099676724137931,0.3,1.08633295893221,39.2807408786535,15,2436000,2.5375,0.1607114,1,11,HighMobility,0,2026-08-06 16:11:10
Highway,66,ETU,5,9,1.03403353772342,16QAM,MPA,0,0.375026939655172,0.896470905172414,1,84.5839464103926,1.45424111911611,4,0,0,0.2863079,10,11,HighMobility,0,2026-08-06 16:11:11
Highway,66,ETU,5,9,1.04001017749695,16QAM,MPA,5,0.348006465517241,0.880684267241379,1,78.684578827452,2.08220750946287,4,0,0,0.3001064,10,11,HighMobility,0,2026-08-06 16:11:11
Highway,66,ETU,5,9,1.02948508907642,16QAM,MPA,10,0.333869881465517,0.8734375,1,75.7898375648232,2.40778047453641,5,0,0,0.2967923,10,11,HighMobility,0,2026-08-06 16:11:11
Highway,66,ETU,5,9,1.00724389552185,16QAM,MPA,15,0.333755387931034,0.873572198275862,1,75.8881600936966,2.39651953006807,4,0,0,0.3014966,10,11,HighMobility,0,2026-08-06 16:11:12
Highway,66,ETU,5,9,1.04368474997965,16QAM,MPA,20,0.334199892241379,0.871443965517241,1,76.0920593932401,2.37321323558205,4,0,0,0.3004821,10,11,HighMobility,0,2026-08-06 16:11:12
Highway,66,ETU,5,9,1.02188692158241,16QAM,MPA,25,0.330778556034483,0.869127155172414,1,74.9642866351165,2.50291174850245,5,0,0,0.3007131,10,11,HighMobility,0,2026-08-06 16:11:12
Highway,66,ETU,5,9,1.04026271278953,16QAM,MPA,30,0.327882543103448,0.867834051724138,1,74.6716049145299,2.53689028586723,5,0,0,0.2974046,10,11,HighMobility,0,2026-08-06 16:11:12
Highway,66,ETU,5,9,1.02493188784855,64QAM,MRC,0,0.415337643678161,0.949811422413793,1,109.757334569575,-0.808671035077639,3,0,0,0.8302839,6.4,11,HighMobility,0,2026-08-06 16:11:13
Highway,66,ETU,5,9,1.03748756917239,64QAM,MRC,5,0.321250897988506,0.8953125,1,67.8549087711107,3.36837458128074,5,0,0,0.8820397,7.6,11,HighMobility,0,2026-08-06 16:11:14
Highway,66,ETU,5,9,1.0427908981062,64QAM,MRC,10,0.25870150862069,0.817726293103448,1,52.3892645430874,5.61515396542579,6,0,0,0.9542802,8.6,11,HighMobility,0,2026-08-06 16:11:15
Highway,66,ETU,5,9,1.04339603464065,64QAM,MRC,15,0.142528735632184,0.6140625,1,30.1296452180295,10.4201196438374,9,0,0,1.1510998,10.3,11,HighMobility,0,2026-08-06 16:11:16
Highway,66,ETU,5,9,1.04338866144186,64QAM,MRC,20,0.0854840158045977,0.41082974137931,1,21.1010322543543,13.5139259732837,10,0,0,0.988193,9.1,11,HighMobility,0,2026-08-06 16:11:17
Highway,66,ETU,5,9,1.00297089642086,64QAM,MRC,25,0.0144261853448276,0.0785021551724138,0.9,7.13989568926505,22.926162660576,15,522000,0.54375,1.0475991,10,11,HighMobility,0,2026-08-06 16:11:18
Highway,66,ETU,5,9,1.04365134377362,64QAM,MRC,30,0.00800556752873563,0.0443696120689655,0.5,3.75440362866519,28.509180780916,15,2610000,2.71875,1.3769741,14.2,11,HighMobility,0,2026-08-06 16:11:20
Highway,66,ETU,5,9,1.02396168748267,64QAM,LMMSE,0,0.414731501436782,0.978717672413793,1,89.585494469984,0.955246097300246,4,0,0,0.1411537,1,11,HighMobility,0,2026-08-06 16:11:20
Highway,66,ETU,5,9,1.03717123241967,64QAM,LMMSE,5,0.397633800287356,0.976966594827586,1,87.161556760167,1.19350043168397,4,0,0,0.1391265,1,11,HighMobility,0,2026-08-06 16:11:20
Highway,66,ETU,5,9,1.04070724211021,64QAM,LMMSE,10,0.391397270114943,0.974407327586207,1,82.0922902099569,1.71395256443165,4,0,0,0.1445526,1,11,HighMobility,0,2026-08-06 16:11:20
Highway,66,ETU,5,9,1.0383596746469,64QAM,LMMSE,15,0.379198096264368,0.960210129310345,1,67.932207522653,3.35848544723168,5,0,0,0.147188,1,11,HighMobility,0,2026-08-06 16:11:20
Highway,66,ETU,5,9,1.03130223087195,64QAM,LMMSE,20,0.291199712643678,0.873868534482759,1,51.0142848373465,5.84616394574056,6,0,0,0.1495411,1,11,HighMobility,0,2026-08-06 16:11:20
Highway,66,ETU,5,9,0.758164562839646,64QAM,LMMSE,25,0.198998742816092,0.779067887931034,1,36.418883381447,8.77346747983358,8,0,0,0.1491807,1,11,HighMobility,0,2026-08-06 16:11:21
Highway,66,ETU,5,9,1.04357367198113,64QAM,LMMSE,30,0.0765041307471264,0.354768318965517,0.9,18.1572128597203,14.819016301916,11,522000,0.54375,0.1523088,1,11,HighMobility,0,2026-08-06 16:11:21
Highway,66,ETU,5,9,1.0398322067026,64QAM,MPA,0,0.425763290229885,0.980711206896552,1,91.1085322497983,0.808818995009618,4,0,0,0.5649511,10,11,HighMobility,0,2026-08-06 16:11:21
Highway,66,ETU,5,9,0.897702131793714,64QAM,MPA,5,0.408786817528736,0.979849137931034,1,88.5076136072591,1.06038737578407,4,0,0,0.6322142,10,11,HighMobility,0,2026-08-06 16:11:22
Highway,66,ETU,5,9,1.02788944874483,64QAM,MPA,10,0.389188218390805,0.976616379310345,1,85.8789317559577,1.32226732742149,4,0,0,0.6636535,10,11,HighMobility,0,2026-08-06 16:11:23
Highway,66,ETU,5,9,0.988410301810881,64QAM,MPA,15,0.402523347701149,0.97801724137931,1,87.1600143063314,1.19365414282489,4,0,0,0.7111658,10,11,HighMobility,0,2026-08-06 16:11:23
Highway,66,ETU,5,9,1.01294452975997,64QAM,MPA,20,0.423563218390805,0.980091594827586,1,90.3682800932591,0.879679664359884,4,0,0,0.6628734,10,11,HighMobility,0,2026-08-06 16:11:24
Highway,66,ETU,5,9,1.03303676303208,64QAM,MPA,25,0.428125,0.980792025862069,1,90.7888631385783,0.839348442375894,4,0,0,0.639156,10,11,HighMobility,0,2026-08-06 16:11:25
Highway,66,ETU,5,9,1.04266676538372,64QAM,MPA,30,0.431092852011494,0.980872844827586,1,91.257591403279,0.794619958268956,4,0,0,0.6470193,10,11,HighMobility,0,2026-08-06 16:11:25
Highway,96,ETU,5,9,1.5108886339738,QPSK,MRC,0,0.251481681034483,0.437311422413793,1,99.7210705745904,0.024261353838347,3,0,0,0.6157925,3.2,12,HighMobility,0,2026-08-06 16:11:26
Highway,96,ETU,5,9,1.50188650587925,QPSK,MRC,5,0.122804418103448,0.226885775862069,1,68.221401442236,3.3215872663302,5,0,0,0.5995822,3.8,12,HighMobility,0,2026-08-06 16:11:26
Highway,96,ETU,5,9,1.51371354688464,QPSK,MRC,10,0.0228582974137931,0.0442349137931035,1,25.0033840359943,12.0400241715995,10,0,0,0.5445959,3,12,HighMobility,0,2026-08-06 16:11:27
Highway,96,ETU,5,9,1.47197382015567,QPSK,MRC,15,0.000511853448275862,0.00102370689655172,0.5,2.81573611910728,31.0081609635067,15,870000,0.90625,0.4949523,2.3,12,HighMobility,0,2026-08-06 16:11:27
Highway,96,ETU,5,9,1.51788935287811,QPSK,MRC,20,5.38793103448276e-05,0.000107758620689655,0.1,0.46423834544263,46.6651798055488,15,1566000,1.63125,0.4595276,2,12,HighMobility,0,2026-08-06 16:11:28
Highway,96,ETU,5,9,1.51121162257251,QPSK,MRC,25,0,0,0,0,160,15,1740000,1.8125,0.4719976,2,12,HighMobility,0,2026-08-06 16:11:28
Highway,96,ETU,5,9,1.51510111397601,QPSK,MRC,30,0,0,0,0,160,15,1740000,1.8125,0.5385424,2,12,HighMobility,0,2026-08-06 16:11:29
Highway,96,ETU,5,9,1.5146565997658,QPSK,LMMSE,0,0.206640625,0.366891163793103,1,89.7441198806128,0.939879944031634,4,0,0,0.1407233,1,12,HighMobility,0,2026-08-06 16:11:29
Highway,96,ETU,5,9,1.47440245960867,QPSK,LMMSE,5,0.102990301724138,0.194558189655172,1,63.0812337622475,4.00199642388989,5,0,0,0.1426795,1,12,HighMobility,0,2026-08-06 16:11:29
Highway,96,ETU,5,9,1.51491258630858,QPSK,LMMSE,10,0.0251212284482759,0.0493803879310345,1,28.8831845821924,10.7870984864351,9,0,0,0.141936,1,12,HighMobility,0,2026-08-06 16:11:29
Highway,96,ETU,5,9,1.51801923450884,QPSK,LMMSE,15,0.00365032327586207,0.00727370689655172,0.7,8.70271939428665,21.2069003881024,14,522000,0.54375,0.1428069,1,12,HighMobility,0,2026-08-06 16:11:30
Highway,96,ETU,5,9,1.51561916009509,QPSK,LMMSE,20,1.34698275862069e-05,2.69396551724138e-05,0.1,0.232119172721315,52.6857797188284,15,1566000,1.63125,0.1339097,1,12,HighMobility,0,2026-08-06 16:11:30
Highway,96,ETU,5,9,1.45846339493065,QPSK,LMMSE,25,0,0,0,0,160,15,1740000,1.8125,0.1395328,1,12,HighMobility,0,2026-08-06 16:11:30
Highway,96,ETU,5,9,1.49873484657235,QPSK,LMMSE,30,0,0,0,0,160,15,1740000,1.8125,0.1523063,1,12,HighMobility,0,2026-08-06 16:11:30
Highway,96,ETU,5,9,1.49750166265595,QPSK,MPA,0,0.258674568965517,0.448275862068966,1,101.412890656966,-0.121863239072348,3,0,0,0.1766269,10,12,HighMobility,0,2026-08-06 16:11:30
Highway,96,ETU,5,9,1.51074864905347,QPSK,MPA,5,0.227936422413793,0.404498922413793,1,95.3030115772481,0.41786750859434,4,0,0,0.1723764,10,12,HighMobility,0,2026-08-06 16:11:30
Highway,96,ETU,5,9,1.50290601893128,QPSK,MPA,10,0.164035560344828,0.300727370689655,1,80.8190239361196,1.84972797806959,4,0,0,0.1883476,10,12,HighMobility,0,2026-08-06 16:11:30
Highway,96,ETU,5,9,1.51725614344495,QPSK,MPA,15,0.122588900862069,0.230010775862069,1,69.8000362220865,3.12288704007311,5,0,0,0.1804047,10,12,HighMobility,0,2026-08-06 16:11:31
Highway,96,ETU,5,9,0.971861266721269,QPSK,MPA,20,0.129822198275862,0.241271551724138,1,71.9354973672991,2.86113498610042,5,0,0,0.1781786,10,12,HighMobility,0,2026-08-06 16:11:31
Highway,96,ETU,5,9,1.45904266528945,QPSK,MPA,25,0.135196659482759,0.251104525862069,1,73.441108182076,2.68121557030582,5,0,0,0.1785753,10,12,HighMobility,0,2026-08-06 16:11:31
Highway,96,ETU,5,9,1.49614006540845,QPSK,MPA,30,0.121699892241379,0.228125,1,69.6770803067494,3.13820111903024,5,0,0,0.1801858,10,12,HighMobility,0,2026-08-06 16:11:31
Highway,96,ETU,5,9,1.51702161071567,16QAM,MRC,0,0.355367726293103,0.807893318965517,1,100.436806104259,-0.0378578734599666,3,0,0,0.6628451,4.2,12,HighMobility,0,2026-08-06 16:11:32
Highway,96,ETU,5,9,1.48686849592499,16QAM,MRC,5,0.257341056034483,0.694019396551724,1,72.9853060021362,2.73529133582001,5,0,0,0.6356524,3.7,12,HighMobility,0,2026-08-06 16:11:33
Highway,96,ETU,5,9,1.51483955749815,16QAM,MRC,10,0.156660829741379,0.501131465517241,1,51.077470402002,5.83541238387144,6,0,0,0.8212969,5.2,12,HighMobility,0,2026-08-06 16:11:33
Highway,96,ETU,5,9,1.51738793386475,16QAM,MRC,15,0.0479929956896552,0.174353448275862,1,24.8497343992967,12.0935649752619,10,0,0,0.8029576,6.2,12,HighMobility,0,2026-08-06 16:11:34
Highway,96,ETU,5,9,1.48808525367398,16QAM,MRC,20,0.000841864224137931,0.00334051724137931,0.9,3.17959118603265,29.952574311403,15,348000,0.3625,0.6455241,4.4,12,HighMobility,0,2026-08-06 16:11:35
Highway,96,ETU,5,9,1.50778782586214,16QAM,MRC,25,4.04094827586207e-05,0.000161637931034483,0.1,0.253103731776277,51.9340290306242,15,3132000,3.2625,0.7431793,2.9,12,HighMobility,0,2026-08-06 16:11:36
Highway,96,ETU,5,9,1.49172737795958,16QAM,MRC,30,0,0,0,0,160,15,3480000,3.625,0.7060342,2,12,HighMobility,0,2026-08-06 16:11:36
Highway,96,ETU,5,9,1.51054786521896,16QAM,LMMSE,0,0.363617995689655,0.893453663793103,1,81.7921836872938,1.74576393725087,4,0,0,0.1550603,1,12,HighMobility,0,2026-08-06 16:11:36
Highway,96,ETU,5,9,1.51781592548419,16QAM,LMMSE,5,0.346154364224138,0.877720905172414,1,78.4963130600048,2.10301482822838,4,0,0,0.1373211,1,12,HighMobility,0,2026-08-06 16:11:37
Highway,96,ETU,5,9,1.51463647273261,16QAM,LMMSE,10,0.298558728448276,0.831411637931034,1,70.0412699620009,3.09291976105537,5,0,0,0.137414,1,12,HighMobility,0,2026-08-06 16:11:37
Highway,96,ETU,5,9,1.51279389060424,16QAM,LMMSE,15,0.183391702586207,0.57354525862069,1,53.2596818782773,5.47202863887334,6,0,0,0.1397208,1,12,HighMobility,0,2026-08-06 16:11:37
Highway,96,ETU,5,9,1.51450410855599,16QAM,LMMSE,20,0.0626212284482759,0.230172413793103,1,30.2248570068755,10.3927149019968,9,0,0,0.1408396,1,12,HighMobility,0,2026-08-06 16:11:37
Highway,96,ETU,5,9,1.48906832217093,16QAM,LMMSE,25,0.00844558189655172,0.0325969827586207,0.7,7.56453818221872,22.4243516133214,14,1044000,1.0875,0.1432335,1,12,HighMobility,0,2026-08-06 16:11:37
Highway,96,ETU,5,9,1.51774228019548,16QAM,LMMSE,30,0.000161637931034483,0.000646551724137931,0.3,0.745135905931825,42.5552901742079,15,2436000,2.5375,0.1447707,1,12,HighMobility,0,2026-08-06 16:11:37
Highway,96,ETU,5,9,1.51752038621402,16QAM,MPA,0,0.379115032327586,0.898356681034483,1,85.3023598083405,1.38077908648196,4,0,0,0.2832302,10,12,HighMobility,0,2026-08-06 16:11:38
Highway,96,ETU,5,9,1.47759712977584,16QAM,MPA,5,0.341756465517241,0.876373922413793,1,77.3404045488875,2.2318712113594,4,0,0,0.2942611,10,12,HighMobility,0,2026-08-06 16:11:38
Highway,96,ETU,5,9,1.40900086685976,16QAM,MPA,10,0.331526131465517,0.871417025862069,1,75.2632185432598,2.46834427049861,5,0,0,0.3988918,10,12,HighMobility,0,2026-08-06 16:11:38
Highway,96,ETU,5,9,1.38139219290703,16QAM,MPA,15,0.327013739224138,0.86551724137931,1,74.5219091986429,2.55432054631188,5,0,0,0.3267601,10,12,HighMobility,0,2026-08-06 16:11:39
Highway,96,ETU,5,9,1.51502476042288,16QAM,MPA,20,0.328118265086207,0.869396551724138,1,74.1859592699385,2.59356566493138,5,0,0,0.3051263,10,12,HighMobility,0,2026-08-06 16:11:39
Highway,96,ETU,5,9,1.51807627226903,16QAM,MPA,25,0.329559536637931,0.869234913793103,1,74.6329341770906,2.54138967707361,5,0,0,0.3002215,10,12,HighMobility,0,2026-08-06 16:11:39
Highway,96,ETU,5,9,1.43967862734738,16QAM,MPA,30,0.329216056034483,0.870258620689655,1,74.5554093598806,2.55041681754777,5,0,0,0.3048174,10,12,HighMobility,0,2026-08-06 16:11:39
Highway,96,ETU,5,9,1.51746773966639,64QAM,MRC,0,0.425157147988506,0.954633620689655,1,117.436126187307,-1.39603433862927,3,0,0,1.2368553,8.8,12,HighMobility,0,2026-08-06 16:11:41
Highway,96,ETU,5,9,1.51406090385457,64QAM,MRC,5,0.342438936781609,0.906950431034483,1,76.7744818321618,2.2956621204767,4,0,0,1.0991808,8.6,12,HighMobility,0,2026-08-06 16:11:42
Highway,96,ETU,5,9,1.51801394527467,64QAM,MRC,10,0.255648347701149,0.817322198275862,1,52.0048727681158,5.6791192360893,6,0,0,0.9604084,8.6,12,HighMobility,0,2026-08-06 16:11:43
Highway,96,ETU,5,9,1.50704914279249,64QAM,MRC,15,0.149883261494253,0.641056034482759,1,31.2859128041102,10.093023388762,8,0,0,1.4325914,9.5,12,HighMobility,0,2026-08-06 16:11:44
Highway,96,ETU,5,9,1.51769040660353,64QAM,MRC,20,0.0836251795977011,0.418157327586207,1,21.467528789627,13.3643589201229,10,0,0,1.3172923,9.4,12,HighMobility,0,2026-08-06 16:11:46
Highway,96,ETU,5,9,1.50241110569458,64QAM,MRC,25,0.0115301724137931,0.0658135775862069,0.9,6.37425832164391,23.91140680786,15,522000,0.54375,1.0408971,10.2,12,HighMobility,0,2026-08-06 16:11:47
Highway,96,ETU,5,9,1.50964206780921,64QAM,MRC,30,0.000529813218390805,0.00307112068965517,0.4,0.913746697713249,40.7834835914889,15,3132000,3.2625,1.2711793,12.9,12,HighMobility,0,2026-08-06 16:11:48
Highway,96,ETU,5,9,1.44954846037862,64QAM,LMMSE,0,0.423819145114943,0.97957974137931,1,91.0562323891879,0.813806466991145,4,0,0,0.1436321,1,12,HighMobility,0,2026-08-06 16:11:48
Highway,96,ETU,5,9,1.51514991939348,64QAM,LMMSE,5,0.40667654454023,0.978313577586207,1,88.5259636778411,1.05858673783798,4,0,0,0.1502294,1,12,HighMobility,0,2026-08-06 16:11:48
Highway,96,ETU,5,9,1.47150305055704,64QAM,LMMSE,10,0.398527298850575,0.977424568965517,1,83.5998381229708,1.55589126996814,4,0,0,0.1491806,1,12,HighMobility,0,2026-08-06 16:11:48
Highway,96,ETU,5,9,1.34569961594814,64QAM,LMMSE,15,0.37922503591954,0.959375,1,70.6731451456234,3.01491161958216,5,0,0,0.1522047,1,12,HighMobility,0,2026-08-06 16:11:48
Highway,96,ETU,5,9,1.5076214089156,64QAM,LMMSE,20,0.334999102011494,0.933647629310345,1,57.840080525195,4.75542222173127,6,0,0,0.1502471,1,12,HighMobility,0,2026-08-06 16:11:49
Highway,96,ETU,5,9,1.43465439473169,64QAM,LMMSE,25,0.156972880747126,0.679471982758621,1,30.9335335308175,10.1914093559764,8,0,0,0.1567803,1,12,HighMobility,0,2026-08-06 16:11:49
Highway,96,ETU,5,9,1.43492549828287,64QAM,LMMSE,30,0.0769665948275862,0.387068965517241,1,19.5724766418028,14.1670843311786,11,0,0,0.1576525,1,12,HighMobility,0,2026-08-06 16:11:49
Highway,96,ETU,5,9,1.50754494125216,64QAM,MPA,0,0.424640804597701,0.979175646551724,1,90.8461870599224,0.833865918266118,4,0,0,0.6013675,10,12,HighMobility,0,2026-08-06 16:11:50
Highway,96,ETU,5,9,1.51799784313791,64QAM,MPA,5,0.403533584770115,0.979498922413793,1,87.8962216165071,1.12059586971233,4,0,0,0.6497314,10,12,HighMobility,0,2026-08-06 16:11:50
Highway,96,ETU,5,9,1.5028311745506,64QAM,MPA,10,0.391222162356322,0.977586206896552,1,85.9788383638484,1.31216853622454,4,0,0,0.6745483,10,12,HighMobility,0,2026-08-06 16:11:51
Highway,96,ETU,5,9,1.51752470444064,64QAM,MPA,15,0.402056393678161,0.977128232758621,1,87.0220044668423,1.20741834758109,4,0,0,0.7604608,10,12,HighMobility,0,2026-08-06 16:11:52
Highway,96,ETU,5,9,1.51651795952141,64QAM,MPA,20,0.417344647988506,0.979498922413793,1,89.5205244301172,0.961547645671227,4,0,0,0.7893149,10,12,HighMobility,0,2026-08-06 16:11:52
Highway,96,ETU,5,9,1.49972426378702,64QAM,MPA,25,0.42347341954023,0.980118534482759,1,90.2066836849139,0.895225661591362,4,0,0,0.891208,10,12,HighMobility,0,2026-08-06 16:11:53
Highway,96,ETU,5,9,1.50915906064951,64QAM,MPA,30,0.42265625,0.979822198275862,1,90.259813772913,0.890111337318939,4,0,0,0.6516822,10,12,HighMobility,0,2026-08-06 16:11:54
Highway,80,ETU,5,9,1.25596587963185,QPSK,MRC,0,0.259401939655172,0.448248922413793,1,101.456372513834,-0.125586608595119,3,0,0,0.5562058,3.2,13,HighMobility,0,2026-08-06 16:11:54
Highway,80,ETU,5,9,1.26002019589516,QPSK,MRC,5,0.105953663793103,0.196470905172414,1,61.8004900728575,4.18016161955253,5,0,0,0.6000899,4.4,13,HighMobility,0,2026-08-06 16:11:55
Highway,80,ETU,5,9,1.0926577511067,QPSK,MRC,10,0.0407462284482759,0.078448275862069,1,34.3704903493507,9.27628543843202,8,0,0,0.505749,3.2,13,HighMobility,0,2026-08-06 16:11:56
Highway,80,ETU,5,9,1.25555797560984,QPSK,MRC,15,0.00169719827586207,0.00336745689655172,0.4,4.44394959087106,27.0446175208642,15,1044000,1.0875,0.5674624,2.4,13,HighMobility,0,2026-08-06 16:11:56
Highway,80,ETU,5,9,1.25261685024178,QPSK,MRC,20,0,0,0,0,160,15,1740000,1.8125,0.6358041,2,13,HighMobility,0,2026-08-06 16:11:57
Highway,80,ETU,5,9,1.21900273710679,QPSK,MRC,25,0,0,0,0,160,15,1740000,1.8125,0.5619404,2,13,HighMobility,0,2026-08-06 16:11:57
Highway,80,ETU,5,9,1.25779029800186,QPSK,MRC,30,0,0,0,0,160,15,1740000,1.8125,0.5081424,2,13,HighMobility,0,2026-08-06 16:11:58
Highway,80,ETU,5,9,1.26311355141583,QPSK,LMMSE,0,0.183014547413793,0.331330818965517,1,84.9671355122812,1.41498045644733,4,0,0,0.1741228,1,13,HighMobility,0,2026-08-06 16:11:58
Highway,80,ETU,5,9,1.26444446123035,QPSK,LMMSE,5,0.104256465517241,0.193776939655172,1,61.5413474219718,4.21665998578128,5,0,0,0.158014,1,13,HighMobility,0,2026-08-06 16:11:58
Highway,80,ETU,5,9,1.26144191720583,QPSK,LMMSE,10,0.0155441810344828,0.0305226293103448,1,20.5433674706952,13.7465673062355,10,0,0,0.1598968,1,13,HighMobility,0,2026-08-06 16:11:58
Highway,80,ETU,5,9,1.26045298088306,QPSK,LMMSE,15,0.00354256465517241,0.00703125,0.7,9.25917380745515,20.6685552704024,13,522000,0.54375,0.1732142,1,13,HighMobility,0,2026-08-06 16:11:59
Highway,80,ETU,5,9,1.26455709946628,QPSK,LMMSE,20,9.42887931034483e-05,0.000188577586206897,0.1,0.614129605550647,44.2347993186859,15,1566000,1.63125,0.1709041,1,13,HighMobility,0,2026-08-06 16:11:59
Highway,80,ETU,5,9,0.961619269899881,QPSK,LMMSE,25,0,0,0,0,160,15,1740000,1.8125,0.1717555,1,13,HighMobility,0,2026-08-06 16:11:59
Highway,80,ETU,5,9,1.25728189111038,QPSK,LMMSE,30,0,0,0,0,160,15,1740000,1.8125,0.2141383,1,13,HighMobility,0,2026-08-06 16:11:59
Highway,80,ETU,5,9,1.26398268333132,QPSK,MPA,0,0.275740840517241,0.475754310344828,1,104.871481811277,-0.413148090689381,3,0,0,0.237306,10,13,HighMobility,0,2026-08-06 16:11:59
Highway,80,ETU,5,9,1.26446960871298,QPSK,MPA,5,0.21551724137931,0.382327586206897,1,92.3067805461825,0.69532791975633,4,0,0,0.2757593,10,13,HighMobility,0,2026-08-06 16:12:00
Highway,80,ETU,5,9,1.2473650437474,QPSK,MPA,10,0.169935344827586,0.31182650862069,1,81.8430534294951,1.74036352363953,4,0,0,0.3260038,10,13,HighMobility,0,2026-08-06 16:12:00
Highway,80,ETU,5,9,1.26492303549688,QPSK,MPA,15,0.133728448275862,0.24989224137931,1,72.9942009921835,2.73423281872307,5,0,0,0.2532262,10,13,HighMobility,0,2026-08-06 16:12:00
Highway,80,ETU,5,9,1.26482578657177,QPSK,MPA,20,0.137648168103448,0.256196120689655,1,74.091927467179,2.60458214201638,5,0,0,0.1922002,10,13,HighMobility,0,2026-08-06 16:12:00
Highway,80,ETU,5,9,1.26270686643311,QPSK,MPA,25,0.12667025862069,0.237877155172414,1,71.1049384263597,2.96200470640694,5,0,0,0.2032783,10,13,HighMobility,0,2026-08-06 16:12:01
Highway,80,ETU,5,9,1.25285444269743,QPSK,MPA,30,0.125444504310345,0.235883620689655,1,70.6626336949031,3.01620359677024,5,0,0,0.2020841,10,13,HighMobility,0,2026-08-06 16:12:01
Highway,80,ETU,5,9,1.26187814856062,16QAM,MRC,0,0.353434806034483,0.80948275862069,1,100.467612396898,-0.040521628315258,3,0,0,0.6163062,3.1,13,HighMobility,0,2026-08-06 16:12:01
Highway,80,ETU,5,9,1.26418432576148,16QAM,MRC,5,0.217766702586207,0.629418103448276,1,64.3220580570019,3.83280136588238,5,0,0,0.7399315,4.3,13,HighMobility,0,2026-08-06 16:12:02
Highway,80,ETU,5,9,1.25711199090428,16QAM,MRC,10,0.113745959051724,0.388631465517241,1,42.2972849943031,7.4737501701514,7,0,0,0.9716955,4.5,13,HighMobility,0,2026-08-06 16:12:03
Highway,80,ETU,5,9,1.25450233993057,16QAM,MRC,15,0.0651939655172414,0.230064655172414,1,29.1495429069613,10.7073650201857,9,0,0,0.778781,4,13,HighMobility,0,2026-08-06 16:12:04
Highway,80,ETU,5,9,1.1327123971199,16QAM,MRC,20,0.0134967672413793,0.0493803879310345,1,11.7482582869895,18.6005302804699,12,0,0,0.890435,7.3,13,HighMobility,0,2026-08-06 16:12:05
Highway,80,ETU,5,9,1.26451140126405,16QAM,MRC,25,2.02047413793103e-05,8.08189655172414e-05,0.1,0.181428752857415,54.8258776952677,15,3132000,3.2625,0.4947853,2.5,13,HighMobility,0,2026-08-06 16:12:05
Highway,80,ETU,5,9,1.18716734063822,16QAM,MRC,30,0,0,0,0,160,15,3480000,3.625,0.4683869,2,13,HighMobility,0,2026-08-06 16:12:06
Highway,80,ETU,5,9,1.26305577644598,16QAM,LMMSE,0,0.370413523706897,0.894612068965517,1,83.8392765680537,1.53104955564633,4,0,0,0.1431716,1,13,HighMobility,0,2026-08-06 16:12:06
Highway,80,ETU,5,9,1.26478586889997,16QAM,LMMSE,5,0.325754310344828,0.862715517241379,1,74.3099925824887,2.57905564090237,5,0,0,0.1349536,1,13,HighMobility,0,2026-08-06 16:12:06
Highway,80,ETU,5,9,1.26483637885118,16QAM,LMMSE,10,0.282785560344828,0.798383620689655,1,68.002130006639,3.34954967656878,5,0,0,0.1384773,1,13,HighMobility,0,2026-08-06 16:12:06
Highway,80,ETU,5,9,1.25752873829033,16QAM,LMMSE,15,0.190207435344828,0.587068965517241,1,53.9001461779311,5.3682011399822,6,0,0,0.138143,1,13,HighMobility,0,2026-08-06 16:12:06
Highway,80,ETU,5,9,1.26498813975189,16QAM,LMMSE,20,0.0505522629310345,0.184213362068966,1,23.695002188286,12.5068649371304,10,0,0,0.1380536,1,13,HighMobility,0,2026-08-06 16:12:06
Highway,80,ETU,5,9,1.26063755348722,16QAM,LMMSE,25,0.0141500538793103,0.0548221982758621,0.8,11.4539360105589,18.8209049495783,13,696000,0.725,0.1390076,1,13,HighMobility,0,2026-08-06 16:12:07
Highway,80,ETU,5,9,1.26479186384091,16QAM,LMMSE,30,0.000107758620689655,0.000431034482758621,0.2,0.553155663098216,45.1430527405767,15,2784000,2.9,0.1482318,1,13,HighMobility,0,2026-08-06 16:12:07
Highway,80,ETU,5,9,1.25570065060333,16QAM,MPA,0,0.379532596982759,0.900646551724138,1,85.2464061076523,1.38647842630241,4,0,0,0.3753186,10,13,HighMobility,0,2026-08-06 16:12:07
Highway,80,ETU,5,9,1.25771559688227,16QAM,MPA,5,0.345144127155172,0.880630387931034,1,77.9546984219334,2.16315408487766,4,0,0,0.3872956,10,13,HighMobility,0,2026-08-06 16:12:08
Highway,80,ETU,5,9,1.19950472970368,16QAM,MPA,10,0.335021551724138,0.872521551724138,1,76.012989592477,2.3822437264116,4,0,0,0.4335851,10,13,HighMobility,0,2026-08-06 16:12:08
Highway,80,ETU,5,9,1.19480186145284,16QAM,MPA,15,0.328468480603448,0.866971982758621,1,74.7098551658288,2.53244211045787,5,0,0,0.4435858,10,13,HighMobility,0,2026-08-06 16:12:08
Highway,80,ETU,5,9,1.24803005406666,16QAM,MPA,20,0.330286907327586,0.869154094827586,1,74.8475490506435,2.51644832891923,5,0,0,0.4546394,10,13,HighMobility,0,2026-08-06 16:12:09
Highway,80,ETU,5,9,1.26471837100826,16QAM,MPA,25,0.326919450431034,0.865651939655172,1,74.4332749396714,2.56465744713066,5,0,0,0.4360723,10,13,HighMobility,0,2026-08-06 16:12:09
Highway,80,ETU,5,9,1.07057394416051,16QAM,MPA,30,0.335021551724138,0.871848060344828,1,76.5055875547652,2.3261369033106,4,0,0,0.4394659,10,13,HighMobility,0,2026-08-06 16:12:10
Highway,80,ETU,5,9,1.25015017869989,64QAM,MRC,0,0.407758620689655,0.943965517241379,1,106.680064624901,-0.561665402117099,3,0,0,1.0635269,8.7,13,HighMobility,0,2026-08-06 16:12:11
Highway,80,ETU,5,9,1.25671951847172,64QAM,MRC,5,0.353214798850575,0.91082974137931,1,83.3833602242498,1.57841214882745,4,0,0,1.0519392,9.8,13,HighMobility,0,2026-08-06 16:12:12
Highway,80,ETU,5,9,1.24516743939317,64QAM,MRC,10,0.258315373563218,0.819234913793103,1,52.6485449190785,5.57227254364299,6,0,0,1.3122441,10,13,HighMobility,0,2026-08-06 16:12:13
Highway,80,ETU,5,9,1.22833402163372,64QAM,MRC,15,0.178111530172414,0.702074353448276,1,36.0506672150804,8.86173386152839,8,0,0,0.9648786,9.3,13,HighMobility,0,2026-08-06 16:12:14
Highway,80,ETU,5,9,1.15413322407034,64QAM,MRC,20,0.0519710847701149,0.270393318965517,1,15.908121957409,15.9676217642986,11,0,0,0.833447,7.6,13,HighMobility,0,2026-08-06 16:12:15
Highway,80,ETU,5,9,1.25464706264761,64QAM,MRC,25,0.029516882183908,0.159213362068966,1,10.9711105040582,19.1949882117234,13,0,0,1.0163218,9,13,HighMobility,0,2026-08-06 16:12:16
Highway,80,ETU,5,9,1.26505224306802,64QAM,MRC,30,0.00063757183908046,0.00366379310344828,0.4,1.08753419732371,39.271141556883,15,3132000,3.2625,1.5070518,11,13,HighMobility,0,2026-08-06 16:12:17
Highway,80,ETU,5,9,1.06371686775717,64QAM,LMMSE,0,0.423441989942529,0.980684267241379,1,90.7086423216895,0.84702666589505,4,0,0,0.1952051,1,13,HighMobility,0,2026-08-06 16:12:18
Highway,80,ETU,5,9,1.25654762302698,64QAM,LMMSE,5,0.406595725574713,0.979094827586207,1,88.2795868482568,1.08279416039844,4,0,0,0.1885273,1,13,HighMobility,0,2026-08-06 16:12:18
Highway,80,ETU,5,9,1.26505711419334,64QAM,LMMSE,10,0.39399694683908,0.974838362068966,1,82.7313609795856,1.64659662427994,4,0,0,0.1656706,1,13,HighMobility,0,2026-08-06 16:12:18
Highway,80,ETU,5,9,1.26494593926968,64QAM,LMMSE,15,0.379629130747126,0.960964439655172,1,67.8910605634301,3.36374813841445,5,0,0,0.1424536,1,13,HighMobility,0,2026-08-06 16:12:18
Highway,80,ETU,5,9,1.21973031159661,64QAM,LMMSE,20,0.277644576149425,0.884213362068966,1,47.871719960566,6.39841937350121,7,0,0,0.1393669,1,13,HighMobility,0,2026-08-06 16:12:18
Highway,80,ETU,5,9,1.26501349767694,64QAM,LMMSE,25,0.186386494252874,0.774461206896552,1,34.4919416215628,9.24564715249184,8,0,0,0.1436715,1,13,HighMobility,0,2026-08-06 16:12:18
Highway,80,ETU,5,9,1.25055367142717,64QAM,LMMSE,30,0.112908584770115,0.525350215517241,0.9,24.3082236790474,12.2849355204379,10,522000,0.54375,0.149058,1,13,HighMobility,0,2026-08-06 16:12:19
Highway,80,ETU,5,9,1.26483142124018,64QAM,MPA,0,0.420828843390805,0.979175646551724,1,90.2050086341857,0.895386951644982,4,0,0,0.559812,10,13,HighMobility,0,2026-08-06 16:12:19
Highway,80,ETU,5,9,1.26449231084542,64QAM,MPA,5,0.405091594827586,0.977801724137931,1,88.0785608623966,1.10259580048674,4,0,0,0.6386795,10,13,HighMobility,0,2026-08-06 16:12:20
Highway,80,ETU,5,9,1.26486295665034,64QAM,MPA,10,0.391410739942529,0.97645474137931,1,86.2033513695042,1.28951699139683,4,0,0,0.6786922,10,13,HighMobility,0,2026-08-06 16:12:21
Highway,80,ETU,5,9,1.2636783792067,64QAM,MPA,15,0.400965337643678,0.978367456896552,1,87.0224019725065,1.20737867161103,4,0,0,0.7480732,10,13,HighMobility,0,2026-08-06 16:12:21
Highway,80,ETU,5,9,1.24641930471889,64QAM,MPA,20,0.408265984195402,0.976804956896552,1,87.9856253893435,1.11176549427351,4,0,0,0.7298777,10,13,HighMobility,0,2026-08-06 16:12:22
Highway,80,ETU,5,9,1.18364977625525,64QAM,MPA,25,0.428888290229885,0.979633620689655,1,91.3348178622719,0.787272658973814,4,0,0,0.8961998,10,13,HighMobility,0,2026-08-06 16:12:23
Highway,80,ETU,5,9,1.26146812367638,64QAM,MPA,30,0.433647629310345,0.979768318965517,1,91.8769492193036,0.73586868034106,4,0,0,0.9692067,10,13,HighMobility,0,2026-08-06 16:12:24
Highway,82,ETU,5,9,1.29656267088757,QPSK,MRC,0,0.245730064655172,0.428582974137931,1,98.2812607291904,0.150585622549189,3,0,0,0.6032625,3.5,14,HighMobility,0,2026-08-06 16:12:24
Highway,82,ETU,5,9,1.22857579523268,QPSK,MRC,5,0.129283405172414,0.235964439655172,1,68.085046050981,3.33896528911416,5,0,0,0.5461951,3.5,14,HighMobility,0,2026-08-06 16:12:25
Highway,82,ETU,5,9,1.22502715804683,QPSK,MRC,10,0.0163927801724138,0.03203125,1,22.620199406303,12.9100714182066,10,0,0,0.5845692,3.7,14,HighMobility,0,2026-08-06 16:12:26
Highway,82,ETU,5,9,1.26778603883806,QPSK,MRC,15,0.00115840517241379,0.00231681034482759,0.7,4.88704086175669,26.2190805942626,15,522000,0.54375,0.4837229,2.3,14,HighMobility,0,2026-08-06 16:12:26
Highway,82,ETU,5,9,1.27242788528765,QPSK,MRC,20,0,0,0,0,160,15,1740000,1.8125,0.4456167,2,14,HighMobility,0,2026-08-06 16:12:27
Highway,82,ETU,5,9,1.19442335860081,QPSK,MRC,25,0,0,0,0,160,15,1740000,1.8125,0.4720014,2,14,HighMobility,0,2026-08-06 16:12:27
Highway,82,ETU,5,9,1.28881749038173,QPSK,MRC,30,0,0,0,0,160,15,1740000,1.8125,0.4955831,2,14,HighMobility,0,2026-08-06 16:12:27
Highway,82,ETU,5,9,1.25515971339566,QPSK,LMMSE,0,0.209415409482759,0.371551724137931,1,90.3716281171526,0.879357869728743,4,0,0,0.151316,1,14,HighMobility,0,2026-08-06 16:12:28
Highway,82,ETU,5,9,1.25250073841083,QPSK,LMMSE,5,0.104000538793103,0.193669181034483,1,61.2645503208581,4.25581499686739,5,0,0,0.1349878,1,14,HighMobility,0,2026-08-06 16:12:28
Highway,82,ETU,5,9,1.24757345193193,QPSK,LMMSE,10,0.0301185344827586,0.05859375,1,30.3008607810509,10.3709006793594,9,0,0,0.1399676,1,14,HighMobility,0,2026-08-06 16:12:28
Highway,82,ETU,5,9,1.29663057311505,QPSK,LMMSE,15,0.000875538793103448,0.0017510775862069,0.5,3.76206030532321,28.4914849409484,15,870000,0.90625,0.1440122,1,14,HighMobility,0,2026-08-06 16:12:28
Highway,82,ETU,5,9,1.29298782426633,QPSK,LMMSE,20,0,0,0,0,160,15,1740000,1.8125,0.1387765,1,14,HighMobility,0,2026-08-06 16:12:28
Highway,82,ETU,5,9,1.25474669525541,QPSK,LMMSE,25,0,0,0,0,160,15,1740000,1.8125,0.1370699,1,14,HighMobility,0,2026-08-06 16:12:28
Highway,82,ETU,5,9,1.28295854385046,QPSK,LMMSE,30,0,0,0,0,160,15,1740000,1.8125,0.1362096,1,14,HighMobility,0,2026-08-06 16:12:28
Highway,82,ETU,5,9,1.28401612253092,QPSK,MPA,0,0.269598599137931,0.466945043103448,1,103.702537446796,-0.315787661177033,3,0,0,0.1866344,10,14,HighMobility,0,2026-08-06 16:12:29
Highway,82,ETU,5,9,1.28612218233619,QPSK,MPA,5,0.214507004310345,0.381411637931034,1,92.5155489538137,0.67570539768634,4,0,0,0.229126,10,14,HighMobility,0,2026-08-06 16:12:29
Highway,82,ETU,5,9,1.29635354129614,QPSK,MPA,10,0.154862607758621,0.285775862068965,1,78.4070699313038,2.11289550811767,4,0,0,0.2414331,10,14,HighMobility,0,2026-08-06 16:12:29
Highway,82,ETU,5,9,1.26182295637267,QPSK,MPA,15,0.141473599137931,0.261664870689655,1,74.9146719173897,2.50866236196416,5,0,0,0.2400966,10,14,HighMobility,0,2026-08-06 16:12:29
Highway,82,ETU,5,9,1.25261403942655,QPSK,MPA,20,0.122992995689655,0.230603448275862,1,69.7552491166224,3.12846211904889,5,0,0,0.2488939,10,14,HighMobility,0,2026-08-06 16:12:30
Highway,82,ETU,5,9,1.14607600403182,QPSK,MPA,25,0.121699892241379,0.228286637931034,1,69.4919126097139,3.16131470340509,5,0,0,0.2553082,10,14,HighMobility,0,2026-08-06 16:12:30
Highway,82,ETU,5,9,1.27356697061786,QPSK,MPA,30,0.115220905172414,0.216971982758621,1,67.7289184095733,3.38451719524163,5,0,0,0.2619722,10,14,HighMobility,0,2026-08-06 16:12:30
Highway,82,ETU,5,9,1.27033268307731,16QAM,MRC,0,0.360526670258621,0.81417025862069,1,101.924289892123,-0.165553887986568,3,0,0,0.9036758,4.2,14,HighMobility,0,2026-08-06 16:12:31
Highway,82,ETU,5,9,1.28935307098457,16QAM,MRC,5,0.238934536637931,0.653529094827586,1,69.2208128009521,3.19526610924698,5,0,0,0.6351127,4.4,14,HighMobility,0,2026-08-06 16:12:32
Highway,82,ETU,5,9,1.28563938883138,16QAM,MRC,10,0.150242456896552,0.482893318965517,1,49.863590023289,6.04432913711149,7,0,0,0.6702924,4.8,14,HighMobility,0,2026-08-06 16:12:32
Highway,82,ETU,5,9,1.29669780792586,16QAM,MRC,15,0.0713766163793104,0.255711206896552,1,32.4553157523006,9.77428322668873,8,0,0,0.7891421,6.4,14,HighMobility,0,2026-08-06 16:12:33
Highway,82,ETU,5,9,1.22124192876122,16QAM,MRC,20,0.00615571120689655,0.0241379310344828,0.9,7.8828495403839,22.0663352543687,14,348000,0.3625,0.7774599,6.4,14,HighMobility,0,2026-08-06 16:12:34
Highway,82,ETU,5,9,1.29649137651868,16QAM,MRC,25,0.0001953125,0.00078125,0.2,0.684661719085989,43.2904790759086,15,2784000,2.9,0.5713618,3.6,14,HighMobility,0,2026-08-06 16:12:35
Highway,82,ETU,5,9,1.2382606838844,16QAM,MRC,30,0,0,0,0,160,15,3480000,3.625,0.4641409,2,14,HighMobility,0,2026-08-06 16:12:35
Highway,82,ETU,5,9,1.27448006248401,16QAM,LMMSE,0,0.380300377155172,0.899164870689655,1,85.4292874866251,1.36786431612538,4,0,0,0.1386152,1,14,HighMobility,0,2026-08-06 16:12:35
Highway,82,ETU,5,9,1.17369750500624,16QAM,LMMSE,5,0.336954471982759,0.874057112068966,1,76.340037968304,2.34495256774342,4,0,0,0.1426944,1,14,HighMobility,0,2026-08-06 16:12:35
Highway,82,ETU,5,9,1.295314716433,16QAM,LMMSE,10,0.271780711206897,0.769342672413793,1,66.5574730100548,3.53606350556732,5,0,0,0.137382,1,14,HighMobility,0,2026-08-06 16:12:35
Highway,82,ETU,5,9,1.29623128977345,16QAM,LMMSE,15,0.183149245689655,0.590086206896552,1,53.8362595874567,5.37850242923189,6,0,0,0.1515751,1,14,HighMobility,0,2026-08-06 16:12:36
Highway,82,ETU,5,9,1.28773595378907,16QAM,LMMSE,20,0.0734375,0.264466594827586,1,32.1259950928712,9.86286822627146,8,0,0,0.1634793,1,14,HighMobility,0,2026-08-06 16:12:36
Highway,82,ETU,5,9,1.29482901339909,16QAM,LMMSE,25,0.00257947198275862,0.0101831896551724,0.6,4.23410410078435,27.4647693701657,15,1392000,1.45,0.1788047,1,14,HighMobility,0,2026-08-06 16:12:36
Highway,82,ETU,5,9,1.27369895630249,16QAM,LMMSE,30,0.000114493534482759,0.000457974137931034,0.1,0.428978455981228,47.3512903653225,15,3132000,3.2625,0.1727335,1,14,HighMobility,0,2026-08-06 16:12:36
Highway,82,ETU,5,9,1.26867540106186,16QAM,MPA,0,0.382926993534483,0.899568965517241,1,86.2892108073567,1.28087006014655,4,0,0,0.3562648,10,14,HighMobility,0,2026-08-06 16:12:36
Highway,82,ETU,5,9,1.29561813439846,16QAM,MPA,5,0.347023168103448,0.881869612068966,1,78.6337885503569,2.08781599325552,4,0,0,0.4210299,10,14,HighMobility,0,2026-08-06 16:12:37
Highway,82,ETU,5,9,1.18895084082216,16QAM,MPA,10,0.330899784482759,0.869989224137931,1,75.138293274393,2.48277347848739,5,0,0,0.4405035,10,14,HighMobility,0,2026-08-06 16:12:37
Highway,82,ETU,5,9,1.28929546562172,16QAM,MPA,15,0.331115301724138,0.870096982758621,1,75.0659836019468,2.49113640790875,5,0,0,0.4407994,10,14,HighMobility,0,2026-08-06 16:12:38
Highway,82,ETU,5,9,1.2961404092441,16QAM,MPA,20,0.330199353448276,0.868372844827586,1,74.8097185580857,2.52083958228848,5,0,0,0.3250761,10,14,HighMobility,0,2026-08-06 16:12:38
Highway,82,ETU,5,9,1.27954372782756,16QAM,MPA,25,0.324730603448276,0.86417025862069,1,73.9066614821852,2.62632830529158,5,0,0,0.2757072,10,14,HighMobility,0,2026-08-06 16:12:38
Highway,82,ETU,5,9,1.29646164912862,16QAM,MPA,30,0.335223599137931,0.868965517241379,1,76.0945443167902,2.37292958680889,4,0,0,0.300943,10,14,HighMobility,0,2026-08-06 16:12:39
Highway,82,ETU,5,9,1.25705232370782,64QAM,MRC,0,0.417241379310345,0.953340517241379,1,111.024167668312,-0.908350520334342,3,0,0,1.0696694,9.8,14,HighMobility,0,2026-08-06 16:12:40
Highway,82,ETU,5,9,1.29637621933732,64QAM,MRC,5,0.327994791666667,0.901400862068966,1,70.0995152080102,3.08569971005743,5,0,0,1.0575529,10.7,14,HighMobility,0,2026-08-06 16:12:41
Highway,82,ETU,5,9,1.29306256334004,64QAM,MRC,10,0.244324712643678,0.821659482758621,1,48.0393790909357,6.36805228979689,7,0,0,1.0326938,9,14,HighMobility,0,2026-08-06 16:12:42
Highway,82,ETU,5,9,1.28349977609829,64QAM,MRC,15,0.172737068965517,0.689897629310345,1,35.1496693501784,9.08157511989217,8,0,0,1.3509509,9.1,14,HighMobility,0,2026-08-06 16:12:43
Highway,82,ETU,5,9,1.13995399507239,64QAM,MRC,20,0.081164691091954,0.408189655172414,1,21.2454292004743,13.4546898172462,10,0,0,1.1724251,7.9,14,HighMobility,0,2026-08-06 16:12:44
Highway,82,ETU,5,9,1.29321669743144,64QAM,MRC,25,0.0258575790229885,0.141217672413793,0.9,9.6092299392376,20.3462282852135,13,522000,0.54375,1.2344631,11,14,HighMobility,0,2026-08-06 16:12:46
Highway,82,ETU,5,9,1.29423194302716,64QAM,MRC,30,0.000184087643678161,0.00105064655172414,0.3,0.460555762476176,46.7343555886231,15,3654000,3.80625,1.7067232,15.1,14,HighMobility,0,2026-08-06 16:12:47
Highway,82,ETU,5,9,1.29344395160005,64QAM,LMMSE,0,0.418705100574713,0.979256465517241,1,90.102751937729,0.905238890048311,4,0,0,0.1353445,1,14,HighMobility,0,2026-08-06 16:12:47
Highway,82,ETU,5,9,1.21089888062519,64QAM,LMMSE,5,0.403569504310345,0.979148706896552,1,87.7273692516919,1.13729787939756,4,0,0,0.1333828,1,14,HighMobility,0,2026-08-06 16:12:48
Highway,82,ETU,5,9,1.29658268599153,64QAM,LMMSE,10,0.395519037356322,0.974407327586207,1,83.7926292824138,1.53588363759972,4,0,0,0.1395727,1,14,HighMobility,0,2026-08-06 16:12:48
Highway,82,ETU,5,9,1.29593446811561,64QAM,LMMSE,15,0.375260416666667,0.957327586206897,1,66.6026407397597,3.53017102140795,5,0,0,0.1443503,1,14,HighMobility,0,2026-08-06 16:12:48
Highway,82,ETU,5,9,1.28846183522094,64QAM,LMMSE,20,0.276980064655172,0.886557112068965,1,49.1229717481668,6.17430735900264,7,0,0,0.145034,1,14,HighMobility,0,2026-08-06 16:12:48
Highway,82,ETU,5,9,1.1800056428234,64QAM,LMMSE,25,0.170334949712644,0.706061422413793,1,32.692690757118,9.71098667075578,8,0,0,0.1459595,1,14,HighMobility,0,2026-08-06 16:12:48
Highway,82,ETU,5,9,1.2722974248126,64QAM,LMMSE,30,0.0742950790229885,0.363766163793103,0.8,17.5221075689131,15.1282731568516,11,1044000,1.0875,0.1473762,1,14,HighMobility,0,2026-08-06 16:12:48
Highway,82,ETU,5,9,1.27945805501147,64QAM,MPA,0,0.428982579022989,0.980980603448276,1,91.4902249275239,0.77250609393142,4,0,0,0.6755079,10,14,HighMobility,0,2026-08-06 16:12:49
Highway,82,ETU,5,9,1.244956088954,64QAM,MPA,5,0.404305854885057,0.979094827586207,1,87.8893037736953,1.12127951666328,4,0,0,0.9118969,10,14,HighMobility,0,2026-08-06 16:12:50
Highway,82,ETU,5,9,1.25925858523499,64QAM,MPA,10,0.387185704022989,0.976400862068965,1,85.5998254983832,1.35054241327154,4,0,0,0.9173596,10,14,HighMobility,0,2026-08-06 16:12:51
Highway,82,ETU,5,9,1.28807362223836,64QAM,MPA,15,0.39968121408046,0.978205818965517,1,86.6045860989231,1.24918219089564,4,0,0,0.6571021,10,14,HighMobility,0,2026-08-06 16:12:51
Highway,82,ETU,5,9,1.2786295255885,64QAM,MPA,20,0.40980154454023,0.979283405172414,1,88.2218797425741,1.08847385903022,4,0,0,0.6467524,10,14,HighMobility,0,2026-08-06 16:12:52
Highway,82,ETU,5,9,1.29283640950385,64QAM,MPA,25,0.425453484195402,0.97979525862069,1,90.4493436323214,0.871891607127067,4,0,0,0.7203624,10,14,HighMobility,0,2026-08-06 16:12:53
Highway,82,ETU,5,9,1.26186486493506,64QAM,MPA,30,0.426266163793103,0.980845905172414,1,90.7971700098979,0.838553749454653,4,0,0,0.8940299,10,14,HighMobility,0,2026-08-06 16:12:54
Highway,90,ETU,5,9,1.34241203928537,QPSK,MRC,0,0.233216594827586,0.409536637931035,1,95.8935916484072,0.364208295528812,4,0,0,0.5357877,2.7,15,HighMobility,0,2026-08-06 16:12:54
Highway,90,ETU,5,9,1.42265313194689,QPSK,MRC,5,0.116675646551724,0.214574353448276,1,65.0933374993443,3.72926921030867,5,0,0,0.5371062,3.2,15,HighMobility,0,2026-08-06 16:12:55
Highway,90,ETU,5,9,1.42199392885699,QPSK,MRC,10,0.0186961206896552,0.0359375,1,21.1561309064129,13.4912750877813,10,0,0,0.5431729,3.3,15,HighMobility,0,2026-08-06 16:12:55
Highway,90,ETU,5,9,1.41140258291135,QPSK,MRC,15,0.000915948275862069,0.00183189655172414,0.5,3.62491296322972,28.8140483338203,15,870000,0.90625,0.4758506,2.3,15,HighMobility,0,2026-08-06 16:12:56
Highway,90,ETU,5,9,1.41736568240503,QPSK,MRC,20,0,0,0,0,160,15,1740000,1.8125,0.4572407,2,15,HighMobility,0,2026-08-06 16:12:56
Highway,90,ETU,5,9,1.35068146397099,QPSK,MRC,25,0,0,0,0,160,15,1740000,1.8125,0.5548043,2,15,HighMobility,0,2026-08-06 16:12:57
Highway,90,ETU,5,9,1.0899191957862,QPSK,MRC,30,0,0,0,0,160,15,1740000,1.8125,0.5949757,2,15,HighMobility,0,2026-08-06 16:12:57
Highway,90,ETU,5,9,1.42078711632434,QPSK,LMMSE,0,0.186691810344828,0.337984913793103,1,85.9174767876426,1.31836971512834,4,0,0,0.1844291,1,15,HighMobility,0,2026-08-06 16:12:58
Highway,90,ETU,5,9,1.40989806188866,QPSK,LMMSE,5,0.0933054956896552,0.177047413793103,1,60.2095209528122,4.4066965634398,6,0,0,0.1885344,1,15,HighMobility,0,2026-08-06 16:12:58
Highway,90,ETU,5,9,1.42277060562288,QPSK,LMMSE,10,0.0343345905172414,0.0648168103448276,1,28.7364576373444,10.831335373564,9,0,0,0.1952723,1,15,HighMobility,0,2026-08-06 16:12:58
Highway,90,ETU,5,9,1.4102490051353,QPSK,LMMSE,15,0.00673491379310345,0.0132004310344828,0.7,8.29567183320852,21.6229687289223,14,522000,0.54375,0.1877346,1,15,HighMobility,0,2026-08-06 16:12:58
Highway,90,ETU,5,9,1.40427966907636,QPSK,LMMSE,20,0.000821659482758621,0.00164331896551724,0.3,2.58669269965354,31.7451032522786,15,1218000,1.26875,0.1899483,1,15,HighMobility,0,2026-08-06 16:12:58
Highway,90,ETU,5,9,1.42315992562579,QPSK,LMMSE,25,0,0,0,0,160,15,1740000,1.8125,0.1868281,1,15,HighMobility,0,2026-08-06 16:12:59
Highway,90,ETU,5,9,1.41390603438737,QPSK,LMMSE,30,0,0,0,0,160,15,1740000,1.8125,0.1720359,1,15,HighMobility,0,2026-08-06 16:12:59
Highway,90,ETU,5,9,1.39099143905292,QPSK,MPA,0,0.275053879310345,0.473033405172414,1,104.609274952662,-0.391403840182715,3,0,0,0.2602557,10,15,HighMobility,0,2026-08-06 16:12:59
Highway,90,ETU,5,9,1.2773057695909,QPSK,MPA,5,0.186314655172414,0.337553879310345,1,86.0607801908242,1.30389442209136,4,0,0,0.1817559,10,15,HighMobility,0,2026-08-06 16:12:59
Highway,90,ETU,5,9,1.41571232355712,QPSK,MPA,10,0.156802262931034,0.287931034482759,1,78.9734235876363,2.05038068839264,4,0,0,0.177167,10,15,HighMobility,0,2026-08-06 16:12:59
Highway,90,ETU,5,9,1.42180989493904,QPSK,MPA,15,0.130495689655172,0.244181034482759,1,72.0108057149085,2.85204659630739,5,0,0,0.1787576,10,15,HighMobility,0,2026-08-06 16:13:00
Highway,90,ETU,5,9,1.41781719624685,QPSK,MPA,20,0.124084051724138,0.232381465517241,1,70.336520340625,3.05638241450876,5,0,0,0.1774072,10,15,HighMobility,0,2026-08-06 16:13:00
Highway,90,ETU,5,9,1.42263960015076,QPSK,MPA,25,0.121417025862069,0.227586206896552,1,69.5521578632434,3.15378782858992,5,0,0,0.1805614,10,15,HighMobility,0,2026-08-06 16:13:00
Highway,90,ETU,5,9,1.38175622705199,QPSK,MPA,30,0.129310344827586,0.240840517241379,1,71.6161584926055,2.89977956712684,5,0,0,0.1858838,10,15,HighMobility,0,2026-08-06 16:13:00
Highway,90,ETU,5,9,1.31910983257838,16QAM,MRC,0,0.354330549568966,0.808647629310345,1,99.7105245749805,0.025179978480057,3,0,0,0.5926261,3.6,15,HighMobility,0,2026-08-06 16:13:01
Highway,90,ETU,5,9,1.21788207668245,16QAM,MRC,5,0.239096174568966,0.66171875,1,69.2327614941376,3.19376690590587,5,0,0,0.6844452,4.5,15,HighMobility,0,2026-08-06 16:13:01
Highway,90,ETU,5,9,1.42320431028932,16QAM,MRC,10,0.13125,0.439089439655172,1,45.9241085666364,6.75918530070359,7,0,0,0.9257897,4.7,15,HighMobility,0,2026-08-06 16:13:02
Highway,90,ETU,5,9,1.34923596122358,16QAM,MRC,15,0.0642039331896552,0.233755387931034,1,30.4948134503352,10.3154803812217,9,0,0,1.0473416,6.1,15,HighMobility,0,2026-08-06 16:13:03
Highway,90,ETU,5,9,1.40697375817355,16QAM,MRC,20,0.020965786637931,0.0685883620689655,0.8,10.4959368420985,19.5795758253947,13,696000,0.725,0.8277512,5.6,15,HighMobility,0,2026-08-06 16:13:04
Highway,90,ETU,5,9,1.41999634042264,16QAM,MRC,25,0.000134698275862069,0.000538793103448276,0.3,0.724432781263723,42.8000381136028,15,2436000,2.5375,0.5656935,3.3,15,HighMobility,0,2026-08-06 16:13:05
Highway,90,ETU,5,9,1.40769354750656,16QAM,MRC,30,0,0,0,0,160,15,3480000,3.625,0.4458931,2,15,HighMobility,0,2026-08-06 16:13:05
Highway,90,ETU,5,9,1.37931586365201,16QAM,LMMSE,0,0.379842403017241,0.900323275862069,1,85.3767230647387,1.37321036665761,4,0,0,0.1452482,1,15,HighMobility,0,2026-08-06 16:13:05
Highway,90,ETU,5,9,1.42314751257571,16QAM,LMMSE,5,0.34639682112069,0.880334051724138,1,78.2134540838739,2.13437068514459,4,0,0,0.1760355,1,15,HighMobility,0,2026-08-06 16:13:05
Highway,90,ETU,5,9,1.41996457313691,16QAM,LMMSE,10,0.264129849137931,0.752155172413793,1,64.9704644230599,3.74568057583583,5,0,0,0.1765607,1,15,HighMobility,0,2026-08-06 16:13:06
Highway,90,ETU,5,9,1.33743009160033,16QAM,LMMSE,15,0.158647629310345,0.520797413793103,1,49.6427623038604,6.08288121552629,7,0,0,0.1776089,1,15,HighMobility,0,2026-08-06 16:13:06
Highway,90,ETU,5,9,1.41565007840835,16QAM,LMMSE,20,0.0382610452586207,0.143615301724138,0.8,21.2152664140941,13.467030202817,10,696000,0.725,0.1798901,1,15,HighMobility,0,2026-08-06 16:13:06
Highway,90,ETU,5,9,1.42294636837581,16QAM,LMMSE,25,0.0155172413793103,0.0588631465517241,0.8,12.2529925055707,18.2351566424108,12,696000,0.725,0.1874354,1,15,HighMobility,0,2026-08-06 16:13:06
Highway,90,ETU,5,9,1.41431885125967,16QAM,LMMSE,30,0.000282866379310345,0.00113146551724138,0.3,1.09311143385409,39.2267112597964,15,2436000,2.5375,0.2065097,1,15,HighMobility,0,2026-08-06 16:13:06
Highway,90,ETU,5,9,1.41068274976983,16QAM,MPA,0,0.374380387931035,0.895878232758621,1,84.368336875337,1.47641023819081,4,0,0,0.3239358,10,15,HighMobility,0,2026-08-06 16:13:07
Highway,90,ETU,5,9,1.42136782680619,16QAM,MPA,5,0.350606142241379,0.884671336206897,1,79.2437339498695,2.02070137553758,4,0,0,0.2887361,10,15,HighMobility,0,2026-08-06 16:13:07
Highway,90,ETU,5,9,1.42222076017453,16QAM,MPA,10,0.333634159482759,0.869692887931034,1,75.7784429606722,2.40908645061489,5,0,0,0.3023583,10,15,HighMobility,0,2026-08-06 16:13:07
Highway,90,ETU,5,9,1.37566776167524,16QAM,MPA,15,0.331997575431034,0.870231681034483,1,75.3353800754811,2.4600203264685,5,0,0,0.2971278,10,15,HighMobility,0,2026-08-06 16:13:08
Highway,90,ETU,5,9,1.40459943191084,16QAM,MPA,20,0.33331088362069,0.872925646551724,1,75.5812695035283,2.4317163542952,5,0,0,0.3063551,10,15,HighMobility,0,2026-08-06 16:13:08
Highway,90,ETU,5,9,1.40999116669815,16QAM,MPA,25,0.328838900862069,0.867025862068965,1,74.5925200630767,2.54609440448778,5,0,0,0.2981561,10,15,HighMobility,0,2026-08-06 16:13:08
Highway,90,ETU,5,9,1.41546135650909,16QAM,MPA,30,0.331573275862069,0.86864224137931,1,75.2345207887683,2.47165681901263,5,0,0,0.3777149,10,15,HighMobility,0,2026-08-06 16:13:09
Highway,90,ETU,5,9,1.38735998835102,64QAM,MRC,0,0.408324353448276,0.94609375,1,105.942713862693,-0.501421875388976,3,0,0,1.2227881,7.6,15,HighMobility,0,2026-08-06 16:13:10
Highway,90,ETU,5,9,1.38563319155235,64QAM,MRC,5,0.333045977011494,0.90245150862069,1,74.2022026090259,2.59166405971647,5,0,0,1.3074266,10.6,15,HighMobility,0,2026-08-06 16:13:11
Highway,90,ETU,5,9,1.42281793989723,64QAM,MRC,10,0.22957974137931,0.797252155172414,1,44.6623749439555,7.00116373651824,7,0,0,0.8677611,7.7,15,HighMobility,0,2026-08-06 16:13:12
Highway,90,ETU,5,9,1.42273864587876,64QAM,MRC,15,0.139340876436782,0.621659482758621,1,29.7646839366204,10.525974494941,9,0,0,1.0292521,10.1,15,HighMobility,0,2026-08-06 16:13:13
Highway,90,ETU,5,9,1.40771331898329,64QAM,MRC,20,0.041015625,0.22578125,1,14.684521844717,16.662803806905,12,0,0,0.9851416,9.7,15,HighMobility,0,2026-08-06 16:13:14
Highway,90,ETU,5,9,1.41765078450996,64QAM,MRC,25,0.0190912356321839,0.10546875,0.9,7.75861393959224,22.2043171525496,14,522000,0.54375,1.4548362,11.4,15,HighMobility,0,2026-08-06 16:13:15
Highway,90,ETU,5,9,1.39993883699618,64QAM,MRC,30,0.0016253591954023,0.00948275862068966,0.2,1.01256113556087,39.8915749171264,15,4176000,4.35,1.869029,14.1,15,HighMobility,0,2026-08-06 16:13:17
Highway,90,ETU,5,9,1.42200328713769,64QAM,LMMSE,0,0.424128951149425,0.979498922413793,1,90.9529148945171,0.823667558767845,4,0,0,0.1690014,1,15,HighMobility,0,2026-08-06 16:13:18
Highway,90,ETU,5,9,1.39351258327879,64QAM,LMMSE,5,0.398419540229885,0.978098060344828,1,87.0903972816435,1.20059456632268,4,0,0,0.151365,1,15,HighMobility,0,2026-08-06 16:13:18
Highway,90,ETU,5,9,1.3125139346546,64QAM,LMMSE,10,0.396614583333333,0.976481681034483,1,85.5105145266716,1.3596096071546,4,0,0,0.1394508,1,15,HighMobility,0,2026-08-06 16:13:18
Highway,90,ETU,5,9,1.40423150767318,64QAM,LMMSE,15,0.380594468390805,0.962284482758621,1,69.8893393789119,3.11178129252642,5,0,0,0.1476519,1,15,HighMobility,0,2026-08-06 16:13:18
Highway,90,ETU,5,9,1.42316366944433,64QAM,LMMSE,20,0.260102370689655,0.881115301724138,1,44.57564085248,7.0180480873617,7,0,0,0.1469874,1,15,HighMobility,0,2026-08-06 16:13:18
Highway,90,ETU,5,9,1.18333272942265,64QAM,LMMSE,25,0.165247844827586,0.666163793103448,1,31.6433988778929,9.99433748538696,8,0,0,0.1475372,1,15,HighMobility,0,2026-08-06 16:13:18
Highway,90,ETU,5,9,1.42103187764758,64QAM,LMMSE,30,0.0502918462643678,0.269854525862069,0.8,14.9066271961196,16.5324121957483,12,1044000,1.0875,0.1483584,1,15,HighMobility,0,2026-08-06 16:13:18
Highway,90,ETU,5,9,1.41922443841875,64QAM,MPA,0,0.427725395114943,0.980899784482759,1,91.4819992542018,0.773287057173707,4,0,0,0.5701823,10,15,HighMobility,0,2026-08-06 16:13:19
Highway,90,ETU,5,9,1.41877238427656,64QAM,MPA,5,0.407489224137931,0.978690732758621,1,88.4776983313929,1.06332367354003,4,0,0,0.6176685,10,15,HighMobility,0,2026-08-06 16:13:20
Highway,90,ETU,5,9,1.41844563499714,64QAM,MPA,10,0.392497306034483,0.97588900862069,1,86.3335079880126,1.27641224099523,4,0,0,0.7520008,10,15,HighMobility,0,2026-08-06 16:13:20
Highway,90,ETU,5,9,1.42320659399147,64QAM,MPA,15,0.402756824712644,0.976885775862069,1,87.0039304413251,1.20922254982951,4,0,0,1.0923234,10,15,HighMobility,0,2026-08-06 16:13:21
Highway,90,ETU,5,9,1.42202762619084,64QAM,MPA,20,0.423275862068966,0.979364224137931,1,90.232589638495,0.892731567582053,4,0,0,1.0556193,10,15,HighMobility,0,2026-08-06 16:13:23
Highway,90,ETU,5,9,1.41437637484548,64QAM,MPA,25,0.42471713362069,0.981573275862069,1,90.1743639413412,0.898338247226065,4,0,0,1.0144325,10,15,HighMobility,0,2026-08-06 16:13:24
Highway,90,ETU,5,9,1.3678556870557,64QAM,MPA,30,0.424245689655172,0.978825431034483,1,90.5410263016265,0.863091739866577,4,0,0,0.653452,10,15,HighMobility,0,2026-08-06 16:13:24
Highway,70,ETU,5,9,1.10604657453378,QPSK,MRC,0,0.210533405172414,0.367510775862069,1,88.9862676560104,1.01354016853256,4,0,0,0.6126831,3.2,16,HighMobility,0,2026-08-06 16:13:25
Highway,70,ETU,5,9,1.09556732475193,QPSK,MRC,5,0.109684806034483,0.204148706896552,1,64.3647432939193,3.82703917012111,5,0,0,0.5630912,3.1,16,HighMobility,0,2026-08-06 16:13:25
Highway,70,ETU,5,9,1.10584290944729,QPSK,MRC,10,0.0213900862068966,0.041864224137931,1,24.367288852291,12.2638557700101,10,0,0,0.6111322,3.1,16,HighMobility,0,2026-08-06 16:13:26
Highway,70,ETU,5,9,1.09092343075131,QPSK,MRC,15,0.0040948275862069,0.00805495689655172,0.3,4.8475697187157,26.2895187218875,15,1218000,1.26875,0.4867591,2,16,HighMobility,0,2026-08-06 16:13:26
Highway,70,ETU,5,9,1.10677580796099,QPSK,MRC,20,0,0,0,0,160,15,1740000,1.8125,0.5654964,2,16,HighMobility,0,2026-08-06 16:13:27
Highway,70,ETU,5,9,1.1036409097946,QPSK,MRC,25,0,0,0,0,160,15,1740000,1.8125,0.6190203,2,16,HighMobility,0,2026-08-06 16:13:28
Highway,70,ETU,5,9,1.10613601395143,QPSK,MRC,30,0,0,0,0,160,15,1740000,1.8125,0.6369399,2,16,HighMobility,0,2026-08-06 16:13:28
Highway,70,ETU,5,9,1.10685843176491,QPSK,LMMSE,0,0.190490301724138,0.340840517241379,1,86.3664091023677,1.27310273793895,4,0,0,0.2042287,1,16,HighMobility,0,2026-08-06 16:13:29
Highway,70,ETU,5,9,1.10607369796007,QPSK,LMMSE,5,0.113510237068966,0.212796336206897,1,66.6142038558024,3.52866316479453,5,0,0,0.2051265,1,16,HighMobility,0,2026-08-06 16:13:29
Highway,70,ETU,5,9,1.10344909352676,QPSK,LMMSE,10,0.0291082974137931,0.0561691810344828,1,30.3202731491086,10.3653378110528,9,0,0,0.1920955,1,16,HighMobility,0,2026-08-06 16:13:29
Highway,70,ETU,5,9,1.10614724555173,QPSK,LMMSE,15,0.00228987068965517,0.00457974137931034,0.8,7.41094459610369,22.6025286697514,14,348000,0.3625,0.1873556,1,16,HighMobility,0,2026-08-06 16:13:29
Highway,70,ETU,5,9,1.05385721378908,QPSK,LMMSE,20,1.34698275862069e-05,2.69396551724138e-05,0.1,0.232119172721315,52.6857797188284,15,1566000,1.63125,0.20292,1,16,HighMobility,0,2026-08-06 16:13:29
Highway,70,ETU,5,9,1.10311369122041,QPSK,LMMSE,25,0,0,0,0,160,15,1740000,1.8125,0.1660086,1,16,HighMobility,0,2026-08-06 16:13:29
Highway,70,ETU,5,9,1.09900456991398,QPSK,LMMSE,30,0,0,0,0,160,15,1740000,1.8125,0.1367905,1,16,HighMobility,0,2026-08-06 16:13:30
Highway,70,ETU,5,9,1.10638943584057,QPSK,MPA,0,0.259240301724138,0.448733836206897,1,101.474417778142,-0.127131363577465,3,0,0,0.158758,10,16,HighMobility,0,2026-08-06 16:13:30
Highway,70,ETU,5,9,1.10683326005887,QPSK,MPA,5,0.206734913793103,0.370070043103448,1,90.6671247164569,0.851003132534165,4,0,0,0.1645644,10,16,HighMobility,0,2026-08-06 16:13:30
Highway,70,ETU,5,9,0.990181104162168,QPSK,MPA,10,0.15809536637931,0.290921336206897,1,79.296636310052,2.01490469323592,4,0,0,0.1700794,10,16,HighMobility,0,2026-08-06 16:13:30
Highway,70,ETU,5,9,1.05757425976457,QPSK,MPA,15,0.142322198275862,0.263766163793103,1,75.183243699848,2.47757882103268,5,0,0,0.2018119,10,16,HighMobility,0,2026-08-06 16:13:30
Highway,70,ETU,5,9,0.705090745129915,QPSK,MPA,20,0.13231411637931,0.247575431034483,1,72.6588905365689,2.77422475746626,5,0,0,0.2329963,10,16,HighMobility,0,2026-08-06 16:13:31
Highway,70,ETU,5,9,1.09794670726566,QPSK,MPA,25,0.119073275862069,0.223518318965517,1,68.9017885968195,3.23539008502689,5,0,0,0.2596505,10,16,HighMobility,0,2026-08-06 16:13:31
Highway,70,ETU,5,9,1.09287663563793,QPSK,MPA,30,0.120501077586207,0.226266163793103,1,69.2137373551591,3.19615398790563,5,0,0,0.2765014,10,16,HighMobility,0,2026-08-06 16:13:31
Highway,70,ETU,5,9,1.1040789698234,16QAM,MRC,0,0.332745150862069,0.783189655172414,1,93.3483489233897,0.597867182536379,4,0,0,0.7842721,3.3,16,HighMobility,0,2026-08-06 16:13:32
Highway,70,ETU,5,9,1.10540203019156,16QAM,MRC,5,0.249784482758621,0.686018318965517,1,70.9427109027658,2.98184440084017,5,0,0,0.6744647,3.8,16,HighMobility,0,2026-08-06 16:13:33
Highway,70,ETU,5,9,1.10606746128119,16QAM,MRC,10,0.157442079741379,0.500377155172414,1,50.8787372207915,5.86927352299779,6,0,0,0.7605985,5.1,16,HighMobility,0,2026-08-06 16:13:33
Highway,70,ETU,5,9,1.10662153622158,16QAM,MRC,15,0.0596511314655172,0.215921336206897,1,28.2178164642954,10.9895319124108,9,0,0,0.7475036,5.1,16,HighMobility,0,2026-08-06 16:13:34
Highway,70,ETU,5,9,1.09151579868029,16QAM,MRC,20,0.00871497844827586,0.0328933189655172,0.8,7.96018667279804,21.9815349517403,14,696000,0.725,2.4789593,5,16,HighMobility,0,2026-08-06 16:13:37
Highway,70,ETU,5,9,1.10169437386104,16QAM,MRC,25,0.000350215517241379,0.00132004310344828,0.1,0.748642516552458,42.5145102454794,15,3132000,3.2625,1.5748897,2.7,16,HighMobility,0,2026-08-06 16:13:38
Highway,70,ETU,5,9,1.10451301586675,16QAM,MRC,30,0,0,0,0,160,15,3480000,3.625,0.9513554,2.2,16,HighMobility,0,2026-08-06 16:13:39
Highway,70,ETU,5,9,1.10371816679228,16QAM,LMMSE,0,0.373100754310345,0.896120689655172,1,84.338885634213,1.47944283192214,4,0,0,0.210911,1,16,HighMobility,0,2026-08-06 16:13:39
Highway,70,ETU,5,9,1.10677172757708,16QAM,LMMSE,5,0.347056842672414,0.879768318965517,1,78.3716757907809,2.11681733568713,4,0,0,0.2155451,1,16,HighMobility,0,2026-08-06 16:13:39
Highway,70,ETU,5,9,1.09783435639346,16QAM,LMMSE,10,0.277525592672414,0.791217672413793,1,67.0336836245583,3.47413829335391,5,0,0,0.2041982,1,16,HighMobility,0,2026-08-06 16:13:40
Highway,70,ETU,5,9,1.08877884603515,16QAM,LMMSE,15,0.187176724137931,0.598626077586207,1,54.4482224577781,5.2803258771648,6,0,0,0.1961403,1,16,HighMobility,0,2026-08-06 16:13:40
Highway,70,ETU,5,9,1.05642908092643,16QAM,LMMSE,20,0.0613685344827586,0.217914870689655,0.8,26.7337442127542,11.4588042314826,9,696000,0.725,0.2180489,1,16,HighMobility,0,2026-08-06 16:13:40
Highway,70,ETU,5,9,1.10693860543541,16QAM,LMMSE,25,0.00679552801724138,0.0267241379310345,0.8,7.75441038780722,22.2090243697905,14,696000,0.725,0.227682,1,16,HighMobility,0,2026-08-06 16:13:40
Highway,70,ETU,5,9,1.10642745479769,16QAM,LMMSE,30,0.00160964439655172,0.00635775862068965,0.2,2.24268861854692,32.9846204189725,15,2784000,2.9,0.2339122,1,16,HighMobility,0,2026-08-06 16:13:41
Highway,70,ETU,5,9,1.00924847939936,16QAM,MPA,0,0.378697467672414,0.898976293103448,1,85.1088321170901,1.40050737864124,4,0,0,0.341148,10,16,HighMobility,0,2026-08-06 16:13:41
Highway,70,ETU,5,9,1.1056158727137,16QAM,MPA,5,0.342921605603448,0.87901400862069,1,77.5388214874461,2.20961608241022,4,0,0,0.3624668,10,16,HighMobility,0,2026-08-06 16:13:41
Highway,70,ETU,5,9,1.10153056664312,16QAM,MPA,10,0.332522898706897,0.870608836206897,1,75.542997210878,2.43611576577941,5,0,0,0.4937779,10,16,HighMobility,0,2026-08-06 16:13:42
Highway,70,ETU,5,9,1.10140418950344,16QAM,MPA,15,0.329027478448276,0.866756465517241,1,74.752634311168,2.52746996063388,5,0,0,0.5201181,10,16,HighMobility,0,2026-08-06 16:13:42
Highway,70,ETU,5,9,1.09693077291148,16QAM,MPA,20,0.338537176724138,0.875161637931035,1,76.9306665654834,2.27801009205952,4,0,0,0.565628,10,16,HighMobility,0,2026-08-06 16:13:43
Highway,70,ETU,5,9,1.1068396679715,16QAM,MPA,25,0.323807920258621,0.863496767241379,1,73.7369615212639,2.64629524665022,5,0,0,0.544673,10,16,HighMobility,0,2026-08-06 16:13:43
Highway,70,ETU,5,9,1.10261546893857,16QAM,MPA,30,0.334166217672414,0.872844827586207,1,75.5576817003158,2.43442751585269,5,0,0,0.5362292,10,16,HighMobility,0,2026-08-06 16:13:44
Highway,70,ETU,5,9,1.05145054511906,64QAM,MRC,0,0.408113326149425,0.942456896551724,1,107.323802680129,-0.613921042528514,3,0,0,2.7655778,8.3,16,HighMobility,0,2026-08-06 16:13:47
Highway,70,ETU,5,9,1.10672373756005,64QAM,MRC,5,0.342699353448276,0.91161099137931,1,75.4928047831177,2.44188877983946,5,0,0,2.400017,8.7,16,HighMobility,0,2026-08-06 16:13:49
Highway,70,ETU,5,9,0.938504075648963,64QAM,MRC,10,0.243952047413793,0.796309267241379,1,50.7936014693541,5.88381985730262,6,0,0,3.4074898,8.4,16,HighMobility,0,2026-08-06 16:13:53
Highway,70,ETU,5,9,1.06073768443699,64QAM,MRC,15,0.153654813218391,0.624461206896552,1,32.7062826634815,9.70737628379803,8,0,0,3.4408811,8.4,16,HighMobility,0,2026-08-06 16:13:56
Highway,70,ETU,5,9,1.10629223640593,64QAM,MRC,20,0.0436691810344828,0.232219827586207,1,14.0991148363336,17.0161630430101,12,0,0,3.1798706,9.5,16,HighMobility,0,2026-08-06 16:13:59
Highway,70,ETU,5,9,1.09745996877598,64QAM,MRC,25,0.0215562140804598,0.119181034482759,0.9,8.9968259130755,20.918213659155,13,522000,0.54375,3.6016896,12.7,16,HighMobility,0,2026-08-06 16:14:03
Highway,70,ETU,5,9,1.07952943312695,64QAM,MRC,30,0.0013739224137931,0.00759698275862069,0.3,1.23733312047541,38.1502672376868,15,3654000,3.80625,4.486648,13.2,16,HighMobility,0,2026-08-06 16:14:07
Highway,70,ETU,5,9,1.08006911046552,64QAM,LMMSE,0,0.423661997126437,0.98046875,1,90.6398449629235,0.853616919866791,4,0,0,0.3189001,1,16,HighMobility,0,2026-08-06 16:14:08
Highway,70,ETU,5,9,1.08620605131305,64QAM,LMMSE,5,0.398477909482759,0.976993534482759,1,87.1780925953953,1.19185274636594,4,0,0,0.3073748,1,16,HighMobility,0,2026-08-06 16:14:08
Highway,70,ETU,5,9,1.06479021838291,64QAM,LMMSE,10,0.395397808908046,0.973653017241379,1,81.8155455118682,1.74328339146774,4,0,0,0.3674405,1,16,HighMobility,0,2026-08-06 16:14:08
Highway,70,ETU,5,9,1.08314510360279,64QAM,LMMSE,15,0.357799030172414,0.947737068965517,1,64.7824387329827,3.77085414030456,5,0,0,0.3360976,1,16,HighMobility,0,2026-08-06 16:14:09
Highway,70,ETU,5,9,1.09857672468881,64QAM,LMMSE,20,0.293745510057471,0.9015625,1,50.9792676652207,5.85212815224204,6,0,0,0.302025,1,16,HighMobility,0,2026-08-06 16:14:09
Highway,70,ETU,5,9,1.10043266965051,64QAM,LMMSE,25,0.199048132183908,0.771632543103448,1,36.433407379019,8.7700042025538,8,0,0,0.3031976,1,16,HighMobility,0,2026-08-06 16:14:09
Highway,70,ETU,5,9,1.10362629597562,64QAM,LMMSE,30,0.069989224137931,0.362257543103448,1,18.7561505454511,14.5371258014572,11,0,0,0.22356,1,16,HighMobility,0,2026-08-06 16:14:09
Highway,70,ETU,5,9,1.09383350126459,64QAM,MPA,0,0.428681752873563,0.980495689655172,1,91.519887977379,0.769690402759637,4,0,0,0.757553,10,16,HighMobility,0,2026-08-06 16:14:10
Highway,70,ETU,5,9,1.10477510148183,64QAM,MPA,5,0.39929058908046,0.97901400862069,1,87.2648613320235,1.18321194184419,4,0,0,0.870259,10,16,HighMobility,0,2026-08-06 16:14:11
Highway,70,ETU,5,9,1.10385647259994,64QAM,MPA,10,0.387778376436782,0.975942887931034,1,85.661428442664,1.34429375648354,4,0,0,1.225183,10,16,HighMobility,0,2026-08-06 16:14:12
Highway,70,ETU,5,9,1.10087892815919,64QAM,MPA,15,0.39996408045977,0.976831896551724,1,86.5850454992583,1.25114220999498,4,0,0,1.2161201,10,16,HighMobility,0,2026-08-06 16:14:13
Highway,70,ETU,5,9,1.10107595005913,64QAM,MPA,20,0.416945043103448,0.978151939655172,1,89.6642907516644,0.947609649091344,4,0,0,1.108232,10,16,HighMobility,0,2026-08-06 16:14:15
Highway,70,ETU,5,9,1.0683016912419,64QAM,MPA,25,0.426055136494253,0.9796875,1,90.8481507956163,0.833678165673297,4,0,0,0.8802155,10,16,HighMobility,0,2026-08-06 16:14:15
Highway,70,ETU,5,9,1.10564505617038,64QAM,MPA,30,0.426378412356322,0.980657327586207,1,90.888465799614,0.829824548413489,4,0,0,0.7388242,10,16,HighMobility,0,2026-08-06 16:14:16
Highway,92,ETU,5,9,1.45442511034624,QPSK,MRC,0,0.240247844827586,0.42042025862069,1,97.7564964833232,0.197087431970147,3,0,0,1.0081956,3,17,HighMobility,0,2026-08-06 16:14:17
Highway,92,ETU,5,9,1.30545813824929,QPSK,MRC,5,0.131910021551724,0.24051724137931,1,67.3974052425433,3.42713646411179,5,0,0,0.9550479,3.3,17,HighMobility,0,2026-08-06 16:14:18
Highway,92,ETU,5,9,1.4495872786454,QPSK,MRC,10,0.0204606681034483,0.0400323275862069,1,24.3462666022096,12.2713525315904,10,0,0,1.0749671,3.3,17,HighMobility,0,2026-08-06 16:14:19
Highway,92,ETU,5,9,1.45054832172784,QPSK,MRC,15,0.00144127155172414,0.00285560344827586,0.4,4.18812055892473,27.5596165048966,15,1044000,1.0875,0.5080462,2.4,17,HighMobility,0,2026-08-06 16:14:20
Highway,92,ETU,5,9,1.45442632108458,QPSK,MRC,20,0,0,0,0,160,15,1740000,1.8125,0.4913621,2,17,HighMobility,0,2026-08-06 16:14:20
Highway,92,ETU,5,9,1.44211893552669,QPSK,MRC,25,0,0,0,0,160,15,1740000,1.8125,0.4881162,2,17,HighMobility,0,2026-08-06 16:14:21
Highway,92,ETU,5,9,1.43876522913928,QPSK,MRC,30,0,0,0,0,160,15,1740000,1.8125,0.4592758,2,17,HighMobility,0,2026-08-06 16:14:21
Highway,92,ETU,5,9,1.45061999263967,QPSK,LMMSE,0,0.228151939655172,0.401373922413793,1,94.8899971323678,0.455591329785044,4,0,0,0.2518877,1,17,HighMobility,0,2026-08-06 16:14:21
Highway,92,ETU,5,9,1.45181963278234,QPSK,LMMSE,5,0.104296875,0.195878232758621,1,62.6023774626884,4.06818346380413,5,0,0,0.2641067,1,17,HighMobility,0,2026-08-06 16:14:22
Highway,92,ETU,5,9,1.40306058956454,QPSK,LMMSE,10,0.0206896551724138,0.0405172413793103,1,24.9478032955663,12.0593537772561,10,0,0,0.2194749,1,17,HighMobility,0,2026-08-06 16:14:22
Highway,92,ETU,5,9,1.45004155606991,QPSK,LMMSE,15,0.0037042025862069,0.00735452586206897,0.8,9.60002130004262,20.3545560673738,13,348000,0.3625,0.2204352,1,17,HighMobility,0,2026-08-06 16:14:22
Highway,92,ETU,5,9,1.45188882393704,QPSK,LMMSE,20,0.000134698275862069,0.000269396551724138,0.2,0.928476690885259,40.6445798922692,15,1392000,1.45,0.2284422,1,17,HighMobility,0,2026-08-06 16:14:22
Highway,92,ETU,5,9,1.45332420699704,QPSK,LMMSE,25,0,0,0,0,160,15,1740000,1.8125,0.2103805,1,17,HighMobility,0,2026-08-06 16:14:23
Highway,92,ETU,5,9,1.40649862643425,QPSK,LMMSE,30,0,0,0,0,160,15,1740000,1.8125,0.2153346,1,17,HighMobility,0,2026-08-06 16:14:23
Highway,92,ETU,5,9,1.45471073867185,QPSK,MPA,0,0.264480064655172,0.459186422413793,1,102.686568303814,-0.23027280709131,3,0,0,0.2233286,10,17,HighMobility,0,2026-08-06 16:14:23
Highway,92,ETU,5,9,1.3139675014312,QPSK,MPA,5,0.206371228448276,0.36963900862069,1,90.4598242213244,0.870885209932235,4,0,0,0.2334275,10,17,HighMobility,0,2026-08-06 16:14:23
Highway,92,ETU,5,9,1.41416069855239,QPSK,MPA,10,0.176899245689655,0.321255387931034,1,83.8687605756864,1.52799549999837,4,0,0,0.2182205,10,17,HighMobility,0,2026-08-06 16:14:24
Highway,92,ETU,5,9,1.450547019894,QPSK,MPA,15,0.1453125,0.269962284482759,1,75.9882977744345,2.38506568156845,4,0,0,0.2496827,10,17,HighMobility,0,2026-08-06 16:14:24
Highway,92,ETU,5,9,1.44350013341725,QPSK,MPA,20,0.13448275862069,0.2515625,1,73.2841381702135,2.69980030270295,5,0,0,0.2319941,10,17,HighMobility,0,2026-08-06 16:14:24
Highway,92,ETU,5,9,1.26969530998658,QPSK,MPA,25,0.126980064655172,0.238415948275862,1,71.142545652839,2.95741197524522,5,0,0,0.2289825,10,17,HighMobility,0,2026-08-06 16:14:24
Highway,92,ETU,5,9,1.44769373944485,QPSK,MPA,30,0.118911637931034,0.222790948275862,1,68.7859399562606,3.2500064746593,5,0,0,0.2342038,10,17,HighMobility,0,2026-08-06 16:14:24
Highway,92,ETU,5,9,1.43207102376918,16QAM,MRC,0,0.367935075431034,0.82432650862069,1,105.432290434856,-0.459472826634952,3,0,0,1.0943921,3.2,17,HighMobility,0,2026-08-06 16:14:26
Highway,92,ETU,5,9,1.45480999050892,16QAM,MRC,5,0.253064385775862,0.679256465517241,1,72.7421873030387,2.76427288350957,5,0,0,1.4006407,4.2,17,HighMobility,0,2026-08-06 16:14:27
Highway,92,ETU,5,9,1.45325201831626,16QAM,MRC,10,0.125222252155172,0.420932112068966,1,44.5804823445177,7.01710473845741,7,0,0,1.4684413,4.9,17,HighMobility,0,2026-08-06 16:14:28
Highway,92,ETU,5,9,1.44730260302206,16QAM,MRC,15,0.0884967672413793,0.308324353448276,1,34.893888382728,9.1450126494047,8,0,0,1.3736816,4.1,17,HighMobility,0,2026-08-06 16:14:30
Highway,92,ETU,5,9,1.45419881475396,16QAM,MRC,20,0.0140894396551724,0.0520474137931035,0.9,9.54337743675753,20.4059579932079,13,348000,0.3625,1.4131284,4.6,17,HighMobility,0,2026-08-06 16:14:31
Highway,92,ETU,5,9,1.45473607189317,16QAM,MRC,25,0.000478178879310345,0.00188577586206897,0.2,0.972424438199128,40.242882706947,15,2784000,2.9,0.9722455,2.7,17,HighMobility,0,2026-08-06 16:14:32
Highway,92,ETU,5,9,1.4548245021174,16QAM,MRC,30,0,0,0,0,160,15,3480000,3.625,0.8627701,2,17,HighMobility,0,2026-08-06 16:14:33
Highway,92,ETU,5,9,1.4445691524452,16QAM,LMMSE,0,0.390032327586207,0.901535560344828,1,87.4061995683924,1.1691552505486,4,0,0,0.2207356,1,17,HighMobility,0,2026-08-06 16:14:33
Highway,92,ETU,5,9,1.44702127578093,16QAM,LMMSE,5,0.34756869612069,0.881492456896552,1,78.6324545934486,2.08796334340844,4,0,0,0.2074978,1,17,HighMobility,0,2026-08-06 16:14:33
Highway,92,ETU,5,9,1.4356325061982,16QAM,LMMSE,10,0.274286099137931,0.78370150862069,1,66.9743474078526,3.48183018852702,5,0,0,0.2172457,1,17,HighMobility,0,2026-08-06 16:14:34
Highway,92,ETU,5,9,1.45044894639299,16QAM,LMMSE,15,0.179876077586207,0.559159482758621,1,51.3874657776537,5.7828559887441,6,0,0,0.2202143,1,17,HighMobility,0,2026-08-06 16:14:34
Highway,92,ETU,5,9,1.41334896840536,16QAM,LMMSE,20,0.0602774784482759,0.222090517241379,1,30.055249281472,10.4415933119051,9,0,0,0.2063951,1,17,HighMobility,0,2026-08-06 16:14:34
Highway,92,ETU,5,9,1.45347459021077,16QAM,LMMSE,25,0.0078057650862069,0.0305226293103448,0.7,8.01448425592811,21.9224883982272,14,1044000,1.0875,0.2264951,1,17,HighMobility,0,2026-08-06 16:14:34
Highway,92,ETU,5,9,1.38583706786012,16QAM,LMMSE,30,0.000444504310344828,0.00177801724137931,0.3,1.32180206610575,37.5766714724072,15,2436000,2.5375,0.2148851,1,17,HighMobility,0,2026-08-06 16:14:35
Highway,92,ETU,5,9,1.45455688001776,16QAM,MPA,0,0.376818426724138,0.896901939655172,1,84.6764791467163,1.44474416537704,4,0,0,0.3402101,10,17,HighMobility,0,2026-08-06 16:14:35
Highway,92,ETU,5,9,1.45291897555527,16QAM,MPA,5,0.344982489224138,0.881169181034483,1,77.788046965101,2.18174264527496,4,0,0,0.3400259,10,17,HighMobility,0,2026-08-06 16:14:35
Highway,92,ETU,5,9,1.35935064668224,16QAM,MPA,10,0.33467807112069,0.872817887931034,1,75.9936061076112,2.3844589304359,4,0,0,0.3382533,10,17,HighMobility,0,2026-08-06 16:14:36
Highway,92,ETU,5,9,1.3999612290411,16QAM,MPA,15,0.336247306034483,0.872521551724138,1,76.2303859038901,2.35743763358905,4,0,0,0.3451027,10,17,HighMobility,0,2026-08-06 16:14:36
Highway,92,ETU,5,9,1.44463298564145,16QAM,MPA,20,0.325612877155172,0.864816810344828,1,74.159794842665,2.59662960607964,5,0,0,0.3319161,10,17,HighMobility,0,2026-08-06 16:14:36
Highway,92,ETU,5,9,1.45452401476663,16QAM,MPA,25,0.327592941810345,0.86417025862069,1,74.7096420070602,2.5324668926794,5,0,0,0.3405283,10,17,HighMobility,0,2026-08-06 16:14:37
Highway,92,ETU,5,9,1.45412213629453,16QAM,MPA,30,0.331276939655172,0.86953125,1,75.3313010927862,2.46049063076216,5,0,0,0.3318075,10,17,HighMobility,0,2026-08-06 16:14:37
Highway,92,ETU,5,9,1.37387700121063,64QAM,MRC,0,0.424766522988506,0.956546336206897,1,115.933374699553,-1.28416955815584,3,0,0,2.149241,8.6,17,HighMobility,0,2026-08-06 16:14:39
Highway,92,ETU,5,9,1.45279925939035,64QAM,MRC,5,0.363254310344828,0.924622844827586,1,82.1707624710975,1.70565366287536,4,0,0,2.2922287,9.2,17,HighMobility,0,2026-08-06 16:14:41
Highway,92,ETU,5,9,1.44628445960482,64QAM,MRC,10,0.259271731321839,0.838092672413793,1,51.0593623897101,5.83849225611108,6,0,0,2.2166641,9.3,17,HighMobility,0,2026-08-06 16:14:44
Highway,92,ETU,5,9,1.36741363806134,64QAM,MRC,15,0.124806932471264,0.566783405172414,1,27.7565395454388,11.1326935813456,9,0,0,2.5697271,9.1,17,HighMobility,0,2026-08-06 16:14:46
Highway,92,ETU,5,9,1.44054490958169,64QAM,MRC,20,0.0752020474137931,0.372521551724138,1,19.7816577375146,14.0747463315333,10,0,0,2.5965614,10.4,17,HighMobility,0,2026-08-06 16:14:49
Highway,92,ETU,5,9,1.41218402586182,64QAM,MRC,25,0.0131824712643678,0.0716325431034483,1,6.33451464326456,23.9657331115133,15,0,0,3.321213,11.5,17,HighMobility,0,2026-08-06 16:14:52
Highway,92,ETU,5,9,1.33139552963436,64QAM,MRC,30,0.00343929597701149,0.019073275862069,0.5,2.24040614051765,32.9934649136985,15,2610000,2.71875,4.4283684,16.3,17,HighMobility,0,2026-08-06 16:14:57
Highway,92,ETU,5,9,1.44086750523195,64QAM,LMMSE,0,0.42464529454023,0.981627155172414,1,90.9671697000503,0.822306349331258,4,0,0,0.22068,1,17,HighMobility,0,2026-08-06 16:14:57
Highway,92,ETU,5,9,1.44541949641808,64QAM,LMMSE,5,0.405971623563218,0.977909482758621,1,88.0553734358055,1.10488273548683,4,0,0,0.2062518,1,17,HighMobility,0,2026-08-06 16:14:57
Highway,92,ETU,5,9,1.44567038262617,64QAM,LMMSE,10,0.392304238505747,0.975646551724138,1,82.2973168834342,1.69228647478595,4,0,0,0.2340235,1,17,HighMobility,0,2026-08-06 16:14:57
Highway,92,ETU,5,9,1.41222328978311,64QAM,LMMSE,15,0.361296695402299,0.951239224137931,1,63.7333539433016,3.91266452676504,5,0,0,0.241259,1,17,HighMobility,0,2026-08-06 16:14:57
Highway,92,ETU,5,9,1.41056630856289,64QAM,LMMSE,20,0.280010775862069,0.890625,1,47.9446616406394,6.38519483934673,7,0,0,0.2325985,1,17,HighMobility,0,2026-08-06 16:14:58
Highway,92,ETU,5,9,1.38396417397043,64QAM,LMMSE,25,0.197112966954023,0.782677801724138,1,36.0534237479933,8.86106973996865,8,0,0,0.2381014,1,17,HighMobility,0,2026-08-06 16:14:58
Highway,92,ETU,5,9,1.23533841155104,64QAM,LMMSE,30,0.0734599497126437,0.372036637931034,0.9,18.9170190815104,14.462945961693,11,522000,0.54375,0.2277016,1,17,HighMobility,0,2026-08-06 16:14:58
Highway,92,ETU,5,9,1.17382088622659,64QAM,MPA,0,0.427922952586207,0.98114224137931,1,91.3186347283769,0.788811802235371,4,0,0,0.6649316,10,17,HighMobility,0,2026-08-06 16:14:59
Highway,92,ETU,5,9,1.41194737453387,64QAM,MPA,5,0.39985632183908,0.97801724137931,1,87.192047309021,1.19046249568645,4,0,0,0.7023425,10,17,HighMobility,0,2026-08-06 16:15:00
Highway,92,ETU,5,9,1.39984167704415,64QAM,MPA,10,0.390140086206897,0.976320043103448,1,86.0219447451894,1.30781486675751,4,0,0,0.7177279,10,17,HighMobility,0,2026-08-06 16:15:00
Highway,92,ETU,5,9,1.44702166973205,64QAM,MPA,15,0.403776041666667,0.978313577586207,1,87.309163590521,1.17880344480165,4,0,0,0.6934566,10,17,HighMobility,0,2026-08-06 16:15:01
Highway,92,ETU,5,9,1.43293593320976,64QAM,MPA,20,0.412293462643678,0.978852370689655,1,88.5923051247658,1.05207996112588,4,0,0,0.6923981,10,17,HighMobility,0,2026-08-06 16:15:02
Highway,92,ETU,5,9,1.41933566658596,64QAM,MPA,25,0.423882004310345,0.978771551724138,1,90.2026680038236,0.895612335147378,4,0,0,0.6950927,10,17,HighMobility,0,2026-08-06 16:15:02
Highway,92,ETU,5,9,1.44849860186041,64QAM,MPA,30,0.427797234195402,0.981034482758621,1,91.0946781293831,0.810139886786889,4,0,0,0.8589661,10,17,HighMobility,0,2026-08-06 16:15:03
Highway,76,ETU,5,9,1.20122219150322,QPSK,MRC,0,0.204835668103448,0.362553879310345,1,89.2783630415643,0.9850756263139,4,0,0,1.8026115,3.8,18,HighMobility,0,2026-08-06 16:15:05
Highway,76,ETU,5,9,1.13071983042612,QPSK,MRC,5,0.116177262931034,0.216109913793103,1,66.0590965834823,3.60134739929577,5,0,0,1.9095164,3.7,18,HighMobility,0,2026-08-06 16:15:07
Highway,76,ETU,5,9,1.20176346382598,QPSK,MRC,10,0.0255926724137931,0.0495150862068965,1,26.0165772088743,11.6949968127351,9,0,0,1.3322324,3.4,18,HighMobility,0,2026-08-06 16:15:08
Highway,76,ETU,5,9,1.20161031463333,QPSK,MRC,15,0.00600754310344828,0.0117995689655172,0.4,7.3132892823284,22.7177449482137,15,1044000,1.0875,1.1224566,2.4,18,HighMobility,0,2026-08-06 16:15:09
Highway,76,ETU,5,9,1.14352437808514,QPSK,MRC,20,0,0,0,0,160,15,1740000,1.8125,1.5199947,2,18,HighMobility,0,2026-08-06 16:15:11
Highway,76,ETU,5,9,1.20136981888568,QPSK,MRC,25,0,0,0,0,160,15,1740000,1.8125,1.892294,2,18,HighMobility,0,2026-08-06 16:15:13
Highway,76,ETU,5,9,1.19806939180476,QPSK,MRC,30,0,0,0,0,160,15,1740000,1.8125,1.0051731,2,18,HighMobility,0,2026-08-06 16:15:14
Highway,76,ETU,5,9,1.18844894171008,QPSK,LMMSE,0,0.211597521551724,0.376912715517241,1,91.3833196993063,0.782661385903266,4,0,0,0.2218052,1,18,HighMobility,0,2026-08-06 16:15:14
Highway,76,ETU,5,9,1.20178436866459,QPSK,LMMSE,5,0.109172952586207,0.203690732758621,1,64.1523928271495,3.85574280378682,5,0,0,0.2112721,1,18,HighMobility,0,2026-08-06 16:15:14
Highway,76,ETU,5,9,1.20046017747522,QPSK,LMMSE,10,0.0207570043103448,0.040625,1,23.5310146278187,12.5671869237446,10,0,0,0.2220771,1,18,HighMobility,0,2026-08-06 16:15:14
Highway,76,ETU,5,9,1.20142780231236,QPSK,LMMSE,15,0.00246497844827586,0.00492995689655172,0.6,6.50824079862073,23.7307277392347,15,696000,0.725,0.2304625,1,18,HighMobility,0,2026-08-06 16:15:15
Highway,76,ETU,5,9,1.20129665132182,QPSK,LMMSE,20,0,0,0,0,160,15,1740000,1.8125,0.2246545,1,18,HighMobility,0,2026-08-06 16:15:15
Highway,76,ETU,5,9,1.20073042430505,QPSK,LMMSE,25,0,0,0,0,160,15,1740000,1.8125,0.2212009,1,18,HighMobility,0,2026-08-06 16:15:15
Highway,76,ETU,5,9,1.20157200367433,QPSK,LMMSE,30,0,0,0,0,160,15,1740000,1.8125,0.2118919,1,18,HighMobility,0,2026-08-06 16:15:15
Highway,76,ETU,5,9,1.2013960655894,QPSK,MPA,0,0.271295797413793,0.464412715517241,1,103.727825296692,-0.317905456002872,3,0,0,0.2298641,10,18,HighMobility,0,2026-08-06 16:15:16
Highway,76,ETU,5,9,1.20181892883099,QPSK,MPA,5,0.218143857758621,0.38739224137931,1,92.9933352784903,0.630963513973677,4,0,0,0.2421572,10,18,HighMobility,0,2026-08-06 16:15:16
Highway,76,ETU,5,9,1.11433249494261,QPSK,MPA,10,0.140261314655172,0.259590517241379,1,74.4980623889948,2.55710045233903,5,0,0,0.2253687,10,18,HighMobility,0,2026-08-06 16:15:16
Highway,76,ETU,5,9,1.20081306402441,QPSK,MPA,15,0.132974137931034,0.248787715517241,1,72.7199041752839,2.76693404131388,5,0,0,0.2335191,10,18,HighMobility,0,2026-08-06 16:15:16
Highway,76,ETU,5,9,1.19823369468963,QPSK,MPA,20,0.121026400862069,0.227289870689655,1,69.4141443876294,3.17104050341053,5,0,0,0.2327635,10,18,HighMobility,0,2026-08-06 16:15:17
Highway,76,ETU,5,9,1.2011231876169,QPSK,MPA,25,0.106155711206897,0.200808189655172,1,64.8939940189614,3.75590991148804,5,0,0,0.2763074,10,18,HighMobility,0,2026-08-06 16:15:17
Highway,76,ETU,5,9,1.20034904693096,QPSK,MPA,30,0.114466594827586,0.214870689655172,1,67.465556712987,3.41835783145014,5,0,0,0.229597,10,18,HighMobility,0,2026-08-06 16:15:17
Highway,76,ETU,5,9,1.13514091621214,16QAM,MRC,0,0.368541217672414,0.822386853448276,1,104.859546946092,-0.412159539566804,3,0,0,1.2803112,3.3,18,HighMobility,0,2026-08-06 16:15:18
Highway,76,ETU,5,9,1.11221755216272,16QAM,MRC,5,0.222487877155172,0.637796336206897,1,65.0231487733142,3.73864006875606,5,0,0,1.5187303,4.1,18,HighMobility,0,2026-08-06 16:15:20
Highway,76,ETU,5,9,1.08028642045945,16QAM,MRC,10,0.135647898706897,0.453771551724138,1,47.0139769602632,6.55546019689294,7,0,0,1.7675328,5.2,18,HighMobility,0,2026-08-06 16:15:22
Highway,76,ETU,5,9,1.20144161136554,16QAM,MRC,15,0.0412446120689655,0.153609913793103,1,23.6520319422747,12.5226308630813,10,0,0,1.6052086,5.2,18,HighMobility,0,2026-08-06 16:15:23
Highway,76,ETU,5,9,1.19779838790803,16QAM,MRC,20,0.0101427801724138,0.0364762931034483,0.9,7.02303639580029,23.0695016182775,15,348000,0.3625,1.6233341,5.1,18,HighMobility,0,2026-08-06 16:15:25
Highway,76,ETU,5,9,1.16646198811755,16QAM,MRC,25,1.34698275862069e-05,5.38793103448276e-05,0.2,0.206934894320421,53.6833254082384,15,2784000,2.9,1.1197282,2.7,18,HighMobility,0,2026-08-06 16:15:26
Highway,76,ETU,5,9,1.18485904049824,16QAM,MRC,30,0,0,0,0,160,15,3480000,3.625,0.9621552,2,18,HighMobility,0,2026-08-06 16:15:27
Highway,76,ETU,5,9,1.18853793344935,16QAM,LMMSE,0,0.387688577586207,0.903044181034483,1,87.1913418111464,1.1905327761955,4,0,0,0.227626,1,18,HighMobility,0,2026-08-06 16:15:27
Highway,76,ETU,5,9,1.1748178744247,16QAM,LMMSE,5,0.338409213362069,0.874568965517241,1,76.58703535609,2.31689482923982,4,0,0,0.220051,1,18,HighMobility,0,2026-08-06 16:15:27
Highway,76,ETU,5,9,1.20172343160903,16QAM,LMMSE,10,0.279788523706897,0.786637931034483,1,67.8832150623076,3.36475193912215,5,0,0,0.2049337,1,18,HighMobility,0,2026-08-06 16:15:28
Highway,76,ETU,5,9,1.20131026309496,16QAM,LMMSE,15,0.0940867456896552,0.320932112068965,1,35.3946183655376,9.02125531983706,8,0,0,0.219849,1,18,HighMobility,0,2026-08-06 16:15:28
Highway,76,ETU,5,9,1.20025234595808,16QAM,LMMSE,20,0.0618669181034483,0.220285560344828,0.9,27.7901502479736,11.1221821038988,9,348000,0.3625,0.2253974,1,18,HighMobility,0,2026-08-06 16:15:28
Highway,76,ETU,5,9,1.16309619815536,16QAM,LMMSE,25,0.0195110452586207,0.0746228448275862,0.8,14.118028598548,17.004518853993,12,696000,0.725,0.2279495,1,18,HighMobility,0,2026-08-06 16:15:28
Highway,76,ETU,5,9,1.17796967131304,16QAM,LMMSE,30,0.00060614224137931,0.00239762931034483,0.4,1.70287436190563,35.376347862168,15,2088000,2.175,0.2206098,1,18,HighMobility,0,2026-08-06 16:15:28
Highway,76,ETU,5,9,1.2007845028858,16QAM,MPA,0,0.385055226293103,0.901751077586207,1,86.4681828351761,1.26287335615268,4,0,0,0.4121148,10,18,HighMobility,0,2026-08-06 16:15:29
Highway,76,ETU,5,9,1.20067215605663,16QAM,MPA,5,0.347023168103448,0.882354525862069,1,78.1397706361115,2.14255735790355,4,0,0,0.3264161,10,18,HighMobility,0,2026-08-06 16:15:29
Highway,76,ETU,5,9,1.20127436235828,16QAM,MPA,10,0.333331088362069,0.871282327586207,1,75.8153261775069,2.40485984474492,5,0,0,0.332226,10,18,HighMobility,0,2026-08-06 16:15:30
Highway,76,ETU,5,9,1.19201530904239,16QAM,MPA,15,0.335162984913793,0.874676724137931,1,75.9438600368142,2.39014665061809,4,0,0,0.3379186,10,18,HighMobility,0,2026-08-06 16:15:30
Highway,76,ETU,5,9,1.15895873660798,16QAM,MPA,20,0.327330280172414,0.867672413793103,1,74.441366119615,2.5637133092224,5,0,0,0.340264,10,18,HighMobility,0,2026-08-06 16:15:30
Highway,76,ETU,5,9,1.19895503395967,16QAM,MPA,25,0.330233028017241,0.869396551724138,1,75.2278247400238,2.47242991795961,5,0,0,0.2992618,10,18,HighMobility,0,2026-08-06 16:15:31
Highway,76,ETU,5,9,1.19215685109865,16QAM,MPA,30,0.327464978448276,0.865301724137931,1,74.7237221586823,2.53083006084975,5,0,0,0.3023343,10,18,HighMobility,0,2026-08-06 16:15:31
Highway,76,ETU,5,9,1.14249040647697,64QAM,MRC,0,0.405450790229885,0.945528017241379,1,104.522592003769,-0.384203420833253,3,0,0,2.230117,8.6,18,HighMobility,0,2026-08-06 16:15:33
Highway,76,ETU,5,9,1.12781554053711,64QAM,MRC,5,0.360376257183908,0.921390086206897,1,81.6905729437972,1.7565611593664,4,0,0,2.2146626,7.4,18,HighMobility,0,2026-08-06 16:15:35
Highway,76,ETU,5,9,1.2006882155096,64QAM,MRC,10,0.257260237068966,0.824703663793103,1,52.9639334411531,5.52039537757842,6,0,0,2.3229732,9,18,HighMobility,0,2026-08-06 16:15:38
Highway,76,ETU,5,9,1.19964014961627,64QAM,MRC,15,0.158957435344828,0.656061422413793,1,32.8465929948844,9.67019341721746,8,0,0,2.3345439,8.4,18,HighMobility,0,2026-08-06 16:15:40
Highway,76,ETU,5,9,1.15903379400613,64QAM,MRC,20,0.0691496048850575,0.347225215517241,1,18.5052525290577,14.6540996799232,11,0,0,2.837066,12,18,HighMobility,0,2026-08-06 16:15:43
Highway,76,ETU,5,9,1.18597213336038,64QAM,MRC,25,0.0202720905172414,0.11239224137931,0.8,8.44656456937227,21.4663978729307,14,1044000,1.0875,3.5675158,15.7,18,HighMobility,0,2026-08-06 16:15:46
Highway,76,ETU,5,9,1.20178415688535,64QAM,MRC,30,0.000547772988505747,0.00307112068965517,0.3,0.884522424070243,41.0658230509807,15,3654000,3.80625,4.6403,19.8,18,HighMobility,0,2026-08-06 16:15:51
Highway,76,ETU,5,9,1.19932644302349,64QAM,LMMSE,0,0.429876077586207,0.980118534482759,1,91.7602387104662,0.746909306123704,4,0,0,0.2235235,1,18,HighMobility,0,2026-08-06 16:15:51
Highway,76,ETU,5,9,1.19991611586494,64QAM,LMMSE,5,0.402455998563218,0.978556034482759,1,87.7727930099639,1.13280163557621,4,0,0,0.2403868,1,18,HighMobility,0,2026-08-06 16:15:51
Highway,76,ETU,5,9,1.03466760868613,64QAM,LMMSE,10,0.392214439655172,0.976589439655172,1,84.3729872748645,1.47593148341889,4,0,0,0.2276995,1,18,HighMobility,0,2026-08-06 16:15:52
Highway,76,ETU,5,9,1.19887048902167,64QAM,LMMSE,15,0.377649066091954,0.962904094827586,1,70.2961159724716,3.06137340239796,5,0,0,0.2351371,1,18,HighMobility,0,2026-08-06 16:15:52
Highway,76,ETU,5,9,1.20134789091597,64QAM,LMMSE,20,0.296174568965517,0.907489224137931,1,50.6703811794978,5.90491657235518,7,0,0,0.2282272,1,18,HighMobility,0,2026-08-06 16:15:52
Highway,76,ETU,5,9,1.17205574838861,64QAM,LMMSE,25,0.161830998563218,0.680226293103448,1,31.40080271014,10.0611849951418,8,0,0,0.2273708,1,18,HighMobility,0,2026-08-06 16:15:52
Highway,76,ETU,5,9,1.10114345489791,64QAM,LMMSE,30,0.0641388290229885,0.316594827586207,1,17.1650851620779,15.3070807508774,11,0,0,0.220871,1,18,HighMobility,0,2026-08-06 16:15:53
Highway,76,ETU,5,9,1.19925511626504,64QAM,MPA,0,0.422490122126437,0.980037715517241,1,90.5588322066883,0.861383730505944,4,0,0,0.7337356,10,18,HighMobility,0,2026-08-06 16:15:53
Highway,76,ETU,5,9,1.20123106808939,64QAM,MPA,5,0.400345725574713,0.978098060344828,1,87.227228769372,1.18695849896166,4,0,0,0.7475039,10,18,HighMobility,0,2026-08-06 16:15:54
Highway,76,ETU,5,9,1.19501630665704,64QAM,MPA,10,0.38639996408046,0.976481681034483,1,85.4849164288621,1.36221017084143,4,0,0,0.7397994,10,18,HighMobility,0,2026-08-06 16:15:55
Highway,76,ETU,5,9,1.11848532741356,64QAM,MPA,15,0.397669719827586,0.976508620689655,1,86.604871569113,1.24915356009686,4,0,0,0.7547657,10,18,HighMobility,0,2026-08-06 16:15:56
Highway,76,ETU,5,9,1.1509431295721,64QAM,MPA,20,0.413766163793103,0.978475215517241,1,88.904675710849,1.02150795674381,4,0,0,0.716692,10,18,HighMobility,0,2026-08-06 16:15:56
Highway,76,ETU,5,9,1.1994068783783,64QAM,MPA,25,0.430028735632184,0.980064655172414,1,91.2198801899287,0.798210050120642,4,0,0,0.7183663,10,18,HighMobility,0,2026-08-06 16:15:57
Highway,76,ETU,5,9,1.19963117278433,64QAM,MPA,30,0.423280352011494,0.979956896551724,1,90.3191683915399,0.884401396114385,4,0,0,0.7729566,10,18,HighMobility,0,2026-08-06 16:15:58
Highway,93,ETU,5,9,1.46313440553848,QPSK,MRC,0,0.215045797413793,0.38125,1,92.1503673523916,0.710058583005889,4,0,0,1.1791971,3,19,HighMobility,0,2026-08-06 16:15:59
Highway,93,ETU,5,9,1.27161468575907,QPSK,MRC,5,0.0959859913793103,0.179445043103448,1,58.2740672997781,4.69049337624253,6,0,0,1.0472295,2.7,19,HighMobility,0,2026-08-06 16:16:00
Highway,93,ETU,5,9,1.46231038900473,QPSK,MRC,10,0.0296605603448276,0.0527478448275862,0.8,19.6630468668402,14.1269837128548,11,348000,0.3625,0.9905778,2.7,19,HighMobility,0,2026-08-06 16:16:01
Highway,93,ETU,5,9,1.41022035360847,QPSK,MRC,15,0.00247844827586207,0.0048760775862069,0.3,4.29168222855645,27.3474488445297,15,1218000,1.26875,0.9416095,2.4,19,HighMobility,0,2026-08-06 16:16:02
Highway,93,ETU,5,9,1.43758444952671,QPSK,MRC,20,0,0,0,0,160,15,1740000,1.8125,0.8647066,2,19,HighMobility,0,2026-08-06 16:16:03
Highway,93,ETU,5,9,1.47003151951953,QPSK,MRC,25,0,0,0,0,160,15,1740000,1.8125,0.9236883,2,19,HighMobility,0,2026-08-06 16:16:04
Highway,93,ETU,5,9,1.44390511685982,QPSK,MRC,30,0,0,0,0,160,15,1740000,1.8125,0.8730475,2,19,HighMobility,0,2026-08-06 16:16:05
Highway,93,ETU,5,9,1.41486124119462,QPSK,LMMSE,0,0.195474137931034,0.351400862068966,1,87.7872424339376,1.13137185570707,4,0,0,0.2276418,1,19,HighMobility,0,2026-08-06 16:16:05
Highway,93,ETU,5,9,1.42020249748793,QPSK,LMMSE,5,0.101953125,0.193022629310345,1,62.9999154603936,4.01320066651858,5,0,0,0.2213877,1,19,HighMobility,0,2026-08-06 16:16:05
Highway,93,ETU,5,9,1.47001988834592,QPSK,LMMSE,10,0.0200026939655172,0.0394665948275862,1,25.9118212055294,11.7300412333629,10,0,0,0.2219018,1,19,HighMobility,0,2026-08-06 16:16:05
Highway,93,ETU,5,9,1.39000658786291,QPSK,LMMSE,15,0.00276131465517241,0.00549568965517241,0.8,7.93874126422399,22.0049670429888,14,348000,0.3625,0.2239405,1,19,HighMobility,0,2026-08-06 16:16:06
Highway,93,ETU,5,9,1.4509408614315,QPSK,LMMSE,20,1.34698275862069e-05,2.69396551724138e-05,0.1,0.232119172721315,52.6857797188284,15,1566000,1.63125,0.2233785,1,19,HighMobility,0,2026-08-06 16:16:06
Highway,93,ETU,5,9,1.4586910602409,QPSK,LMMSE,25,0,0,0,0,160,15,1740000,1.8125,0.2216524,1,19,HighMobility,0,2026-08-06 16:16:06
Highway,93,ETU,5,9,1.46055447688032,QPSK,LMMSE,30,0,0,0,0,160,15,1740000,1.8125,0.2092688,1,19,HighMobility,0,2026-08-06 16:16:06
Highway,93,ETU,5,9,1.44923240674359,QPSK,MPA,0,0.259051724137931,0.449434267241379,1,101.40550155676,-0.121230348650191,3,0,0,0.238778,10,19,HighMobility,0,2026-08-06 16:16:06
Highway,93,ETU,5,9,1.42141916485189,QPSK,MPA,5,0.207192887931034,0.370662715517241,1,90.8030846082799,0.837987962265359,4,0,0,0.2448231,10,19,HighMobility,0,2026-08-06 16:16:07
Highway,93,ETU,5,9,1.46981849984499,QPSK,MPA,10,0.156977370689655,0.287446120689655,1,78.8040990987198,2.06902383049979,4,0,0,0.2341461,10,19,HighMobility,0,2026-08-06 16:16:07
Highway,93,ETU,5,9,1.46539051768825,QPSK,MPA,15,0.137284482758621,0.256088362068966,1,73.9919505078527,2.61631048110193,5,0,0,0.2094081,10,19,HighMobility,0,2026-08-06 16:16:07
Highway,93,ETU,5,9,1.44622365512635,QPSK,MPA,20,0.134375,0.250565732758621,1,73.0561796240202,2.72686084767998,5,0,0,0.2423469,10,19,HighMobility,0,2026-08-06 16:16:07
Highway,93,ETU,5,9,1.47039028433099,QPSK,MPA,25,0.122346443965517,0.229633620689655,1,69.7334614397432,3.13117553374211,5,0,0,0.2405949,10,19,HighMobility,0,2026-08-06 16:16:08
Highway,93,ETU,5,9,1.42286533532298,QPSK,MPA,30,0.120285560344828,0.226077586206897,1,69.203909706467,3.19738738370301,5,0,0,0.2435264,10,19,HighMobility,0,2026-08-06 16:16:08
Highway,93,ETU,5,9,1.46876478777951,16QAM,MRC,0,0.333721713362069,0.786476293103448,1,94.0663681347842,0.531312471786047,4,0,0,1.3475643,4.3,19,HighMobility,0,2026-08-06 16:16:09
Highway,93,ETU,5,9,1.46560226374667,16QAM,MRC,5,0.258364762931034,0.698760775862069,1,73.3246908712484,2.69499518561688,5,0,0,1.4191335,4.6,19,HighMobility,0,2026-08-06 16:16:11
Highway,93,ETU,5,9,1.35883599537352,16QAM,MRC,10,0.144894935344828,0.477155172413793,1,48.8742000616464,6.21840675525899,7,0,0,1.5065524,4.9,19,HighMobility,0,2026-08-06 16:16:12
Highway,93,ETU,5,9,1.4705620745132,16QAM,MRC,15,0.0669113685344828,0.237473060344828,1,30.8355465784845,10.2189669808061,8,0,0,1.4485769,5,19,HighMobility,0,2026-08-06 16:16:14
Highway,93,ETU,5,9,1.38434003958315,16QAM,MRC,20,0.00818965517241379,0.030792025862069,0.6,6.45469902533745,23.8024800708406,15,1392000,1.45,1.6251661,5.1,19,HighMobility,0,2026-08-06 16:16:15
Highway,93,ETU,5,9,1.47064263670794,16QAM,MRC,25,0,0,0,0,160,15,3480000,3.625,1.003214,2.3,19,HighMobility,0,2026-08-06 16:16:16
Highway,93,ETU,5,9,1.46640929418275,16QAM,MRC,30,0,0,0,0,160,15,3480000,3.625,0.90603,2,19,HighMobility,0,2026-08-06 16:16:17
Highway,93,ETU,5,9,1.4620299411877,16QAM,LMMSE,0,0.368824084051724,0.891163793103448,1,83.566747786067,1.55932998371137,4,0,0,0.2269428,1,19,HighMobility,0,2026-08-06 16:16:17
Highway,93,ETU,5,9,1.42814082991071,16QAM,LMMSE,5,0.339507004310345,0.87332974137931,1,76.8625777879488,2.28570108847986,4,0,0,0.2198334,1,19,HighMobility,0,2026-08-06 16:16:18
Highway,93,ETU,5,9,1.45880068154027,16QAM,LMMSE,10,0.280435075431034,0.791271551724138,1,67.7881788824006,3.37692066358661,5,0,0,0.2276974,1,19,HighMobility,0,2026-08-06 16:16:18
Highway,93,ETU,5,9,1.47047321511869,16QAM,LMMSE,15,0.177000269396552,0.570447198275862,1,52.4609855571531,5.60327109610558,6,0,0,0.2283447,1,19,HighMobility,0,2026-08-06 16:16:18
Highway,93,ETU,5,9,1.40720149579845,16QAM,LMMSE,20,0.0745891702586207,0.24453125,1,26.499520551585,11.5352396712145,9,0,0,0.2256065,1,19,HighMobility,0,2026-08-06 16:16:18
Highway,93,ETU,5,9,1.46506082191493,16QAM,LMMSE,25,0.0111260775862069,0.0422144396551724,0.6,7.3605422584212,22.6618037916057,14,1392000,1.45,0.2158976,1,19,HighMobility,0,2026-08-06 16:16:18
Highway,93,ETU,5,9,1.47062073778554,16QAM,LMMSE,30,0.00095635775862069,0.00377155172413793,0.3,1.50843919155815,36.4294438496942,15,2436000,2.5375,0.2236814,1,19,HighMobility,0,2026-08-06 16:16:19
Highway,93,ETU,5,9,1.47052561098388,16QAM,MPA,0,0.375599407327586,0.897602370689655,1,84.6338275377648,1.44912035703754,4,0,0,0.361575,10,19,HighMobility,0,2026-08-06 16:16:19
Highway,93,ETU,5,9,1.4675118496471,16QAM,MPA,5,0.35086880387931,0.882462284482759,1,79.5349189970744,1.98884313801319,4,0,0,0.3334981,10,19,HighMobility,0,2026-08-06 16:16:19
Highway,93,ETU,5,9,1.46200746424836,16QAM,MPA,10,0.346417025862069,0.881627155172414,1,78.0391316769983,2.15375143085694,4,0,0,0.3243492,10,19,HighMobility,0,2026-08-06 16:16:20
Highway,93,ETU,5,9,1.38609508304676,16QAM,MPA,15,0.332354525862069,0.86953125,1,75.4443754101474,2.44746265107195,5,0,0,0.3161338,10,19,HighMobility,0,2026-08-06 16:16:20
Highway,93,ETU,5,9,1.46177380885685,16QAM,MPA,20,0.327727640086207,0.869908405172414,1,74.0308321936724,2.61174737218619,5,0,0,0.3436631,10,19,HighMobility,0,2026-08-06 16:16:20
Highway,93,ETU,5,9,1.46414055677716,16QAM,MPA,25,0.328185614224138,0.867268318965517,1,74.7964259809305,2.52238307315022,5,0,0,0.3299223,10,19,HighMobility,0,2026-08-06 16:16:21
Highway,93,ETU,5,9,1.42494002745243,16QAM,MPA,30,0.334954202586207,0.87109375,1,75.6660024764118,2.42198419425642,5,0,0,0.3536527,10,19,HighMobility,0,2026-08-06 16:16:21
Highway,93,ETU,5,9,1.46658017846168,64QAM,MRC,0,0.406586745689655,0.946659482758621,1,105.039884791054,-0.427084734850688,3,0,0,2.3771387,8.7,19,HighMobility,0,2026-08-06 16:16:23
Highway,93,ETU,5,9,1.47064162272591,64QAM,MRC,5,0.345994971264368,0.91004849137931,1,78.4112159286733,2.1124362290814,4,0,0,2.4361025,9.8,19,HighMobility,0,2026-08-06 16:16:26
Highway,93,ETU,5,9,1.29536797629645,64QAM,MRC,10,0.227963362068966,0.784698275862069,1,45.1968175736344,6.89784287849248,7,0,0,2.3204501,8.9,19,HighMobility,0,2026-08-06 16:16:28
Highway,93,ETU,5,9,1.46602825544286,64QAM,MRC,15,0.177249461206897,0.70479525862069,1,35.6887698516298,8.94936842774945,8,0,0,2.5434091,10,19,HighMobility,0,2026-08-06 16:16:31
Highway,93,ETU,5,9,1.36701432716713,64QAM,MRC,20,0.0949173850574713,0.459752155172414,1,23.3218107155026,12.6447546758396,10,0,0,2.8593772,11.3,19,HighMobility,0,2026-08-06 16:16:34
Highway,93,ETU,5,9,1.46948380616527,64QAM,MRC,25,0.00897988505747126,0.0519127155172414,1,6.04094015775853,24.3779093283969,15,0,0,2.6945851,11.8,19,HighMobility,0,2026-08-06 16:16:36
Highway,93,ETU,5,9,1.45132102411651,64QAM,MRC,30,0.000296336206896552,0.00164331896551724,0.4,0.755568824839914,42.4345193919048,15,3132000,3.2625,2.3254074,9.8,19,HighMobility,0,2026-08-06 16:16:39
Highway,93,ETU,5,9,1.45185180821631,64QAM,LMMSE,0,0.412446120689655,0.980172413793103,1,89.2623929396956,0.986629496095026,4,0,0,0.2343895,1,19,HighMobility,0,2026-08-06 16:16:39
Highway,93,ETU,5,9,1.4606670996876,64QAM,LMMSE,5,0.40028286637931,0.976751077586207,1,87.2794538670636,1.18175959836284,4,0,0,0.2187752,1,19,HighMobility,0,2026-08-06 16:16:39
Highway,93,ETU,5,9,1.44059805754755,64QAM,LMMSE,10,0.394526760057471,0.97421875,1,83.3732152978325,1.57946899124677,4,0,0,0.2398734,1,19,HighMobility,0,2026-08-06 16:16:39
Highway,93,ETU,5,9,1.46325706536338,64QAM,LMMSE,15,0.383926005747126,0.962015086206897,1,69.4623455350007,3.16501111912036,5,0,0,0.2349655,1,19,HighMobility,0,2026-08-06 16:16:40
Highway,93,ETU,5,9,1.46847060417566,64QAM,LMMSE,20,0.265189475574713,0.877047413793103,1,45.3481320310164,6.86881195171613,7,0,0,0.238687,1,19,HighMobility,0,2026-08-06 16:16:40
Highway,93,ETU,5,9,1.46079872245071,64QAM,LMMSE,25,0.198468929597701,0.76875,1,36.4110150269652,8.77534428209259,8,0,0,0.2310753,1,19,HighMobility,0,2026-08-06 16:16:40
Highway,93,ETU,5,9,1.41169768934313,64QAM,LMMSE,30,0.0783943965517241,0.397279094827586,1,20.1456527509886,13.9163731244005,10,0,0,0.2281462,1,19,HighMobility,0,2026-08-06 16:16:40
Highway,93,ETU,5,9,1.45183499349303,64QAM,MPA,0,0.422786458333333,0.979660560344828,1,90.8312837267234,0.835290956903387,4,0,0,0.7024801,10,19,HighMobility,0,2026-08-06 16:16:41
Highway,93,ETU,5,9,1.45613610787554,64QAM,MPA,5,0.402393139367816,0.977801724137931,1,87.5816469497494,1.15173784548053,4,0,0,0.7410186,10,19,HighMobility,0,2026-08-06 16:16:42
Highway,93,ETU,5,9,1.38737215662831,64QAM,MPA,10,0.390499281609195,0.975538793103448,1,86.0059604367491,1.30942899952633,4,0,0,0.7566361,10,19,HighMobility,0,2026-08-06 16:16:42
Highway,93,ETU,5,9,1.45648341156483,64QAM,MPA,15,0.400489403735632,0.978394396551724,1,86.6329092699892,1.2463420212228,4,0,0,0.7293497,10,19,HighMobility,0,2026-08-06 16:16:43
Highway,93,ETU,5,9,1.45060670241487,64QAM,MPA,20,0.418085488505747,0.978448275862069,1,89.619467232804,0.951952843929524,4,0,0,0.7182136,10,19,HighMobility,0,2026-08-06 16:16:44
Highway,93,ETU,5,9,1.46193891141206,64QAM,MPA,25,0.422238685344828,0.978879310344828,1,89.8452875918459,0.930093936270655,4,0,0,0.74795,10,19,HighMobility,0,2026-08-06 16:16:45
Highway,93,ETU,5,9,1.46523984190915,64QAM,MPA,30,0.420460668103448,0.980145474137931,1,89.9006020059418,0.924748001379199,4,0,0,0.7810069,10,19,HighMobility,0,2026-08-06 16:16:45
Highway,97,ETU,5,9,1.40673631739598,QPSK,MRC,0,0.269100215517241,0.463900862068966,1,103.446754782657,-0.294337420172104,3,0,0,1.2556846,3.6,20,HighMobility,0,2026-08-06 16:16:47
Highway,97,ETU,5,9,1.50690309351152,QPSK,MRC,5,0.122535021551724,0.225188577586207,1,66.5040916591161,3.54303267880696,5,0,0,1.0567322,2.8,20,HighMobility,0,2026-08-06 16:16:48
Highway,97,ETU,5,9,1.52726759733585,QPSK,MRC,10,0.0201104525862069,0.0393049568965517,1,24.1596072600764,12.3382025981771,10,0,0,0.9984383,2.7,20,HighMobility,0,2026-08-06 16:16:49
Highway,97,ETU,5,9,1.52004222233888,QPSK,MRC,15,0.00355603448275862,0.00692349137931034,0.1,3.77149014728058,28.4697404501301,15,1566000,1.63125,0.9292281,2.2,20,HighMobility,0,2026-08-06 16:16:50
Highway,97,ETU,5,9,1.44061116351211,QPSK,MRC,20,0,0,0,0,160,15,1740000,1.8125,0.9051574,2,20,HighMobility,0,2026-08-06 16:16:51
Highway,97,ETU,5,9,1.51661160013404,QPSK,MRC,25,0,0,0,0,160,15,1740000,1.8125,0.9081948,2,20,HighMobility,0,2026-08-06 16:16:52
Highway,97,ETU,5,9,1.53193250389787,QPSK,MRC,30,0,0,0,0,160,15,1740000,1.8125,0.8591165,2,20,HighMobility,0,2026-08-06 16:16:52
Highway,97,ETU,5,9,1.52146378833323,QPSK,LMMSE,0,0.215261314655172,0.380603448275862,1,92.2420981976996,0.701416537224862,4,0,0,0.2255221,1,20,HighMobility,0,2026-08-06 16:16:53
Highway,97,ETU,5,9,1.51773973617932,QPSK,LMMSE,5,0.115449892241379,0.217133620689655,1,67.3127593532094,3.43805212072969,5,0,0,0.2239111,1,20,HighMobility,0,2026-08-06 16:16:53
Highway,97,ETU,5,9,1.48423863198543,QPSK,LMMSE,10,0.0357354525862069,0.0691271551724138,1,34.6568308904487,9.20422305616748,8,0,0,0.2259218,1,20,HighMobility,0,2026-08-06 16:16:53
Highway,97,ETU,5,9,1.53318380224954,QPSK,LMMSE,15,0.000457974137931034,0.000915948275862069,0.7,3.32058785499358,29.5757004971239,15,522000,0.54375,0.2231641,1,20,HighMobility,0,2026-08-06 16:16:53
Highway,97,ETU,5,9,1.5338609628994,QPSK,LMMSE,20,0,0,0,0,160,15,1740000,1.8125,0.2154864,1,20,HighMobility,0,2026-08-06 16:16:54
Highway,97,ETU,5,9,1.47628854347891,QPSK,LMMSE,25,0,0,0,0,160,15,1740000,1.8125,0.2195934,1,20,HighMobility,0,2026-08-06 16:16:54
Highway,97,ETU,5,9,1.53102784684301,QPSK,LMMSE,30,0,0,0,0,160,15,1740000,1.8125,0.2241429,1,20,HighMobility,0,2026-08-06 16:16:54
Highway,97,ETU,5,9,1.50693764326332,QPSK,MPA,0,0.257260237068966,0.446255387931034,1,100.785783549745,-0.0679855308158422,3,0,0,0.2528735,10,20,HighMobility,0,2026-08-06 16:16:54
Highway,97,ETU,5,9,1.4852028339159,QPSK,MPA,5,0.210008081896552,0.374649784482759,1,91.3336304245193,0.787385584368075,4,0,0,0.2409407,10,20,HighMobility,0,2026-08-06 16:16:54
Highway,97,ETU,5,9,1.52841207246794,QPSK,MPA,10,0.150215517241379,0.277720905172414,1,77.2776681011243,2.23891982970162,4,0,0,0.246708,10,20,HighMobility,0,2026-08-06 16:16:55
Highway,97,ETU,5,9,1.46827850136716,QPSK,MPA,15,0.128771551724138,0.241082974137931,1,71.6968859545538,2.88999413688759,5,0,0,0.2336659,10,20,HighMobility,0,2026-08-06 16:16:55
Highway,97,ETU,5,9,1.53126562538185,QPSK,MPA,20,0.13643588362069,0.253259698275862,1,73.7198765431379,2.6483080150926,5,0,0,0.2420024,10,20,HighMobility,0,2026-08-06 16:16:55
Highway,97,ETU,5,9,1.52955585364651,QPSK,MPA,25,0.125255926724138,0.234940732758621,1,70.6203807346151,3.02139890722375,5,0,0,0.227508,10,20,HighMobility,0,2026-08-06 16:16:55
Highway,97,ETU,5,9,1.53229119607854,QPSK,MPA,30,0.126171875,0.237473060344828,1,70.8260603775559,2.99613829374347,5,0,0,0.2385749,10,20,HighMobility,0,2026-08-06 16:16:56
Highway,97,ETU,5,9,1.53307865677958,16QAM,MRC,0,0.35108432112069,0.806654094827586,1,99.2715014826907,0.0635081872277009,3,0,0,1.3639596,3.9,20,HighMobility,0,2026-08-06 16:16:57
Highway,97,ETU,5,9,1.47640619930605,16QAM,MRC,5,0.266810344827586,0.710021551724138,1,75.0360722670611,2.49459814007064,5,0,0,1.2782156,3.9,20,HighMobility,0,2026-08-06 16:16:58
Highway,97,ETU,5,9,1.44127910095858,16QAM,MRC,10,0.155145474137931,0.500242456896552,1,50.824240638163,5.87858202816906,6,0,0,1.3759907,4,20,HighMobility,0,2026-08-06 16:17:00
Highway,97,ETU,5,9,1.36431700683773,16QAM,MRC,15,0.063543911637931,0.231519396551724,1,29.6890091035858,10.5480859423373,9,0,0,1.699714,5.4,20,HighMobility,0,2026-08-06 16:17:01
Highway,97,ETU,5,9,1.4676987677102,16QAM,MRC,20,0.00241783405172414,0.00950969827586207,0.7,3.3592751347223,29.4750884935849,15,1044000,1.0875,1.4540477,4.2,20,HighMobility,0,2026-08-06 16:17:03
Highway,97,ETU,5,9,1.53389728498913,16QAM,MRC,25,0,0,0,0,160,15,3480000,3.625,0.9693326,2.2,20,HighMobility,0,2026-08-06 16:17:04
Highway,97,ETU,5,9,1.53253595206511,16QAM,MRC,30,0,0,0,0,160,15,3480000,3.625,0.8818553,2,20,HighMobility,0,2026-08-06 16:17:05
Highway,97,ETU,5,9,1.53385601389664,16QAM,LMMSE,0,0.383088631465517,0.901185344827586,1,86.1530921748378,1.29458260799424,4,0,0,0.2201933,1,20,HighMobility,0,2026-08-06 16:17:05
Highway,97,ETU,5,9,1.51601191277096,16QAM,LMMSE,5,0.334839709051724,0.871901939655172,1,75.5713395615002,2.43285759004662,5,0,0,0.2159995,1,20,HighMobility,0,2026-08-06 16:17:05
Highway,97,ETU,5,9,1.52703422568491,16QAM,LMMSE,10,0.309577047413793,0.840382543103448,1,71.9861188923091,2.85502481295054,5,0,0,0.2211749,1,20,HighMobility,0,2026-08-06 16:17:05
Highway,97,ETU,5,9,1.42644907917318,16QAM,LMMSE,15,0.172326239224138,0.548464439655172,1,51.4530872210326,5.77177124297374,6,0,0,0.2345199,1,20,HighMobility,0,2026-08-06 16:17:06
Highway,97,ETU,5,9,1.49322470707042,16QAM,LMMSE,20,0.0527882543103448,0.194908405172414,0.9,26.3896783902843,11.5713180494648,9,348000,0.3625,0.222951,1,20,HighMobility,0,2026-08-06 16:17:06
Highway,97,ETU,5,9,1.49773593841878,16QAM,LMMSE,25,0.00514547413793103,0.0204471982758621,0.8,7.14290653351239,22.9225006535231,15,696000,0.725,0.2259962,1,20,HighMobility,0,2026-08-06 16:17:06
Highway,97,ETU,5,9,1.52856688998584,16QAM,LMMSE,30,0.00338092672413793,0.0133351293103448,0.6,4.2752839353982,27.3807007416083,15,1392000,1.45,0.223768,1,20,HighMobility,0,2026-08-06 16:17:06
Highway,97,ETU,5,9,1.51102328776298,16QAM,MPA,0,0.367039331896552,0.891756465517241,1,82.9447419850117,1.62422278936193,4,0,0,0.339335,10,20,HighMobility,0,2026-08-06 16:17:07
Highway,97,ETU,5,9,1.53353618348044,16QAM,MPA,5,0.346369881465517,0.880334051724138,1,78.3593578399417,2.11818263468757,4,0,0,0.3197506,10,20,HighMobility,0,2026-08-06 16:17:07
Highway,97,ETU,5,9,1.53250169215833,16QAM,MPA,10,0.334577047413793,0.872925646551724,1,75.7197464713438,2.41581697664784,5,0,0,0.3241565,10,20,HighMobility,0,2026-08-06 16:17:07
Highway,97,ETU,5,9,1.42702639486556,16QAM,MPA,15,0.324434267241379,0.864358836206897,1,74.0757024321321,2.60648443153062,5,0,0,0.3280187,10,20,HighMobility,0,2026-08-06 16:17:08
Highway,97,ETU,5,9,1.53208249897237,16QAM,MPA,20,0.337398976293103,0.873087284482759,1,76.7368956827952,2.29991547494628,4,0,0,0.3329212,10,20,HighMobility,0,2026-08-06 16:17:08
Highway,97,ETU,5,9,1.53358294753138,16QAM,MPA,25,0.336280980603448,0.875565732758621,1,75.9838821808212,2.38557042340783,4,0,0,0.3402993,10,20,HighMobility,0,2026-08-06 16:17:08
Highway,97,ETU,5,9,1.33526181777695,16QAM,MPA,30,0.334994612068966,0.8734375,1,75.9571091626397,2.3886314470533,4,0,0,0.3419985,10,20,HighMobility,0,2026-08-06 16:17:09
Highway,97,ETU,5,9,1.51852127204232,64QAM,MRC,0,0.414902119252874,0.952936422413793,1,109.157552431544,-0.76107578411411,3,0,0,2.4315749,9.1,20,HighMobility,0,2026-08-06 16:17:11
Highway,97,ETU,5,9,1.51277649740696,64QAM,MRC,5,0.317784662356322,0.89229525862069,1,66.0781688070628,3.5988400183562,5,0,0,2.2755511,7.7,20,HighMobility,0,2026-08-06 16:17:13
Highway,97,ETU,5,9,1.49472260668004,64QAM,MRC,10,0.248284841954023,0.820231681034483,1,49.039058921829,6.18915745371546,7,0,0,2.5554123,10.2,20,HighMobility,0,2026-08-06 16:17:16
Highway,97,ETU,5,9,1.53200589201432,64QAM,MRC,15,0.151082076149425,0.648760775862069,1,31.5455653693763,10.0212336925652,8,0,0,2.4399359,9.3,20,HighMobility,0,2026-08-06 16:17:18
Highway,97,ETU,5,9,1.52416183434803,64QAM,MRC,20,0.083746408045977,0.420070043103448,1,21.4561207288958,13.3689759161119,10,0,0,2.1810474,9.6,20,HighMobility,0,2026-08-06 16:17:20
Highway,97,ETU,5,9,1.52619453684704,64QAM,MRC,25,0.0109105603448276,0.0621228448275862,0.7,5.83848625166126,24.6739947624337,15,1566000,1.63125,2.5529477,10.8,20,HighMobility,0,2026-08-06 16:17:23
Highway,97,ETU,5,9,1.52473475551361,64QAM,MRC,30,0.0049389367816092,0.02734375,0.5,2.35049384066579,32.5768176503601,15,2610000,2.71875,3.5757853,15.2,20,HighMobility,0,2026-08-06 16:17:27
Highway,97,ETU,5,9,1.42050641082538,64QAM,LMMSE,0,0.42120150862069,0.97879849137931,1,90.4026685395673,0.876374993390137,4,0,0,0.226459,1,20,HighMobility,0,2026-08-06 16:17:27
Highway,97,ETU,5,9,1.53288191262759,64QAM,LMMSE,5,0.400529813218391,0.978286637931034,1,87.3276299542183,1.176966526081,4,0,0,0.2546339,1,20,HighMobility,0,2026-08-06 16:17:27
Highway,97,ETU,5,9,1.4455158971666,64QAM,LMMSE,10,0.394630028735632,0.975431034482759,1,83.8529346109678,1.52963467474218,4,0,0,0.2179902,1,20,HighMobility,0,2026-08-06 16:17:27
Highway,97,ETU,5,9,1.53296525541743,64QAM,LMMSE,15,0.371551724137931,0.958028017241379,1,67.0498710166127,3.47204106521924,5,0,0,0.2260901,1,20,HighMobility,0,2026-08-06 16:17:28
Highway,97,ETU,5,9,1.52991586617183,64QAM,LMMSE,20,0.308423132183908,0.913550646551724,1,52.3680402568124,5.61867356362672,6,0,0,0.2225057,1,20,HighMobility,0,2026-08-06 16:17:28
Highway,97,ETU,5,9,1.46637551353898,64QAM,LMMSE,25,0.176728627873563,0.736799568965517,1,33.4977700437689,9.49968206220077,8,0,0,0.2275562,1,20,HighMobility,0,2026-08-06 16:17:28
Highway,97,ETU,5,9,1.53378778284628,64QAM,LMMSE,30,0.0878726652298851,0.443884698275862,1,22.0421778348369,13.1349099614454,10,0,0,0.2287457,1,20,HighMobility,0,2026-08-06 16:17:28
Highway,97,ETU,5,9,1.42453080319955,64QAM,MPA,0,0.420137392241379,0.978529094827586,1,90.2405876441054,0.89196170476755,4,0,0,0.614957,10,20,HighMobility,0,2026-08-06 16:17:29
Highway,97,ETU,5,9,1.52723827020913,64QAM,MPA,5,0.40049838362069,0.979202586206897,1,87.3759206728919,1.17216470193811,4,0,0,0.6905224,10,20,HighMobility,0,2026-08-06 16:17:30
Highway,97,ETU,5,9,1.43741864900559,64QAM,MPA,10,0.389201688218391,0.976158405172414,1,85.9561239518873,1.3144635304942,4,0,0,0.6702385,10,20,HighMobility,0,2026-08-06 16:17:30
Highway,97,ETU,5,9,1.52789671171722,64QAM,MPA,15,0.399007722701149,0.977720905172414,1,86.6848399075575,1.24113697093348,4,0,0,0.6632667,10,20,HighMobility,0,2026-08-06 16:17:31
Highway,97,ETU,5,9,1.53217746027612,64QAM,MPA,20,0.414924568965517,0.980253232758621,1,88.8769792756561,1.02421428976133,4,0,0,0.6114521,10,20,HighMobility,0,2026-08-06 16:17:31
Highway,97,ETU,5,9,1.52815710339808,64QAM,MPA,25,0.413891882183908,0.979391163793103,1,88.8550870733109,1.02635406406737,4,0,0,0.6274956,10,20,HighMobility,0,2026-08-06 16:17:32
Highway,97,ETU,5,9,1.53362856004815,64QAM,MPA,30,0.426863326149425,0.979256465517241,1,90.9224069445602,0.826581518575194,4,0,0,0.6428882,10,20,HighMobility,0,2026-08-06 16:17:33
HighSpeedRail,223,ETU,5,9,4.6138809924598,QPSK,MRC,0,0.263065732758621,0.454929956896552,1,102.264776638432,-0.19452148251107,3,0,0,0.9233485,3.4,1,VeryHighMobility,0,2026-08-06 16:17:34
HighSpeedRail,223,ETU,5,9,5.12336702943803,QPSK,MRC,5,0.105037715517241,0.197898706896552,1,62.7838173943899,4.04304563544122,5,0,0,1.1587367,4.2,1,VeryHighMobility,0,2026-08-06 16:17:35
HighSpeedRail,223,ETU,5,9,5.12457879798292,QPSK,MRC,10,0.0244746767241379,0.0478717672413793,1,26.8657253148912,11.416028599019,9,0,0,1.1005432,3.6,1,VeryHighMobility,0,2026-08-06 16:17:36
HighSpeedRail,223,ETU,5,9,5.25734853442553,QPSK,MRC,15,0.00363685344827586,0.0072198275862069,0.4,6.11808793325672,24.2676857067073,15,1044000,1.0875,0.8142534,2.4,1,VeryHighMobility,0,2026-08-06 16:17:37
HighSpeedRail,223,ETU,5,9,5.28060655839451,QPSK,MRC,20,0,0,0,0,160,15,1740000,1.8125,0.9259139,2,1,VeryHighMobility,0,2026-08-06 16:17:38
HighSpeedRail,223,ETU,5,9,5.14924494299913,QPSK,MRC,25,0,0,0,0,160,15,1740000,1.8125,0.8968295,2,1,VeryHighMobility,0,2026-08-06 16:17:39
HighSpeedRail,223,ETU,5,9,5.28920067000144,QPSK,MRC,30,0,0,0,0,160,15,1740000,1.8125,0.9292599,2,1,VeryHighMobility,0,2026-08-06 16:17:40
HighSpeedRail,223,ETU,5,9,5.28717530353435,QPSK,LMMSE,0,0.204727909482759,0.366082974137931,1,90.158331639609,0.899882668257521,4,0,0,0.2186135,1,1,VeryHighMobility,0,2026-08-06 16:17:40
HighSpeedRail,223,ETU,5,9,5.21373679301349,QPSK,LMMSE,5,0.096942349137931,0.183054956896552,1,60.0176843859767,4.43441529244943,6,0,0,0.2523737,1,1,VeryHighMobility,0,2026-08-06 16:17:40
HighSpeedRail,223,ETU,5,9,5.24740282484767,QPSK,LMMSE,10,0.0343345905172414,0.067510775862069,1,35.7275233558945,8.93994176391539,8,0,0,0.2359679,1,1,VeryHighMobility,0,2026-08-06 16:17:40
HighSpeedRail,223,ETU,5,9,5.28132416307272,QPSK,LMMSE,15,0.00183189655172414,0.00366379310344828,0.8,5.88674197040775,24.6024999981578,15,348000,0.3625,0.2407128,1,1,VeryHighMobility,0,2026-08-06 16:17:40
HighSpeedRail,223,ETU,5,9,4.31673402237016,QPSK,LMMSE,20,0.000121228448275862,0.000242456896551724,0.4,1.31153867667781,37.6443779547691,15,1044000,1.0875,0.2212907,1,1,VeryHighMobility,0,2026-08-06 16:17:41
HighSpeedRail,223,ETU,5,9,5.26436020893589,QPSK,LMMSE,25,0,0,0,0,160,15,1740000,1.8125,0.2369469,1,1,VeryHighMobility,0,2026-08-06 16:17:41
HighSpeedRail,223,ETU,5,9,5.28956433099659,QPSK,LMMSE,30,0,0,0,0,160,15,1740000,1.8125,0.2402188,1,1,VeryHighMobility,0,2026-08-06 16:17:41
HighSpeedRail,223,ETU,5,9,5.01115356692531,QPSK,MPA,0,0.251926185344828,0.441756465517241,1,100.282140443664,-0.0244719012065016,3,0,0,0.2493644,10,1,VeryHighMobility,0,2026-08-06 16:17:41
HighSpeedRail,223,ETU,5,9,5.23687276382788,QPSK,MPA,5,0.204674030172414,0.366433189655172,1,90.3214270539375,0.884184185887998,4,0,0,0.2480268,10,1,VeryHighMobility,0,2026-08-06 16:17:42
HighSpeedRail,223,ETU,5,9,5.28210098821276,QPSK,MPA,10,0.158418642241379,0.292133620689655,1,79.5448874905952,1.98775456195059,4,0,0,0.2559175,10,1,VeryHighMobility,0,2026-08-06 16:17:42
HighSpeedRail,223,ETU,5,9,5.16809188376246,QPSK,MPA,15,0.134536637931034,0.251158405172414,1,73.1722273250596,2.71307450128367,5,0,0,0.2412383,10,1,VeryHighMobility,0,2026-08-06 16:17:42
HighSpeedRail,223,ETU,5,9,5.1118099064803,QPSK,MPA,20,0.131128771551724,0.244585129310345,1,72.2788615469826,2.81977393123073,5,0,0,0.2442708,10,1,VeryHighMobility,0,2026-08-06 16:17:42
HighSpeedRail,223,ETU,5,9,5.12041870756006,QPSK,MPA,25,0.12567349137931,0.236745689655172,1,70.8200639880928,2.9968737035878,5,0,0,0.2586145,10,1,VeryHighMobility,0,2026-08-06 16:17:43
HighSpeedRail,223,ETU,5,9,4.23341014797252,QPSK,MPA,30,0.128973599137931,0.241648706896552,1,71.7588476180719,2.88249088565916,5,0,0,0.2565684,10,1,VeryHighMobility,0,2026-08-06 16:17:43
HighSpeedRail,223,ETU,5,9,5.12822178550728,16QAM,MRC,0,0.369201239224138,0.827101293103448,1,104.339873473121,-0.369006114861713,3,0,0,1.2785705,3.4,1,VeryHighMobility,0,2026-08-06 16:17:44
HighSpeedRail,223,ETU,5,9,5.28924039117846,16QAM,MRC,5,0.248168103448276,0.680738146551724,1,70.757707494005,3.00452492814396,5,0,0,1.53767,4.5,1,VeryHighMobility,0,2026-08-06 16:17:46
HighSpeedRail,223,ETU,5,9,5.26271981166174,16QAM,MRC,10,0.138065732758621,0.459348060344828,1,46.7020490980264,6.61328127842397,7,0,0,1.4141639,4.2,1,VeryHighMobility,0,2026-08-06 16:17:47
HighSpeedRail,223,ETU,5,9,4.88484189454442,16QAM,MRC,15,0.0556101831896552,0.205253232758621,1,28.6914557840856,10.8449483080286,9,0,0,1.5946842,5.3,1,VeryHighMobility,0,2026-08-06 16:17:49
HighSpeedRail,223,ETU,5,9,5.2895835914772,16QAM,MRC,20,0.00822332974137931,0.031707974137931,1,8.71886578868764,21.190800149404,14,0,0,1.9563139,6.1,1,VeryHighMobility,0,2026-08-06 16:17:51
HighSpeedRail,223,ETU,5,9,5.23841110333331,16QAM,MRC,25,0,0,0,0,160,15,3480000,3.625,1.2003825,3.2,1,VeryHighMobility,0,2026-08-06 16:17:52
HighSpeedRail,223,ETU,5,9,5.28818101520752,16QAM,MRC,30,0,0,0,0,160,15,3480000,3.625,1.112344,2.7,1,VeryHighMobility,0,2026-08-06 16:17:53
HighSpeedRail,223,ETU,5,9,5.24607299207764,16QAM,LMMSE,0,0.387688577586207,0.902855603448276,1,86.9797356506572,1.21163833158227,4,0,0,0.2518958,1,1,VeryHighMobility,0,2026-08-06 16:17:53
HighSpeedRail,223,ETU,5,9,5.28879474499855,16QAM,LMMSE,5,0.339783135775862,0.87567349137931,1,76.9367607908597,2.27732204820274,4,0,0,0.2355731,1,1,VeryHighMobility,0,2026-08-06 16:17:54
HighSpeedRail,223,ETU,5,9,5.26877746631956,16QAM,LMMSE,10,0.286516702586207,0.807974137931034,1,68.7138679617118,3.25911207935004,5,0,0,0.2392687,1,1,VeryHighMobility,0,2026-08-06 16:17:54
HighSpeedRail,223,ETU,5,9,5.27325320789213,16QAM,LMMSE,15,0.181081627155172,0.585964439655172,1,53.5626036059083,5.42276641356021,6,0,0,0.2429845,1,1,VeryHighMobility,0,2026-08-06 16:17:54
HighSpeedRail,223,ETU,5,9,5.28749052687681,16QAM,LMMSE,20,0.0709792564655172,0.260425646551724,1,32.9273935875537,9.64885290191268,8,0,0,0.2483908,1,1,VeryHighMobility,0,2026-08-06 16:17:54
HighSpeedRail,223,ETU,5,9,5.27915461550027,16QAM,LMMSE,25,0.00911907327586207,0.0353717672413793,0.9,9.6810315727466,20.2815672701921,13,348000,0.3625,0.230314,1,1,VeryHighMobility,0,2026-08-06 16:17:55
HighSpeedRail,223,ETU,5,9,5.24323399044006,16QAM,LMMSE,30,0.000835129310344828,0.00334051724137931,0.4,1.89628166662054,34.4419430744143,15,2088000,2.175,0.2422396,1,1,VeryHighMobility,0,2026-08-06 16:17:55
HighSpeedRail,223,ETU,5,9,5.28887788599519,16QAM,MPA,0,0.375047144396552,0.898302801724138,1,84.3497370325216,1.47832534045451,4,0,0,0.3808262,10,1,VeryHighMobility,0,2026-08-06 16:17:55
HighSpeedRail,223,ETU,5,9,5.28958180555411,16QAM,MPA,5,0.351751077586207,0.88348599137931,1,79.1508459719156,2.03088877990581,4,0,0,0.3953403,10,1,VeryHighMobility,0,2026-08-06 16:17:56
HighSpeedRail,223,ETU,5,9,5.28716753154494,16QAM,MPA,10,0.335028286637931,0.872790948275862,1,76.2628826259632,2.35373566105584,4,0,0,0.3463513,10,1,VeryHighMobility,0,2026-08-06 16:17:56
HighSpeedRail,223,ETU,5,9,5.23936745779535,16QAM,MPA,15,0.324993265086207,0.864251077586207,1,73.8380273088163,2.6343982928227,5,0,0,0.3658197,10,1,VeryHighMobility,0,2026-08-06 16:17:56
HighSpeedRail,223,ETU,5,9,5.14961645127689,16QAM,MPA,20,0.330145474137931,0.868696120689655,1,75.0644813031162,2.49131024073949,5,0,0,0.3441865,10,1,VeryHighMobility,0,2026-08-06 16:17:57
HighSpeedRail,223,ETU,5,9,5.256698836704,16QAM,MPA,25,0.32042025862069,0.860910560344828,1,73.2699798122282,2.70147856240649,5,0,0,0.3578581,10,1,VeryHighMobility,0,2026-08-06 16:17:57
HighSpeedRail,223,ETU,5,9,5.20361457089985,16QAM,MPA,30,0.325538793103448,0.867052801724138,1,73.771221989455,2.6422604515097,5,0,0,0.3395335,10,1,VeryHighMobility,0,2026-08-06 16:17:57
HighSpeedRail,223,ETU,5,9,4.93850397622677,64QAM,MRC,0,0.415687859195402,0.951912715517241,1,110.778935663546,-0.889143764747466,3,0,0,2.3566541,8.8,1,VeryHighMobility,0,2026-08-06 16:18:00
HighSpeedRail,223,ETU,5,9,5.28935574788554,64QAM,MRC,5,0.343781429597701,0.908216594827586,1,76.4360587263187,2.3340342914562,4,0,0,2.1621003,7.9,1,VeryHighMobility,0,2026-08-06 16:18:02
HighSpeedRail,223,ETU,5,9,5.28565707272319,64QAM,MRC,10,0.234154992816092,0.801023706896552,1,45.8400504572451,6.77509826004062,7,0,0,2.0718523,7.5,1,VeryHighMobility,0,2026-08-06 16:18:04
HighSpeedRail,223,ETU,5,9,5.28958499524861,64QAM,MRC,15,0.137320402298851,0.620851293103448,1,29.3379485651621,10.6514051431731,9,0,0,2.6147346,10.2,1,VeryHighMobility,0,2026-08-06 16:18:07
HighSpeedRail,223,ETU,5,9,4.98244269629192,64QAM,MRC,20,0.0928924209770115,0.465301724137931,1,23.1123170854468,12.7231302578954,10,0,0,2.7003488,11.8,1,VeryHighMobility,0,2026-08-06 16:18:09
HighSpeedRail,223,ETU,5,9,5.23198691417918,64QAM,MRC,25,0.0319863505747126,0.172710129310345,1,11.5646667489785,18.737337549549,13,0,0,2.9103595,12.4,1,VeryHighMobility,0,2026-08-06 16:18:12
HighSpeedRail,223,ETU,5,9,5.13867438171374,64QAM,MRC,30,0.000121228448275862,0.000727370689655172,0.5,0.547486701175124,45.2325285133699,15,2610000,2.71875,2.5440757,10.3,1,VeryHighMobility,0,2026-08-06 16:18:15
HighSpeedRail,223,ETU,5,9,5.28956737661239,64QAM,LMMSE,0,0.423890984195402,0.980145474137931,1,90.8783824763574,0.830788229457769,4,0,0,0.2549888,1,1,VeryHighMobility,0,2026-08-06 16:18:15
HighSpeedRail,223,ETU,5,9,5.2240405139972,64QAM,LMMSE,5,0.402249461206897,0.978609913793103,1,87.5055544851384,1.15928757825476,4,0,0,0.2527496,1,1,VeryHighMobility,0,2026-08-06 16:18:15
HighSpeedRail,223,ETU,5,9,5.08397595296988,64QAM,LMMSE,10,0.395918642241379,0.974730603448276,1,82.013605406844,1.72228191257404,4,0,0,0.2511622,1,1,VeryHighMobility,0,2026-08-06 16:18:15
HighSpeedRail,223,ETU,5,9,5.08696147965126,64QAM,LMMSE,15,0.381690014367816,0.962284482758621,1,69.5783527654624,3.15051714365656,5,0,0,0.2359613,1,1,VeryHighMobility,0,2026-08-06 16:18:16
HighSpeedRail,223,ETU,5,9,5.18067950271844,64QAM,LMMSE,20,0.290566630747126,0.899461206896552,1,49.7506566161316,6.06402366002105,7,0,0,0.2554747,1,1,VeryHighMobility,0,2026-08-06 16:18:16
HighSpeedRail,223,ETU,5,9,5.24903526059767,64QAM,LMMSE,25,0.194468390804598,0.772413793103448,1,35.9316665887762,8.8904527761278,8,0,0,0.2376925,1,1,VeryHighMobility,0,2026-08-06 16:18:16
HighSpeedRail,223,ETU,5,9,5.24904848069383,64QAM,LMMSE,30,0.108526400862069,0.527101293103448,1,24.9657425390202,12.0531102498555,10,0,0,0.2557344,1,1,VeryHighMobility,0,2026-08-06 16:18:16
HighSpeedRail,223,ETU,5,9,5.28759299409462,64QAM,MPA,0,0.425242456896552,0.978340517241379,1,90.9634146159478,0.822664906373476,4,0,0,0.7477166,10,1,VeryHighMobility,0,2026-08-06 16:18:17
HighSpeedRail,223,ETU,5,9,5.15858228836966,64QAM,MPA,5,0.404597701149425,0.978448275862069,1,88.0761510852621,1.1028334445215,4,0,0,0.7859605,10,1,VeryHighMobility,0,2026-08-06 16:18:18
HighSpeedRail,223,ETU,5,9,5.27500611273124,64QAM,MPA,10,0.389080459770115,0.975538793103448,1,85.9144982622315,1.31867083653488,4,0,0,0.7743241,10,1,VeryHighMobility,0,2026-08-06 16:18:19
HighSpeedRail,223,ETU,5,9,5.13408540470795,64QAM,MPA,15,0.394962284482759,0.976643318965517,1,86.2638797519235,1.28342026371319,4,0,0,0.7591948,10,1,VeryHighMobility,0,2026-08-06 16:18:19
HighSpeedRail,223,ETU,5,9,4.43962450402913,64QAM,MPA,20,0.409060704022988,0.97879849137931,1,88.1190227781843,1.09860655461864,4,0,0,0.7403924,10,1,VeryHighMobility,0,2026-08-06 16:18:20
HighSpeedRail,223,ETU,5,9,5.20719752319409,64QAM,MPA,25,0.411085668103448,0.97979525862069,1,88.4123523945623,1.06974107937033,4,0,0,0.7406296,10,1,VeryHighMobility,0,2026-08-06 16:18:21
HighSpeedRail,223,ETU,5,9,5.27768106764623,64QAM,MPA,30,0.408894576149425,0.978609913793103,1,88.1254981781566,1.09796829807322,4,0,0,0.732313,10,1,VeryHighMobility,0,2026-08-06 16:18:22
HighSpeedRail,246,ETU,5,9,5.81132975972205,QPSK,MRC,0,0.250457974137931,0.436988146551724,1,99.8549100155493,0.0126115071561502,3,0,0,1.097785,3.3,2,VeryHighMobility,0,2026-08-06 16:18:23
HighSpeedRail,246,ETU,5,9,5.83292331676129,QPSK,MRC,5,0.0945851293103448,0.178717672413793,1,59.8743679293549,4.45518116465566,6,0,0,1.0276888,2.4,2,VeryHighMobility,0,2026-08-06 16:18:24
HighSpeedRail,246,ETU,5,9,5.81780544424037,QPSK,MRC,10,0.0230738146551724,0.0450431034482759,1,26.9369898111487,11.3930187598258,9,0,0,1.0599838,2.7,2,VeryHighMobility,0,2026-08-06 16:18:25
HighSpeedRail,246,ETU,5,9,5.79119430047472,QPSK,MRC,15,8.08189655172414e-05,0.000161637931034483,0.1,0.568573532684178,44.904267214992,15,1566000,1.63125,0.9113124,2,2,VeryHighMobility,0,2026-08-06 16:18:26
HighSpeedRail,246,ETU,5,9,4.95902360556826,QPSK,MRC,20,0,0,0,0,160,15,1740000,1.8125,0.9248425,2,2,VeryHighMobility,0,2026-08-06 16:18:27
HighSpeedRail,246,ETU,5,9,5.81670486471663,QPSK,MRC,25,0,0,0,0,160,15,1740000,1.8125,0.8285589,2,2,VeryHighMobility,0,2026-08-06 16:18:28
HighSpeedRail,246,ETU,5,9,5.82329432194241,QPSK,MRC,30,0,0,0,0,160,15,1740000,1.8125,0.7879543,2,2,VeryHighMobility,0,2026-08-06 16:18:28
HighSpeedRail,246,ETU,5,9,5.62483696268758,QPSK,LMMSE,0,0.197844827586207,0.355253232758621,1,88.5131079311587,1.05984819493984,4,0,0,0.2389449,1,2,VeryHighMobility,0,2026-08-06 16:18:29
HighSpeedRail,246,ETU,5,9,5.69105471129276,QPSK,LMMSE,5,0.0976427801724138,0.184563577586207,1,61.476012147832,4.22588624516442,5,0,0,0.2167483,1,2,VeryHighMobility,0,2026-08-06 16:18:29
HighSpeedRail,246,ETU,5,9,5.78878678712263,QPSK,LMMSE,10,0.0377559267241379,0.0735183189655172,1,36.7873659136305,8.68602615701159,8,0,0,0.2321782,1,2,VeryHighMobility,0,2026-08-06 16:18:29
HighSpeedRail,246,ETU,5,9,5.26862110835547,QPSK,LMMSE,15,0.00146821120689655,0.0029364224137931,0.9,6.48798428397699,23.7578042159822,15,174000,0.18125,0.2470521,1,2,VeryHighMobility,0,2026-08-06 16:18:29
HighSpeedRail,246,ETU,5,9,5.8343320623319,QPSK,LMMSE,20,1.34698275862069e-05,2.69396551724138e-05,0.1,0.232119172721315,52.6857797188284,15,1566000,1.63125,0.2386402,1,2,VeryHighMobility,0,2026-08-06 16:18:30
HighSpeedRail,246,ETU,5,9,5.78504151343903,QPSK,LMMSE,25,0,0,0,0,160,15,1740000,1.8125,0.2523213,1,2,VeryHighMobility,0,2026-08-06 16:18:30
HighSpeedRail,246,ETU,5,9,5.66650584838726,QPSK,LMMSE,30,0,0,0,0,160,15,1740000,1.8125,0.2503409,1,2,VeryHighMobility,0,2026-08-06 16:18:30
HighSpeedRail,246,ETU,5,9,5.77432401451736,QPSK,MPA,0,0.264641702586207,0.457785560344828,1,102.765862768224,-0.236977453976032,3,0,0,0.2748691,10,2,VeryHighMobility,0,2026-08-06 16:18:30
HighSpeedRail,246,ETU,5,9,5.82397412513036,QPSK,MPA,5,0.215746228448276,0.38426724137931,1,92.7926853668778,0.649725137261762,4,0,0,0.2721497,10,2,VeryHighMobility,0,2026-08-06 16:18:31
HighSpeedRail,246,ETU,5,9,5.83397624376732,QPSK,MPA,10,0.153421336206897,0.284105603448276,1,78.2498026647367,2.13033498022427,4,0,0,0.2639096,10,2,VeryHighMobility,0,2026-08-06 16:18:31
HighSpeedRail,246,ETU,5,9,5.69097644993185,QPSK,MPA,15,0.13515625,0.251697198275862,1,73.4894883403498,2.67549552641338,5,0,0,0.2470752,10,2,VeryHighMobility,0,2026-08-06 16:18:31
HighSpeedRail,246,ETU,5,9,5.76774662387453,QPSK,MPA,20,0.124771012931034,0.234294181034483,1,70.5298272303805,3.03254360000696,5,0,0,0.2752214,10,2,VeryHighMobility,0,2026-08-06 16:18:31
HighSpeedRail,246,ETU,5,9,5.83351872264608,QPSK,MPA,25,0.118871228448276,0.223195043103448,1,68.7203221680705,3.25829626308015,5,0,0,0.2566977,10,2,VeryHighMobility,0,2026-08-06 16:18:32
HighSpeedRail,246,ETU,5,9,5.82740229322994,QPSK,MPA,30,0.126400862068966,0.236637931034483,1,71.0358951419594,2.97044285019237,5,0,0,0.2705407,10,2,VeryHighMobility,0,2026-08-06 16:18:32
HighSpeedRail,246,ETU,5,9,5.80885288087183,16QAM,MRC,0,0.349158135775862,0.806707974137931,1,97.7097183417867,0.201244772234607,4,0,0,1.3879915,3.8,2,VeryHighMobility,0,2026-08-06 16:18:33
HighSpeedRail,246,ETU,5,9,5.82790956694782,16QAM,MRC,5,0.260230334051724,0.70088900862069,1,73.1516153066823,2.71552159008078,5,0,0,1.416513,3.8,2,VeryHighMobility,0,2026-08-06 16:18:35
HighSpeedRail,246,ETU,5,9,5.48623449937369,16QAM,MRC,10,0.148659752155172,0.479364224137931,1,48.5075881910528,6.28380636126398,7,0,0,1.3576218,3.9,2,VeryHighMobility,0,2026-08-06 16:18:36
HighSpeedRail,246,ETU,5,9,5.47946494313526,16QAM,MRC,15,0.0679418103448276,0.243157327586207,1,31.1548890902066,10.1294758094471,8,0,0,1.8214454,6.1,2,VeryHighMobility,0,2026-08-06 16:18:38
HighSpeedRail,246,ETU,5,9,5.44241150789729,16QAM,MRC,20,0.0143588362068966,0.0515625,0.8,9.2266663302226,20.6991036954239,13,696000,0.725,1.6227228,5,2,VeryHighMobility,0,2026-08-06 16:18:40
HighSpeedRail,246,ETU,5,9,5.79112996592508,16QAM,MRC,25,6.73491379310345e-06,2.69396551724138e-05,0.1,0.10331813520549,59.7164688206431,15,3132000,3.2625,1.0456187,3,2,VeryHighMobility,0,2026-08-06 16:18:41
HighSpeedRail,246,ETU,5,9,5.76774859905854,16QAM,MRC,30,0,0,0,0,160,15,3480000,3.625,0.9694484,2.2,2,VeryHighMobility,0,2026-08-06 16:18:42
HighSpeedRail,246,ETU,5,9,5.78368051764553,16QAM,LMMSE,0,0.3669921875,0.892349137931034,1,83.0581039917149,1.61235973934443,4,0,0,0.2503382,1,2,VeryHighMobility,0,2026-08-06 16:18:42
HighSpeedRail,246,ETU,5,9,5.4208612489829,16QAM,LMMSE,5,0.349313038793103,0.883836206896552,1,78.6571068309444,2.08524063741277,4,0,0,0.2540812,1,2,VeryHighMobility,0,2026-08-06 16:18:42
HighSpeedRail,246,ETU,5,9,5.83488436842075,16QAM,LMMSE,10,0.271531519396552,0.776373922413793,1,66.3973725039424,3.55698212637966,5,0,0,0.2271299,1,2,VeryHighMobility,0,2026-08-06 16:18:42
HighSpeedRail,246,ETU,5,9,5.78565226381993,16QAM,LMMSE,15,0.185021551724138,0.589601293103448,1,53.720882263251,5.39713726968851,6,0,0,0.2430326,1,2,VeryHighMobility,0,2026-08-06 16:18:43
HighSpeedRail,246,ETU,5,9,5.51306599450121,16QAM,LMMSE,20,0.0605940193965517,0.225835129310345,1,30.7354574477789,10.2472063744234,8,0,0,0.2495125,1,2,VeryHighMobility,0,2026-08-06 16:18:43
HighSpeedRail,246,ETU,5,9,5.81797641668038,16QAM,LMMSE,25,0.00940867456896552,0.0368265086206897,1,10.1594457108863,19.8625997214951,13,0,0,0.2346427,1,2,VeryHighMobility,0,2026-08-06 16:18:43
HighSpeedRail,246,ETU,5,9,5.83403411133389,16QAM,LMMSE,30,0.00150188577586207,0.00600754310344828,0.4,2.72542999747674,31.29129936647,15,2088000,2.175,0.248462,1,2,VeryHighMobility,0,2026-08-06 16:18:43
HighSpeedRail,246,ETU,5,9,5.7608753329736,16QAM,MPA,0,0.380462015086207,0.898841594827586,1,85.5758798516974,1.35297253903449,4,0,0,0.3528845,10,2,VeryHighMobility,0,2026-08-06 16:18:44
HighSpeedRail,246,ETU,5,9,5.80230503896046,16QAM,MPA,5,0.344201239224138,0.878448275862069,1,77.91131999009,2.16798875359161,4,0,0,0.3548198,10,2,VeryHighMobility,0,2026-08-06 16:18:44
HighSpeedRail,246,ETU,5,9,5.79014559990005,16QAM,MPA,10,0.333984375,0.87276400862069,1,75.8025377959372,2.40632508727396,5,0,0,0.3452737,10,2,VeryHighMobility,0,2026-08-06 16:18:44
HighSpeedRail,246,ETU,5,9,5.22924090433727,16QAM,MPA,15,0.321672952586207,0.861395474137931,1,73.783884110736,2.64076972995886,5,0,0,0.3307493,10,2,VeryHighMobility,0,2026-08-06 16:18:45
HighSpeedRail,246,ETU,5,9,5.75818035341596,16QAM,MPA,20,0.321915409482759,0.863900862068966,1,73.442713168702,2.68102575039813,5,0,0,0.3651035,10,2,VeryHighMobility,0,2026-08-06 16:18:45
HighSpeedRail,246,ETU,5,9,5.83262286695618,16QAM,MPA,25,0.319598599137931,0.860883620689655,1,73.1009249460503,2.72154255758032,5,0,0,0.333614,10,2,VeryHighMobility,0,2026-08-06 16:18:45
HighSpeedRail,246,ETU,5,9,5.62237908396694,16QAM,MPA,30,0.326488415948276,0.866891163793103,1,74.2462950927845,2.58650425729358,5,0,0,0.3446661,10,2,VeryHighMobility,0,2026-08-06 16:18:46
HighSpeedRail,246,ETU,5,9,5.7994399136285,64QAM,MRC,0,0.417515265804598,0.95167025862069,1,110.796676188945,-0.890534642062626,3,0,0,2.1873405,8.7,2,VeryHighMobility,0,2026-08-06 16:18:48
HighSpeedRail,246,ETU,5,9,5.80405279859243,64QAM,MRC,5,0.34662805316092,0.916190732758621,1,76.3430213668222,2.34461312641456,4,0,0,2.0649984,7.4,2,VeryHighMobility,0,2026-08-06 16:18:50
HighSpeedRail,246,ETU,5,9,5.82525430301084,64QAM,MRC,10,0.253169899425287,0.831815732758621,1,49.5661546374838,6.0962954506242,7,0,0,2.2212405,8.2,2,VeryHighMobility,0,2026-08-06 16:18:52
HighSpeedRail,246,ETU,5,9,5.83513631861837,64QAM,MRC,15,0.170581896551724,0.691352370689655,1,34.4909182025583,9.24590487751368,8,0,0,2.2701087,9.6,2,VeryHighMobility,0,2026-08-06 16:18:54
HighSpeedRail,246,ETU,5,9,5.83249332462977,64QAM,MRC,20,0.0707749640804598,0.363496767241379,1,19.4617709784487,14.2163528484937,11,0,0,2.2952147,8.8,2,VeryHighMobility,0,2026-08-06 16:18:57
HighSpeedRail,246,ETU,5,9,5.8130717114599,64QAM,MRC,25,0.0209006824712644,0.115167025862069,1,8.89956093130206,21.0126283835432,14,0,0,2.8869913,11.5,2,VeryHighMobility,0,2026-08-06 16:19:00
HighSpeedRail,246,ETU,5,9,5.8051714818658,64QAM,MRC,30,0.00177801724137931,0.00991379310344828,0.4,1.22294481838212,38.2518627744471,15,3132000,3.2625,3.2414678,14.7,2,VeryHighMobility,0,2026-08-06 16:19:03
HighSpeedRail,246,ETU,5,9,5.83513728390895,64QAM,LMMSE,0,0.421003951149425,0.980980603448276,1,90.2900363108112,0.887203446438984,4,0,0,0.2409472,1,2,VeryHighMobility,0,2026-08-06 16:19:03
HighSpeedRail,246,ETU,5,9,5.76291775829084,64QAM,LMMSE,5,0.405545079022989,0.978098060344828,1,88.1124627869019,1.09925319684774,4,0,0,0.235534,1,2,VeryHighMobility,0,2026-08-06 16:19:03
HighSpeedRail,246,ETU,5,9,5.76589654701077,64QAM,LMMSE,10,0.397476652298851,0.974649784482759,1,84.2808595887962,1.48542087258222,4,0,0,0.2539963,1,2,VeryHighMobility,0,2026-08-06 16:19:04
HighSpeedRail,246,ETU,5,9,5.77835569220941,64QAM,LMMSE,15,0.377038433908046,0.959401939655172,1,68.1721173432888,3.32786434264304,5,0,0,0.2487493,1,2,VeryHighMobility,0,2026-08-06 16:19:04
HighSpeedRail,246,ETU,5,9,5.79995153072429,64QAM,LMMSE,20,0.294872485632184,0.906519396551724,1,50.5332229748047,5.92846003739829,7,0,0,0.239443,1,2,VeryHighMobility,0,2026-08-06 16:19:04
HighSpeedRail,246,ETU,5,9,5.82871206288822,64QAM,LMMSE,25,0.179476472701149,0.738200431034483,1,33.8231688107586,9.41571413668254,8,0,0,0.247263,1,2,VeryHighMobility,0,2026-08-06 16:19:04
HighSpeedRail,246,ETU,5,9,5.83114658799757,64QAM,LMMSE,30,0.0880118534482759,0.441433189655172,1,22.2246757702426,13.0632913223151,10,0,0,0.2523627,1,2,VeryHighMobility,0,2026-08-06 16:19:05
HighSpeedRail,246,ETU,5,9,5.79414678034044,64QAM,MPA,0,0.426558010057471,0.980091594827586,1,91.1327102561535,0.80651427525229,4,0,0,0.7079814,10,2,VeryHighMobility,0,2026-08-06 16:19:05
HighSpeedRail,246,ETU,5,9,5.76909750298882,64QAM,MPA,5,0.404211566091954,0.977720905172414,1,88.0495559009251,1.10545660319338,4,0,0,0.7123616,10,2,VeryHighMobility,0,2026-08-06 16:19:06
HighSpeedRail,246,ETU,5,9,5.66175415277588,64QAM,MPA,10,0.388680854885057,0.975754310344828,1,85.6803780186125,1.34237252162035,4,0,0,0.7553198,10,2,VeryHighMobility,0,2026-08-06 16:19:07
HighSpeedRail,246,ETU,5,9,5.69523558139515,64QAM,MPA,15,0.396614583333333,0.979229525862069,1,86.2269880843209,1.28713567151728,4,0,0,0.7259397,10,2,VeryHighMobility,0,2026-08-06 16:19:08
HighSpeedRail,246,ETU,5,9,5.73727459529375,64QAM,MPA,20,0.407601472701149,0.979876077586207,1,87.87532801797,1.12266081699495,4,0,0,0.7103369,10,2,VeryHighMobility,0,2026-08-06 16:19:08
HighSpeedRail,246,ETU,5,9,5.82108572012729,64QAM,MPA,25,0.41022808908046,0.978313577586207,1,88.1846569556207,1.09213940374697,4,0,0,0.7194503,10,2,VeryHighMobility,0,2026-08-06 16:19:09
HighSpeedRail,246,ETU,5,9,5.83353151829119,64QAM,MPA,30,0.411462823275862,0.979364224137931,1,88.5211718596472,1.0590569087208,4,0,0,0.7606073,10,2,VeryHighMobility,0,2026-08-06 16:19:10
HighSpeedRail,261,ETU,5,9,5.84414215258646,QPSK,MRC,0,0.256869612068966,0.447386853448276,1,101.141834698598,-0.098616548170997,3,0,0,1.1946329,3.5,3,VeryHighMobility,0,2026-08-06 16:19:11
HighSpeedRail,261,ETU,5,9,6.18516386492806,QPSK,MRC,5,0.0992726293103448,0.188415948275862,1,62.4072523345023,4.09529876217263,5,0,0,1.1662307,3.2,3,VeryHighMobility,0,2026-08-06 16:19:12
HighSpeedRail,261,ETU,5,9,6.17372378934367,QPSK,MRC,10,0.0329741379310345,0.0634159482758621,1,30.7078465572777,10.255012763345,8,0,0,1.1352983,3.1,3,VeryHighMobility,0,2026-08-06 16:19:13
HighSpeedRail,261,ETU,5,9,5.73677405740293,QPSK,MRC,15,0.000700431034482759,0.00140086206896552,0.3,2.24233017554218,32.9860087727477,15,1218000,1.26875,0.9867627,2.2,3,VeryHighMobility,0,2026-08-06 16:19:14
HighSpeedRail,261,ETU,5,9,6.19089846530104,QPSK,MRC,20,0,0,0,0,160,15,1740000,1.8125,0.9165937,2,3,VeryHighMobility,0,2026-08-06 16:19:15
HighSpeedRail,261,ETU,5,9,5.92910193154444,QPSK,MRC,25,0,0,0,0,160,15,1740000,1.8125,0.9343772,2,3,VeryHighMobility,0,2026-08-06 16:19:16
HighSpeedRail,261,ETU,5,9,5.81917827002433,QPSK,MRC,30,0,0,0,0,160,15,1740000,1.8125,0.9027549,2,3,VeryHighMobility,0,2026-08-06 16:19:17
HighSpeedRail,261,ETU,5,9,6.1904338344988,QPSK,LMMSE,0,0.217874461206897,0.384509698275862,1,92.8631089463675,0.643135615281419,4,0,0,0.2267385,1,3,VeryHighMobility,0,2026-08-06 16:19:17
HighSpeedRail,261,ETU,5,9,6.15912094209751,QPSK,LMMSE,5,0.09921875,0.188038793103448,1,62.6987637014775,4.0548204506647,5,0,0,0.2352386,1,3,VeryHighMobility,0,2026-08-06 16:19:17
HighSpeedRail,261,ETU,5,9,6.16452203560994,QPSK,LMMSE,10,0.0377559267241379,0.0733028017241379,1,35.5650271601126,8.97953710612563,8,0,0,0.2300632,1,3,VeryHighMobility,0,2026-08-06 16:19:18
HighSpeedRail,261,ETU,5,9,6.18101629369359,QPSK,LMMSE,15,0.00235721982758621,0.00471443965517241,0.8,7.7173508630611,22.2506350891375,14,348000,0.3625,0.2458567,1,3,VeryHighMobility,0,2026-08-06 16:19:18
HighSpeedRail,261,ETU,5,9,6.18751272331169,QPSK,LMMSE,20,0.000282866379310345,0.00056573275862069,0.3,1.4760223621931,36.6181412553612,15,1218000,1.26875,0.2385821,1,3,VeryHighMobility,0,2026-08-06 16:19:18
HighSpeedRail,261,ETU,5,9,6.19043364537258,QPSK,LMMSE,25,0,0,0,0,160,15,1740000,1.8125,0.2356077,1,3,VeryHighMobility,0,2026-08-06 16:19:18
HighSpeedRail,261,ETU,5,9,6.08234427706975,QPSK,LMMSE,30,0,0,0,0,160,15,1740000,1.8125,0.2339682,1,3,VeryHighMobility,0,2026-08-06 16:19:19
HighSpeedRail,261,ETU,5,9,6.18379548384323,QPSK,MPA,0,0.272332974137931,0.471686422413793,1,104.271065237685,-0.363276206693374,3,0,0,0.2512985,10,3,VeryHighMobility,0,2026-08-06 16:19:19
HighSpeedRail,261,ETU,5,9,5.9909542315478,QPSK,MPA,5,0.202464978448276,0.362661637931035,1,89.765476905867,0.937813149068566,4,0,0,0.2497249,10,3,VeryHighMobility,0,2026-08-06 16:19:19
HighSpeedRail,261,ETU,5,9,6.19002813984641,QPSK,MPA,10,0.161799568965517,0.297332974137931,1,80.2983501654294,1.90586755554989,4,0,0,0.2516201,10,3,VeryHighMobility,0,2026-08-06 16:19:19
HighSpeedRail,261,ETU,5,9,6.17511216246862,QPSK,MPA,15,0.138725754310345,0.258189655172414,1,74.386482031169,2.57011959894119,5,0,0,0.2452595,10,3,VeryHighMobility,0,2026-08-06 16:19:20
HighSpeedRail,261,ETU,5,9,5.68676133919372,QPSK,MPA,20,0.131856142241379,0.247117456896552,1,72.4793583816876,2.79571319749847,5,0,0,0.2429396,10,3,VeryHighMobility,0,2026-08-06 16:19:20
HighSpeedRail,261,ETU,5,9,6.1698805798669,QPSK,MPA,25,0.127909482758621,0.239304956896552,1,71.3894035475375,2.92732493040237,5,0,0,0.264653,10,3,VeryHighMobility,0,2026-08-06 16:19:20
HighSpeedRail,261,ETU,5,9,6.13803511610995,QPSK,MPA,30,0.131438577586207,0.245554956896552,1,72.3878651274958,2.8066846290611,5,0,0,0.2489324,10,3,VeryHighMobility,0,2026-08-06 16:19:20
HighSpeedRail,261,ETU,5,9,6.186092537237,16QAM,MRC,0,0.325020204741379,0.778205818965517,1,90.7126036189972,0.846647356503087,4,0,0,1.1132343,2.9,3,VeryHighMobility,0,2026-08-06 16:19:22
HighSpeedRail,261,ETU,5,9,5.04580134756355,16QAM,MRC,5,0.263941271551724,0.707058189655172,1,74.2020919217758,2.59167701644716,5,0,0,1.52799,3.9,3,VeryHighMobility,0,2026-08-06 16:19:23
HighSpeedRail,261,ETU,5,9,6.14956005342909,16QAM,MRC,10,0.137648168103448,0.464466594827586,1,47.1348660172521,6.53315446160589,7,0,0,1.5195081,5,3,VeryHighMobility,0,2026-08-06 16:19:25
HighSpeedRail,261,ETU,5,9,6.06250570639769,16QAM,MRC,15,0.0587284482758621,0.212931034482759,1,27.5179092158634,11.2076913291575,9,0,0,0.7979811,6.8,3,VeryHighMobility,0,2026-08-06 16:19:25
HighSpeedRail,261,ETU,5,9,6.15128086133616,16QAM,MRC,20,0.0102909482758621,0.0391163793103448,0.9,8.55884549457176,21.3516962698961,14,348000,0.3625,0.6887181,5.5,3,VeryHighMobility,0,2026-08-06 16:19:26
HighSpeedRail,261,ETU,5,9,5.60077312344418,16QAM,MRC,25,0.000154903017241379,0.000619612068965517,0.2,0.590569076409635,44.5745859491886,15,2784000,2.9,0.4883755,3.2,3,VeryHighMobility,0,2026-08-06 16:19:27
HighSpeedRail,261,ETU,5,9,6.02404141901449,16QAM,MRC,30,0,0,0,0,160,15,3480000,3.625,0.5005004,2.8,3,VeryHighMobility,0,2026-08-06 16:19:27
HighSpeedRail,261,ETU,5,9,6.16467111518236,16QAM,LMMSE,0,0.377727640086207,0.898356681034483,1,85.2212599601265,1.38904098457347,4,0,0,0.131653,1,3,VeryHighMobility,0,2026-08-06 16:19:27
HighSpeedRail,261,ETU,5,9,6.18903879474778,16QAM,LMMSE,5,0.352464978448276,0.88526400862069,1,79.5992486077468,1.9818206369676,4,0,0,0.1344691,1,3,VeryHighMobility,0,2026-08-06 16:19:27
HighSpeedRail,261,ETU,5,9,6.13874926185728,16QAM,LMMSE,10,0.284348060344828,0.804471982758621,1,68.4260430433629,3.29557147513446,5,0,0,0.1407794,1,3,VeryHighMobility,0,2026-08-06 16:19:27
HighSpeedRail,261,ETU,5,9,6.10163262911431,16QAM,LMMSE,15,0.168776939655172,0.553744612068966,1,51.7061342469545,5.7291586114022,6,0,0,0.1446342,1,3,VeryHighMobility,0,2026-08-06 16:19:28
HighSpeedRail,261,ETU,5,9,6.0635837406256,16QAM,LMMSE,20,0.0739291487068966,0.265409482758621,1,32.4647461804903,9.77175976455291,8,0,0,0.1513304,1,3,VeryHighMobility,0,2026-08-06 16:19:28
HighSpeedRail,261,ETU,5,9,6.16680009682851,16QAM,LMMSE,25,0.00844558189655172,0.0330010775862069,1,9.9352539142772,20.0564205838456,13,0,0,0.1473677,1,3,VeryHighMobility,0,2026-08-06 16:19:28
HighSpeedRail,261,ETU,5,9,6.15816773707052,16QAM,LMMSE,30,4.71443965517241e-05,0.000188577586206897,0.1,0.274973240513487,51.2141913643254,15,3132000,3.2625,0.1394813,1,3,VeryHighMobility,0,2026-08-06 16:19:28
HighSpeedRail,261,ETU,5,9,6.17599160215896,16QAM,MPA,0,0.378131734913793,0.897252155172414,1,85.5636763143166,1.35421127754051,4,0,0,0.253655,10,3,VeryHighMobility,0,2026-08-06 16:19:28
HighSpeedRail,261,ETU,5,9,6.19093415846924,16QAM,MPA,5,0.342180765086207,0.877262931034483,1,77.5989110117315,2.2028874678554,4,0,0,0.3152706,10,3,VeryHighMobility,0,2026-08-06 16:19:29
HighSpeedRail,261,ETU,5,9,6.13459082503592,16QAM,MPA,10,0.331984105603448,0.870177801724138,1,75.358632129547,2.45733986459583,5,0,0,0.2357103,10,3,VeryHighMobility,0,2026-08-06 16:19:29
HighSpeedRail,261,ETU,5,9,6.14696096207363,16QAM,MPA,15,0.325740840517241,0.86573275862069,1,74.070582318432,2.60708482110673,5,0,0,0.2382611,10,3,VeryHighMobility,0,2026-08-06 16:19:29
HighSpeedRail,261,ETU,5,9,6.13385899219549,16QAM,MPA,20,0.323619342672414,0.864439655172414,1,73.6106002037773,2.66119282234702,5,0,0,0.2361566,10,3,VeryHighMobility,0,2026-08-06 16:19:29
HighSpeedRail,261,ETU,5,9,6.09548997613499,16QAM,MPA,25,0.321282327586207,0.862311422413793,1,73.1320974461944,2.71783941453279,5,0,0,0.2390929,10,3,VeryHighMobility,0,2026-08-06 16:19:30
HighSpeedRail,261,ETU,5,9,5.6576405462881,16QAM,MPA,30,0.323457704741379,0.867699353448276,1,73.6709001778179,2.65408047018327,5,0,0,0.2347704,10,3,VeryHighMobility,0,2026-08-06 16:19:30
HighSpeedRail,261,ETU,5,9,6.07641595365667,64QAM,MRC,0,0.428264188218391,0.957112068965517,1,117.833730091879,-1.42539251461707,3,0,0,0.8264386,7.6,3,VeryHighMobility,0,2026-08-06 16:19:31
HighSpeedRail,261,ETU,5,9,6.08074559809347,64QAM,MRC,5,0.335982399425287,0.906654094827586,1,71.5269295898399,2.91060834709401,5,0,0,1.0949872,10.1,3,VeryHighMobility,0,2026-08-06 16:19:32
HighSpeedRail,261,ETU,5,9,5.48276997683067,64QAM,MRC,10,0.27308279454023,0.85479525862069,1,54.3194707182649,5.30088940829808,6,0,0,1.0742313,9.9,3,VeryHighMobility,0,2026-08-06 16:19:33
HighSpeedRail,261,ETU,5,9,6.19092227227796,64QAM,MRC,15,0.169427981321839,0.708028017241379,1,33.972733342397,9.37739019432469,8,0,0,0.9089061,7.9,3,VeryHighMobility,0,2026-08-06 16:19:34
HighSpeedRail,261,ETU,5,9,6.14563529178562,64QAM,MRC,20,0.0886135057471264,0.452047413793103,1,22.6046108770191,12.9160592929812,10,0,0,0.9802147,9,3,VeryHighMobility,0,2026-08-06 16:19:35
HighSpeedRail,261,ETU,5,9,6.11614653760858,64QAM,MRC,25,0.0131914511494253,0.0742726293103448,0.9,6.4833814543092,23.7639685124799,15,522000,0.54375,1.3312615,13.7,3,VeryHighMobility,0,2026-08-06 16:19:36
HighSpeedRail,261,ETU,5,9,6.10008380953938,64QAM,MRC,30,0.000772270114942529,0.00457974137931034,0.5,1.16582837797675,38.6673075504342,15,2610000,2.71875,2.8340245,11.2,3,VeryHighMobility,0,2026-08-06 16:19:39
HighSpeedRail,261,ETU,5,9,5.78375713790741,64QAM,LMMSE,0,0.428304597701149,0.980549568965517,1,91.335695870357,0.787189161301717,4,0,0,0.2562956,1,3,VeryHighMobility,0,2026-08-06 16:19:39
HighSpeedRail,261,ETU,5,9,6.16382864607663,64QAM,LMMSE,5,0.406797772988506,0.978582974137931,1,88.2352269336581,1.08715986005179,4,0,0,0.2599047,1,3,VeryHighMobility,0,2026-08-06 16:19:39
HighSpeedRail,261,ETU,5,9,6.18543338633152,64QAM,LMMSE,10,0.39598599137931,0.975134698275862,1,82.6598439108701,1.65410838290373,4,0,0,0.322478,1,3,VeryHighMobility,0,2026-08-06 16:19:40
HighSpeedRail,261,ETU,5,9,6.02625680431375,64QAM,LMMSE,15,0.382165948275862,0.9625,1,68.9052749434718,3.23495060070018,5,0,0,0.3573757,1,3,VeryHighMobility,0,2026-08-06 16:19:40
HighSpeedRail,261,ETU,5,9,5.82782270910826,64QAM,LMMSE,20,0.268974497126437,0.879256465517241,1,46.1594420832184,6.71478898042775,7,0,0,0.3204454,1,3,VeryHighMobility,0,2026-08-06 16:19:40
HighSpeedRail,261,ETU,5,9,6.16936943248839,64QAM,LMMSE,25,0.190898886494253,0.754175646551724,1,35.5343727933255,8.98702691513979,8,0,0,0.3177146,1,3,VeryHighMobility,0,2026-08-06 16:19:41
HighSpeedRail,261,ETU,5,9,6.0887673701391,64QAM,LMMSE,30,0.0782147988505747,0.406707974137931,1,20.9741039745011,13.5663316681419,10,0,0,0.3375312,1,3,VeryHighMobility,0,2026-08-06 16:19:41
HighSpeedRail,261,ETU,5,9,5.94663287242936,64QAM,MPA,0,0.420878232758621,0.97901400862069,1,90.5920356229891,0.858199630796343,4,0,0,1.0303098,10,3,VeryHighMobility,0,2026-08-06 16:19:42
HighSpeedRail,261,ETU,5,9,5.84218353468571,64QAM,MPA,5,0.409541127873563,0.979714439655172,1,88.5748037467584,1.05379602500872,4,0,0,1.1066637,10,3,VeryHighMobility,0,2026-08-06 16:19:43
HighSpeedRail,261,ETU,5,9,6.17998167006964,64QAM,MPA,10,0.390642959770115,0.975969827586207,1,86.0737540153624,1.30258510657423,4,0,0,1.1680258,10,3,VeryHighMobility,0,2026-08-06 16:19:44
HighSpeedRail,261,ETU,5,9,5.78892875046962,64QAM,MPA,15,0.396066810344828,0.977155172413793,1,86.227447067737,1.28708943693602,4,0,0,0.9592658,10,3,VeryHighMobility,0,2026-08-06 16:19:45
HighSpeedRail,261,ETU,5,9,5.41155564058715,64QAM,MPA,20,0.407659841954023,0.980603448275862,1,87.6666998585575,1.143306835993,4,0,0,0.9965274,10,3,VeryHighMobility,0,2026-08-06 16:19:46
HighSpeedRail,261,ETU,5,9,6.18906337273286,64QAM,MPA,25,0.412320402298851,0.978771551724138,1,88.5240961103832,1.05876997962678,4,0,0,0.8158177,10,3,VeryHighMobility,0,2026-08-06 16:19:47
HighSpeedRail,261,ETU,5,9,6.13825439552888,64QAM,MPA,30,0.409105603448276,0.978421336206897,1,88.2288087653127,1.08779168853436,4,0,0,0.8026058,10,3,VeryHighMobility,0,2026-08-06 16:19:48
HighSpeedRail,246,ETU,5,9,5.81136012303044,QPSK,MRC,0,0.241419719827586,0.419962284482759,1,96.8009002479872,0.282412074717429,4,0,0,0.8820779,3.8,4,VeryHighMobility,0,2026-08-06 16:19:49
HighSpeedRail,246,ETU,5,9,5.69205914847007,QPSK,MRC,5,0.0983028017241379,0.184321120689655,1,60.5548336430856,4.35702369262021,6,0,0,0.9299852,3.5,4,VeryHighMobility,0,2026-08-06 16:19:50
HighSpeedRail,246,ETU,5,9,5.83433821696177,QPSK,MRC,10,0.0155307112068966,0.0308189655172414,0.9,22.3325210720584,13.0212449511272,10,174000,0.18125,0.7842899,3.3,4,VeryHighMobility,0,2026-08-06 16:19:51
HighSpeedRail,246,ETU,5,9,5.83408707431979,QPSK,MRC,15,0.00224946120689655,0.00444504310344828,0.7,5.70443836826528,24.8757421539956,15,522000,0.54375,0.6546801,2.2,4,VeryHighMobility,0,2026-08-06 16:19:51
HighSpeedRail,246,ETU,5,9,5.81633909247801,QPSK,MRC,20,0,0,0,0,160,15,1740000,1.8125,0.5852118,2,4,VeryHighMobility,0,2026-08-06 16:19:52
HighSpeedRail,246,ETU,5,9,5.7735841966148,QPSK,MRC,25,0,0,0,0,160,15,1740000,1.8125,0.624811,2,4,VeryHighMobility,0,2026-08-06 16:19:52
HighSpeedRail,246,ETU,5,9,5.7611969575949,QPSK,MRC,30,0,0,0,0,160,15,1740000,1.8125,0.7950633,2,4,VeryHighMobility,0,2026-08-06 16:19:53
HighSpeedRail,246,ETU,5,9,5.82290863582924,QPSK,LMMSE,0,0.203380926724138,0.363442887931034,1,89.4242192099859,0.970896862388915,4,0,0,0.2433329,1,4,VeryHighMobility,0,2026-08-06 16:19:53
HighSpeedRail,246,ETU,5,9,5.60713788736643,QPSK,LMMSE,5,0.114911099137931,0.213927801724138,1,65.9116156296179,3.62076085552055,5,0,0,0.2394396,1,4,VeryHighMobility,0,2026-08-06 16:19:54
HighSpeedRail,246,ETU,5,9,5.82933289222668,QPSK,LMMSE,10,0.0235183189655172,0.0463631465517241,1,29.5162665187445,10.5987715364716,9,0,0,0.2516861,1,4,VeryHighMobility,0,2026-08-06 16:19:54
HighSpeedRail,246,ETU,5,9,5.8263568163028,QPSK,LMMSE,15,0.000808189655172414,0.00161637931034483,0.6,4.26516820412368,27.4012767404225,15,696000,0.725,0.2296037,1,4,VeryHighMobility,0,2026-08-06 16:19:54
HighSpeedRail,246,ETU,5,9,5.47832091415852,QPSK,LMMSE,20,2.69396551724138e-05,5.38793103448276e-05,0.2,0.46423834544263,46.6651798055488,15,1392000,1.45,0.2425908,1,4,VeryHighMobility,0,2026-08-06 16:19:54
HighSpeedRail,246,ETU,5,9,5.79156488846912,QPSK,LMMSE,25,0,0,0,0,160,15,1740000,1.8125,0.247564,1,4,VeryHighMobility,0,2026-08-06 16:19:55
HighSpeedRail,246,ETU,5,9,5.82332379370971,QPSK,LMMSE,30,0,0,0,0,160,15,1740000,1.8125,0.235305,1,4,VeryHighMobility,0,2026-08-06 16:19:55
HighSpeedRail,246,ETU,5,9,5.8068763111088,QPSK,MPA,0,0.273558728448276,0.471066810344828,1,104.50425653021,-0.382679598402666,3,0,0,0.2496653,10,4,VeryHighMobility,0,2026-08-06 16:19:55
HighSpeedRail,246,ETU,5,9,5.81609481499803,QPSK,MPA,5,0.217214439655172,0.38504849137931,1,92.9982700637793,0.630502600693865,4,0,0,0.2460445,10,4,VeryHighMobility,0,2026-08-06 16:19:55
HighSpeedRail,246,ETU,5,9,5.21125761734759,QPSK,MPA,10,0.166540948275862,0.305630387931034,1,81.5766896314132,1.76867844519345,4,0,0,0.236032,10,4,VeryHighMobility,0,2026-08-06 16:19:56
HighSpeedRail,246,ETU,5,9,5.82282720827364,QPSK,MPA,15,0.133526400862069,0.248653017241379,1,72.9515396613228,2.73931075550374,5,0,0,0.2429932,10,4,VeryHighMobility,0,2026-08-06 16:19:56
HighSpeedRail,246,ETU,5,9,5.58594866612217,QPSK,MPA,20,0.133620689655172,0.248168103448276,1,73.0351717983436,2.72935889639873,5,0,0,0.2690014,10,4,VeryHighMobility,0,2026-08-06 16:19:56
HighSpeedRail,246,ETU,5,9,5.81646854863018,QPSK,MPA,25,0.125579202586207,0.235237068965517,1,70.6729609391214,3.01493425900805,5,0,0,0.253901,10,4,VeryHighMobility,0,2026-08-06 16:19:56
HighSpeedRail,246,ETU,5,9,5.36954601812515,QPSK,MPA,30,0.135856681034483,0.253367456896552,1,73.568172543613,2.66620063668217,5,0,0,0.2382487,10,4,VeryHighMobility,0,2026-08-06 16:19:57
HighSpeedRail,246,ETU,5,9,5.80344068483007,16QAM,MRC,0,0.359705010775862,0.814762931034483,1,101.278695273766,-0.11036195791787,3,0,0,1.3308159,3.9,4,VeryHighMobility,0,2026-08-06 16:19:58
HighSpeedRail,246,ETU,5,9,5.76367057361378,16QAM,MRC,5,0.2384765625,0.674057112068966,1,68.2305110463787,3.32042751686382,5,0,0,1.3991929,3.6,4,VeryHighMobility,0,2026-08-06 16:19:59
HighSpeedRail,246,ETU,5,9,5.82761646982812,16QAM,MRC,10,0.136382004310345,0.457893318965517,1,47.3467475801456,6.4941969779912,7,0,0,1.2701106,5,4,VeryHighMobility,0,2026-08-06 16:20:01
HighSpeedRail,246,ETU,5,9,5.80884443199962,16QAM,MRC,15,0.0514210668103448,0.190678879310345,1,27.1135787281902,11.3362631199287,9,0,0,1.7258871,5.6,4,VeryHighMobility,0,2026-08-06 16:20:02
HighSpeedRail,246,ETU,5,9,5.80592209841994,16QAM,MRC,20,0.00602101293103448,0.0225484913793103,0.8,5.13437455588683,25.790249049009,15,696000,0.725,1.4965053,4.4,4,VeryHighMobility,0,2026-08-06 16:20:04
HighSpeedRail,246,ETU,5,9,5.73440255618237,16QAM,MRC,25,6.73491379310345e-06,2.69396551724138e-05,0.1,0.103340199943639,59.7146140502459,15,3132000,3.2625,1.2234066,3,4,VeryHighMobility,0,2026-08-06 16:20:05
HighSpeedRail,246,ETU,5,9,5.82136485991919,16QAM,MRC,30,0,0,0,0,160,15,3480000,3.625,0.9921756,2.5,4,VeryHighMobility,0,2026-08-06 16:20:06
HighSpeedRail,246,ETU,5,9,5.79511472388829,16QAM,LMMSE,0,0.376831896551724,0.899137931034483,1,84.6860073097691,1.44376684655575,4,0,0,0.2368814,1,4,VeryHighMobility,0,2026-08-06 16:20:06
HighSpeedRail,246,ETU,5,9,5.83043349536318,16QAM,LMMSE,5,0.337843480603448,0.873599137931034,1,76.6960870414583,2.3045358552191,4,0,0,0.2216605,1,4,VeryHighMobility,0,2026-08-06 16:20:07
HighSpeedRail,246,ETU,5,9,5.78000105176682,16QAM,LMMSE,10,0.277202316810345,0.793265086206897,1,67.0490576633456,3.47214643066525,5,0,0,0.2443034,1,4,VeryHighMobility,0,2026-08-06 16:20:07
HighSpeedRail,246,ETU,5,9,5.40512446998649,16QAM,LMMSE,15,0.215113146551724,0.660506465517241,1,58.5650713873175,4.64722645997546,6,0,0,0.2224575,1,4,VeryHighMobility,0,2026-08-06 16:20:07
HighSpeedRail,246,ETU,5,9,5.83068109346348,16QAM,LMMSE,20,0.0753030711206897,0.273302801724138,1,33.7553186170665,9.43315576684597,8,0,0,0.2123453,1,4,VeryHighMobility,0,2026-08-06 16:20:07
HighSpeedRail,246,ETU,5,9,5.78660179761645,16QAM,LMMSE,25,0.0118534482758621,0.046551724137931,1,12.5509344547752,18.0264787690063,12,0,0,0.2429147,1,4,VeryHighMobility,0,2026-08-06 16:20:07
HighSpeedRail,246,ETU,5,9,5.79160258714831,16QAM,LMMSE,30,0.000309806034482759,0.00123922413793103,0.6,1.54103700434293,36.243738652121,15,1392000,1.45,0.2402755,1,4,VeryHighMobility,0,2026-08-06 16:20:08
HighSpeedRail,246,ETU,5,9,5.74575998879165,16QAM,MPA,0,0.380300377155172,0.897737068965517,1,85.6903201585695,1.34136469085992,4,0,0,0.3424734,10,4,VeryHighMobility,0,2026-08-06 16:20:08
HighSpeedRail,246,ETU,5,9,5.81266337565165,16QAM,MPA,5,0.353118265086207,0.885775862068966,1,79.7349148620389,1.96702930318836,4,0,0,0.3833588,10,4,VeryHighMobility,0,2026-08-06 16:20:08
HighSpeedRail,246,ETU,5,9,5.82241918190478,16QAM,MPA,10,0.338126346982759,0.878960129310345,1,76.433005780657,2.33438122298453,4,0,0,0.3448434,10,4,VeryHighMobility,0,2026-08-06 16:20:09
HighSpeedRail,246,ETU,5,9,5.83357849397343,16QAM,MPA,15,0.325235721982759,0.863442887931035,1,74.1502701214796,2.59774525089018,5,0,0,0.3576474,10,4,VeryHighMobility,0,2026-08-06 16:20:09
HighSpeedRail,246,ETU,5,9,5.8338293739881,16QAM,MPA,20,0.320521282327586,0.864601293103448,1,73.0804503144366,2.72397570464057,5,0,0,0.377711,10,4,VeryHighMobility,0,2026-08-06 16:20:10
HighSpeedRail,246,ETU,5,9,5.82989315837801,16QAM,MPA,25,0.325639816810345,0.867941810344828,1,73.8644440654342,2.63129133011733,5,0,0,0.3474359,10,4,VeryHighMobility,0,2026-08-06 16:20:10
HighSpeedRail,246,ETU,5,9,5.82772269000029,16QAM,MPA,30,0.320460668103448,0.861233836206897,1,73.4110645857817,2.68476955742723,5,0,0,0.3705815,10,4,VeryHighMobility,0,2026-08-06 16:20:10
HighSpeedRail,246,ETU,5,9,5.81612454875267,64QAM,MRC,0,0.404009518678161,0.947198275862069,1,102.79955380205,-0.239824592459828,3,0,0,2.3273457,8.3,4,VeryHighMobility,0,2026-08-06 16:20:13
HighSpeedRail,246,ETU,5,9,5.83477784803702,64QAM,MRC,5,0.353098060344828,0.916567887931034,1,79.4934377114936,1.99337442896317,4,0,0,2.2256423,8,4,VeryHighMobility,0,2026-08-06 16:20:15
HighSpeedRail,246,ETU,5,9,5.79326508342282,64QAM,MRC,10,0.269158584770115,0.850619612068966,1,53.111097633524,5.49629446069399,6,0,0,2.3492858,8.9,4,VeryHighMobility,0,2026-08-06 16:20:17
HighSpeedRail,246,ETU,5,9,5.82432626947964,64QAM,MRC,15,0.15376257183908,0.666810344827586,1,31.7340692268896,9.96948470392741,8,0,0,2.8857742,11.1,4,VeryHighMobility,0,2026-08-06 16:20:20
HighSpeedRail,246,ETU,5,9,5.70104701050886,64QAM,MRC,20,0.0756869612068966,0.390328663793103,1,20.519404681897,13.7567048664457,10,0,0,2.6952822,9.8,4,VeryHighMobility,0,2026-08-06 16:20:23
HighSpeedRail,246,ETU,5,9,5.79432951606589,64QAM,MRC,25,0.0157462284482759,0.0882004310344828,0.8,7.13352724914308,22.9339135094054,15,1044000,1.0875,2.4481181,9.2,4,VeryHighMobility,0,2026-08-06 16:20:25
HighSpeedRail,246,ETU,5,9,5.83046346296986,64QAM,MRC,30,6.73491379310345e-05,0.000404094827586207,0.2,0.262759245593288,51.6088398740626,15,4176000,4.35,2.5936584,11.2,4,VeryHighMobility,0,2026-08-06 16:20:28
HighSpeedRail,246,ETU,5,9,5.8274044733236,64QAM,LMMSE,0,0.425395114942529,0.979849137931034,1,91.0439065752035,0.814982310795994,4,0,0,0.2440036,1,4,VeryHighMobility,0,2026-08-06 16:20:28
HighSpeedRail,246,ETU,5,9,5.79582375018979,64QAM,LMMSE,5,0.407165948275862,0.979471982758621,1,88.1766146303391,1.09293158163557,4,0,0,0.2367739,1,4,VeryHighMobility,0,2026-08-06 16:20:28
HighSpeedRail,246,ETU,5,9,5.81742183982406,64QAM,LMMSE,10,0.396560704022988,0.9765625,1,84.7409708458838,1.43813129511341,4,0,0,0.2333357,1,4,VeryHighMobility,0,2026-08-06 16:20:29
HighSpeedRail,246,ETU,5,9,5.38724297049348,64QAM,LMMSE,15,0.385093390804598,0.963146551724138,1,70.5744955966221,3.02704434237014,5,0,0,0.2414677,1,4,VeryHighMobility,0,2026-08-06 16:20:29
HighSpeedRail,246,ETU,5,9,5.7791092007296,64QAM,LMMSE,20,0.261992636494253,0.875619612068966,1,44.9941039269601,6.93688785771656,7,0,0,0.2335302,1,4,VeryHighMobility,0,2026-08-06 16:20:29
HighSpeedRail,246,ETU,5,9,5.41833682393041,64QAM,LMMSE,25,0.173415050287356,0.705711206896552,1,32.8292834364868,9.67477192992491,8,0,0,0.2429089,1,4,VeryHighMobility,0,2026-08-06 16:20:29
HighSpeedRail,246,ETU,5,9,5.17369052391792,64QAM,LMMSE,30,0.0960398706896552,0.481330818965517,1,23.113989829471,12.7225016431103,10,0,0,0.2307614,1,4,VeryHighMobility,0,2026-08-06 16:20:29
HighSpeedRail,246,ETU,5,9,5.73837101052666,64QAM,MPA,0,0.421919899425287,0.98036099137931,1,90.5091029971187,0.866154784381211,4,0,0,0.7223293,10,4,VeryHighMobility,0,2026-08-06 16:20:30
HighSpeedRail,246,ETU,5,9,5.70979927471363,64QAM,MPA,5,0.405033225574713,0.978744612068966,1,88.0911534118326,1.10135407179008,4,0,0,0.7809749,10,4,VeryHighMobility,0,2026-08-06 16:20:31
HighSpeedRail,246,ETU,5,9,5.70500300435739,64QAM,MPA,10,0.391163793103448,0.977640086206897,1,86.2048834531419,1.28936261931121,4,0,0,0.742104,10,4,VeryHighMobility,0,2026-08-06 16:20:32
HighSpeedRail,246,ETU,5,9,5.83111801633666,64QAM,MPA,15,0.394378591954023,0.9765625,1,86.3293751694355,1.27682804786008,4,0,0,0.7456525,10,4,VeryHighMobility,0,2026-08-06 16:20:32
HighSpeedRail,246,ETU,5,9,5.79948857793875,64QAM,MPA,20,0.406842672413793,0.978313577586207,1,87.8135505339245,1.12876925635748,4,0,0,0.7294823,10,4,VeryHighMobility,0,2026-08-06 16:20:33
HighSpeedRail,246,ETU,5,9,5.82106309514066,64QAM,MPA,25,0.413429418103448,0.978367456896552,1,88.7960623765507,1.03212584795317,4,0,0,0.7183635,10,4,VeryHighMobility,0,2026-08-06 16:20:34
HighSpeedRail,246,ETU,5,9,5.62314532777542,64QAM,MPA,30,0.418372844827586,0.980064655172414,1,89.3008333409619,0.982889766530837,4,0,0,0.7640861,10,4,VeryHighMobility,0,2026-08-06 16:20:35
HighSpeedRail,216,ETU,5,9,5.09113059992175,QPSK,MRC,0,0.255307112068966,0.445554956896552,1,100.559947754201,-0.0485007808157711,3,0,0,1.2201,3.2,5,VeryHighMobility,0,2026-08-06 16:20:36
HighSpeedRail,216,ETU,5,9,5.11723215818747,QPSK,MRC,5,0.11953125,0.220474137931034,1,66.7932269362156,3.50535148502844,5,0,0,1.2742461,3.7,5,VeryHighMobility,0,2026-08-06 16:20:37
HighSpeedRail,216,ETU,5,9,5.03075014345142,QPSK,MRC,10,0.0187230603448276,0.0365571120689655,1,22.9506228833648,12.7841104629812,10,0,0,1.2006462,3.4,5,VeryHighMobility,0,2026-08-06 16:20:38
HighSpeedRail,216,ETU,5,9,5.12014165562845,QPSK,MRC,15,0.000202047413793103,0.000404094827586207,0.3,1.51096922038413,36.4148876497315,15,1218000,1.26875,0.9722564,2.2,5,VeryHighMobility,0,2026-08-06 16:20:39
HighSpeedRail,216,ETU,5,9,5.12022755813643,QPSK,MRC,20,0,0,0,0,160,15,1740000,1.8125,0.8996468,2,5,VeryHighMobility,0,2026-08-06 16:20:40
HighSpeedRail,216,ETU,5,9,5.08688987051688,QPSK,MRC,25,0,0,0,0,160,15,1740000,1.8125,0.8978208,2,5,VeryHighMobility,0,2026-08-06 16:20:41
HighSpeedRail,216,ETU,5,9,5.0948215180257,QPSK,MRC,30,0,0,0,0,160,15,1740000,1.8125,0.8811874,2,5,VeryHighMobility,0,2026-08-06 16:20:42
HighSpeedRail,216,ETU,5,9,4.42879319905187,QPSK,LMMSE,0,0.219854525862069,0.387742456896552,1,93.1020348364906,0.6208165396423,4,0,0,0.2230569,1,5,VeryHighMobility,0,2026-08-06 16:20:42
HighSpeedRail,216,ETU,5,9,5.09380577676831,QPSK,LMMSE,5,0.0869612068965517,0.165921336206897,1,58.2685927839442,4.69130940430222,6,0,0,0.2391805,1,5,VeryHighMobility,0,2026-08-06 16:20:42
HighSpeedRail,216,ETU,5,9,5.12039007902596,QPSK,LMMSE,10,0.0267106681034483,0.0522629310344828,1,28.9936881330706,10.7539307367341,9,0,0,0.2431504,1,5,VeryHighMobility,0,2026-08-06 16:20:43
HighSpeedRail,216,ETU,5,9,5.03487377202464,QPSK,LMMSE,15,0.0013739224137931,0.00274784482758621,1,6.23896648117347,24.0977469521804,15,0,0,0.2411393,1,5,VeryHighMobility,0,2026-08-06 16:20:43
HighSpeedRail,216,ETU,5,9,5.04339780845793,QPSK,LMMSE,20,0,0,0,0,160,15,1740000,1.8125,0.248684,1,5,VeryHighMobility,0,2026-08-06 16:20:43
HighSpeedRail,216,ETU,5,9,5.12014339686231,QPSK,LMMSE,25,0,0,0,0,160,15,1740000,1.8125,0.244004,1,5,VeryHighMobility,0,2026-08-06 16:20:43
HighSpeedRail,216,ETU,5,9,5.05773633923143,QPSK,LMMSE,30,0,0,0,0,160,15,1740000,1.8125,0.2240738,1,5,VeryHighMobility,0,2026-08-06 16:20:44
HighSpeedRail,216,ETU,5,9,5.12093598921694,QPSK,MPA,0,0.259226831896552,0.448814655172414,1,101.610888212533,-0.13880495369382,3,0,0,0.255364,10,5,VeryHighMobility,0,2026-08-06 16:20:44
HighSpeedRail,216,ETU,5,9,5.12242675010785,QPSK,MPA,5,0.206815732758621,0.37198275862069,1,90.720346979845,0.845905947871731,4,0,0,0.2437285,10,5,VeryHighMobility,0,2026-08-06 16:20:44
HighSpeedRail,216,ETU,5,9,4.98897966637806,QPSK,MPA,10,0.160614224137931,0.296363146551724,1,80.0732598206036,1.93024981594817,4,0,0,0.2480668,10,5,VeryHighMobility,0,2026-08-06 16:20:44
HighSpeedRail,216,ETU,5,9,4.99281261113061,QPSK,MPA,15,0.124609375,0.23370150862069,1,70.4162822105355,3.04653816471806,5,0,0,0.2498614,10,5,VeryHighMobility,0,2026-08-06 16:20:45
HighSpeedRail,216,ETU,5,9,4.98500157156768,QPSK,MPA,20,0.124313038793103,0.233189655172414,1,70.3705030679667,3.0521868851332,5,0,0,0.2442641,10,5,VeryHighMobility,0,2026-08-06 16:20:45
HighSpeedRail,216,ETU,5,9,5.00264906066297,QPSK,MPA,25,0.128178879310345,0.239493534482759,1,71.5166722222253,2.91185404228207,5,0,0,0.239191,10,5,VeryHighMobility,0,2026-08-06 16:20:45
HighSpeedRail,216,ETU,5,9,5.12331738754736,QPSK,MPA,30,0.128502155172414,0.24140625,1,71.5916315279768,2.90275480345964,5,0,0,0.2672301,10,5,VeryHighMobility,0,2026-08-06 16:20:45
HighSpeedRail,216,ETU,5,9,5.12018075890613,16QAM,MRC,0,0.340247844827586,0.797252155172414,1,94.669022741484,0.475842120728726,4,0,0,1.5141107,4.4,5,VeryHighMobility,0,2026-08-06 16:20:47
HighSpeedRail,216,ETU,5,9,5.00067473100541,16QAM,MRC,5,0.283519665948276,0.732543103448276,1,79.0732237915403,2.03941109572416,4,0,0,1.3607123,3.8,5,VeryHighMobility,0,2026-08-06 16:20:48
HighSpeedRail,216,ETU,5,9,5.12223678375332,16QAM,MRC,10,0.160762392241379,0.513685344827586,1,52.1966196304451,5.6471524393346,6,0,0,1.4533531,5.1,5,VeryHighMobility,0,2026-08-06 16:20:50
HighSpeedRail,216,ETU,5,9,5.12094890605785,16QAM,MRC,15,0.0539601293103448,0.19364224137931,1,25.9465224156405,11.7184168387034,10,0,0,1.7769752,6.3,5,VeryHighMobility,0,2026-08-06 16:20:52
HighSpeedRail,216,ETU,5,9,4.58913832460372,16QAM,MRC,20,0.00773841594827586,0.0291217672413793,0.6,5.54871243972976,25.1161556355408,15,1392000,1.45,1.3994478,4.5,5,VeryHighMobility,0,2026-08-06 16:20:53
HighSpeedRail,216,ETU,5,9,4.86332661030354,16QAM,MRC,25,0,0,0,0,160,15,3480000,3.625,1.2011786,2.9,5,VeryHighMobility,0,2026-08-06 16:20:54
HighSpeedRail,216,ETU,5,9,4.8578609283734,16QAM,MRC,30,0,0,0,0,160,15,3480000,3.625,1.0092994,2.1,5,VeryHighMobility,0,2026-08-06 16:20:55
HighSpeedRail,216,ETU,5,9,4.93768208536505,16QAM,LMMSE,0,0.381761853448276,0.899164870689655,1,86.0511914964161,1.30486223787631,4,0,0,0.2537913,1,5,VeryHighMobility,0,2026-08-06 16:20:55
HighSpeedRail,216,ETU,5,9,5.03504323374484,16QAM,LMMSE,5,0.346066810344828,0.882596982758621,1,78.5204567793655,2.10034365261208,4,0,0,0.2647984,1,5,VeryHighMobility,0,2026-08-06 16:20:56
HighSpeedRail,216,ETU,5,9,4.66858553218936,16QAM,LMMSE,10,0.293191002155172,0.81707974137931,1,69.5557146768477,3.15334365400983,5,0,0,0.2628,1,5,VeryHighMobility,0,2026-08-06 16:20:56
HighSpeedRail,216,ETU,5,9,5.12243488703094,16QAM,LMMSE,15,0.177619881465517,0.563900862068966,1,52.3498620084505,5.6216891752319,6,0,0,0.247304,1,5,VeryHighMobility,0,2026-08-06 16:20:56
HighSpeedRail,216,ETU,5,9,5.05404107121987,16QAM,LMMSE,20,0.0968345905172414,0.33671875,1,37.5268606949232,8.51315529841412,8,0,0,0.2648013,1,5,VeryHighMobility,0,2026-08-06 16:20:56
HighSpeedRail,216,ETU,5,9,5.11936771940017,16QAM,LMMSE,25,0.0124259159482759,0.0487068965517241,1,11.6253985921879,18.6918429564245,12,0,0,0.2626736,1,5,VeryHighMobility,0,2026-08-06 16:20:57
HighSpeedRail,216,ETU,5,9,4.89618323366395,16QAM,LMMSE,30,0.00119207974137931,0.00471443965517241,0.2,1.5114160824257,36.4123192184985,15,2784000,2.9,0.2583517,1,5,VeryHighMobility,0,2026-08-06 16:20:57
HighSpeedRail,216,ETU,5,9,4.8329578841438,16QAM,MPA,0,0.380057920258621,0.89776400862069,1,85.6031770272594,1.35020233734399,4,0,0,0.3478441,10,5,VeryHighMobility,0,2026-08-06 16:20:57
HighSpeedRail,216,ETU,5,9,4.91200483300493,16QAM,MPA,5,0.340584590517241,0.876508620689655,1,77.6818099312579,2.19361328455491,4,0,0,0.3428245,10,5,VeryHighMobility,0,2026-08-06 16:20:58
HighSpeedRail,216,ETU,5,9,4.32252625845932,16QAM,MPA,10,0.331788793103448,0.872871767241379,1,75.1585188348696,2.48043574444284,5,0,0,0.3568809,10,5,VeryHighMobility,0,2026-08-06 16:20:58
HighSpeedRail,216,ETU,5,9,5.11658698646844,16QAM,MPA,15,0.32743130387931,0.868803879310345,1,74.4601189594684,2.56152548553292,5,0,0,0.3443867,10,5,VeryHighMobility,0,2026-08-06 16:20:58
HighSpeedRail,216,ETU,5,9,5.1177107440359,16QAM,MPA,20,0.3220703125,0.861476293103448,1,73.4252952423479,2.6830859701612,5,0,0,0.3649194,10,5,VeryHighMobility,0,2026-08-06 16:20:59
HighSpeedRail,216,ETU,5,9,5.11191861506927,16QAM,MPA,25,0.327727640086207,0.868453663793103,1,74.4225485005696,2.56590924453107,5,0,0,0.3597027,10,5,VeryHighMobility,0,2026-08-06 16:20:59
HighSpeedRail,216,ETU,5,9,4.95772050492308,16QAM,MPA,30,0.323040140086207,0.864035560344828,1,73.4858846447882,2.67592146582497,5,0,0,0.3557408,10,5,VeryHighMobility,0,2026-08-06 16:20:59
HighSpeedRail,216,ETU,5,9,5.09635167069859,64QAM,MRC,0,0.428286637931034,0.958324353448276,1,118.637623670626,-1.48444878247828,3,0,0,2.8478086,9.2,5,VeryHighMobility,0,2026-08-06 16:21:02
HighSpeedRail,216,ETU,5,9,4.85298648615776,64QAM,MRC,5,0.322386853448276,0.892322198275862,1,70.2239625784439,3.07029335859323,5,0,0,2.7196084,7.6,5,VeryHighMobility,0,2026-08-06 16:21:05
HighSpeedRail,216,ETU,5,9,5.11876175866173,64QAM,MRC,10,0.245999461206897,0.824461206896552,1,47.6736166053609,6.43443800942518,7,0,0,2.0398367,8,5,VeryHighMobility,0,2026-08-06 16:21:07
HighSpeedRail,216,ETU,5,9,5.11061504196746,64QAM,MRC,15,0.148239942528736,0.655603448275862,1,30.8199892645231,10.2233503378933,8,0,0,2.5321113,9.9,5,VeryHighMobility,0,2026-08-06 16:21:10
HighSpeedRail,216,ETU,5,9,4.83176123305086,64QAM,MRC,20,0.0694190014367816,0.365140086206897,1,19.7853847378731,14.0731100043344,10,0,0,2.6591888,8.8,5,VeryHighMobility,0,2026-08-06 16:21:12
HighSpeedRail,216,ETU,5,9,5.07549083840436,64QAM,MRC,25,0.0114224137931034,0.0640355603448276,1,5.77448845188136,24.7697296568212,15,0,0,2.2109086,9,5,VeryHighMobility,0,2026-08-06 16:21:15
HighSpeedRail,216,ETU,5,9,5.1035279595875,64QAM,MRC,30,8.08189655172414e-05,0.000484913793103448,0.5,0.44390213933976,47.0542552386585,15,2610000,2.71875,1.2750397,14.5,5,VeryHighMobility,0,2026-08-06 16:21:16
HighSpeedRail,216,ETU,5,9,5.04293032051837,64QAM,LMMSE,0,0.417712823275862,0.97901400862069,1,90.0770884222965,0.907713200868363,4,0,0,0.1289143,1,5,VeryHighMobility,0,2026-08-06 16:21:16
HighSpeedRail,216,ETU,5,9,4.85506575902222,64QAM,LMMSE,5,0.404274425287356,0.978421336206897,1,88.0021488076936,1.11013446519425,4,0,0,0.1351397,1,5,VeryHighMobility,0,2026-08-06 16:21:16
HighSpeedRail,216,ETU,5,9,4.6793006366657,64QAM,LMMSE,10,0.396740301724138,0.976104525862069,1,84.0731027523748,1.50685848941823,4,0,0,0.1277548,1,5,VeryHighMobility,0,2026-08-06 16:21:16
HighSpeedRail,216,ETU,5,9,5.11529783687715,64QAM,LMMSE,15,0.38153286637931,0.961395474137931,1,69.5281330681365,3.1567886379721,5,0,0,0.1324956,1,5,VeryHighMobility,0,2026-08-06 16:21:16
HighSpeedRail,216,ETU,5,9,4.5781723687078,64QAM,LMMSE,20,0.283364762931034,0.902909482758621,1,48.1089211138546,6.35548764870964,7,0,0,0.1293242,1,5,VeryHighMobility,0,2026-08-06 16:21:16
HighSpeedRail,216,ETU,5,9,5.1055515535683,64QAM,LMMSE,25,0.189964978448276,0.775242456896552,1,35.1084404765435,9.09176923095733,8,0,0,0.1291453,1,5,VeryHighMobility,0,2026-08-06 16:21:17
HighSpeedRail,216,ETU,5,9,5.11615483154516,64QAM,LMMSE,30,0.060003591954023,0.318480603448276,1,17.7108694319262,15.0352023727883,11,0,0,0.1294461,1,5,VeryHighMobility,0,2026-08-06 16:21:17
HighSpeedRail,216,ETU,5,9,5.00553617904947,64QAM,MPA,0,0.422526041666667,0.980953663793103,1,90.6571039838728,0.851963169458414,4,0,0,0.4120203,10,5,VeryHighMobility,0,2026-08-06 16:21:17
HighSpeedRail,216,ETU,5,9,5.1010889974954,64QAM,MPA,5,0.406564295977011,0.979040948275862,1,88.1494863337106,1.09560428171973,4,0,0,0.4761317,10,5,VeryHighMobility,0,2026-08-06 16:21:18
HighSpeedRail,216,ETU,5,9,5.12344892889365,64QAM,MPA,10,0.390876436781609,0.976481681034483,1,85.9478747648008,1.31529715308852,4,0,0,0.443663,10,5,VeryHighMobility,0,2026-08-06 16:21:18
HighSpeedRail,216,ETU,5,9,5.10488574625344,64QAM,MPA,15,0.402747844827586,0.977774784482759,1,87.1862649765125,1.19103853867459,4,0,0,0.4617072,10,5,VeryHighMobility,0,2026-08-06 16:21:18
HighSpeedRail,216,ETU,5,9,5.07296934631986,64QAM,MPA,20,0.40695941091954,0.978771551724138,1,87.6213352327245,1.14780266073141,4,0,0,0.4533767,10,5,VeryHighMobility,0,2026-08-06 16:21:19
HighSpeedRail,216,ETU,5,9,4.75696446822023,64QAM,MPA,25,0.413900862068966,0.978717672413793,1,88.6045224870726,1.05088221213384,4,0,0,0.4738412,10,5,VeryHighMobility,0,2026-08-06 16:21:19
HighSpeedRail,216,ETU,5,9,5.03511034743534,64QAM,MPA,30,0.412100395114943,0.978825431034483,1,88.5329641367789,1.05789990194067,4,0,0,0.4604959,10,5,VeryHighMobility,0,2026-08-06 16:21:20
HighSpeedRail,252,ETU,5,9,5.94904398831577,QPSK,MRC,0,0.270083512931034,0.463496767241379,1,103.337483709272,-0.285157643421982,3,0,0,0.5622529,3.9,6,VeryHighMobility,0,2026-08-06 16:21:20
HighSpeedRail,252,ETU,5,9,5.43549965234181,QPSK,MRC,5,0.119221443965517,0.222629310344828,1,67.2654933944761,3.4441533578864,5,0,0,0.5224509,3.7,6,VeryHighMobility,0,2026-08-06 16:21:21
HighSpeedRail,252,ETU,5,9,5.88656596959425,QPSK,MRC,10,0.0246632543103448,0.0480603448275862,1,26.5135873922696,11.5306301309197,9,0,0,0.5210343,3.5,6,VeryHighMobility,0,2026-08-06 16:21:21
HighSpeedRail,252,ETU,5,9,5.94766129633964,QPSK,MRC,15,0.000686961206896552,0.0013739224137931,0.3,2.7931271464898,31.0781858848909,15,1218000,1.26875,0.4217014,2.1,6,VeryHighMobility,0,2026-08-06 16:21:22
HighSpeedRail,252,ETU,5,9,5.84110873531531,QPSK,MRC,20,0,0,0,0,160,15,1740000,1.8125,0.401997,2,6,VeryHighMobility,0,2026-08-06 16:21:22
HighSpeedRail,252,ETU,5,9,5.9507589310555,QPSK,MRC,25,0,0,0,0,160,15,1740000,1.8125,0.3891445,2,6,VeryHighMobility,0,2026-08-06 16:21:23
HighSpeedRail,252,ETU,5,9,5.70592240288884,QPSK,MRC,30,0,0,0,0,160,15,1740000,1.8125,0.4916347,2,6,VeryHighMobility,0,2026-08-06 16:21:23
HighSpeedRail,252,ETU,5,9,5.95774258914982,QPSK,LMMSE,0,0.218830818965517,0.385695043103448,1,92.6470185258761,0.663371043058027,4,0,0,0.1342805,1,6,VeryHighMobility,0,2026-08-06 16:21:23
HighSpeedRail,252,ETU,5,9,5.97677845660686,QPSK,LMMSE,5,0.102922952586207,0.192726293103448,1,62.420237709115,4.09349163569492,5,0,0,0.1329582,1,6,VeryHighMobility,0,2026-08-06 16:21:23
HighSpeedRail,252,ETU,5,9,5.76068446637419,QPSK,LMMSE,10,0.028125,0.0552262931034483,1,31.4052271992945,10.0599612074061,8,0,0,0.1285755,1,6,VeryHighMobility,0,2026-08-06 16:21:24
HighSpeedRail,252,ETU,5,9,4.85072154073466,QPSK,LMMSE,15,0.00556303879310345,0.0109913793103448,0.6,8.45136552127628,21.4614622933308,14,696000,0.725,0.1255787,1,6,VeryHighMobility,0,2026-08-06 16:21:24
HighSpeedRail,252,ETU,5,9,5.94167586431813,QPSK,LMMSE,20,2.69396551724138e-05,5.38793103448276e-05,0.2,0.46423834544263,46.6651798055488,15,1392000,1.45,0.1304575,1,6,VeryHighMobility,0,2026-08-06 16:21:24
HighSpeedRail,252,ETU,5,9,5.92006413815068,QPSK,LMMSE,25,0,0,0,0,160,15,1740000,1.8125,0.1252439,1,6,VeryHighMobility,0,2026-08-06 16:21:24
HighSpeedRail,252,ETU,5,9,5.96124720212208,QPSK,LMMSE,30,0,0,0,0,160,15,1740000,1.8125,0.128406,1,6,VeryHighMobility,0,2026-08-06 16:21:24
HighSpeedRail,252,ETU,5,9,5.97732862460297,QPSK,MPA,0,0.2921875,0.501158405172414,1,108.014957467614,-0.669677979342939,3,0,0,0.1557998,10,6,VeryHighMobility,0,2026-08-06 16:21:24
HighSpeedRail,252,ETU,5,9,5.9549695457387,QPSK,MPA,5,0.221807650862069,0.394181034482759,1,93.9320761505366,0.543721569715375,4,0,0,0.1636157,10,6,VeryHighMobility,0,2026-08-06 16:21:24
HighSpeedRail,252,ETU,5,9,5.97692711231461,QPSK,MPA,10,0.166702586206897,0.304471982758621,1,81.5468264414215,1.77185871474196,4,0,0,0.1524849,10,6,VeryHighMobility,0,2026-08-06 16:21:25
HighSpeedRail,252,ETU,5,9,5.86909002735861,QPSK,MPA,15,0.140705818965517,0.261449353448276,1,74.8079927558674,2.52103996134085,5,0,0,0.1517534,10,6,VeryHighMobility,0,2026-08-06 16:21:25
HighSpeedRail,252,ETU,5,9,5.96417094263462,QPSK,MPA,20,0.128502155172414,0.241244612068966,1,71.5680846612287,2.90561210847791,5,0,0,0.1537261,10,6,VeryHighMobility,0,2026-08-06 16:21:25
HighSpeedRail,252,ETU,5,9,5.9304442431757,QPSK,MPA,25,0.1265625,0.236934267241379,1,71.0441323108901,2.96943571158711,5,0,0,0.1640788,10,6,VeryHighMobility,0,2026-08-06 16:21:25
HighSpeedRail,252,ETU,5,9,5.94109832444592,QPSK,MPA,30,0.134644396551724,0.250646551724138,1,73.3393363659465,2.6932604841572,5,0,0,0.1822199,10,6,VeryHighMobility,0,2026-08-06 16:21:25
HighSpeedRail,252,ETU,5,9,5.64712409957451,16QAM,MRC,0,0.35594692887931,0.80692349137931,1,100.588529697878,-0.0509692022846628,3,0,0,0.616507,3.8,6,VeryHighMobility,0,2026-08-06 16:21:26
HighSpeedRail,252,ETU,5,9,5.91905005967803,16QAM,MRC,5,0.251501885775862,0.690625,1,71.2525180259825,2.94399566625816,5,0,0,0.611859,4.2,6,VeryHighMobility,0,2026-08-06 16:21:26
HighSpeedRail,252,ETU,5,9,5.97541003248306,16QAM,MRC,10,0.162095905172414,0.518103448275862,1,52.1907552186523,5.64812837409207,6,0,0,0.6345941,4.3,6,VeryHighMobility,0,2026-08-06 16:21:27
HighSpeedRail,252,ETU,5,9,5.97209002622651,16QAM,MRC,15,0.0541217672413793,0.198383620689655,1,26.8463151888081,11.4223063057967,9,0,0,0.7134402,4.8,6,VeryHighMobility,0,2026-08-06 16:21:28
HighSpeedRail,252,ETU,5,9,5.91820311625361,16QAM,MRC,20,0.0054754849137931,0.0213362068965517,1,8.09767204410695,21.8327963229471,14,0,0,0.8617091,7.3,6,VeryHighMobility,0,2026-08-06 16:21:29
HighSpeedRail,252,ETU,5,9,5.93629185010222,16QAM,MRC,25,2.69396551724138e-05,0.000107758620689655,0.1,0.20663627041098,53.6958689073634,15,3132000,3.2625,0.500694,3,6,VeryHighMobility,0,2026-08-06 16:21:29
HighSpeedRail,252,ETU,5,9,5.64801496659203,16QAM,MRC,30,0,0,0,0,160,15,3480000,3.625,0.5064122,2.8,6,VeryHighMobility,0,2026-08-06 16:21:30
HighSpeedRail,252,ETU,5,9,5.74944455150684,16QAM,LMMSE,0,0.374932650862069,0.895447198275862,1,84.8449937147964,1.42747556337442,4,0,0,0.1371696,1,6,VeryHighMobility,0,2026-08-06 16:21:30
HighSpeedRail,252,ETU,5,9,5.93777312929696,16QAM,LMMSE,5,0.346363146551724,0.881519396551724,1,78.4928018711877,2.10340336215422,4,0,0,0.1360451,1,6,VeryHighMobility,0,2026-08-06 16:21:30
HighSpeedRail,252,ETU,5,9,5.97707312685407,16QAM,LMMSE,10,0.280455280172414,0.79932650862069,1,67.7989947816385,3.37553490260676,5,0,0,0.1401852,1,6,VeryHighMobility,0,2026-08-06 16:21:30
HighSpeedRail,252,ETU,5,9,5.95168716835018,16QAM,LMMSE,15,0.170184536637931,0.553340517241379,1,51.6570263758769,5.7374119499817,6,0,0,0.1443332,1,6,VeryHighMobility,0,2026-08-06 16:21:30
HighSpeedRail,252,ETU,5,9,5.86681710800999,16QAM,LMMSE,20,0.0604323814655172,0.221605603448276,1,29.7395454554293,10.5333134719689,9,0,0,0.1437742,1,6,VeryHighMobility,0,2026-08-06 16:21:30
HighSpeedRail,252,ETU,5,9,5.95000304769862,16QAM,LMMSE,25,0.00959725215517241,0.0377155172413793,1,11.0361626172401,19.1436381768151,13,0,0,0.1445991,1,6,VeryHighMobility,0,2026-08-06 16:21:31
HighSpeedRail,252,ETU,5,9,5.97567755558998,16QAM,LMMSE,30,3.36745689655172e-05,0.000134698275862069,0.3,0.387358460360779,48.2377390819082,15,2436000,2.5375,0.1440624,1,6,VeryHighMobility,0,2026-08-06 16:21:31
HighSpeedRail,252,ETU,5,9,5.95634602252222,16QAM,MPA,0,0.380246497844828,0.899622844827586,1,85.3647078998303,1.37443282796603,4,0,0,0.2584466,10,6,VeryHighMobility,0,2026-08-06 16:21:31
HighSpeedRail,252,ETU,5,9,5.95756258809534,16QAM,MPA,5,0.350626346982759,0.883970905172414,1,79.1660891844846,2.02921617473086,4,0,0,0.2717085,10,6,VeryHighMobility,0,2026-08-06 16:21:31
HighSpeedRail,252,ETU,5,9,4.8490485369007,16QAM,MPA,10,0.331000808189655,0.869989224137931,1,75.1344173085206,2.483221546692,5,0,0,0.2623929,10,6,VeryHighMobility,0,2026-08-06 16:21:31
HighSpeedRail,252,ETU,5,9,5.82449135710525,16QAM,MPA,15,0.326488415948276,0.865059267241379,1,74.3045087669281,2.57969665259832,5,0,0,0.2641482,10,6,VeryHighMobility,0,2026-08-06 16:21:32
HighSpeedRail,252,ETU,5,9,5.95919386935193,16QAM,MPA,20,0.322103987068966,0.861206896551724,1,73.51245358115,2.67278163643183,5,0,0,0.2598946,10,6,VeryHighMobility,0,2026-08-06 16:21:32
HighSpeedRail,252,ETU,5,9,5.89501566637756,16QAM,MPA,25,0.324063846982759,0.86317349137931,1,73.7540186100723,2.64428622899416,5,0,0,0.2714828,10,6,VeryHighMobility,0,2026-08-06 16:21:32
HighSpeedRail,252,ETU,5,9,5.97696093254931,16QAM,MPA,30,0.318723060344828,0.861233836206897,1,72.727204827418,2.76606207267578,5,0,0,0.2741987,10,6,VeryHighMobility,0,2026-08-06 16:21:33
HighSpeedRail,252,ETU,5,9,5.61945217566403,64QAM,MRC,0,0.419122665229885,0.954094827586207,1,111.943401103209,-0.979969953132528,3,0,0,0.8884014,7.5,6,VeryHighMobility,0,2026-08-06 16:21:33
HighSpeedRail,252,ETU,5,9,5.95111829880804,64QAM,MRC,5,0.351194324712644,0.917780172413793,1,78.4304181727213,2.11030938853433,4,0,0,0.9502656,8.7,6,VeryHighMobility,0,2026-08-06 16:21:34
HighSpeedRail,252,ETU,5,9,5.96450188793635,64QAM,MRC,10,0.244198994252874,0.821147629310345,1,47.8420997937273,6.40379534761018,7,0,0,0.92377,8.9,6,VeryHighMobility,0,2026-08-06 16:21:35
HighSpeedRail,252,ETU,5,9,5.65469910062922,64QAM,MRC,15,0.16296246408046,0.690759698275862,1,33.0693807045608,9.61147876220995,8,0,0,0.8793629,9.2,6,VeryHighMobility,0,2026-08-06 16:21:36
HighSpeedRail,252,ETU,5,9,5.81280508233063,64QAM,MRC,20,0.0954022988505747,0.457866379310345,1,22.9978268517139,12.7662640021686,10,0,0,1.0155779,10.3,6,VeryHighMobility,0,2026-08-06 16:21:37
HighSpeedRail,252,ETU,5,9,5.910941339713,64QAM,MRC,25,0.0313712284482759,0.16573275862069,1,10.8294068421606,19.3079066056862,13,0,0,1.0155653,9.7,6,VeryHighMobility,0,2026-08-06 16:21:38
HighSpeedRail,252,ETU,5,9,5.67066316406741,64QAM,MRC,30,8.97988505747126e-05,0.000538793103448276,0.5,0.479915954779963,46.3766962346202,15,2610000,2.71875,2.8278525,14,6,VeryHighMobility,0,2026-08-06 16:21:41
HighSpeedRail,252,ETU,5,9,5.94287778465236,64QAM,LMMSE,0,0.421008441091954,0.979202586206897,1,90.2274961335125,0.893221887887193,4,0,0,0.2770106,1,6,VeryHighMobility,0,2026-08-06 16:21:41
HighSpeedRail,252,ETU,5,9,5.95680602022012,64QAM,LMMSE,5,0.403686242816092,0.977182112068966,1,88.0561231505483,1.10480878302328,4,0,0,0.2686357,1,6,VeryHighMobility,0,2026-08-06 16:21:42
HighSpeedRail,252,ETU,5,9,5.97689539606241,64QAM,LMMSE,10,0.395819863505747,0.975996767241379,1,84.3933585131365,1.4738345922709,4,0,0,0.2711853,1,6,VeryHighMobility,0,2026-08-06 16:21:42
HighSpeedRail,252,ETU,5,9,5.87560928827207,64QAM,LMMSE,15,0.391698096264368,0.967645474137931,1,74.6655053411593,2.53759982445512,5,0,0,0.2585535,1,6,VeryHighMobility,0,2026-08-06 16:21:42
HighSpeedRail,252,ETU,5,9,5.10311717338108,64QAM,LMMSE,20,0.303951149425287,0.912634698275862,1,51.7943516198634,5.7143519842761,6,0,0,0.2759265,1,6,VeryHighMobility,0,2026-08-06 16:21:42
HighSpeedRail,252,ETU,5,9,5.97740787850946,64QAM,LMMSE,25,0.16218121408046,0.700026939655172,1,31.586246522324,10.0100395879396,8,0,0,0.2818122,1,6,VeryHighMobility,0,2026-08-06 16:21:43
HighSpeedRail,252,ETU,5,9,5.96904236936763,64QAM,LMMSE,30,0.0686961206896552,0.345878232758621,1,18.064477083607,14.8634921106387,11,0,0,0.2453733,1,6,VeryHighMobility,0,2026-08-06 16:21:43
HighSpeedRail,252,ETU,5,9,5.97722961370974,64QAM,MPA,0,0.429103807471264,0.980118534482759,1,91.3960687041093,0.781449690756883,4,0,0,0.6479535,10,6,VeryHighMobility,0,2026-08-06 16:21:44
HighSpeedRail,252,ETU,5,9,5.97743440743931,64QAM,MPA,5,0.406160201149425,0.978178879310345,1,88.2780115926127,1.08294915227415,4,0,0,0.699274,10,6,VeryHighMobility,0,2026-08-06 16:21:44
HighSpeedRail,252,ETU,5,9,5.96557574671732,64QAM,MPA,10,0.391141343390805,0.976697198275862,1,86.1092809539696,1.29900074563699,4,0,0,0.6695585,10,6,VeryHighMobility,0,2026-08-06 16:21:45
HighSpeedRail,252,ETU,5,9,5.92304239783617,64QAM,MPA,15,0.394454920977012,0.976724137931035,1,86.0800463202477,1.30195015961725,4,0,0,0.6542581,10,6,VeryHighMobility,0,2026-08-06 16:21:46
HighSpeedRail,252,ETU,5,9,5.89785315303025,64QAM,MPA,20,0.406384698275862,0.97801724137931,1,87.691226667839,1.14087709512868,4,0,0,0.7230737,10,6,VeryHighMobility,0,2026-08-06 16:21:46
HighSpeedRail,252,ETU,5,9,5.96694712196077,64QAM,MPA,25,0.415898886494253,0.978663793103448,1,88.9222603945296,1.01979012225132,4,0,0,0.6788857,10,6,VeryHighMobility,0,2026-08-06 16:21:47
HighSpeedRail,252,ETU,5,9,5.97740459884601,64QAM,MPA,30,0.407219827586207,0.97901400862069,1,87.7581057860822,1.13425518713778,4,0,0,0.6959016,10,6,VeryHighMobility,0,2026-08-06 16:21:48
HighSpeedRail,259,ETU,5,9,6.11268735726395,QPSK,MRC,0,0.267416487068966,0.461961206896552,1,103.147881100396,-0.269206219453865,3,0,0,1.2253053,3.4,7,VeryHighMobility,0,2026-08-06 16:21:49
HighSpeedRail,259,ETU,5,9,6.05409417581214,QPSK,MRC,5,0.119140625,0.221336206896552,1,67.7750426637323,3.37860400726449,5,0,0,1.0690776,2.6,7,VeryHighMobility,0,2026-08-06 16:21:50
HighSpeedRail,259,ETU,5,9,6.06463239597533,QPSK,MRC,10,0.0180765086206897,0.0353178879310345,1,24.2004004068747,12.3235489671206,10,0,0,1.3271535,3.8,7,VeryHighMobility,0,2026-08-06 16:21:51
HighSpeedRail,259,ETU,5,9,5.58634099621461,QPSK,MRC,15,4.04094827586207e-05,8.08189655172414e-05,0.2,0.560385254870621,45.0302660120712,15,1392000,1.45,0.9638726,2.2,7,VeryHighMobility,0,2026-08-06 16:21:52
HighSpeedRail,259,ETU,5,9,6.09753745242893,QPSK,MRC,20,0,0,0,0,160,15,1740000,1.8125,0.9336153,2,7,VeryHighMobility,0,2026-08-06 16:21:53
HighSpeedRail,259,ETU,5,9,6.12310035116407,QPSK,MRC,25,0,0,0,0,160,15,1740000,1.8125,0.9296573,2,7,VeryHighMobility,0,2026-08-06 16:21:54
HighSpeedRail,259,ETU,5,9,6.14209162585528,QPSK,MRC,30,0,0,0,0,160,15,1740000,1.8125,0.9828268,2,7,VeryHighMobility,0,2026-08-06 16:21:55
HighSpeedRail,259,ETU,5,9,6.11681073140558,QPSK,LMMSE,0,0.242739762931034,0.425296336206897,1,98.0412903590546,0.171819629319375,3,0,0,0.2496721,1,7,VeryHighMobility,0,2026-08-06 16:21:55
HighSpeedRail,259,ETU,5,9,6.02767435398829,QPSK,LMMSE,5,0.113065732758621,0.213254310344828,1,66.7073384579568,3.51652773651565,5,0,0,0.2413233,1,7,VeryHighMobility,0,2026-08-06 16:21:56
HighSpeedRail,259,ETU,5,9,6.08866719396402,QPSK,LMMSE,10,0.023370150862069,0.0458243534482759,1,28.8160573518395,10.8073088031764,9,0,0,0.2428219,1,7,VeryHighMobility,0,2026-08-06 16:21:56
HighSpeedRail,259,ETU,5,9,6.03961998054688,QPSK,LMMSE,15,0.00259967672413793,0.00514547413793103,0.7,7.04412295454115,23.0434614413391,15,522000,0.54375,0.2501019,1,7,VeryHighMobility,0,2026-08-06 16:21:56
HighSpeedRail,259,ETU,5,9,6.1419314617892,QPSK,LMMSE,20,0,0,0,0,160,15,1740000,1.8125,0.2781103,1,7,VeryHighMobility,0,2026-08-06 16:21:56
HighSpeedRail,259,ETU,5,9,6.06414178976906,QPSK,LMMSE,25,0,0,0,0,160,15,1740000,1.8125,0.2633459,1,7,VeryHighMobility,0,2026-08-06 16:21:57
HighSpeedRail,259,ETU,5,9,5.97024638947072,QPSK,LMMSE,30,0,0,0,0,160,15,1740000,1.8125,0.2556502,1,7,VeryHighMobility,0,2026-08-06 16:21:57
HighSpeedRail,259,ETU,5,9,5.3646326612005,QPSK,MPA,0,0.271053340517241,0.468184267241379,1,103.994391099193,-0.340198328214242,3,0,0,0.3000996,10,7,VeryHighMobility,0,2026-08-06 16:21:57
HighSpeedRail,259,ETU,5,9,5.77153595549283,QPSK,MPA,5,0.199407327586207,0.357785560344828,1,89.0246788792072,1.00979168387785,4,0,0,0.2772846,10,7,VeryHighMobility,0,2026-08-06 16:21:58
HighSpeedRail,259,ETU,5,9,6.12622644957293,QPSK,MPA,10,0.166217672413793,0.30390625,1,81.4896052344893,1.77795572144983,4,0,0,0.281833,10,7,VeryHighMobility,0,2026-08-06 16:21:58
HighSpeedRail,259,ETU,5,9,6.13014590622712,QPSK,MPA,15,0.145622306034483,0.269181034482759,1,76.2436378561913,2.35592780269946,4,0,0,0.271835,10,7,VeryHighMobility,0,2026-08-06 16:21:58
HighSpeedRail,259,ETU,5,9,6.13459039671137,QPSK,MPA,20,0.133445581896552,0.249353448275862,1,72.9315638945108,2.74168947247396,5,0,0,0.2855002,10,7,VeryHighMobility,0,2026-08-06 16:21:58
HighSpeedRail,259,ETU,5,9,6.13730258044369,QPSK,MPA,25,0.129849137931034,0.2421875,1,71.9171925629697,2.86334549062678,5,0,0,0.2851944,10,7,VeryHighMobility,0,2026-08-06 16:21:59
HighSpeedRail,259,ETU,5,9,6.13971869165124,QPSK,MPA,30,0.129269935344828,0.241648706896552,1,71.8184482889892,2.87527964969866,5,0,0,0.2688408,10,7,VeryHighMobility,0,2026-08-06 16:21:59
HighSpeedRail,259,ETU,5,9,6.07752685757259,16QAM,MRC,0,0.364385775862069,0.821578663793103,1,103.106966388229,-0.265760184769648,3,0,0,1.4600014,3.4,7,VeryHighMobility,0,2026-08-06 16:22:00
HighSpeedRail,259,ETU,5,9,6.11986745035914,16QAM,MRC,5,0.255987338362069,0.698949353448276,1,72.1617823525617,2.83385497043016,5,0,0,1.5946478,4.2,7,VeryHighMobility,0,2026-08-06 16:22:02
HighSpeedRail,259,ETU,5,9,6.14193811228013,16QAM,MRC,10,0.201838631465517,0.60010775862069,1,60.7300294262322,4.33193016887191,6,0,0,1.7334911,4.4,7,VeryHighMobility,0,2026-08-06 16:22:04
HighSpeedRail,259,ETU,5,9,6.12299713093107,16QAM,MRC,15,0.0558122306034483,0.206276939655172,1,28.2768008616427,10.9713945330944,9,0,0,2.0206235,5.9,7,VeryHighMobility,0,2026-08-06 16:22:06
HighSpeedRail,259,ETU,5,9,6.12471371086899,16QAM,MRC,20,0.00378502155172414,0.0149784482758621,0.9,6.23060658345816,24.1093934070259,15,348000,0.3625,1.847467,5.1,7,VeryHighMobility,0,2026-08-06 16:22:08
HighSpeedRail,259,ETU,5,9,6.10595608813825,16QAM,MRC,25,1.34698275862069e-05,5.38793103448276e-05,0.1,0.146710229771433,56.6707920546422,15,3132000,3.2625,1.2683672,2.9,7,VeryHighMobility,0,2026-08-06 16:22:09
HighSpeedRail,259,ETU,5,9,6.1382749173473,16QAM,MRC,30,0,0,0,0,160,15,3480000,3.625,1.1593379,2.9,7,VeryHighMobility,0,2026-08-06 16:22:10
HighSpeedRail,259,ETU,5,9,6.06705555492751,16QAM,LMMSE,0,0.386543642241379,0.902667025862069,1,86.5513465147736,1.25452342477531,4,0,0,0.2624785,1,7,VeryHighMobility,0,2026-08-06 16:22:10
HighSpeedRail,259,ETU,5,9,6.13923103707145,16QAM,LMMSE,5,0.344214709051724,0.87890625,1,78.0595512962839,2.15147898938339,4,0,0,0.2844182,1,7,VeryHighMobility,0,2026-08-06 16:22:11
HighSpeedRail,259,ETU,5,9,6.13998692494525,16QAM,LMMSE,10,0.284846443965517,0.802424568965517,1,68.4398142406423,3.29382355783017,5,0,0,0.2613362,1,7,VeryHighMobility,0,2026-08-06 16:22:11
HighSpeedRail,259,ETU,5,9,6.12552643345665,16QAM,LMMSE,15,0.188523706896552,0.606007543103448,1,54.7116861169623,5.23839801663895,6,0,0,0.2544331,1,7,VeryHighMobility,0,2026-08-06 16:22:11
HighSpeedRail,259,ETU,5,9,6.14345817215058,16QAM,LMMSE,20,0.0704471982758621,0.255334051724138,1,32.305783472243,9.81439444177457,8,0,0,0.2568925,1,7,VeryHighMobility,0,2026-08-06 16:22:11
HighSpeedRail,259,ETU,5,9,6.04240888191916,16QAM,LMMSE,25,0.00608836206896552,0.0239762931034483,0.9,7.97714474643818,21.9630505508294,14,348000,0.3625,0.2805609,1,7,VeryHighMobility,0,2026-08-06 16:22:12
HighSpeedRail,259,ETU,5,9,5.6141673447777,16QAM,LMMSE,30,0.000235721982758621,0.000942887931034483,0.3,0.86261548812474,41.2836549686257,15,2436000,2.5375,0.2562045,1,7,VeryHighMobility,0,2026-08-06 16:22:12
HighSpeedRail,259,ETU,5,9,6.13415742860281,16QAM,MPA,0,0.383418642241379,0.902882543103448,1,86.1607346970761,1.29381212885201,4,0,0,0.3496309,10,7,VeryHighMobility,0,2026-08-06 16:22:12
HighSpeedRail,259,ETU,5,9,6.06400104245302,16QAM,MPA,5,0.342706088362069,0.876831896551724,1,77.8785252264903,2.17164562482278,4,0,0,0.3734854,10,7,VeryHighMobility,0,2026-08-06 16:22:13
HighSpeedRail,259,ETU,5,9,6.13933206252249,16QAM,MPA,10,0.336206896551724,0.876346982758621,1,75.8017678117279,2.40641331692995,5,0,0,0.3628089,10,7,VeryHighMobility,0,2026-08-06 16:22:13
HighSpeedRail,259,ETU,5,9,6.1331289966489,16QAM,MPA,15,0.325410829741379,0.865490301724138,1,74.0591283909373,2.6084280702073,5,0,0,0.3359996,10,7,VeryHighMobility,0,2026-08-06 16:22:13
HighSpeedRail,259,ETU,5,9,6.09847917542916,16QAM,MPA,20,0.325336745689655,0.865948275862069,1,74.0427571520859,2.61034835331456,5,0,0,0.3903296,10,7,VeryHighMobility,0,2026-08-06 16:22:14
HighSpeedRail,259,ETU,5,9,6.00935278447766,16QAM,MPA,25,0.323727101293103,0.866810344827586,1,73.4284828859186,2.68270889412518,5,0,0,0.3558017,10,7,VeryHighMobility,0,2026-08-06 16:22:14
HighSpeedRail,259,ETU,5,9,5.9204703422303,16QAM,MPA,30,0.322225215517241,0.861934267241379,1,73.2432568721575,2.70464704760394,5,0,0,0.348344,10,7,VeryHighMobility,0,2026-08-06 16:22:14
HighSpeedRail,259,ETU,5,9,6.1118550726758,64QAM,MRC,0,0.424429777298851,0.955684267241379,1,114.772214589896,-1.19673523321916,3,0,0,2.9304747,9.1,7,VeryHighMobility,0,2026-08-06 16:22:17
HighSpeedRail,259,ETU,5,9,6.13682999566215,64QAM,MRC,5,0.331523886494253,0.905711206896552,1,71.1187600174515,2.9603164812161,5,0,0,2.4159421,7.8,7,VeryHighMobility,0,2026-08-06 16:22:20
HighSpeedRail,259,ETU,5,9,6.07238524344017,64QAM,MRC,10,0.259586027298851,0.844585129310345,1,50.0956987059769,6.00399123453248,7,0,0,2.2441534,7.7,7,VeryHighMobility,0,2026-08-06 16:22:22
HighSpeedRail,259,ETU,5,9,6.14328119495564,64QAM,MRC,15,0.153241738505747,0.661988146551724,1,31.7227018844683,9.97259660139956,8,0,0,2.1383796,9.4,7,VeryHighMobility,0,2026-08-06 16:22:24
HighSpeedRail,259,ETU,5,9,6.11821679994286,64QAM,MRC,20,0.0895025143678161,0.447198275862069,1,22.3629334873901,13.0094245579095,10,0,0,2.0955548,8.3,7,VeryHighMobility,0,2026-08-06 16:22:26
HighSpeedRail,259,ETU,5,9,6.14316841327321,64QAM,MRC,25,0.0136494252873563,0.0761853448275862,1,6.99383417252948,23.1056933850856,15,0,0,3.0190396,10.4,7,VeryHighMobility,0,2026-08-06 16:22:29
HighSpeedRail,259,ETU,5,9,6.14319819670954,64QAM,MRC,30,0.000305316091954023,0.00172413793103448,0.3,0.635568355872127,43.9367546777587,15,3654000,3.80625,2.6889973,13,7,VeryHighMobility,0,2026-08-06 16:22:32
HighSpeedRail,259,ETU,5,9,6.08976503548168,64QAM,LMMSE,0,0.420977011494253,0.979067887931034,1,90.5961211064778,0.857807926842311,4,0,0,0.2615542,1,7,VeryHighMobility,0,2026-08-06 16:22:32
HighSpeedRail,259,ETU,5,9,6.14349954303092,64QAM,LMMSE,5,0.406227550287356,0.979148706896552,1,88.0735351948035,1.10309142211215,4,0,0,0.2679864,1,7,VeryHighMobility,0,2026-08-06 16:22:33
HighSpeedRail,259,ETU,5,9,6.11129346072254,64QAM,LMMSE,10,0.397755028735632,0.97745150862069,1,83.4689607156092,1.56949987860005,4,0,0,0.2586386,1,7,VeryHighMobility,0,2026-08-06 16:22:33
HighSpeedRail,259,ETU,5,9,6.12751126093169,64QAM,LMMSE,15,0.370294540229885,0.953771551724138,1,67.5270327793376,3.41044666585764,5,0,0,0.2668011,1,7,VeryHighMobility,0,2026-08-06 16:22:33
HighSpeedRail,259,ETU,5,9,6.13881404057537,64QAM,LMMSE,20,0.270079022988506,0.88114224137931,1,46.2533272410559,6.69714041505852,7,0,0,0.2597131,1,7,VeryHighMobility,0,2026-08-06 16:22:33
HighSpeedRail,259,ETU,5,9,4.83146836630074,64QAM,LMMSE,25,0.194338182471264,0.782354525862069,1,35.6545298461327,8.95770571893303,8,0,0,0.2436734,1,7,VeryHighMobility,0,2026-08-06 16:22:34
HighSpeedRail,259,ETU,5,9,5.83584741379352,64QAM,LMMSE,30,0.0930226293103448,0.468776939655172,1,22.7719947057144,12.8519785166014,10,0,0,0.2535467,1,7,VeryHighMobility,0,2026-08-06 16:22:34
HighSpeedRail,259,ETU,5,9,6.03442367679072,64QAM,MPA,0,0.414776400862069,0.97979525862069,1,89.5491174618814,0.958773798381326,4,0,0,0.6914084,10,7,VeryHighMobility,0,2026-08-06 16:22:35
HighSpeedRail,259,ETU,5,9,6.14245802268744,64QAM,MPA,5,0.405796515804598,0.97879849137931,1,87.9488822955947,1.11539350865344,4,0,0,0.7472109,10,7,VeryHighMobility,0,2026-08-06 16:22:35
HighSpeedRail,259,ETU,5,9,5.7624571977091,64QAM,MPA,10,0.389623742816092,0.975646551724138,1,85.8748287065206,1.32268232426931,4,0,0,0.7750016,10,7,VeryHighMobility,0,2026-08-06 16:22:36
HighSpeedRail,259,ETU,5,9,6.13609256277058,64QAM,MPA,15,0.397319504310345,0.976535560344828,1,86.3240497641555,1.27736387137558,4,0,0,0.831275,10,7,VeryHighMobility,0,2026-08-06 16:22:37
HighSpeedRail,259,ETU,5,9,6.11619121571974,64QAM,MPA,20,0.407830459770115,0.978071120689655,1,88.0974914946707,1.10072915197073,4,0,0,0.7650255,10,7,VeryHighMobility,0,2026-08-06 16:22:38
HighSpeedRail,259,ETU,5,9,6.14032453915172,64QAM,MPA,25,0.40678430316092,0.977613146551724,1,87.938061092113,1.11646228360058,4,0,0,0.7570436,10,7,VeryHighMobility,0,2026-08-06 16:22:38
HighSpeedRail,259,ETU,5,9,6.09888248533859,64QAM,MPA,30,0.410542385057471,0.97957974137931,1,88.2801768934664,1.08273610563598,4,0,0,0.7812118,10,7,VeryHighMobility,0,2026-08-06 16:22:39
HighSpeedRail,251,ETU,5,9,5.67225986306163,QPSK,MRC,0,0.224124461206897,0.394342672413793,1,93.9549697948541,0.541604854665241,4,0,0,1.3237635,3.6,8,VeryHighMobility,0,2026-08-06 16:22:41
HighSpeedRail,251,ETU,5,9,5.70240156486465,QPSK,MRC,5,0.134388469827586,0.249245689655172,1,72.8572718455163,2.75054190059211,5,0,0,1.3423361,4,8,VeryHighMobility,0,2026-08-06 16:22:42
HighSpeedRail,251,ETU,5,9,5.87305823812195,QPSK,MRC,10,0.0204606681034483,0.0404633620689655,1,27.4411736499105,11.2319463587375,9,0,0,1.3295978,3.7,8,VeryHighMobility,0,2026-08-06 16:22:43
HighSpeedRail,251,ETU,5,9,5.81959367888557,QPSK,MRC,15,0.000579202586206897,0.00115840517241379,0.4,2.69903659189055,31.3758245500818,15,1044000,1.0875,1.0104061,2.2,8,VeryHighMobility,0,2026-08-06 16:22:44
HighSpeedRail,251,ETU,5,9,5.95109750484144,QPSK,MRC,20,0,0,0,0,160,15,1740000,1.8125,0.918991,2,8,VeryHighMobility,0,2026-08-06 16:22:45
HighSpeedRail,251,ETU,5,9,5.80611767954932,QPSK,MRC,25,0,0,0,0,160,15,1740000,1.8125,0.9120991,2,8,VeryHighMobility,0,2026-08-06 16:22:46
HighSpeedRail,251,ETU,5,9,5.94765843073558,QPSK,MRC,30,0,0,0,0,160,15,1740000,1.8125,0.9043165,2,8,VeryHighMobility,0,2026-08-06 16:22:47
HighSpeedRail,251,ETU,5,9,5.94158477923534,QPSK,LMMSE,0,0.202209051724138,0.36104525862069,1,89.2266539829242,0.990107856742886,4,0,0,0.2516085,1,8,VeryHighMobility,0,2026-08-06 16:22:47
HighSpeedRail,251,ETU,5,9,5.251352985704,QPSK,LMMSE,5,0.100175107758621,0.189789870689655,1,62.7742169362738,4.0443739219229,5,0,0,0.2506638,1,8,VeryHighMobility,0,2026-08-06 16:22:47
HighSpeedRail,251,ETU,5,9,5.94780879380578,QPSK,LMMSE,10,0.03203125,0.062042025862069,1,31.3902810969899,10.064095904333,8,0,0,0.2640569,1,8,VeryHighMobility,0,2026-08-06 16:22:48
HighSpeedRail,251,ETU,5,9,5.95284346472972,QPSK,LMMSE,15,0.00255926724137931,0.00509159482758621,0.7,6.33289934630189,23.9679482899607,15,522000,0.54375,0.2470128,1,8,VeryHighMobility,0,2026-08-06 16:22:48
HighSpeedRail,251,ETU,5,9,5.77911561522401,QPSK,LMMSE,20,0.000255926724137931,0.000511853448275862,0.2,1.41821400667899,36.9651645945257,15,1392000,1.45,0.2545957,1,8,VeryHighMobility,0,2026-08-06 16:22:48
HighSpeedRail,251,ETU,5,9,5.87595332231252,QPSK,LMMSE,25,0,0,0,0,160,15,1740000,1.8125,0.2415161,1,8,VeryHighMobility,0,2026-08-06 16:22:48
HighSpeedRail,251,ETU,5,9,5.81877952979689,QPSK,LMMSE,30,0,0,0,0,160,15,1740000,1.8125,0.2502612,1,8,VeryHighMobility,0,2026-08-06 16:22:49
HighSpeedRail,251,ETU,5,9,5.43930515538991,QPSK,MPA,0,0.284321120689655,0.487769396551724,1,106.485122542289,-0.545778700259949,3,0,0,0.267045,10,8,VeryHighMobility,0,2026-08-06 16:22:49
HighSpeedRail,251,ETU,5,9,5.58201555417424,QPSK,MPA,5,0.214911099137931,0.383917025862069,1,92.5249085907493,0.674826705808657,4,0,0,0.2730158,10,8,VeryHighMobility,0,2026-08-06 16:22:49
HighSpeedRail,251,ETU,5,9,5.86657749400774,QPSK,MPA,10,0.161368534482759,0.298006465517241,1,80.2243988095246,1.91387057525293,4,0,0,0.2675904,10,8,VeryHighMobility,0,2026-08-06 16:22:50
HighSpeedRail,251,ETU,5,9,5.73794007352022,QPSK,MPA,15,0.138362068965517,0.25870150862069,1,74.3576780204947,2.5734836094797,5,0,0,0.313273,10,8,VeryHighMobility,0,2026-08-06 16:22:50
HighSpeedRail,251,ETU,5,9,5.95320930070386,QPSK,MPA,20,0.122481142241379,0.229391163793103,1,69.8648231471564,3.11482871926069,5,0,0,0.2562769,10,8,VeryHighMobility,0,2026-08-06 16:22:50
HighSpeedRail,251,ETU,5,9,5.94119380341226,QPSK,MPA,25,0.128353987068966,0.241163793103448,1,71.5976988891154,2.90201870909951,5,0,0,0.2657073,10,8,VeryHighMobility,0,2026-08-06 16:22:50
HighSpeedRail,251,ETU,5,9,5.68349512409681,QPSK,MPA,30,0.121161099137931,0.228259698275862,1,69.5246435864122,3.15722457681327,5,0,0,0.2673324,10,8,VeryHighMobility,0,2026-08-06 16:22:51
HighSpeedRail,251,ETU,5,9,5.88533683593331,16QAM,MRC,0,0.352310075431034,0.810614224137931,1,99.0791607688074,0.0803536135890866,3,0,0,1.3924046,4,8,VeryHighMobility,0,2026-08-06 16:22:52
HighSpeedRail,251,ETU,5,9,5.9313634347816,16QAM,MRC,5,0.265092941810345,0.708890086206897,1,74.9343008442406,2.50638680824933,5,0,0,1.525166,4.8,8,VeryHighMobility,0,2026-08-06 16:22:54
HighSpeedRail,251,ETU,5,9,5.90927522067572,16QAM,MRC,10,0.146625808189655,0.489682112068966,1,49.2644196418276,6.14933258077195,7,0,0,1.7203487,5.7,8,VeryHighMobility,0,2026-08-06 16:22:55
HighSpeedRail,251,ETU,5,9,5.91575789779339,16QAM,MRC,15,0.0609172952586207,0.224164870689655,1,30.3392869458661,10.3598926101517,9,0,0,1.5574653,5.2,8,VeryHighMobility,0,2026-08-06 16:22:57
HighSpeedRail,251,ETU,5,9,5.95226164254503,16QAM,MRC,20,0.00290274784482759,0.0114493534482759,1,5.29440744039454,25.5236527971265,15,0,0,1.6808148,5.2,8,VeryHighMobility,0,2026-08-06 16:22:59
HighSpeedRail,251,ETU,5,9,5.83315842502488,16QAM,MRC,25,3.36745689655172e-05,0.000134698275862069,0.1,0.232144189606953,52.6848436384672,15,3132000,3.2625,1.2257755,3.2,8,VeryHighMobility,0,2026-08-06 16:23:00
HighSpeedRail,251,ETU,5,9,5.93912117503716,16QAM,MRC,30,0,0,0,0,160,15,3480000,3.625,1.0341782,2.5,8,VeryHighMobility,0,2026-08-06 16:23:01
HighSpeedRail,251,ETU,5,9,5.38127424937458,16QAM,LMMSE,0,0.367780172413793,0.89442349137931,1,83.0492765387737,1.6132829286917,4,0,0,0.2479424,1,8,VeryHighMobility,0,2026-08-06 16:23:01
HighSpeedRail,251,ETU,5,9,5.0582020108067,16QAM,LMMSE,5,0.344261853448276,0.879714439655172,1,77.5249639043126,2.21116854596918,4,0,0,0.2433494,1,8,VeryHighMobility,0,2026-08-06 16:23:01
HighSpeedRail,251,ETU,5,9,5.93394353330602,16QAM,LMMSE,10,0.297023168103448,0.824595905172414,1,70.1764739074429,3.07616914333333,5,0,0,0.2486398,1,8,VeryHighMobility,0,2026-08-06 16:23:02
HighSpeedRail,251,ETU,5,9,5.77975377901868,16QAM,LMMSE,15,0.183768857758621,0.587473060344828,1,53.7897802992535,5.38600459122376,6,0,0,0.2519182,1,8,VeryHighMobility,0,2026-08-06 16:23:02
HighSpeedRail,251,ETU,5,9,5.89613954909497,16QAM,LMMSE,20,0.0685479525862069,0.250457974137931,1,31.8124356487022,9.94806157648427,8,0,0,0.2447895,1,8,VeryHighMobility,0,2026-08-06 16:23:02
HighSpeedRail,251,ETU,5,9,5.42246611487112,16QAM,LMMSE,25,0.0145339439655172,0.055792025862069,1,12.8285367016965,17.8364575796281,12,0,0,0.2627483,1,8,VeryHighMobility,0,2026-08-06 16:23:02
HighSpeedRail,251,ETU,5,9,5.95345029151014,16QAM,LMMSE,30,0.000208782327586207,0.000835129310344828,0.4,0.981014038949914,40.166495550773,15,2088000,2.175,0.2527348,1,8,VeryHighMobility,0,2026-08-06 16:23:03
HighSpeedRail,251,ETU,5,9,5.85267139284027,16QAM,MPA,0,0.386584051724138,0.90301724137931,1,86.8175589912907,1.22784858361051,4,0,0,0.3667889,10,8,VeryHighMobility,0,2026-08-06 16:23:03
HighSpeedRail,251,ETU,5,9,5.75350219841415,16QAM,MPA,5,0.355462015086207,0.888065732758621,1,79.9815312182814,1.94020571415633,4,0,0,0.3467209,10,8,VeryHighMobility,0,2026-08-06 16:23:03
HighSpeedRail,251,ETU,5,9,5.75203853537242,16QAM,MPA,10,0.331209590517241,0.870878232758621,1,75.1317701252063,2.48352757884088,5,0,0,0.3598685,10,8,VeryHighMobility,0,2026-08-06 16:23:04
HighSpeedRail,251,ETU,5,9,5.95164155501806,16QAM,MPA,15,0.323895474137931,0.864197198275862,1,73.5867320868843,2.66400966457903,5,0,0,0.3628673,10,8,VeryHighMobility,0,2026-08-06 16:23:04
HighSpeedRail,251,ETU,5,9,5.952474773393,16QAM,MPA,20,0.322346443965517,0.862338362068966,1,73.7950213085624,2.63945875030216,5,0,0,0.3534058,10,8,VeryHighMobility,0,2026-08-06 16:23:04
HighSpeedRail,251,ETU,5,9,5.86429996541804,16QAM,MPA,25,0.317638739224138,0.85859375,1,72.832839330038,2.75345518184781,5,0,0,0.3492166,10,8,VeryHighMobility,0,2026-08-06 16:23:05
HighSpeedRail,251,ETU,5,9,5.46921515249441,16QAM,MPA,30,0.324420797413793,0.865678879310345,1,73.8043765317008,2.63835768299406,5,0,0,0.3563583,10,8,VeryHighMobility,0,2026-08-06 16:23:05
HighSpeedRail,251,ETU,5,9,5.77585136460625,64QAM,MRC,0,0.415966235632184,0.951858836206897,1,110.81687464873,-0.892117953122595,3,0,0,1.818038,7.9,8,VeryHighMobility,0,2026-08-06 16:23:07
HighSpeedRail,251,ETU,5,9,5.94856590283733,64QAM,MRC,5,0.349452227011494,0.917429956896552,1,77.179956115934,2.24990945403645,4,0,0,2.0655085,8.2,8,VeryHighMobility,0,2026-08-06 16:23:09
HighSpeedRail,251,ETU,5,9,5.93034368544894,64QAM,MRC,10,0.247557471264368,0.827478448275862,1,48.4505300343229,6.29402935070702,7,0,0,2.1001088,8.5,8,VeryHighMobility,0,2026-08-06 16:23:11
HighSpeedRail,251,ETU,5,9,5.95326176248004,64QAM,MRC,15,0.133957435344828,0.618265086206897,1,28.7880723294973,10.815748296527,9,0,0,1.7008384,6.6,8,VeryHighMobility,0,2026-08-06 16:23:13
HighSpeedRail,251,ETU,5,9,5.95296390355077,64QAM,MRC,20,0.0945806393678161,0.477747844827586,1,23.4485538744513,12.5976787209924,10,0,0,2.0483928,8.8,8,VeryHighMobility,0,2026-08-06 16:23:15
HighSpeedRail,251,ETU,5,9,5.93367189846892,64QAM,MRC,25,0.0222386853448276,0.126050646551724,1,10.3854601569518,19.6714851213401,13,0,0,2.7926038,13.2,8,VeryHighMobility,0,2026-08-06 16:23:18
HighSpeedRail,251,ETU,5,9,5.52990440153437,64QAM,MRC,30,6.28591954022988e-05,0.000377155172413793,0.3,0.303688997133937,50.3514188518276,15,3654000,3.80625,2.2555224,10.1,8,VeryHighMobility,0,2026-08-06 16:23:20
HighSpeedRail,251,ETU,5,9,5.90035417356927,64QAM,LMMSE,0,0.423145653735632,0.979337284482759,1,90.9055439122727,0.828192606828047,4,0,0,0.2414448,1,8,VeryHighMobility,0,2026-08-06 16:23:20
HighSpeedRail,251,ETU,5,9,5.68951570368056,64QAM,LMMSE,5,0.404974856321839,0.979283405172414,1,88.0580616840965,1.10461756743805,4,0,0,0.2632138,1,8,VeryHighMobility,0,2026-08-06 16:23:20
HighSpeedRail,251,ETU,5,9,5.31524660889879,64QAM,LMMSE,10,0.395469647988506,0.976400862068965,1,83.7103568258036,1.54441613666064,4,0,0,0.2518555,1,8,VeryHighMobility,0,2026-08-06 16:23:21
HighSpeedRail,251,ETU,5,9,5.95288770353238,64QAM,LMMSE,15,0.383319863505747,0.963550646551724,1,68.5751726505059,3.27666180612957,5,0,0,0.2555978,1,8,VeryHighMobility,0,2026-08-06 16:23:21
HighSpeedRail,251,ETU,5,9,5.95003606353978,64QAM,LMMSE,20,0.278883800287356,0.891325431034483,1,47.7404267757948,6.42227405868238,7,0,0,0.2582952,1,8,VeryHighMobility,0,2026-08-06 16:23:21
HighSpeedRail,251,ETU,5,9,5.73271128999886,64QAM,LMMSE,25,0.17997036637931,0.74676724137931,1,33.8547366830473,9.40761119458665,8,0,0,0.2681261,1,8,VeryHighMobility,0,2026-08-06 16:23:21
HighSpeedRail,251,ETU,5,9,5.55638661520983,64QAM,LMMSE,30,0.079754849137931,0.410587284482759,1,20.8839334077313,13.6037540057414,10,0,0,0.2593285,1,8,VeryHighMobility,0,2026-08-06 16:23:22
HighSpeedRail,251,ETU,5,9,5.90569174004909,64QAM,MPA,0,0.424286099137931,0.979094827586207,1,91.0421775952474,0.815147262765325,4,0,0,0.677992,10,8,VeryHighMobility,0,2026-08-06 16:23:22
HighSpeedRail,251,ETU,5,9,5.95353471961914,64QAM,MPA,5,0.404364224137931,0.979283405172414,1,87.9365791766904,1.11660865778841,4,0,0,0.6900256,10,8,VeryHighMobility,0,2026-08-06 16:23:23
HighSpeedRail,251,ETU,5,9,5.74955249222377,64QAM,MPA,10,0.389466594827586,0.977101293103448,1,85.7981626475264,1.33044024782416,4,0,0,0.6933336,10,8,VeryHighMobility,0,2026-08-06 16:23:24
HighSpeedRail,251,ETU,5,9,5.95225974281943,64QAM,MPA,15,0.395757004310345,0.977397629310345,1,86.3629189084256,1.27345375463947,4,0,0,0.6785435,10,8,VeryHighMobility,0,2026-08-06 16:23:24
HighSpeedRail,251,ETU,5,9,5.25015582784981,64QAM,MPA,20,0.406672054597701,0.977667025862069,1,87.6465536111587,1.14530312639129,4,0,0,0.7232309,10,8,VeryHighMobility,0,2026-08-06 16:23:25
HighSpeedRail,251,ETU,5,9,5.94863728416965,64QAM,MPA,25,0.410713002873563,0.977613146551724,1,88.3538700651284,1.07548845656384,4,0,0,0.6522959,10,8,VeryHighMobility,0,2026-08-06 16:23:26
HighSpeedRail,251,ETU,5,9,5.7393699436162,64QAM,MPA,30,0.41022808908046,0.978744612068966,1,88.2408242098233,1.08660888078015,4,0,0,0.7001064,10,8,VeryHighMobility,0,2026-08-06 16:23:26
HighSpeedRail,283,ETU,5,9,6.35785721561318,QPSK,MRC,0,0.259199892241379,0.449730603448276,1,101.58796002725,-0.136844788175793,3,0,0,1.1006302,2.7,9,VeryHighMobility,0,2026-08-06 16:23:28
HighSpeedRail,283,ETU,5,9,6.46481967489312,QPSK,MRC,5,0.113793103448276,0.212149784482759,1,66.1354423766914,3.59131474268095,5,0,0,1.2697562,3.6,9,VeryHighMobility,0,2026-08-06 16:23:29
HighSpeedRail,283,ETU,5,9,6.70152159506227,QPSK,MRC,10,0.021807650862069,0.0429148706896552,1,26.8550867784493,11.4194687984892,9,0,0,1.1919269,3.5,9,VeryHighMobility,0,2026-08-06 16:23:30
HighSpeedRail,283,ETU,5,9,6.71228082013268,QPSK,MRC,15,0.00150862068965517,0.00299030172413793,0.7,5.79765631270479,24.7349506672364,15,522000,0.54375,1.0577124,2.9,9,VeryHighMobility,0,2026-08-06 16:23:31
HighSpeedRail,283,ETU,5,9,6.70653596831894,QPSK,MRC,20,0,0,0,0,160,15,1740000,1.8125,0.9570298,2.1,9,VeryHighMobility,0,2026-08-06 16:23:32
HighSpeedRail,283,ETU,5,9,6.33625722014611,QPSK,MRC,25,0,0,0,0,160,15,1740000,1.8125,0.9062552,2,9,VeryHighMobility,0,2026-08-06 16:23:33
HighSpeedRail,283,ETU,5,9,5.47075513229547,QPSK,MRC,30,0,0,0,0,160,15,1740000,1.8125,0.9136505,2,9,VeryHighMobility,0,2026-08-06 16:23:34
HighSpeedRail,283,ETU,5,9,6.71043555898963,QPSK,LMMSE,0,0.192591594827586,0.347386853448276,1,87.2893619349281,1.18077362175877,4,0,0,0.2413603,1,9,VeryHighMobility,0,2026-08-06 16:23:34
HighSpeedRail,283,ETU,5,9,6.60750444443222,QPSK,LMMSE,5,0.0738820043103448,0.140490301724138,1,51.8872481376925,5.69878723374314,6,0,0,0.2225951,1,9,VeryHighMobility,0,2026-08-06 16:23:34
HighSpeedRail,283,ETU,5,9,6.67369747462433,QPSK,LMMSE,10,0.0247710129310345,0.0485991379310345,1,30.0077623439635,10.4553277675452,9,0,0,0.2337967,1,9,VeryHighMobility,0,2026-08-06 16:23:35
HighSpeedRail,283,ETU,5,9,6.71184627704589,QPSK,LMMSE,15,0.00285560344827586,0.00568426724137931,0.7,7.52503068178391,22.4698344996597,14,522000,0.54375,0.2360597,1,9,VeryHighMobility,0,2026-08-06 16:23:35
HighSpeedRail,283,ETU,5,9,6.71085192353909,QPSK,LMMSE,20,0,0,0,0,160,15,1740000,1.8125,0.2369539,1,9,VeryHighMobility,0,2026-08-06 16:23:35
HighSpeedRail,283,ETU,5,9,5.98010747618612,QPSK,LMMSE,25,0,0,0,0,160,15,1740000,1.8125,0.2614395,1,9,VeryHighMobility,0,2026-08-06 16:23:35
HighSpeedRail,283,ETU,5,9,6.71276838675522,QPSK,LMMSE,30,0,0,0,0,160,15,1740000,1.8125,0.248954,1,9,VeryHighMobility,0,2026-08-06 16:23:36
HighSpeedRail,283,ETU,5,9,6.58255246287625,QPSK,MPA,0,0.249757543103448,0.43739224137931,1,99.7404908046131,0.0225699805823713,3,0,0,0.2734742,10,9,VeryHighMobility,0,2026-08-06 16:23:36
HighSpeedRail,283,ETU,5,9,6.393051390861,QPSK,MPA,5,0.212351831896552,0.379148706896552,1,92.1019588957961,0.714622655870244,4,0,0,0.2824693,10,9,VeryHighMobility,0,2026-08-06 16:23:36
HighSpeedRail,283,ETU,5,9,6.52210761185283,QPSK,MPA,10,0.159846443965517,0.293292025862069,1,79.8628715528724,1.95310156699432,4,0,0,0.2774334,10,9,VeryHighMobility,0,2026-08-06 16:23:36
HighSpeedRail,283,ETU,5,9,6.6813549701686,QPSK,MPA,15,0.137863685344828,0.25713900862069,1,74.2017843907236,2.59171301524781,5,0,0,0.2705651,10,9,VeryHighMobility,0,2026-08-06 16:23:37
HighSpeedRail,283,ETU,5,9,6.71257463878595,QPSK,MPA,20,0.129431573275862,0.243453663793103,1,71.7992442268841,2.87760254407358,5,0,0,0.2687095,10,9,VeryHighMobility,0,2026-08-06 16:23:37
HighSpeedRail,283,ETU,5,9,6.6852929402911,QPSK,MPA,25,0.126387392241379,0.237068965517241,1,71.0095571456792,2.9736639168005,5,0,0,0.2759361,10,9,VeryHighMobility,0,2026-08-06 16:23:37
HighSpeedRail,283,ETU,5,9,6.69523822478647,QPSK,MPA,30,0.123801185344828,0.232596982758621,1,70.3066442859124,3.06007260618849,5,0,0,0.2733342,10,9,VeryHighMobility,0,2026-08-06 16:23:38
HighSpeedRail,283,ETU,5,9,6.50675931982422,16QAM,MRC,0,0.34207974137931,0.795689655172414,1,95.0344525144828,0.442378457498593,4,0,0,1.2704799,3.8,9,VeryHighMobility,0,2026-08-06 16:23:39
HighSpeedRail,283,ETU,5,9,6.65921624549743,16QAM,MRC,5,0.249488146551724,0.691487068965517,1,70.4104956632862,3.04725196803843,5,0,0,1.4221129,4.3,9,VeryHighMobility,0,2026-08-06 16:23:40
HighSpeedRail,283,ETU,5,9,6.44833369855643,16QAM,MRC,10,0.117813846982759,0.407785560344828,1,43.2852235668379,7.27320670046726,7,0,0,1.335983,3.8,9,VeryHighMobility,0,2026-08-06 16:23:42
HighSpeedRail,283,ETU,5,9,6.25738485317177,16QAM,MRC,15,0.0561624461206897,0.205711206896552,1,28.3945162849749,10.9353105068973,9,0,0,1.6954481,5.3,9,VeryHighMobility,0,2026-08-06 16:23:43
HighSpeedRail,283,ETU,5,9,6.7112123282556,16QAM,MRC,20,0.00318561422413793,0.0126077586206897,0.9,5.46391955966751,25.2499140600652,15,348000,0.3625,1.5535516,5.1,9,VeryHighMobility,0,2026-08-06 16:23:45
HighSpeedRail,283,ETU,5,9,6.68717614064872,16QAM,MRC,25,0,0,0,0,160,15,3480000,3.625,1.2616673,3.4,9,VeryHighMobility,0,2026-08-06 16:23:46
HighSpeedRail,283,ETU,5,9,6.71174923062,16QAM,MRC,30,0,0,0,0,160,15,3480000,3.625,1.0882711,2.7,9,VeryHighMobility,0,2026-08-06 16:23:47
HighSpeedRail,283,ETU,5,9,6.69713924816626,16QAM,LMMSE,0,0.376037176724138,0.898491379310345,1,84.6194263036467,1.45059846782909,4,0,0,0.2674545,1,9,VeryHighMobility,0,2026-08-06 16:23:47
HighSpeedRail,283,ETU,5,9,6.71155778772146,16QAM,LMMSE,5,0.341386045258621,0.877047413793103,1,77.5370801595266,2.20981114794874,4,0,0,0.249872,1,9,VeryHighMobility,0,2026-08-06 16:23:48
HighSpeedRail,283,ETU,5,9,6.69900938077086,16QAM,LMMSE,10,0.290072737068966,0.806546336206897,1,69.1578286136054,3.2031730193369,5,0,0,0.2679783,1,9,VeryHighMobility,0,2026-08-06 16:23:48
HighSpeedRail,283,ETU,5,9,6.71093469489373,16QAM,LMMSE,15,0.195709859913793,0.619746767241379,1,55.6981696666128,5.08318152444316,6,0,0,0.2602828,1,9,VeryHighMobility,0,2026-08-06 16:23:48
HighSpeedRail,283,ETU,5,9,6.67805500387976,16QAM,LMMSE,20,0.0584590517241379,0.215247844827586,1,28.5089607763961,10.9003722706488,9,0,0,0.2698031,1,9,VeryHighMobility,0,2026-08-06 16:23:48
HighSpeedRail,283,ETU,5,9,6.69896143133249,16QAM,LMMSE,25,0.0129108297413793,0.0497575431034483,0.9,11.5969075519094,18.713156098553,13,348000,0.3625,0.2625836,1,9,VeryHighMobility,0,2026-08-06 16:23:49
HighSpeedRail,283,ETU,5,9,6.58404598013135,16QAM,LMMSE,30,0.000208782327586207,0.000835129310344828,0.3,0.9730256952977,40.2375138178877,15,2436000,2.5375,0.2650052,1,9,VeryHighMobility,0,2026-08-06 16:23:49
HighSpeedRail,283,ETU,5,9,6.60801126011467,16QAM,MPA,0,0.380132004310345,0.897898706896552,1,85.6168463730789,1.34881546182434,4,0,0,0.4006192,10,9,VeryHighMobility,0,2026-08-06 16:23:49
HighSpeedRail,283,ETU,5,9,6.63114516880957,16QAM,MPA,5,0.344847790948276,0.881654094827586,1,78.0064771152733,2.15738670038689,4,0,0,0.3798379,10,9,VeryHighMobility,0,2026-08-06 16:23:50
HighSpeedRail,283,ETU,5,9,6.64355590093306,16QAM,MPA,10,0.334011314655172,0.873033405172414,1,75.746751418488,2.41271976378124,5,0,0,0.3866181,10,9,VeryHighMobility,0,2026-08-06 16:23:50
HighSpeedRail,283,ETU,5,9,6.6824721402787,16QAM,MPA,15,0.324777747844828,0.864251077586207,1,73.9442615820843,2.62191047253984,5,0,0,0.3693927,10,9,VeryHighMobility,0,2026-08-06 16:23:51
HighSpeedRail,283,ETU,5,9,6.70926127412598,16QAM,MPA,20,0.322952586206897,0.862634698275862,1,73.5206884015305,2.67180870284523,5,0,0,0.3783848,10,9,VeryHighMobility,0,2026-08-06 16:23:51
HighSpeedRail,283,ETU,5,9,6.68342101653593,16QAM,MPA,25,0.320090247844828,0.861503232758621,1,72.950610797626,2.73942135027611,5,0,0,0.3816205,10,9,VeryHighMobility,0,2026-08-06 16:23:51
HighSpeedRail,283,ETU,5,9,6.66577126790425,16QAM,MPA,30,0.323067079741379,0.86495150862069,1,73.5472697340343,2.66866889556155,5,0,0,0.3984136,10,9,VeryHighMobility,0,2026-08-06 16:23:52
HighSpeedRail,283,ETU,5,9,6.71096598125246,64QAM,MRC,0,0.419508800287356,0.954121767241379,1,111.523012598764,-0.947289852336195,3,0,0,2.1858732,9.7,9,VeryHighMobility,0,2026-08-06 16:23:54
HighSpeedRail,283,ETU,5,9,6.64357724508448,64QAM,MRC,5,0.348886494252874,0.917537715517241,1,77.388035877088,2.22652351352191,4,0,0,2.2403899,9.7,9,VeryHighMobility,0,2026-08-06 16:23:56
HighSpeedRail,283,ETU,5,9,6.66724431729029,64QAM,MRC,10,0.259437859195402,0.835021551724138,1,51.3676059648767,5.78621349005739,6,0,0,1.8160792,7.6,9,VeryHighMobility,0,2026-08-06 16:23:58
HighSpeedRail,283,ETU,5,9,6.44944193542639,64QAM,MRC,15,0.136732219827586,0.623060344827586,1,29.2667888873148,10.6724985031672,9,0,0,2.1686811,9.4,9,VeryHighMobility,0,2026-08-06 16:24:00
HighSpeedRail,283,ETU,5,9,6.69065987147484,64QAM,MRC,20,0.095465158045977,0.480010775862069,1,23.5226125841835,12.5702888833108,10,0,0,2.0029846,8.6,9,VeryHighMobility,0,2026-08-06 16:24:02
HighSpeedRail,283,ETU,5,9,6.37627239410516,64QAM,MRC,25,0.0255208333333333,0.143426724137931,1,11.0185512078416,19.1575101129585,13,0,0,2.5293201,12.3,9,VeryHighMobility,0,2026-08-06 16:24:05
HighSpeedRail,283,ETU,5,9,6.71243774902338,64QAM,MRC,30,0.000170617816091954,0.00102370689655172,0.4,0.526088865286616,45.5788177996681,15,3132000,3.2625,2.7118467,13.7,9,VeryHighMobility,0,2026-08-06 16:24:07
HighSpeedRail,283,ETU,5,9,6.58761655797121,64QAM,LMMSE,0,0.42095007183908,0.980280172413793,1,90.3723149028454,0.879291860936044,4,0,0,0.2795338,1,9,VeryHighMobility,0,2026-08-06 16:24:08
HighSpeedRail,283,ETU,5,9,6.3296304684445,64QAM,LMMSE,5,0.406690014367816,0.978367456896552,1,88.2166886343689,1.08898496488874,4,0,0,0.2661674,1,9,VeryHighMobility,0,2026-08-06 16:24:08
HighSpeedRail,283,ETU,5,9,6.56595190392348,64QAM,LMMSE,10,0.397252155172414,0.977262931034483,1,84.8821843407416,1.42366905835382,4,0,0,0.2538322,1,9,VeryHighMobility,0,2026-08-06 16:24:08
HighSpeedRail,283,ETU,5,9,6.67044079465866,64QAM,LMMSE,15,0.381743893678161,0.961664870689655,1,70.3956775735338,3.04908013067864,5,0,0,0.2582376,1,9,VeryHighMobility,0,2026-08-06 16:24:08
HighSpeedRail,283,ETU,5,9,6.43749302000964,64QAM,LMMSE,20,0.31257183908046,0.919073275862069,1,54.1913665815624,5.32139793884122,6,0,0,0.2590906,1,9,VeryHighMobility,0,2026-08-06 16:24:09
HighSpeedRail,283,ETU,5,9,6.6907475085572,64QAM,LMMSE,25,0.161615481321839,0.704876077586207,1,31.4799569379127,10.0393174078603,8,0,0,0.2684399,1,9,VeryHighMobility,0,2026-08-06 16:24:09
HighSpeedRail,283,ETU,5,9,6.70362672665686,64QAM,LMMSE,30,0.0852684985632184,0.43203125,1,21.4917933609324,13.3545468746653,10,0,0,0.2724616,1,9,VeryHighMobility,0,2026-08-06 16:24:09
HighSpeedRail,283,ETU,5,9,4.87410460184189,64QAM,MPA,0,0.421210488505747,0.980441810344828,1,90.514783982036,0.865609614250713,4,0,0,0.8237036,10,9,VeryHighMobility,0,2026-08-06 16:24:10
HighSpeedRail,283,ETU,5,9,6.70291793182202,64QAM,MPA,5,0.40202496408046,0.977559267241379,1,87.6190749858507,1.14802672155022,4,0,0,0.8631378,10,9,VeryHighMobility,0,2026-08-06 16:24:11
HighSpeedRail,283,ETU,5,9,6.54475176867944,64QAM,MPA,10,0.387702047413793,0.975808189655172,1,85.7183176277843,1.33852722673853,4,0,0,0.8332141,10,9,VeryHighMobility,0,2026-08-06 16:24:12
HighSpeedRail,283,ETU,5,9,6.63051062083722,64QAM,MPA,15,0.398114224137931,0.977289870689655,1,86.3919739161321,1.27053205918268,4,0,0,0.781615,10,9,VeryHighMobility,0,2026-08-06 16:24:13
HighSpeedRail,283,ETU,5,9,6.37383594360616,64QAM,MPA,20,0.410515445402299,0.97801724137931,1,88.3710757250104,1.07379716773431,4,0,0,0.87993,10,9,VeryHighMobility,0,2026-08-06 16:24:13
HighSpeedRail,283,ETU,5,9,6.70678789123316,64QAM,MPA,25,0.410856681034483,0.978044181034483,1,88.147135065485,1.09583596915827,4,0,0,0.8694126,10,9,VeryHighMobility,0,2026-08-06 16:24:14
HighSpeedRail,283,ETU,5,9,6.40861032505137,64QAM,MPA,30,0.408692528735632,0.978098060344828,1,88.0259107007534,1.10778946198808,4,0,0,0.8428323,10,9,VeryHighMobility,0,2026-08-06 16:24:15
HighSpeedRail,255,ETU,5,9,6.01293234594583,QPSK,MRC,0,0.246524784482759,0.428690732758621,1,98.4702695431515,0.133897465649687,3,0,0,1.202895,3.4,10,VeryHighMobility,0,2026-08-06 16:24:16
HighSpeedRail,255,ETU,5,9,5.93844608884015,QPSK,MRC,5,0.123733836206897,0.227855603448276,1,68.3790769564228,3.30153532011221,5,0,0,1.1735979,3.2,10,VeryHighMobility,0,2026-08-06 16:24:18
HighSpeedRail,255,ETU,5,9,6.01127692818083,QPSK,MRC,10,0.0256196120689655,0.05,1,28.9963634792678,10.753129297136,9,0,0,1.1826137,3.2,10,VeryHighMobility,0,2026-08-06 16:24:19
HighSpeedRail,255,ETU,5,9,5.90147317540987,QPSK,MRC,15,9.42887931034483e-05,0.000188577586206897,0.4,1.19454662815611,38.4559378650269,15,1044000,1.0875,0.956054,2.2,10,VeryHighMobility,0,2026-08-06 16:24:20
HighSpeedRail,255,ETU,5,9,5.79516278304219,QPSK,MRC,20,0,0,0,0,160,15,1740000,1.8125,0.8832832,2,10,VeryHighMobility,0,2026-08-06 16:24:21
HighSpeedRail,255,ETU,5,9,5.79691365522667,QPSK,MRC,25,0,0,0,0,160,15,1740000,1.8125,0.8990999,2,10,VeryHighMobility,0,2026-08-06 16:24:21
HighSpeedRail,255,ETU,5,9,6.02836847154464,QPSK,MRC,30,0,0,0,0,160,15,1740000,1.8125,0.857201,2,10,VeryHighMobility,0,2026-08-06 16:24:22
HighSpeedRail,255,ETU,5,9,5.94225482525662,QPSK,LMMSE,0,0.207731681034483,0.371336206896552,1,90.9388921283435,0.825006818645893,4,0,0,0.2556523,1,10,VeryHighMobility,0,2026-08-06 16:24:23
HighSpeedRail,255,ETU,5,9,5.86190884188249,QPSK,LMMSE,5,0.0910964439655172,0.173114224137931,1,59.8576868878361,4.4576013968456,6,0,0,0.2431549,1,10,VeryHighMobility,0,2026-08-06 16:24:23
HighSpeedRail,255,ETU,5,9,5.91142009373486,QPSK,LMMSE,10,0.018817349137931,0.0370959051724138,1,26.1778335517882,11.6413259604689,9,0,0,0.2385527,1,10,VeryHighMobility,0,2026-08-06 16:24:23
HighSpeedRail,255,ETU,5,9,5.45496704048684,QPSK,LMMSE,15,0.00344827586206897,0.00689655172413793,1,10.7031392473483,19.4097764877095,13,0,0,0.2466579,1,10,VeryHighMobility,0,2026-08-06 16:24:23
HighSpeedRail,255,ETU,5,9,6.03363645709548,QPSK,LMMSE,20,0,0,0,0,160,15,1740000,1.8125,0.2472367,1,10,VeryHighMobility,0,2026-08-06 16:24:24
HighSpeedRail,255,ETU,5,9,5.43462240152087,QPSK,LMMSE,25,0,0,0,0,160,15,1740000,1.8125,0.247143,1,10,VeryHighMobility,0,2026-08-06 16:24:24
HighSpeedRail,255,ETU,5,9,5.75759930289081,QPSK,LMMSE,30,0,0,0,0,160,15,1740000,1.8125,0.2342359,1,10,VeryHighMobility,0,2026-08-06 16:24:24
HighSpeedRail,255,ETU,5,9,6.03537666409964,QPSK,MPA,0,0.264749461206897,0.457516163793103,1,102.789325397285,-0.238960316187866,3,0,0,0.2708368,10,10,VeryHighMobility,0,2026-08-06 16:24:24
HighSpeedRail,255,ETU,5,9,6.04687091536238,QPSK,MPA,5,0.225633081896552,0.40088900862069,1,94.8070704773074,0.463185456872701,4,0,0,0.2703889,10,10,VeryHighMobility,0,2026-08-06 16:24:25
HighSpeedRail,255,ETU,5,9,5.91264409923498,QPSK,MPA,10,0.173706896551724,0.317241379310345,1,83.1149768968878,1.60641423006731,4,0,0,0.2578391,10,10,VeryHighMobility,0,2026-08-06 16:24:25
HighSpeedRail,255,ETU,5,9,6.03692579251012,QPSK,MPA,15,0.131761853448276,0.246901939655172,1,72.4579258792902,2.79828203757019,5,0,0,0.260192,10,10,VeryHighMobility,0,2026-08-06 16:24:25
HighSpeedRail,255,ETU,5,9,5.64790471764943,QPSK,MPA,20,0.124932650862069,0.235317887931034,1,70.6056145466171,3.02321525101424,5,0,0,0.2608199,10,10,VeryHighMobility,0,2026-08-06 16:24:25
HighSpeedRail,255,ETU,5,9,5.21915702366367,QPSK,MPA,25,0.117039331896552,0.220447198275862,1,68.2916628839867,3.31264624393415,5,0,0,0.2611015,10,10,VeryHighMobility,0,2026-08-06 16:24:26
HighSpeedRail,255,ETU,5,9,6.04759974548955,QPSK,MPA,30,0.124003232758621,0.232300646551724,1,70.3006693619612,3.0608107972359,5,0,0,0.2680782,10,10,VeryHighMobility,0,2026-08-06 16:24:26
HighSpeedRail,255,ETU,5,9,6.04530514031491,16QAM,MRC,0,0.380125269396552,0.834348060344828,1,108.928077751539,-0.742796794533844,3,0,0,1.1610168,3.1,10,VeryHighMobility,0,2026-08-06 16:24:27
HighSpeedRail,255,ETU,5,9,5.69975735723898,16QAM,MRC,5,0.252956627155172,0.691163793103448,1,71.3235462268177,2.93534143431655,5,0,0,1.2693908,3.6,10,VeryHighMobility,0,2026-08-06 16:24:28
HighSpeedRail,255,ETU,5,9,5.98345496176148,16QAM,MRC,10,0.147757273706897,0.492429956896552,1,49.4717826137807,6.11284880893624,7,0,0,1.6610079,5.8,10,VeryHighMobility,0,2026-08-06 16:24:30
HighSpeedRail,255,ETU,5,9,5.85512298151147,16QAM,MRC,15,0.0600552262931034,0.219719827586207,1,29.2255089906963,10.6847583287795,9,0,0,1.7295407,6.4,10,VeryHighMobility,0,2026-08-06 16:24:32
HighSpeedRail,255,ETU,5,9,5.04512864691558,16QAM,MRC,20,0.00689655172413793,0.0265086206896552,0.9,7.25006990340895,22.7931561209431,15,348000,0.3625,1.601001,5,10,VeryHighMobility,0,2026-08-06 16:24:33
HighSpeedRail,255,ETU,5,9,5.93042013029316,16QAM,MRC,25,0,0,0,0,160,15,3480000,3.625,1.1283221,2.8,10,VeryHighMobility,0,2026-08-06 16:24:34
HighSpeedRail,255,ETU,5,9,6.01804511920549,16QAM,MRC,30,0,0,0,0,160,15,3480000,3.625,1.1327119,2.9,10,VeryHighMobility,0,2026-08-06 16:24:36
HighSpeedRail,255,ETU,5,9,6.04761415785566,16QAM,LMMSE,0,0.371558459051724,0.895770474137931,1,83.6773397130563,1.54784270871032,4,0,0,0.2429032,1,10,VeryHighMobility,0,2026-08-06 16:24:36
HighSpeedRail,255,ETU,5,9,6.04230965533161,16QAM,LMMSE,5,0.342867726293103,0.875969827586207,1,77.8516783524982,2.17464040658731,4,0,0,0.2644047,1,10,VeryHighMobility,0,2026-08-06 16:24:36
HighSpeedRail,255,ETU,5,9,5.20491404506817,16QAM,LMMSE,10,0.292261584051724,0.817780172413793,1,69.2389513456029,3.19299036655877,5,0,0,0.2511404,1,10,VeryHighMobility,0,2026-08-06 16:24:36
HighSpeedRail,255,ETU,5,9,6.0480458844084,16QAM,LMMSE,15,0.178919719827586,0.580307112068966,1,53.2211178579548,5.47832015509027,6,0,0,0.2505009,1,10,VeryHighMobility,0,2026-08-06 16:24:37
HighSpeedRail,255,ETU,5,9,5.9593781419828,16QAM,LMMSE,20,0.0529431573275862,0.195608836206897,1,26.5496984732092,11.5188081373489,9,0,0,0.2538586,1,10,VeryHighMobility,0,2026-08-06 16:24:37
HighSpeedRail,255,ETU,5,9,6.04595765461079,16QAM,LMMSE,25,0.0097588900862069,0.0383081896551724,1,10.6841600761165,19.4251922751374,13,0,0,0.2489069,1,10,VeryHighMobility,0,2026-08-06 16:24:37
HighSpeedRail,255,ETU,5,9,5.94389739138679,16QAM,LMMSE,30,0.000262661637931034,0.00105064655172414,0.4,1.04138777468319,39.6477505001509,15,2088000,2.175,0.2644653,1,10,VeryHighMobility,0,2026-08-06 16:24:37
HighSpeedRail,255,ETU,5,9,6.01188857950254,16QAM,MPA,0,0.380502424568965,0.899353448275862,1,85.6057467560375,1.34994159882553,4,0,0,0.3462013,10,10,VeryHighMobility,0,2026-08-06 16:24:38
HighSpeedRail,255,ETU,5,9,6.00042765003139,16QAM,MPA,5,0.348834859913793,0.885021551724138,1,78.5252739638562,2.09981079466468,4,0,0,0.3323413,10,10,VeryHighMobility,0,2026-08-06 16:24:38
HighSpeedRail,255,ETU,5,9,5.99371175366849,16QAM,MPA,10,0.328811961206897,0.866971982758621,1,74.9851404233898,2.5004958179024,5,0,0,0.3405624,10,10,VeryHighMobility,0,2026-08-06 16:24:38
HighSpeedRail,255,ETU,5,9,6.04301265949032,16QAM,MPA,15,0.328421336206897,0.867564655172414,1,74.6440927817128,2.54009111948015,5,0,0,0.3665233,10,10,VeryHighMobility,0,2026-08-06 16:24:39
HighSpeedRail,255,ETU,5,9,6.04414351134242,16QAM,MPA,20,0.320292295258621,0.863254310344828,1,73.0601566296149,2.72638802126536,5,0,0,0.3487205,10,10,VeryHighMobility,0,2026-08-06 16:24:39
HighSpeedRail,255,ETU,5,9,6.01680490669866,16QAM,MPA,25,0.3205078125,0.861179956896552,1,73.4775973232176,2.67690106646684,5,0,0,0.3464444,10,10,VeryHighMobility,0,2026-08-06 16:24:39
HighSpeedRail,255,ETU,5,9,6.03602890972114,16QAM,MPA,30,0.31944369612069,0.858001077586207,1,72.9358360465455,2.74118068927613,5,0,0,0.3757741,10,10,VeryHighMobility,0,2026-08-06 16:24:40
HighSpeedRail,255,ETU,5,9,6.02188230462805,64QAM,MRC,0,0.412715517241379,0.948922413793103,1,108.23424258197,-0.687293646406442,3,0,0,1.8955533,7.6,10,VeryHighMobility,0,2026-08-06 16:24:42
HighSpeedRail,255,ETU,5,9,6.04685331731324,64QAM,MRC,5,0.340167025862069,0.912661637931034,1,73.4267020472537,2.68291955291962,5,0,0,2.0924391,8.4,10,VeryHighMobility,0,2026-08-06 16:24:44
HighSpeedRail,255,ETU,5,9,5.75810040809108,64QAM,MRC,10,0.25926724137931,0.8375,1,50.6179962402261,5.91390101565205,7,0,0,1.9633834,7.9,10,VeryHighMobility,0,2026-08-06 16:24:46
HighSpeedRail,255,ETU,5,9,6.04428445906755,64QAM,MRC,15,0.175435524425287,0.719962284482759,1,34.8859993978129,9.146976620824,8,0,0,2.3844373,10.9,10,VeryHighMobility,0,2026-08-06 16:24:48
HighSpeedRail,255,ETU,5,9,5.92890306650136,64QAM,MRC,20,0.0915813577586207,0.453529094827586,1,22.7552558578982,12.8583655392988,10,0,0,2.1994454,9.7,10,VeryHighMobility,0,2026-08-06 16:24:50
HighSpeedRail,255,ETU,5,9,6.04852014081236,64QAM,MRC,25,0.0263604525862069,0.146928879310345,1,10.8448557276887,19.2955244231764,13,0,0,2.4908309,11.7,10,VeryHighMobility,0,2026-08-06 16:24:53
HighSpeedRail,255,ETU,5,9,6.04050307116115,64QAM,MRC,30,1.79597701149425e-05,0.000107758620689655,0.3,0.171860372564157,55.296485021314,15,3654000,3.80625,2.8925542,14.5,10,VeryHighMobility,0,2026-08-06 16:24:56
HighSpeedRail,255,ETU,5,9,5.78086003742241,64QAM,LMMSE,0,0.423962823275862,0.979714439655172,1,91.1435299606941,0.805483106740643,4,0,0,0.2501799,1,10,VeryHighMobility,0,2026-08-06 16:24:56
HighSpeedRail,255,ETU,5,9,5.72972693262595,64QAM,LMMSE,5,0.406860632183908,0.979310344827586,1,88.2014919875695,1.09048136845473,4,0,0,0.2676708,1,10,VeryHighMobility,0,2026-08-06 16:24:56
HighSpeedRail,255,ETU,5,9,6.03223418275684,64QAM,LMMSE,10,0.398177083333333,0.976858836206897,1,84.1086382358071,1.50318796858631,4,0,0,0.2709,1,10,VeryHighMobility,0,2026-08-06 16:24:57
HighSpeedRail,255,ETU,5,9,5.51259425958169,64QAM,LMMSE,15,0.375790229885057,0.958459051724138,1,67.6428807590994,3.39555810098342,5,0,0,0.2552089,1,10,VeryHighMobility,0,2026-08-06 16:24:57
HighSpeedRail,255,ETU,5,9,5.72206878658516,64QAM,LMMSE,20,0.289403735632184,0.906896551724138,1,49.1840320325608,6.16351742666168,7,0,0,0.2701723,1,10,VeryHighMobility,0,2026-08-06 16:24:57
HighSpeedRail,255,ETU,5,9,6.04291465287503,64QAM,LMMSE,25,0.169351652298851,0.703421336206897,1,32.8468036404258,9.67013771469579,8,0,0,0.259402,1,10,VeryHighMobility,0,2026-08-06 16:24:57
HighSpeedRail,255,ETU,5,9,6.04861011051833,64QAM,LMMSE,30,0.0932201867816092,0.465167025862069,1,22.6751012029663,12.8890153186171,10,0,0,0.2684824,1,10,VeryHighMobility,0,2026-08-06 16:24:58
HighSpeedRail,255,ETU,5,9,5.91502696137003,64QAM,MPA,0,0.42453753591954,0.980037715517241,1,91.0017730603929,0.819002917788428,4,0,0,0.7376345,10,10,VeryHighMobility,0,2026-08-06 16:24:58
HighSpeedRail,255,ETU,5,9,6.01411595077339,64QAM,MPA,5,0.398747306034483,0.976293103448276,1,87.3511983883287,1.17462264936955,4,0,0,0.7789581,10,10,VeryHighMobility,0,2026-08-06 16:24:59
HighSpeedRail,255,ETU,5,9,6.03075211717535,64QAM,MPA,10,0.390993175287356,0.976697198275862,1,86.0001649124287,1.31001431920095,4,0,0,0.8004984,10,10,VeryHighMobility,0,2026-08-06 16:25:00
HighSpeedRail,255,ETU,5,9,6.04521808007277,64QAM,MPA,15,0.399384877873563,0.978448275862069,1,86.832107323194,1.22639317965486,4,0,0,0.8309405,10,10,VeryHighMobility,0,2026-08-06 16:25:01
HighSpeedRail,255,ETU,5,9,6.02161882521868,64QAM,MPA,20,0.409590517241379,0.978394396551724,1,87.8950439159001,1.12071225066525,4,0,0,0.8327892,10,10,VeryHighMobility,0,2026-08-06 16:25:02
HighSpeedRail,255,ETU,5,9,6.04841795748107,64QAM,MPA,25,0.409370510057471,0.976373922413793,1,88.0318488724336,1.10720353718691,4,0,0,0.782745,10,10,VeryHighMobility,0,2026-08-06 16:25:02
HighSpeedRail,255,ETU,5,9,5.87461040064544,64QAM,MPA,30,0.412077945402299,0.977990301724138,1,88.5573706599023,1.05550572986025,4,0,0,0.8262841,10,10,VeryHighMobility,0,2026-08-06 16:25:03
HighSpeedRail,278,ETU,5,9,6.54516564234423,QPSK,MRC,0,0.241285021551724,0.422279094827586,1,97.8630573981718,0.187624406221528,3,0,0,1.2383629,3.5,11,VeryHighMobility,0,2026-08-06 16:25:04
HighSpeedRail,278,ETU,5,9,6.59062144037498,QPSK,MRC,5,0.12667025862069,0.234348060344828,1,69.6317060529529,3.14385928008557,5,0,0,1.1049376,2.8,11,VeryHighMobility,0,2026-08-06 16:25:06
HighSpeedRail,278,ETU,5,9,6.56187906033815,QPSK,MRC,10,0.0148033405172414,0.0292834051724138,1,21.7538089523427,13.2492937974924,10,0,0,1.1767998,3.1,11,VeryHighMobility,0,2026-08-06 16:25:07
HighSpeedRail,278,ETU,5,9,6.58165170988075,QPSK,MRC,15,0.000228987068965517,0.000457974137931034,0.5,1.89462113799995,34.449552432926,15,870000,0.90625,0.9947267,2.4,11,VeryHighMobility,0,2026-08-06 16:25:08
HighSpeedRail,278,ETU,5,9,6.4740134739334,QPSK,MRC,20,0,0,0,0,160,15,1740000,1.8125,0.9049913,2,11,VeryHighMobility,0,2026-08-06 16:25:09
HighSpeedRail,278,ETU,5,9,6.59286872964401,QPSK,MRC,25,0,0,0,0,160,15,1740000,1.8125,0.9272443,2,11,VeryHighMobility,0,2026-08-06 16:25:10
HighSpeedRail,278,ETU,5,9,5.45190770350786,QPSK,MRC,30,0,0,0,0,160,15,1740000,1.8125,0.9474596,2,11,VeryHighMobility,0,2026-08-06 16:25:11
HighSpeedRail,278,ETU,5,9,6.57736468947844,QPSK,LMMSE,0,0.202855603448276,0.363927801724138,1,89.986221168397,0.916479706469952,4,0,0,0.2499117,1,11,VeryHighMobility,0,2026-08-06 16:25:11
HighSpeedRail,278,ETU,5,9,6.59418718817356,QPSK,LMMSE,5,0.108634159482759,0.203690732758621,1,64.5945383850143,3.79608402075608,5,0,0,0.2927942,1,11,VeryHighMobility,0,2026-08-06 16:25:11
HighSpeedRail,278,ETU,5,9,6.58828329714494,QPSK,LMMSE,10,0.0412446120689655,0.0802801724137931,1,38.7020434498223,8.24532207659709,8,0,0,0.2501924,1,11,VeryHighMobility,0,2026-08-06 16:25:11
HighSpeedRail,278,ETU,5,9,6.3677914104923,QPSK,LMMSE,15,0.00286907327586207,0.00573814655172414,0.9,8.1981959468737,21.7256341145621,14,174000,0.18125,0.2566485,1,11,VeryHighMobility,0,2026-08-06 16:25:12
HighSpeedRail,278,ETU,5,9,6.58866696184131,QPSK,LMMSE,20,0.000161637931034483,0.000323275862068966,0.2,1.09839971872812,39.1847917396584,15,1392000,1.45,0.2547588,1,11,VeryHighMobility,0,2026-08-06 16:25:12
HighSpeedRail,278,ETU,5,9,6.56999809414469,QPSK,LMMSE,25,0,0,0,0,160,15,1740000,1.8125,0.2525535,1,11,VeryHighMobility,0,2026-08-06 16:25:12
HighSpeedRail,278,ETU,5,9,6.54113064493448,QPSK,LMMSE,30,0,0,0,0,160,15,1740000,1.8125,0.2654764,1,11,VeryHighMobility,0,2026-08-06 16:25:12
HighSpeedRail,278,ETU,5,9,6.56917670407402,QPSK,MPA,0,0.277720905172414,0.478205818965517,1,105.308235298429,-0.449246702876779,3,0,0,0.2836395,10,11,VeryHighMobility,0,2026-08-06 16:25:13
HighSpeedRail,278,ETU,5,9,6.58183467566951,QPSK,MPA,5,0.213846982758621,0.380872844827586,1,92.4175012918123,0.684915555092804,4,0,0,0.2694949,10,11,VeryHighMobility,0,2026-08-06 16:25:13
HighSpeedRail,278,ETU,5,9,6.59279263985683,QPSK,MPA,10,0.165530711206897,0.30301724137931,1,81.2618683860278,1.80226393051614,4,0,0,0.2686447,10,11,VeryHighMobility,0,2026-08-06 16:25:13
HighSpeedRail,278,ETU,5,9,6.58916672820989,QPSK,MPA,15,0.136584051724138,0.254714439655172,1,73.8491304597374,2.63309227887843,5,0,0,0.2645404,10,11,VeryHighMobility,0,2026-08-06 16:25:13
HighSpeedRail,278,ETU,5,9,6.59383659835326,QPSK,MPA,20,0.125579202586207,0.235102370689655,1,70.8146337826012,2.99753972916454,5,0,0,0.2716649,10,11,VeryHighMobility,0,2026-08-06 16:25:14
HighSpeedRail,278,ETU,5,9,6.58254167332079,QPSK,MPA,25,0.130078125,0.24286099137931,1,71.996021487354,2.85383004188241,5,0,0,0.2657693,10,11,VeryHighMobility,0,2026-08-06 16:25:14
HighSpeedRail,278,ETU,5,9,6.32796238187405,QPSK,MPA,30,0.126144935344828,0.234806034482759,1,70.8864015374748,2.98874139046085,5,0,0,0.2641392,10,11,VeryHighMobility,0,2026-08-06 16:25:14
HighSpeedRail,278,ETU,5,9,5.60577993659301,16QAM,MRC,0,0.356095096982759,0.809240301724138,1,100.605847996645,-0.0524645207314966,3,0,0,1.2918767,3.8,11,VeryHighMobility,0,2026-08-06 16:25:16
HighSpeedRail,278,ETU,5,9,6.59269995464656,16QAM,MRC,5,0.258539870689655,0.700296336206897,1,72.8921314153484,2.74638701041224,5,0,0,1.3356558,3.8,11,VeryHighMobility,0,2026-08-06 16:25:17
HighSpeedRail,278,ETU,5,9,6.58939033981197,16QAM,MRC,10,0.142598329741379,0.466945043103448,1,48.1616645807089,6.34597022498656,7,0,0,1.5659515,5.1,11,VeryHighMobility,0,2026-08-06 16:25:18
HighSpeedRail,278,ETU,5,9,4.96949152023146,16QAM,MRC,15,0.0376144935344828,0.138523706896552,1,21.6532163174484,13.2895517089154,10,0,0,1.6827496,5.9,11,VeryHighMobility,0,2026-08-06 16:25:20
HighSpeedRail,278,ETU,5,9,6.16750598897876,16QAM,MRC,20,0.00598060344827586,0.0227640086206897,0.9,5.93171506942948,24.5363943704944,15,348000,0.3625,1.5190786,4.8,11,VeryHighMobility,0,2026-08-06 16:25:22
HighSpeedRail,278,ETU,5,9,6.57721065035475,16QAM,MRC,25,6.73491379310345e-06,2.69396551724138e-05,0.1,0.104042557948528,59.6557795791053,15,3132000,3.2625,1.1738545,3.2,11,VeryHighMobility,0,2026-08-06 16:25:23
HighSpeedRail,278,ETU,5,9,6.54259084445932,16QAM,MRC,30,0,0,0,0,160,15,3480000,3.625,1.061438,2.6,11,VeryHighMobility,0,2026-08-06 16:25:24
HighSpeedRail,278,ETU,5,9,6.33230597471201,16QAM,LMMSE,0,0.371127424568966,0.895150862068966,1,83.7484208897697,1.54046746022827,4,0,0,0.2661731,1,11,VeryHighMobility,0,2026-08-06 16:25:24
HighSpeedRail,278,ETU,5,9,6.54399595392165,16QAM,LMMSE,5,0.341251346982759,0.87745150862069,1,77.2948653352363,2.23698710239397,4,0,0,0.2558059,1,11,VeryHighMobility,0,2026-08-06 16:25:24
HighSpeedRail,278,ETU,5,9,6.55555596407819,16QAM,LMMSE,10,0.297871767241379,0.825457974137931,1,70.0590544289889,3.09071457103842,5,0,0,0.2469501,1,11,VeryHighMobility,0,2026-08-06 16:25:25
HighSpeedRail,278,ETU,5,9,6.58523369042862,16QAM,LMMSE,15,0.164675377155172,0.53526400862069,1,50.7408688153552,5.89284201604053,6,0,0,0.2682315,1,11,VeryHighMobility,0,2026-08-06 16:25:25
HighSpeedRail,278,ETU,5,9,6.59409533336705,16QAM,LMMSE,20,0.0715113146551724,0.260695043103448,1,32.8342488699537,9.67345828730879,8,0,0,0.2626071,1,11,VeryHighMobility,0,2026-08-06 16:25:25
HighSpeedRail,278,ETU,5,9,6.53723558624579,16QAM,LMMSE,25,0.00705818965517241,0.0277478448275862,0.9,8.69605459599273,21.2135548460895,14,348000,0.3625,0.260236,1,11,VeryHighMobility,0,2026-08-06 16:25:25
HighSpeedRail,278,ETU,5,9,6.59358631958811,16QAM,LMMSE,30,4.71443965517241e-05,0.000188577586206897,0.1,0.275688851978676,51.1916159018259,15,3132000,3.2625,0.2956428,1,11,VeryHighMobility,0,2026-08-06 16:25:26
HighSpeedRail,278,ETU,5,9,6.36780796935455,16QAM,MPA,0,0.379377693965517,0.89854525862069,1,85.3251969369741,1.37845401327656,4,0,0,0.3729191,10,11,VeryHighMobility,0,2026-08-06 16:25:26
HighSpeedRail,278,ETU,5,9,6.58417426898563,16QAM,MPA,5,0.34813442887931,0.881169181034483,1,78.5591742970049,2.09606179773655,4,0,0,0.3824842,10,11,VeryHighMobility,0,2026-08-06 16:25:27
HighSpeedRail,278,ETU,5,9,6.58682185806154,16QAM,MPA,10,0.332307381465517,0.867753232758621,1,75.7328480961826,2.41431420585625,5,0,0,0.3712522,10,11,VeryHighMobility,0,2026-08-06 16:25:27
HighSpeedRail,278,ETU,5,9,6.59295201387237,16QAM,MPA,15,0.327444773706897,0.866352370689655,1,74.8072936385453,2.52112113561187,5,0,0,0.3726063,10,11,VeryHighMobility,0,2026-08-06 16:25:27
HighSpeedRail,278,ETU,5,9,6.5826513271266,16QAM,MPA,20,0.319275323275862,0.859590517241379,1,72.9294370400334,2.74194277696454,5,0,0,0.376167,10,11,VeryHighMobility,0,2026-08-06 16:25:28
HighSpeedRail,278,ETU,5,9,6.59049401165719,16QAM,MPA,25,0.322272359913793,0.862068965517241,1,73.4745572978627,2.67726043955397,5,0,0,0.3931744,10,11,VeryHighMobility,0,2026-08-06 16:25:28
HighSpeedRail,278,ETU,5,9,6.16377742546848,16QAM,MPA,30,0.32020474137931,0.85926724137931,1,72.8843261080234,2.74731714740736,5,0,0,0.3839006,10,11,VeryHighMobility,0,2026-08-06 16:25:28
HighSpeedRail,278,ETU,5,9,6.54506599793151,64QAM,MRC,0,0.408620689655172,0.947306034482759,1,105.897454259273,-0.497710398667331,3,0,0,2.7434116,8.6,11,VeryHighMobility,0,2026-08-06 16:25:31
HighSpeedRail,278,ETU,5,9,6.58867387042342,64QAM,MRC,5,0.348944863505747,0.917403017241379,1,76.4887992951135,2.32804312973024,4,0,0,3.1316912,10.5,11,VeryHighMobility,0,2026-08-06 16:25:34
HighSpeedRail,278,ETU,5,9,6.52503036456099,64QAM,MRC,10,0.25891253591954,0.838846982758621,1,50.7454297414806,5.89206130570695,6,0,0,2.2140365,7.2,11,VeryHighMobility,0,2026-08-06 16:25:37
HighSpeedRail,278,ETU,5,9,6.55342634781581,64QAM,MRC,15,0.135313397988506,0.617456896551724,1,29.0075529701693,10.7497781205178,9,0,0,2.0157326,8.2,11,VeryHighMobility,0,2026-08-06 16:25:39
HighSpeedRail,278,ETU,5,9,6.57059737801795,64QAM,MRC,20,0.0873338721264368,0.443830818965517,1,22.3655496805447,13.0084084731497,10,0,0,2.5508592,10.1,11,VeryHighMobility,0,2026-08-06 16:25:41
HighSpeedRail,278,ETU,5,9,6.25848112460534,64QAM,MRC,25,0.0259608477011494,0.143938577586207,1,10.9325832430857,19.2255441431423,13,0,0,3.1810519,11.3,11,VeryHighMobility,0,2026-08-06 16:25:44
HighSpeedRail,278,ETU,5,9,6.57248446043101,64QAM,MRC,30,0.000498383620689655,0.00288254310344828,0.6,0.971087181152186,40.2548355749874,15,2088000,2.175,3.5333442,12,11,VeryHighMobility,0,2026-08-06 16:25:48
HighSpeedRail,278,ETU,5,9,6.58511477278704,64QAM,LMMSE,0,0.424914691091954,0.980199353448276,1,91.0400435197377,0.815350866876081,4,0,0,0.2728023,1,11,VeryHighMobility,0,2026-08-06 16:25:48
HighSpeedRail,278,ETU,5,9,6.51604860580265,64QAM,LMMSE,5,0.407942708333333,0.979714439655172,1,88.2425077686381,1.08644316307864,4,0,0,0.2669052,1,11,VeryHighMobility,0,2026-08-06 16:25:48
HighSpeedRail,278,ETU,5,9,6.59053142550144,64QAM,LMMSE,10,0.393767959770115,0.974973060344828,1,83.2077719297298,1.59672214039775,4,0,0,0.2650339,1,11,VeryHighMobility,0,2026-08-06 16:25:49
HighSpeedRail,278,ETU,5,9,6.57729644599344,64QAM,LMMSE,15,0.382502693965517,0.96317349137931,1,69.6061857856391,3.14704327296248,5,0,0,0.262279,1,11,VeryHighMobility,0,2026-08-06 16:25:49
HighSpeedRail,278,ETU,5,9,6.36424327773489,64QAM,LMMSE,20,0.293256106321839,0.902720905172414,1,49.970811409664,6.02567197137296,7,0,0,0.2704039,1,11,VeryHighMobility,0,2026-08-06 16:25:49
HighSpeedRail,278,ETU,5,9,6.08631108561356,64QAM,LMMSE,25,0.177150682471264,0.742322198275862,1,33.4568512420452,9.51029869278779,8,0,0,0.2620799,1,11,VeryHighMobility,0,2026-08-06 16:25:49
HighSpeedRail,278,ETU,5,9,6.58208836773067,64QAM,LMMSE,30,0.096789691091954,0.470501077586207,1,23.1599562325687,12.7052453133755,10,0,0,0.2655035,1,11,VeryHighMobility,0,2026-08-06 16:25:50
HighSpeedRail,278,ETU,5,9,6.08686934857426,64QAM,MPA,0,0.426575969827586,0.979768318965517,1,91.4099469023734,0.780130866555954,4,0,0,0.7477322,10,11,VeryHighMobility,0,2026-08-06 16:25:50
HighSpeedRail,278,ETU,5,9,6.55909084866861,64QAM,MPA,5,0.406856142241379,0.977774784482759,1,88.2298978157595,1.08768447509984,4,0,0,0.7498542,10,11,VeryHighMobility,0,2026-08-06 16:25:51
HighSpeedRail,278,ETU,5,9,6.59414554401635,64QAM,MPA,10,0.392057291666667,0.976427801724138,1,86.3088721789957,1.27889116789035,4,0,0,0.791345,10,11,VeryHighMobility,0,2026-08-06 16:25:52
HighSpeedRail,278,ETU,5,9,6.56892009653693,64QAM,MPA,15,0.396623563218391,0.977370689655172,1,86.2958479927126,1.28020198540199,4,0,0,0.754852,10,11,VeryHighMobility,0,2026-08-06 16:25:53
HighSpeedRail,278,ETU,5,9,6.59406303951773,64QAM,MPA,20,0.41171875,0.978286637931034,1,88.4974995102714,1.06138000168931,4,0,0,0.7633676,10,11,VeryHighMobility,0,2026-08-06 16:25:54
HighSpeedRail,278,ETU,5,9,6.59143619428974,64QAM,MPA,25,0.410479525862069,0.977909482758621,1,88.2584901247688,1.08487012968456,4,0,0,0.7444486,10,11,VeryHighMobility,0,2026-08-06 16:25:54
HighSpeedRail,278,ETU,5,9,6.59416370451503,64QAM,MPA,30,0.410811781609195,0.977667025862069,1,88.5659394781639,1.05466532314304,4,0,0,0.7697712,10,11,VeryHighMobility,0,2026-08-06 16:25:55
HighSpeedRail,226,ETU,5,9,5.319380511958,QPSK,MRC,0,0.263469827586207,0.454929956896552,1,102.143063101809,-0.184177549784653,3,0,0,1.2038581,2.8,12,VeryHighMobility,0,2026-08-06 16:25:56
HighSpeedRail,226,ETU,5,9,5.31934865650262,QPSK,MRC,5,0.0901400862068965,0.1703125,1,57.9530938373313,4.73846748370051,6,0,0,1.2723449,3.1,12,VeryHighMobility,0,2026-08-06 16:25:57
HighSpeedRail,226,ETU,5,9,5.1025119451666,QPSK,MRC,10,0.0244073275862069,0.047979525862069,0.9,28.3330280003012,10.9541401837536,9,174000,0.18125,1.2647844,3.1,12,VeryHighMobility,0,2026-08-06 16:25:59
HighSpeedRail,226,ETU,5,9,5.32917099846374,QPSK,MRC,15,0.000525323275862069,0.00105064655172414,0.5,2.72956661604878,31.2781260423328,15,870000,0.90625,1.0918114,2.3,12,VeryHighMobility,0,2026-08-06 16:26:00
HighSpeedRail,226,ETU,5,9,5.36024894518147,QPSK,MRC,20,0,0,0,0,160,15,1740000,1.8125,0.9824298,2,12,VeryHighMobility,0,2026-08-06 16:26:01
HighSpeedRail,226,ETU,5,9,5.36010201835046,QPSK,MRC,25,0,0,0,0,160,15,1740000,1.8125,0.9338603,2,12,VeryHighMobility,0,2026-08-06 16:26:02
HighSpeedRail,226,ETU,5,9,5.22360389476575,QPSK,MRC,30,0,0,0,0,160,15,1740000,1.8125,0.9073708,2,12,VeryHighMobility,0,2026-08-06 16:26:03
HighSpeedRail,226,ETU,5,9,5.35824263451843,QPSK,LMMSE,0,0.201468211206897,0.361206896551724,1,89.5176844318512,0.961823205973904,4,0,0,0.2499532,1,12,VeryHighMobility,0,2026-08-06 16:26:03
HighSpeedRail,226,ETU,5,9,5.35922366527289,QPSK,LMMSE,5,0.102653556034483,0.192591594827586,1,62.2990757912972,4.11036792130039,5,0,0,0.2494907,1,12,VeryHighMobility,0,2026-08-06 16:26:03
HighSpeedRail,226,ETU,5,9,5.04813952034123,QPSK,LMMSE,10,0.0150727370689655,0.0298491379310345,1,22.741905948226,12.8634628174945,10,0,0,0.2434785,1,12,VeryHighMobility,0,2026-08-06 16:26:03
HighSpeedRail,226,ETU,5,9,5.25546853106201,QPSK,LMMSE,15,0.00315193965517241,0.00619612068965517,0.9,8.12891457290018,21.7993488088332,14,174000,0.18125,0.2370889,1,12,VeryHighMobility,0,2026-08-06 16:26:04
HighSpeedRail,226,ETU,5,9,4.88243960983208,QPSK,LMMSE,20,2.69396551724138e-05,5.38793103448276e-05,0.1,0.328266082149306,49.6754797621886,15,1566000,1.63125,0.234605,1,12,VeryHighMobility,0,2026-08-06 16:26:04
HighSpeedRail,226,ETU,5,9,5.36055252801216,QPSK,LMMSE,25,0,0,0,0,160,15,1740000,1.8125,0.2607471,1,12,VeryHighMobility,0,2026-08-06 16:26:04
HighSpeedRail,226,ETU,5,9,5.35473928004753,QPSK,LMMSE,30,0,0,0,0,160,15,1740000,1.8125,0.2484731,1,12,VeryHighMobility,0,2026-08-06 16:26:04
HighSpeedRail,226,ETU,5,9,5.35802756396712,QPSK,MPA,0,0.263685344827586,0.455630387931034,1,102.315872187509,-0.198860214566634,3,0,0,0.2554718,10,12,VeryHighMobility,0,2026-08-06 16:26:05
HighSpeedRail,226,ETU,5,9,5.35778462519826,QPSK,MPA,5,0.20301724137931,0.363712284482759,1,89.9954532614961,0.91558862750748,4,0,0,0.2508586,10,12,VeryHighMobility,0,2026-08-06 16:26:05
HighSpeedRail,226,ETU,5,9,5.31479426331714,QPSK,MPA,10,0.159981142241379,0.293723060344828,1,79.8702118688749,1.95230327056899,4,0,0,0.2610385,10,12,VeryHighMobility,0,2026-08-06 16:26:05
HighSpeedRail,226,ETU,5,9,5.09820876593343,QPSK,MPA,15,0.14229525862069,0.264224137931034,1,75.3996239977926,2.45261639721752,5,0,0,0.2633037,10,12,VeryHighMobility,0,2026-08-06 16:26:05
HighSpeedRail,226,ETU,5,9,5.32716865373754,QPSK,MPA,20,0.132866379310345,0.248114224137931,1,72.7441231699344,2.7640417315042,5,0,0,0.2637419,10,12,VeryHighMobility,0,2026-08-06 16:26:06
HighSpeedRail,226,ETU,5,9,5.29853131294655,QPSK,MPA,25,0.132825969827586,0.248356681034483,1,72.8002675794488,2.75734048844681,5,0,0,0.2654014,10,12,VeryHighMobility,0,2026-08-06 16:26:06
HighSpeedRail,226,ETU,5,9,5.33557708871361,QPSK,MPA,30,0.125606142241379,0.236072198275862,1,70.7311290843061,3.00778818398376,5,0,0,0.2548108,10,12,VeryHighMobility,0,2026-08-06 16:26:06
HighSpeedRail,226,ETU,5,9,5.35568978090937,16QAM,MRC,0,0.342207704741379,0.799622844827586,1,95.3238267440933,0.415970627291317,4,0,0,1.1680869,3.1,12,VeryHighMobility,0,2026-08-06 16:26:07
HighSpeedRail,226,ETU,5,9,5.34935770689687,16QAM,MRC,5,0.235984644396552,0.666056034482759,1,67.6433198534522,3.39550171792185,5,0,0,1.562339,4.2,12,VeryHighMobility,0,2026-08-06 16:26:09
HighSpeedRail,226,ETU,5,9,5.357774716142,16QAM,MRC,10,0.147501346982759,0.486395474137931,1,49.3612293491264,6.13228065336443,7,0,0,1.7237668,4.7,12,VeryHighMobility,0,2026-08-06 16:26:11
HighSpeedRail,226,ETU,5,9,5.35969949312779,16QAM,MRC,15,0.0606478987068966,0.222171336206897,1,29.9966443822145,10.4585465108051,9,0,0,1.8551085,5.3,12,VeryHighMobility,0,2026-08-06 16:26:13
HighSpeedRail,226,ETU,5,9,5.36058967067176,16QAM,MRC,20,0.00284213362068966,0.0113415948275862,0.9,5.54281712815981,25.1253889933365,15,348000,0.3625,1.9914464,5.8,12,VeryHighMobility,0,2026-08-06 16:26:15
HighSpeedRail,226,ETU,5,9,5.07836577055111,16QAM,MRC,25,0,0,0,0,160,15,3480000,3.625,1.3246504,3.3,12,VeryHighMobility,0,2026-08-06 16:26:16
HighSpeedRail,226,ETU,5,9,5.14857845318931,16QAM,MRC,30,0,0,0,0,160,15,3480000,3.625,1.1869175,2.6,12,VeryHighMobility,0,2026-08-06 16:26:17
HighSpeedRail,226,ETU,5,9,5.20952891929625,16QAM,LMMSE,0,0.379909752155172,0.898168103448276,1,85.5090686186953,1.3597564791897,4,0,0,0.2534755,1,12,VeryHighMobility,0,2026-08-06 16:26:17
HighSpeedRail,226,ETU,5,9,4.82555208645343,16QAM,LMMSE,5,0.336624461206897,0.872279094827586,1,76.2872940451082,2.3509557902089,4,0,0,0.2709099,1,12,VeryHighMobility,0,2026-08-06 16:26:18
HighSpeedRail,226,ETU,5,9,5.34340890591252,16QAM,LMMSE,10,0.279896282327586,0.793561422413793,1,67.6111275549589,3.39963642495066,5,0,0,0.2899209,1,12,VeryHighMobility,0,2026-08-06 16:26:18
HighSpeedRail,226,ETU,5,9,5.10469428825719,16QAM,LMMSE,15,0.185055226293103,0.584051724137931,1,53.904534455811,5.36749400746878,6,0,0,0.2595388,1,12,VeryHighMobility,0,2026-08-06 16:26:18
HighSpeedRail,226,ETU,5,9,5.21408963660929,16QAM,LMMSE,20,0.0540611530172414,0.199245689655172,1,28.0088605596096,11.0540911707186,9,0,0,0.2377672,1,12,VeryHighMobility,0,2026-08-06 16:26:18
HighSpeedRail,226,ETU,5,9,5.23919392205258,16QAM,LMMSE,25,0.0149245689655172,0.0579741379310345,0.9,12.9999712857021,17.7211521392093,12,348000,0.3625,0.24974,1,12,VeryHighMobility,0,2026-08-06 16:26:19
HighSpeedRail,226,ETU,5,9,5.35602590963212,16QAM,LMMSE,30,0.000336745689655172,0.00134698275862069,0.5,1.41657123437327,36.9752316291205,15,1740000,1.8125,0.2579975,1,12,VeryHighMobility,0,2026-08-06 16:26:19
HighSpeedRail,226,ETU,5,9,5.35965492682476,16QAM,MPA,0,0.3705078125,0.894234913793103,1,83.6763999115382,1.54794026269729,4,0,0,0.3765898,10,12,VeryHighMobility,0,2026-08-06 16:26:19
HighSpeedRail,226,ETU,5,9,5.3250432495265,16QAM,MPA,5,0.350808189655172,0.884779094827586,1,79.0727573617118,2.03946233139876,4,0,0,0.3485688,10,12,VeryHighMobility,0,2026-08-06 16:26:20
HighSpeedRail,226,ETU,5,9,4.62987184345426,16QAM,MPA,10,0.329242995689655,0.868184267241379,1,74.7190971505692,2.53136768868954,5,0,0,0.3773016,10,12,VeryHighMobility,0,2026-08-06 16:26:20
HighSpeedRail,226,ETU,5,9,5.34218500255235,16QAM,MPA,15,0.32276400862069,0.862661637931034,1,73.8926096221132,2.62797990891927,5,0,0,0.375134,10,12,VeryHighMobility,0,2026-08-06 16:26:20
HighSpeedRail,226,ETU,5,9,5.12136776958279,16QAM,MPA,20,0.324818157327586,0.863496767241379,1,73.833373129091,2.63494580156634,5,0,0,0.3905691,10,12,VeryHighMobility,0,2026-08-06 16:26:21
HighSpeedRail,226,ETU,5,9,5.11363249556058,16QAM,MPA,25,0.326589439655172,0.867483836206897,1,74.1498620920652,2.59779304718556,5,0,0,0.3740879,10,12,VeryHighMobility,0,2026-08-06 16:26:21
HighSpeedRail,226,ETU,5,9,5.35164111834798,16QAM,MPA,30,0.320352909482759,0.860237068965517,1,73.2223003472106,2.70713262943743,5,0,0,0.3860622,10,12,VeryHighMobility,0,2026-08-06 16:26:22
HighSpeedRail,226,ETU,5,9,5.22188812266385,64QAM,MRC,0,0.421170079022989,0.952882543103448,1,114.391769398048,-1.16789555319573,3,0,0,2.1299821,9.4,12,VeryHighMobility,0,2026-08-06 16:26:24
HighSpeedRail,226,ETU,5,9,5.36031187260671,64QAM,MRC,5,0.366460129310345,0.926939655172414,1,84.2708737551527,1.4864500622245,4,0,0,1.8845919,7,12,VeryHighMobility,0,2026-08-06 16:26:26
HighSpeedRail,226,ETU,5,9,5.20001533484669,64QAM,MRC,10,0.26707974137931,0.849649784482759,1,52.4222823637148,5.60968149289754,6,0,0,2.1193598,8.4,12,VeryHighMobility,0,2026-08-06 16:26:28
HighSpeedRail,226,ETU,5,9,5.35223324091371,64QAM,MRC,15,0.162544899425287,0.684779094827586,1,33.2453264083633,9.56538797426678,8,0,0,2.1662398,10.1,12,VeryHighMobility,0,2026-08-06 16:26:30
HighSpeedRail,226,ETU,5,9,5.31217979037899,64QAM,MRC,20,0.0545662715517241,0.293022629310345,1,17.2808748452255,15.248685502378,11,0,0,1.9125518,8.7,12,VeryHighMobility,0,2026-08-06 16:26:32
HighSpeedRail,226,ETU,5,9,5.3531952301679,64QAM,MRC,25,0.0239852729885057,0.132354525862069,1,9.66989566695202,20.291564233979,13,0,0,2.3443616,10.4,12,VeryHighMobility,0,2026-08-06 16:26:34
HighSpeedRail,226,ETU,5,9,5.22246648388145,64QAM,MRC,30,0.000453484195402299,0.00266702586206897,0.2,0.693898198509681,43.1740848003693,15,4176000,4.35,2.3854926,11,12,VeryHighMobility,0,2026-08-06 16:26:36
HighSpeedRail,226,ETU,5,9,5.31213221840108,64QAM,LMMSE,0,0.425242456896552,0.980765086206897,1,90.9002482704513,0.828698612273573,4,0,0,0.2634198,1,12,VeryHighMobility,0,2026-08-06 16:26:37
HighSpeedRail,226,ETU,5,9,5.33553204945505,64QAM,LMMSE,5,0.401481681034483,0.978313577586207,1,87.6970352519789,1.14030176904632,4,0,0,0.2506125,1,12,VeryHighMobility,0,2026-08-06 16:26:37
HighSpeedRail,226,ETU,5,9,5.35670069141608,64QAM,LMMSE,10,0.395523527298851,0.974137931034483,1,81.8452380582009,1.74013167512223,4,0,0,0.2589393,1,12,VeryHighMobility,0,2026-08-06 16:26:37
HighSpeedRail,226,ETU,5,9,5.28883807595299,64QAM,LMMSE,15,0.377604166666667,0.958297413793103,1,67.7395459476672,3.38315437440158,5,0,0,0.2579635,1,12,VeryHighMobility,0,2026-08-06 16:26:38
HighSpeedRail,226,ETU,5,9,5.35985273849369,64QAM,LMMSE,20,0.316038074712644,0.923814655172414,1,53.5123134278164,5.43092546669806,6,0,0,0.2469019,1,12,VeryHighMobility,0,2026-08-06 16:26:38
HighSpeedRail,226,ETU,5,9,5.35963408976166,64QAM,LMMSE,25,0.189116379310345,0.732300646551724,1,35.3854091427025,9.02351557026264,8,0,0,0.263446,1,12,VeryHighMobility,0,2026-08-06 16:26:38
HighSpeedRail,226,ETU,5,9,5.30100854436601,64QAM,LMMSE,30,0.0847207255747126,0.432408405172414,1,21.6267244869083,13.3001850480948,10,0,0,0.2818333,1,12,VeryHighMobility,0,2026-08-06 16:26:38
HighSpeedRail,226,ETU,5,9,5.31415025750741,64QAM,MPA,0,0.423913433908046,0.979822198275862,1,90.7248479622673,0.845475018448627,4,0,0,0.6353613,10,12,VeryHighMobility,0,2026-08-06 16:26:39
HighSpeedRail,226,ETU,5,9,5.27060987748899,64QAM,MPA,5,0.406492456896552,0.979445043103448,1,87.8741753209719,1.12277475414665,4,0,0,0.6476114,10,12,VeryHighMobility,0,2026-08-06 16:26:40
HighSpeedRail,226,ETU,5,9,5.20662447677113,64QAM,MPA,10,0.389147808908046,0.975404094827586,1,85.8157094573256,1.32866405511808,4,0,0,0.6894956,10,12,VeryHighMobility,0,2026-08-06 16:26:40
HighSpeedRail,226,ETU,5,9,5.35434761741902,64QAM,MPA,15,0.398006465517241,0.977855603448276,1,86.4183351304821,1.2678820945873,4,0,0,0.6609449,10,12,VeryHighMobility,0,2026-08-06 16:26:41
HighSpeedRail,226,ETU,5,9,5.2482710477634,64QAM,MPA,20,0.407466774425287,0.977559267241379,1,87.8922159135469,1.12099172161624,4,0,0,0.625043,10,12,VeryHighMobility,0,2026-08-06 16:26:42
HighSpeedRail,226,ETU,5,9,5.25494605658427,64QAM,MPA,25,0.411449353448276,0.978960129310345,1,88.4180460154214,1.06918173931471,4,0,0,0.6535849,10,12,VeryHighMobility,0,2026-08-06 16:26:42
HighSpeedRail,226,ETU,5,9,5.35562544195599,64QAM,MPA,30,0.413703304597701,0.979552801724138,1,88.9232648064218,1.01969201226697,4,0,0,0.6422964,10,12,VeryHighMobility,0,2026-08-06 16:26:43
HighSpeedRail,226,ETU,5,9,5.30995962841473,QPSK,MRC,0,0.24442349137931,0.429148706896552,1,98.5903780761138,0.123309358854237,3,0,0,1.2973314,3.9,13,VeryHighMobility,0,2026-08-06 16:26:44
HighSpeedRail,226,ETU,5,9,4.84663337441858,QPSK,MRC,5,0.122306034482759,0.22979525862069,1,69.7062932860806,3.13456021536083,5,0,0,1.1238478,2.9,13,VeryHighMobility,0,2026-08-06 16:26:45
HighSpeedRail,226,ETU,5,9,5.23809703769603,QPSK,MRC,10,0.0301320043103448,0.0580818965517241,1,29.982291338227,10.4627036021882,9,0,0,1.1992718,3.4,13,VeryHighMobility,0,2026-08-06 16:26:47
HighSpeedRail,226,ETU,5,9,5.36017492057791,QPSK,MRC,15,0.00056573275862069,0.00113146551724138,0.3,2.39388983840292,32.4179167751211,15,1218000,1.26875,1.0019161,2.4,13,VeryHighMobility,0,2026-08-06 16:26:48
HighSpeedRail,226,ETU,5,9,5.3485151721266,QPSK,MRC,20,0,0,0,0,160,15,1740000,1.8125,0.9186386,2,13,VeryHighMobility,0,2026-08-06 16:26:48
HighSpeedRail,226,ETU,5,9,5.35968576620372,QPSK,MRC,25,0,0,0,0,160,15,1740000,1.8125,0.9241202,2,13,VeryHighMobility,0,2026-08-06 16:26:49
HighSpeedRail,226,ETU,5,9,4.60029605421036,QPSK,MRC,30,0,0,0,0,160,15,1740000,1.8125,0.8826865,2,13,VeryHighMobility,0,2026-08-06 16:26:50
HighSpeedRail,226,ETU,5,9,5.35903450279705,QPSK,LMMSE,0,0.205522629310345,0.368345905172414,1,90.3200718426937,0.884314512699628,4,0,0,0.2566293,1,13,VeryHighMobility,0,2026-08-06 16:26:51
HighSpeedRail,226,ETU,5,9,5.07059584910842,QPSK,LMMSE,5,0.107677801724138,0.202640086206897,1,64.2170698093359,3.8469902988625,5,0,0,0.2457685,1,13,VeryHighMobility,0,2026-08-06 16:26:51
HighSpeedRail,226,ETU,5,9,5.36046637137577,QPSK,LMMSE,10,0.0353044181034483,0.0682650862068966,1,32.7501620994183,9.69573092186615,8,0,0,0.2492821,1,13,VeryHighMobility,0,2026-08-06 16:26:51
HighSpeedRail,226,ETU,5,9,5.29659573072183,QPSK,LMMSE,15,0.00533405172413793,0.0105872844827586,1,12.6238541989793,17.9761606010461,12,0,0,0.2508697,1,13,VeryHighMobility,0,2026-08-06 16:26:51
HighSpeedRail,226,ETU,5,9,5.35416188060223,QPSK,LMMSE,20,0.000107758620689655,0.00021551724137931,0.2,0.896839614833484,40.9457043302152,15,1392000,1.45,0.2637863,1,13,VeryHighMobility,0,2026-08-06 16:26:52
HighSpeedRail,226,ETU,5,9,5.35785440755,QPSK,LMMSE,25,0,0,0,0,160,15,1740000,1.8125,0.2501692,1,13,VeryHighMobility,0,2026-08-06 16:26:52
HighSpeedRail,226,ETU,5,9,5.34921432444742,QPSK,LMMSE,30,0,0,0,0,160,15,1740000,1.8125,0.2423937,1,13,VeryHighMobility,0,2026-08-06 16:26:52
HighSpeedRail,226,ETU,5,9,5.28721509599642,QPSK,MPA,0,0.290274784482759,0.49609375,1,107.628092031218,-0.638512828431691,3,0,0,0.2634229,10,13,VeryHighMobility,0,2026-08-06 16:26:52
HighSpeedRail,226,ETU,5,9,5.34070386438391,QPSK,MPA,5,0.214749461206897,0.38203125,1,92.5018203956741,0.676994408999481,4,0,0,0.2745698,10,13,VeryHighMobility,0,2026-08-06 16:26:53
HighSpeedRail,226,ETU,5,9,5.08469512995461,QPSK,MPA,10,0.163483297413793,0.300835129310345,1,80.8164402451832,1.85000566037709,4,0,0,0.2642832,10,13,VeryHighMobility,0,2026-08-06 16:26:53
HighSpeedRail,226,ETU,5,9,5.36064145524114,QPSK,MPA,15,0.141217672413793,0.262580818965517,1,75.1071012012389,2.48637999048515,5,0,0,0.2756341,10,13,VeryHighMobility,0,2026-08-06 16:26:53
HighSpeedRail,226,ETU,5,9,5.35679415958178,QPSK,MPA,20,0.132300646551724,0.246497844827586,1,72.6203387679526,2.77883458940185,5,0,0,0.2705161,10,13,VeryHighMobility,0,2026-08-06 16:26:53
HighSpeedRail,226,ETU,5,9,5.35764706184325,QPSK,MPA,25,0.124609375,0.233135775862069,1,70.4967402692586,3.03661928167648,5,0,0,0.2632097,10,13,VeryHighMobility,0,2026-08-06 16:26:54
HighSpeedRail,226,ETU,5,9,5.29994485001441,QPSK,MPA,30,0.123855064655172,0.232435344827586,1,70.2120715258111,3.07176426841713,5,0,0,0.2800117,10,13,VeryHighMobility,0,2026-08-06 16:26:54
HighSpeedRail,226,ETU,5,9,5.11362680442431,16QAM,MRC,0,0.371706627155172,0.827909482758621,1,105.351428575858,-0.452808581209054,3,0,0,1.1690512,3.5,13,VeryHighMobility,0,2026-08-06 16:26:55
HighSpeedRail,226,ETU,5,9,5.34741534844617,16QAM,MRC,5,0.242699353448276,0.671470905172414,1,69.7581726271961,3.12809809256476,5,0,0,1.3840651,4.3,13,VeryHighMobility,0,2026-08-06 16:26:56
HighSpeedRail,226,ETU,5,9,5.35398481601398,16QAM,MRC,10,0.154424838362069,0.501589439655172,1,50.8073120473567,5.88147561522831,6,0,0,1.557807,5.1,13,VeryHighMobility,0,2026-08-06 16:26:58
HighSpeedRail,226,ETU,5,9,4.98930129780261,16QAM,MRC,15,0.0539668642241379,0.193238146551724,1,26.6929351941471,11.4720733586202,9,0,0,1.7285228,5.3,13,VeryHighMobility,0,2026-08-06 16:27:00
HighSpeedRail,226,ETU,5,9,5.2848427403991,16QAM,MRC,20,0.00634428879310345,0.0247306034482759,0.6,6.37097849167949,23.9158772217328,15,1392000,1.45,1.5273456,5.2,13,VeryHighMobility,0,2026-08-06 16:27:01
HighSpeedRail,226,ETU,5,9,5.33800311522778,16QAM,MRC,25,5.38793103448276e-05,0.00021551724137931,0.2,0.378027195430779,48.449539114331,15,2784000,2.9,1.1819044,2.9,13,VeryHighMobility,0,2026-08-06 16:27:02
HighSpeedRail,226,ETU,5,9,5.31277986943067,16QAM,MRC,30,0,0,0,0,160,15,3480000,3.625,1.0484025,2.5,13,VeryHighMobility,0,2026-08-06 16:27:04
HighSpeedRail,226,ETU,5,9,5.34591564303106,16QAM,LMMSE,0,0.383856411637931,0.901158405172414,1,86.4127693582609,1.26844152725914,4,0,0,0.267429,1,13,VeryHighMobility,0,2026-08-06 16:27:04
HighSpeedRail,226,ETU,5,9,5.32866260805712,16QAM,LMMSE,5,0.343978987068966,0.880845905172414,1,77.7173667087841,2.18963845975152,4,0,0,0.2520649,1,13,VeryHighMobility,0,2026-08-06 16:27:04
HighSpeedRail,226,ETU,5,9,5.31857715884002,16QAM,LMMSE,10,0.274528556034483,0.785964439655172,1,66.9162931315344,3.48936250096778,5,0,0,0.2595758,1,13,VeryHighMobility,0,2026-08-06 16:27:04
HighSpeedRail,226,ETU,5,9,5.30800382418479,16QAM,LMMSE,15,0.158479256465517,0.528690732758621,1,50.3244784524876,5.96441434622497,7,0,0,0.2363283,1,13,VeryHighMobility,0,2026-08-06 16:27:05
HighSpeedRail,226,ETU,5,9,5.22861187824228,16QAM,LMMSE,20,0.0413725754310345,0.156007543103448,1,24.14724649109,12.3426476932004,10,0,0,0.2654194,1,13,VeryHighMobility,0,2026-08-06 16:27:05
HighSpeedRail,226,ETU,5,9,5.35234834972778,16QAM,LMMSE,25,0.0174838362068966,0.0673221982758621,0.9,13.4613143107169,17.4182507041343,12,348000,0.3625,0.2691608,1,13,VeryHighMobility,0,2026-08-06 16:27:05
HighSpeedRail,226,ETU,5,9,5.27615888455917,16QAM,LMMSE,30,0.00041082974137931,0.00164331896551724,0.3,1.03783022626768,39.677473697102,15,2436000,2.5375,0.2570084,1,13,VeryHighMobility,0,2026-08-06 16:27:05
HighSpeedRail,226,ETU,5,9,5.3388538946712,16QAM,MPA,0,0.370528017241379,0.894046336206897,1,83.1735878464628,1.60029128034484,4,0,0,0.3544246,10,13,VeryHighMobility,0,2026-08-06 16:27:06
HighSpeedRail,226,ETU,5,9,4.78581073868721,16QAM,MPA,5,0.34442349137931,0.88203125,1,77.8453101028272,2.17535093945515,4,0,0,0.3584846,10,13,VeryHighMobility,0,2026-08-06 16:27:06
HighSpeedRail,226,ETU,5,9,5.32725203817335,16QAM,MPA,10,0.334987877155172,0.874838362068965,1,75.6801155759537,2.42036426733653,5,0,0,0.3629598,10,13,VeryHighMobility,0,2026-08-06 16:27:06
HighSpeedRail,226,ETU,5,9,5.36072402414616,16QAM,MPA,15,0.325686961206897,0.866352370689655,1,74.0942310947798,2.60431208905996,5,0,0,0.341564,10,13,VeryHighMobility,0,2026-08-06 16:27:07
HighSpeedRail,226,ETU,5,9,5.36042445808046,16QAM,MPA,20,0.326360452586207,0.867403017241379,1,74.3485449722938,2.5745505271545,5,0,0,0.3639773,10,13,VeryHighMobility,0,2026-08-06 16:27:07
HighSpeedRail,226,ETU,5,9,5.30351143506414,16QAM,MPA,25,0.323026670258621,0.86338900862069,1,73.6343587071885,2.65838982329141,5,0,0,0.3476946,10,13,VeryHighMobility,0,2026-08-06 16:27:07
HighSpeedRail,226,ETU,5,9,5.33359283986724,16QAM,MPA,30,0.325808189655172,0.866029094827586,1,74.2343018611835,2.58790742900024,5,0,0,0.3592918,10,13,VeryHighMobility,0,2026-08-06 16:27:08
HighSpeedRail,226,ETU,5,9,5.36074269437668,64QAM,MRC,0,0.415458872126437,0.951050646551724,1,110.388119617309,-0.858446710203756,3,0,0,1.8010468,7.9,13,VeryHighMobility,0,2026-08-06 16:27:10
HighSpeedRail,226,ETU,5,9,5.34805298405124,64QAM,MRC,5,0.359572557471264,0.920043103448276,1,81.0825477563209,1.82145226935672,4,0,0,2.164588,9.3,13,VeryHighMobility,0,2026-08-06 16:27:12
HighSpeedRail,226,ETU,5,9,5.29354401801401,64QAM,MRC,10,0.254040948275862,0.836260775862069,1,49.545279972009,6.09995426242411,7,0,0,1.875393,7.7,13,VeryHighMobility,0,2026-08-06 16:27:14
HighSpeedRail,226,ETU,5,9,5.14346229486761,64QAM,MRC,15,0.152119252873563,0.663550646551724,1,31.3268101503902,10.0816764972666,8,0,0,2.0507231,9.2,13,VeryHighMobility,0,2026-08-06 16:27:16
HighSpeedRail,226,ETU,5,9,5.35101467727369,64QAM,MRC,20,0.0725978807471264,0.373626077586207,1,19.9353310621652,14.0075309539543,10,0,0,2.2135508,9.6,13,VeryHighMobility,0,2026-08-06 16:27:18
HighSpeedRail,226,ETU,5,9,5.32908875295443,64QAM,MRC,25,0.0300377155172414,0.164116379310345,0.9,10.9472657539942,19.2138867785489,13,522000,0.54375,2.2418492,9.6,13,VeryHighMobility,0,2026-08-06 16:27:20
HighSpeedRail,226,ETU,5,9,4.83723944724192,64QAM,MRC,30,1.79597701149425e-05,0.000107758620689655,0.2,0.138573127212645,57.1664196419314,15,4176000,4.35,2.8730724,14.5,13,VeryHighMobility,0,2026-08-06 16:27:23
HighSpeedRail,226,ETU,5,9,5.34112756176404,64QAM,LMMSE,0,0.428663793103448,0.980872844827586,1,91.4441988673504,0.776876810817662,4,0,0,0.2620251,1,13,VeryHighMobility,0,2026-08-06 16:27:23
HighSpeedRail,226,ETU,5,9,5.35605293864586,64QAM,LMMSE,5,0.402267420977012,0.978286637931034,1,87.5947481491316,1.15043863422426,4,0,0,0.2614006,1,13,VeryHighMobility,0,2026-08-06 16:27:24
HighSpeedRail,226,ETU,5,9,5.30739516157972,64QAM,LMMSE,10,0.394472880747126,0.976373922413793,1,84.3011160422185,1.4833335163382,4,0,0,0.2562636,1,13,VeryHighMobility,0,2026-08-06 16:27:24
HighSpeedRail,226,ETU,5,9,5.30583976664962,64QAM,LMMSE,15,0.39051724137931,0.967887931034483,1,74.4280253961734,2.56527005706205,5,0,0,0.2578729,1,13,VeryHighMobility,0,2026-08-06 16:27:24
HighSpeedRail,226,ETU,5,9,5.34216113599283,64QAM,LMMSE,20,0.315988685344828,0.917699353448276,1,54.5049269957774,5.27128475433393,6,0,0,0.2597087,1,13,VeryHighMobility,0,2026-08-06 16:27:24
HighSpeedRail,226,ETU,5,9,5.33435060029164,64QAM,LMMSE,25,0.19343121408046,0.773383620689655,1,35.6267551341117,8.96447462315857,8,0,0,0.257302,1,13,VeryHighMobility,0,2026-08-06 16:27:25
HighSpeedRail,226,ETU,5,9,5.36031509103195,64QAM,LMMSE,30,0.108351293103448,0.508755387931034,1,24.42457295289,12.2434604177516,10,0,0,0.2596604,1,13,VeryHighMobility,0,2026-08-06 16:27:25
HighSpeedRail,226,ETU,5,9,5.34991678340212,64QAM,MPA,0,0.420303520114943,0.979768318965517,1,90.3743215528302,0.87909899936304,4,0,0,0.6161978,10,13,VeryHighMobility,0,2026-08-06 16:27:26
HighSpeedRail,226,ETU,5,9,5.26549777926225,64QAM,MPA,5,0.405589978448276,0.977855603448276,1,87.9762992579637,1.11268621332285,4,0,0,0.686999,10,13,VeryHighMobility,0,2026-08-06 16:27:26
HighSpeedRail,226,ETU,5,9,5.34771357767004,64QAM,MPA,10,0.393552442528736,0.9765625,1,86.21046438456,1.28880031027087,4,0,0,0.6961415,10,13,VeryHighMobility,0,2026-08-06 16:27:27
HighSpeedRail,226,ETU,5,9,5.18569715997124,64QAM,MPA,15,0.395981501436782,0.976427801724138,1,86.3068569372586,1.27909397869344,4,0,0,0.6620748,10,13,VeryHighMobility,0,2026-08-06 16:27:28
HighSpeedRail,226,ETU,5,9,5.354881254434,64QAM,MPA,20,0.409774604885057,0.978367456896552,1,87.950803182862,1.11520380263132,4,0,0,0.6661895,10,13,VeryHighMobility,0,2026-08-06 16:27:28
HighSpeedRail,226,ETU,5,9,5.18396469106515,64QAM,MPA,25,0.405639367816092,0.977155172413793,1,87.4863962316319,1.1611894540336,4,0,0,0.6484127,10,13,VeryHighMobility,0,2026-08-06 16:27:29
HighSpeedRail,226,ETU,5,9,5.33405453321147,64QAM,MPA,30,0.415737248563218,0.980145474137931,1,89.1315159222081,0.999374141259856,4,0,0,0.7139151,10,13,VeryHighMobility,0,2026-08-06 16:27:30
HighSpeedRail,269,ETU,5,9,6.21012684826746,QPSK,MRC,0,0.237553879310345,0.418453663793103,1,97.2570301056405,0.241579928428002,4,0,0,1.1285061,3,14,VeryHighMobility,0,2026-08-06 16:27:31
HighSpeedRail,269,ETU,5,9,5.68206053427659,QPSK,MRC,5,0.117322198275862,0.219315732758621,1,67.4060661394529,3.42602035643214,5,0,0,1.1608651,3,14,VeryHighMobility,0,2026-08-06 16:27:32
HighSpeedRail,269,ETU,5,9,6.33223625016774,QPSK,MRC,10,0.0333782327586207,0.0650053879310345,1,32.6455549519706,9.7235188857883,8,0,0,1.1529163,3.1,14,VeryHighMobility,0,2026-08-06 16:27:33
HighSpeedRail,269,ETU,5,9,6.38070880100749,QPSK,MRC,15,0.000242456896551724,0.000484913793103448,0.5,2.09559131007132,33.5738682227668,15,870000,0.90625,0.9812611,2.2,14,VeryHighMobility,0,2026-08-06 16:27:34
HighSpeedRail,269,ETU,5,9,5.62623694727849,QPSK,MRC,20,0,0,0,0,160,15,1740000,1.8125,0.9152845,2,14,VeryHighMobility,0,2026-08-06 16:27:35
HighSpeedRail,269,ETU,5,9,6.26898358137392,QPSK,MRC,25,0,0,0,0,160,15,1740000,1.8125,0.9526454,2,14,VeryHighMobility,0,2026-08-06 16:27:36
HighSpeedRail,269,ETU,5,9,6.34144523748888,QPSK,MRC,30,0,0,0,0,160,15,1740000,1.8125,0.8902864,2,14,VeryHighMobility,0,2026-08-06 16:27:37
HighSpeedRail,269,ETU,5,9,6.36189878882786,QPSK,LMMSE,0,0.207987607758621,0.370554956896552,1,90.6482146044715,0.852814905845339,4,0,0,0.2466456,1,14,VeryHighMobility,0,2026-08-06 16:27:37
HighSpeedRail,269,ETU,5,9,6.37528891536837,QPSK,LMMSE,5,0.125956357758621,0.234940732758621,1,70.4728598165673,3.03956208606042,5,0,0,0.245962,1,14,VeryHighMobility,0,2026-08-06 16:27:37
HighSpeedRail,269,ETU,5,9,6.33577558995933,QPSK,LMMSE,10,0.0211341594827586,0.0416487068965517,1,26.7804701781691,11.4436360491002,9,0,0,0.2524431,1,14,VeryHighMobility,0,2026-08-06 16:27:38
HighSpeedRail,269,ETU,5,9,6.36591156977346,QPSK,LMMSE,15,0.0021417025862069,0.00425646551724138,0.9,7.85939019574452,22.0922229848024,14,174000,0.18125,0.2704761,1,14,VeryHighMobility,0,2026-08-06 16:27:38
HighSpeedRail,269,ETU,5,9,6.34959131137527,QPSK,LMMSE,20,2.69396551724138e-05,5.38793103448276e-05,0.1,0.328266082149306,49.6754797621886,15,1566000,1.63125,0.2540041,1,14,VeryHighMobility,0,2026-08-06 16:27:38
HighSpeedRail,269,ETU,5,9,6.37131418886251,QPSK,LMMSE,25,0,0,0,0,160,15,1740000,1.8125,0.2479711,1,14,VeryHighMobility,0,2026-08-06 16:27:38
HighSpeedRail,269,ETU,5,9,6.32119911240294,QPSK,LMMSE,30,0,0,0,0,160,15,1740000,1.8125,0.2592445,1,14,VeryHighMobility,0,2026-08-06 16:27:39
HighSpeedRail,269,ETU,5,9,5.72068432384861,QPSK,MPA,0,0.252976831896552,0.440894396551724,1,100.511867668731,-0.0443468587629896,3,0,0,0.2866241,10,14,VeryHighMobility,0,2026-08-06 16:27:39
HighSpeedRail,269,ETU,5,9,6.28807716789491,QPSK,MPA,5,0.203987068965517,0.36473599137931,1,90.1153620929372,0.904023358333032,4,0,0,0.2719798,10,14,VeryHighMobility,0,2026-08-06 16:27:39
HighSpeedRail,269,ETU,5,9,6.37982014581207,QPSK,MPA,10,0.161476293103448,0.296390086206897,1,80.3200420388724,1.90352145785425,4,0,0,0.2657465,10,14,VeryHighMobility,0,2026-08-06 16:27:39
HighSpeedRail,269,ETU,5,9,6.33548842093626,QPSK,MPA,15,0.138442887931034,0.258108836206897,1,74.3001944544604,2.58020099251699,5,0,0,0.2645827,10,14,VeryHighMobility,0,2026-08-06 16:27:40
HighSpeedRail,269,ETU,5,9,6.37515592593019,QPSK,MPA,20,0.131936961206897,0.246228448275862,1,72.5813585002552,2.7834981479936,5,0,0,0.2751976,10,14,VeryHighMobility,0,2026-08-06 16:27:40
HighSpeedRail,269,ETU,5,9,5.38402670825957,QPSK,MPA,25,0.119746767241379,0.226050646551724,1,69.048021939679,3.21697516806099,5,0,0,0.2802558,10,14,VeryHighMobility,0,2026-08-06 16:27:40
HighSpeedRail,269,ETU,5,9,5.39995041214436,QPSK,MPA,30,0.126225754310345,0.236530172413793,1,70.8810415260253,2.98939819101993,5,0,0,0.261445,10,14,VeryHighMobility,0,2026-08-06 16:27:40
HighSpeedRail,269,ETU,5,9,6.36830887712024,16QAM,MRC,0,0.374730603448276,0.829175646551724,1,106.988532731717,-0.586744630672167,3,0,0,1.3063059,3.6,14,VeryHighMobility,0,2026-08-06 16:27:42
HighSpeedRail,269,ETU,5,9,6.06818998429131,16QAM,MRC,5,0.288422683189655,0.74073275862069,1,80.0592291551187,1.93177191571746,4,0,0,1.3468819,3.9,14,VeryHighMobility,0,2026-08-06 16:27:43
HighSpeedRail,269,ETU,5,9,6.02208897775825,16QAM,MRC,10,0.15555630387931,0.506411637931034,1,50.8829023370911,5.86856249395609,6,0,0,1.5433441,4.8,14,VeryHighMobility,0,2026-08-06 16:27:45
HighSpeedRail,269,ETU,5,9,4.75867629451282,16QAM,MRC,15,0.0751616379310345,0.266702586206897,1,32.4466053766501,9.77661466343958,8,0,0,1.6348,5,14,VeryHighMobility,0,2026-08-06 16:27:46
HighSpeedRail,269,ETU,5,9,5.75022358757381,16QAM,MRC,20,0.0135169719827586,0.0498114224137931,0.8,8.79171620008028,21.1185267909643,14,696000,0.725,1.3605758,4.1,14,VeryHighMobility,0,2026-08-06 16:27:48
HighSpeedRail,269,ETU,5,9,6.37845649082211,16QAM,MRC,25,6.73491379310345e-06,2.69396551724138e-05,0.1,0.102879787300786,59.7533988460546,15,3132000,3.2625,1.2294934,3.3,14,VeryHighMobility,0,2026-08-06 16:27:49
HighSpeedRail,269,ETU,5,9,6.37944991258539,16QAM,MRC,30,0,0,0,0,160,15,3480000,3.625,1.1819849,2.9,14,VeryHighMobility,0,2026-08-06 16:27:50
HighSpeedRail,269,ETU,5,9,6.23073736839945,16QAM,LMMSE,0,0.381108566810345,0.900404094827586,1,85.7817089872468,1.33210611546244,4,0,0,0.2339796,1,14,VeryHighMobility,0,2026-08-06 16:27:50
HighSpeedRail,269,ETU,5,9,6.35722288344555,16QAM,LMMSE,5,0.346066810344828,0.880684267241379,1,78.1055302010425,2.14636430305117,4,0,0,0.2428844,1,14,VeryHighMobility,0,2026-08-06 16:27:51
HighSpeedRail,269,ETU,5,9,6.30111938043806,16QAM,LMMSE,10,0.283499461206897,0.797144396551724,1,68.4800158600754,3.28872295495263,5,0,0,0.2452288,1,14,VeryHighMobility,0,2026-08-06 16:27:51
HighSpeedRail,269,ETU,5,9,6.35809189260864,16QAM,LMMSE,15,0.154977101293103,0.511018318965517,1,49.1434088607121,6.17069443451008,7,0,0,0.2415301,1,14,VeryHighMobility,0,2026-08-06 16:27:51
HighSpeedRail,269,ETU,5,9,4.86685536011389,16QAM,LMMSE,20,0.0708782327586207,0.257947198275862,1,32.1677118821185,9.85159659502311,8,0,0,0.2495195,1,14,VeryHighMobility,0,2026-08-06 16:27:51
HighSpeedRail,269,ETU,5,9,6.31832545680223,16QAM,LMMSE,25,0.0084051724137931,0.0328663793103448,0.9,9.39465591762574,20.5423824290189,13,348000,0.3625,0.2418133,1,14,VeryHighMobility,0,2026-08-06 16:27:52
HighSpeedRail,269,ETU,5,9,6.35827310473094,16QAM,LMMSE,30,6.0614224137931e-05,0.000242456896551724,0.3,0.532657066517119,45.4710461403737,15,2436000,2.5375,0.2385176,1,14,VeryHighMobility,0,2026-08-06 16:27:52
HighSpeedRail,269,ETU,5,9,5.91340752979415,16QAM,MPA,0,0.377552532327586,0.898572198275862,1,85.1311275403283,1.3982322889716,4,0,0,0.3498121,10,14,VeryHighMobility,0,2026-08-06 16:27:52
HighSpeedRail,269,ETU,5,9,6.3567014215875,16QAM,MPA,5,0.351306573275862,0.884886853448276,1,79.1120449087117,2.03514779170203,4,0,0,0.3469365,10,14,VeryHighMobility,0,2026-08-06 16:27:53
HighSpeedRail,269,ETU,5,9,6.24220008706429,16QAM,MPA,10,0.331223060344828,0.871901939655172,1,74.9223226523986,2.50777535218148,5,0,0,0.3575561,10,14,VeryHighMobility,0,2026-08-06 16:27:53
HighSpeedRail,269,ETU,5,9,6.36760724107833,16QAM,MPA,15,0.327108028017241,0.868992456896552,1,74.2619424550255,2.58467390411857,5,0,0,0.3605976,10,14,VeryHighMobility,0,2026-08-06 16:27:53
HighSpeedRail,269,ETU,5,9,6.37942702796525,16QAM,MPA,20,0.322050107758621,0.862877155172414,1,73.2014859200705,2.7096020618001,5,0,0,0.3590314,10,14,VeryHighMobility,0,2026-08-06 16:27:54
HighSpeedRail,269,ETU,5,9,6.36530471504454,16QAM,MPA,25,0.319598599137931,0.859779094827586,1,73.153517873709,2.71529568567311,5,0,0,0.3759104,10,14,VeryHighMobility,0,2026-08-06 16:27:54
HighSpeedRail,269,ETU,5,9,6.36847927966429,16QAM,MPA,30,0.317699353448276,0.858028017241379,1,72.9025221679279,2.74514892755945,5,0,0,0.3403813,10,14,VeryHighMobility,0,2026-08-06 16:27:54
HighSpeedRail,269,ETU,5,9,5.75427425979732,64QAM,MRC,0,0.414749461206897,0.948383620689655,1,108.897356882306,-0.740346776867549,3,0,0,2.0696286,9.3,14,VeryHighMobility,0,2026-08-06 16:27:56
HighSpeedRail,269,ETU,5,9,6.37772451348363,64QAM,MRC,5,0.349339978448276,0.917887931034483,1,76.7764867210127,2.29543530011261,4,0,0,1.8954789,7.7,14,VeryHighMobility,0,2026-08-06 16:27:58
HighSpeedRail,269,ETU,5,9,6.26113068978511,64QAM,MRC,10,0.261467313218391,0.841029094827586,1,51.8441115102678,5.70601127877713,6,0,0,1.9724435,8.5,14,VeryHighMobility,0,2026-08-06 16:28:00
HighSpeedRail,269,ETU,5,9,4.7012145379178,64QAM,MRC,15,0.158683548850575,0.6703125,1,32.5196336917123,9.75708710077464,8,0,0,1.6710203,6.2,14,VeryHighMobility,0,2026-08-06 16:28:02
HighSpeedRail,269,ETU,5,9,6.37872249428127,64QAM,MRC,20,0.0806977370689655,0.39921875,1,21.1880460447963,13.4781818389696,10,0,0,2.0929153,8.9,14,VeryHighMobility,0,2026-08-06 16:28:04
HighSpeedRail,269,ETU,5,9,6.09291705948141,64QAM,MRC,25,0.0233072916666667,0.12510775862069,1,8.86028227538292,21.0510488383574,14,0,0,2.333016,11.7,14,VeryHighMobility,0,2026-08-06 16:28:06
HighSpeedRail,269,ETU,5,9,6.20915305186433,64QAM,MRC,30,6.28591954022988e-05,0.000377155172413793,0.5,0.389050775166026,48.199874300715,15,2610000,2.71875,2.9879232,14.9,14,VeryHighMobility,0,2026-08-06 16:28:09
HighSpeedRail,269,ETU,5,9,6.37712178544737,64QAM,LMMSE,0,0.421551724137931,0.980899784482759,1,90.2428131960213,0.891747492288886,4,0,0,0.2464037,1,14,VeryHighMobility,0,2026-08-06 16:28:10
HighSpeedRail,269,ETU,5,9,6.21877781623557,64QAM,LMMSE,5,0.402231501436782,0.977693965517241,1,87.6402754225971,1.14592532548403,4,0,0,0.2627239,1,14,VeryHighMobility,0,2026-08-06 16:28:10
HighSpeedRail,269,ETU,5,9,6.37626995244693,64QAM,LMMSE,10,0.397660739942529,0.976508620689655,1,84.7372491273867,1.43851277700695,4,0,0,0.2653173,1,14,VeryHighMobility,0,2026-08-06 16:28:10
HighSpeedRail,269,ETU,5,9,5.94791944055926,64QAM,LMMSE,15,0.373711386494253,0.9578125,1,66.5756322657171,3.53369400789439,5,0,0,0.2542313,1,14,VeryHighMobility,0,2026-08-06 16:28:10
HighSpeedRail,269,ETU,5,9,6.25991478918732,64QAM,LMMSE,20,0.284850933908046,0.899622844827586,1,48.7716384435786,6.23665308785999,7,0,0,0.2633203,1,14,VeryHighMobility,0,2026-08-06 16:28:11
HighSpeedRail,269,ETU,5,9,6.24857055622846,64QAM,LMMSE,25,0.184698275862069,0.755387931034483,1,34.3816291449538,9.27347096955841,8,0,0,0.2568353,1,14,VeryHighMobility,0,2026-08-06 16:28:11
HighSpeedRail,269,ETU,5,9,6.36707070945312,64QAM,LMMSE,30,0.0782417385057471,0.400915948275862,1,19.8821407390609,14.0307371260298,10,0,0,0.2587816,1,14,VeryHighMobility,0,2026-08-06 16:28:11
HighSpeedRail,269,ETU,5,9,6.35633518969279,64QAM,MPA,0,0.423769755747126,0.980441810344828,1,90.6447075079794,0.853150961469896,4,0,0,0.6870474,10,14,VeryHighMobility,0,2026-08-06 16:28:12
HighSpeedRail,269,ETU,5,9,6.37355236004609,64QAM,MPA,5,0.405760596264368,0.978825431034483,1,88.2127490696453,1.08937286641881,4,0,0,0.6677764,10,14,VeryHighMobility,0,2026-08-06 16:28:13
HighSpeedRail,269,ETU,5,9,6.23614293079312,64QAM,MPA,10,0.392753232758621,0.977182112068966,1,86.3312340816904,1.27664101844135,4,0,0,0.6608009,10,14,VeryHighMobility,0,2026-08-06 16:28:13
HighSpeedRail,269,ETU,5,9,6.38027639289492,64QAM,MPA,15,0.395658225574713,0.976858836206897,1,86.1921165434566,1.2906490914511,4,0,0,0.6971076,10,14,VeryHighMobility,0,2026-08-06 16:28:14
HighSpeedRail,269,ETU,5,9,6.37046977435091,64QAM,MPA,20,0.404534841954023,0.97901400862069,1,87.3515668411545,1.17458601182032,4,0,0,0.6767233,10,14,VeryHighMobility,0,2026-08-06 16:28:15
HighSpeedRail,269,ETU,5,9,6.30528644411377,64QAM,MPA,25,0.414884159482759,0.980064655172414,1,88.7771124972944,1.0339796928328,4,0,0,0.6740235,10,14,VeryHighMobility,0,2026-08-06 16:28:15
HighSpeedRail,269,ETU,5,9,6.37777584803066,64QAM,MPA,30,0.409181932471264,0.978367456896552,1,88.1777975409902,1.09281505910301,4,0,0,0.6627191,10,14,VeryHighMobility,0,2026-08-06 16:28:16
HighSpeedRail,245,ETU,5,9,5.75821813625298,QPSK,MRC,0,0.239722521551724,0.420824353448276,1,97.4702086411575,0.22256208599007,4,0,0,1.1506181,3,15,VeryHighMobility,0,2026-08-06 16:28:17
HighSpeedRail,245,ETU,5,9,5.66578818520867,QPSK,MRC,5,0.120164331896552,0.223922413793103,1,68.2751853369169,3.31474224538565,5,0,0,1.139576,3,15,VeryHighMobility,0,2026-08-06 16:28:18
HighSpeedRail,245,ETU,5,9,5.79142027998288,QPSK,MRC,10,0.0211072198275862,0.0414601293103448,1,25.9532328190425,11.7161707462724,10,0,0,1.2686233,3.7,15,VeryHighMobility,0,2026-08-06 16:28:19
HighSpeedRail,245,ETU,5,9,5.68086910447456,QPSK,MRC,15,0.000862068965517241,0.00172413793103448,0.4,3.08474165386708,30.2156240426511,15,1044000,1.0875,0.9677378,2.3,15,VeryHighMobility,0,2026-08-06 16:28:20
HighSpeedRail,245,ETU,5,9,5.71249051904686,QPSK,MRC,20,0,0,0,0,160,15,1740000,1.8125,0.9260348,2,15,VeryHighMobility,0,2026-08-06 16:28:21
HighSpeedRail,245,ETU,5,9,5.75754686802179,QPSK,MRC,25,0,0,0,0,160,15,1740000,1.8125,0.9204588,2,15,VeryHighMobility,0,2026-08-06 16:28:22
HighSpeedRail,245,ETU,5,9,5.57492158964708,QPSK,MRC,30,0,0,0,0,160,15,1740000,1.8125,0.8917707,2,15,VeryHighMobility,0,2026-08-06 16:28:23
HighSpeedRail,245,ETU,5,9,5.8075553987013,QPSK,LMMSE,0,0.233041487068966,0.412365301724138,1,96.033835967787,0.351514467320559,4,0,0,0.2398484,1,15,VeryHighMobility,0,2026-08-06 16:28:23
HighSpeedRail,245,ETU,5,9,5.76517629983724,QPSK,LMMSE,5,0.102491918103448,0.193318965517241,1,63.5037096705048,3.94401807924023,5,0,0,0.2405977,1,15,VeryHighMobility,0,2026-08-06 16:28:24
HighSpeedRail,245,ETU,5,9,4.44284686035465,QPSK,LMMSE,10,0.0186961206896552,0.0370150862068966,1,26.0737655926493,11.6759248633907,9,0,0,0.2418276,1,15,VeryHighMobility,0,2026-08-06 16:28:24
HighSpeedRail,245,ETU,5,9,5.71838919890635,QPSK,LMMSE,15,0.000902478448275862,0.00180495689655172,0.8,4.7576806459334,26.4520942571715,15,348000,0.3625,0.2478976,1,15,VeryHighMobility,0,2026-08-06 16:28:24
HighSpeedRail,245,ETU,5,9,5.67402541087498,QPSK,LMMSE,20,0.00017510775862069,0.000350215517241379,0.5,1.68115576461186,35.4878409176779,15,870000,0.90625,0.2423947,1,15,VeryHighMobility,0,2026-08-06 16:28:24
HighSpeedRail,245,ETU,5,9,5.8110166840655,QPSK,LMMSE,25,0,0,0,0,160,15,1740000,1.8125,0.2520174,1,15,VeryHighMobility,0,2026-08-06 16:28:25
HighSpeedRail,245,ETU,5,9,5.8095541706385,QPSK,LMMSE,30,0,0,0,0,160,15,1740000,1.8125,0.2570532,1,15,VeryHighMobility,0,2026-08-06 16:28:25
HighSpeedRail,245,ETU,5,9,5.5734285015066,QPSK,MPA,0,0.273127693965517,0.471470905172414,1,104.46273069353,-0.379227485281122,3,0,0,0.2798416,10,15,VeryHighMobility,0,2026-08-06 16:28:25
HighSpeedRail,245,ETU,5,9,5.70832785401737,QPSK,MPA,5,0.216621767241379,0.386233836206897,1,93.0385820127613,0.626738344939963,4,0,0,0.2745574,10,15,VeryHighMobility,0,2026-08-06 16:28:25
HighSpeedRail,245,ETU,5,9,5.57514007327251,QPSK,MPA,10,0.16328125,0.299757543103448,1,80.7134213451127,1.86108486157443,4,0,0,0.2706272,10,15,VeryHighMobility,0,2026-08-06 16:28:26
HighSpeedRail,245,ETU,5,9,5.81141785498409,QPSK,MPA,15,0.127384159482759,0.238900862068966,1,71.1474428825461,2.95681408642363,5,0,0,0.2668347,10,15,VeryHighMobility,0,2026-08-06 16:28:26
HighSpeedRail,245,ETU,5,9,5.46136562356042,QPSK,MPA,20,0.134509698275862,0.250808189655172,1,73.1916543612112,2.71076872623787,5,0,0,0.2715613,10,15,VeryHighMobility,0,2026-08-06 16:28:26
HighSpeedRail,245,ETU,5,9,5.50028355837512,QPSK,MPA,25,0.127963362068966,0.240544181034483,1,71.4790247241511,2.91642763474618,5,0,0,0.2824306,10,15,VeryHighMobility,0,2026-08-06 16:28:27
HighSpeedRail,245,ETU,5,9,5.50752292006159,QPSK,MPA,30,0.126091056034483,0.236206896551724,1,70.8821231944264,2.98926564245027,5,0,0,0.278917,10,15,VeryHighMobility,0,2026-08-06 16:28:27
HighSpeedRail,245,ETU,5,9,5.78047566442041,16QAM,MRC,0,0.356452047413793,0.813712284482759,1,100.34823416141,-0.0301946912876324,3,0,0,1.4747756,4.3,15,VeryHighMobility,0,2026-08-06 16:28:28
HighSpeedRail,245,ETU,5,9,5.78365146449477,16QAM,MRC,5,0.265975215517241,0.707085129310345,1,75.4930308969209,2.44186276416016,5,0,0,1.1791127,3.1,15,VeryHighMobility,0,2026-08-06 16:28:29
HighSpeedRail,245,ETU,5,9,5.25552298653051,16QAM,MRC,10,0.149245689655172,0.493022629310345,1,49.7617290735445,6.06209075201485,7,0,0,1.7306812,6.1,15,VeryHighMobility,0,2026-08-06 16:28:31
HighSpeedRail,245,ETU,5,9,5.74202964796455,16QAM,MRC,15,0.042510775862069,0.1578125,1,24.1265215920985,12.3501057476928,10,0,0,1.719104,5.6,15,VeryHighMobility,0,2026-08-06 16:28:33
HighSpeedRail,245,ETU,5,9,5.81105899395693,16QAM,MRC,20,0.00328663793103448,0.0128502155172414,0.8,4.06400149107869,27.8209228276366,15,696000,0.725,1.46093,4.9,15,VeryHighMobility,0,2026-08-06 16:28:34
HighSpeedRail,245,ETU,5,9,5.66085734349266,16QAM,MRC,25,1.34698275862069e-05,5.38793103448276e-05,0.1,0.147989889676094,56.5953590715422,15,3132000,3.2625,1.1892344,3.4,15,VeryHighMobility,0,2026-08-06 16:28:36
HighSpeedRail,245,ETU,5,9,5.72724499808405,16QAM,MRC,30,0,0,0,0,160,15,3480000,3.625,0.997839,2.4,15,VeryHighMobility,0,2026-08-06 16:28:37
HighSpeedRail,245,ETU,5,9,5.73595117796361,16QAM,LMMSE,0,0.383048221982759,0.900134698275862,1,86.1900646609985,1.29085586948881,4,0,0,0.2429797,1,15,VeryHighMobility,0,2026-08-06 16:28:37
HighSpeedRail,245,ETU,5,9,5.79036866669297,16QAM,LMMSE,5,0.347029903017241,0.881896551724138,1,78.4697203614744,2.10595790122052,4,0,0,0.2429291,1,15,VeryHighMobility,0,2026-08-06 16:28:37
HighSpeedRail,245,ETU,5,9,5.78039967825205,16QAM,LMMSE,10,0.293002424568966,0.818830818965517,1,69.5088689084637,3.15919557085442,5,0,0,0.272518,1,15,VeryHighMobility,0,2026-08-06 16:28:37
HighSpeedRail,245,ETU,5,9,5.48060889148936,16QAM,LMMSE,15,0.173653017241379,0.562877155172414,1,52.2888464783126,5.631818776958,6,0,0,0.2518149,1,15,VeryHighMobility,0,2026-08-06 16:28:38
HighSpeedRail,245,ETU,5,9,5.81026609546988,16QAM,LMMSE,20,0.0483162715517241,0.180926724137931,0.9,25.6586770497644,11.8153147883712,10,348000,0.3625,0.2365427,1,15,VeryHighMobility,0,2026-08-06 16:28:38
HighSpeedRail,245,ETU,5,9,5.73212509762938,16QAM,LMMSE,25,0.00446524784482759,0.0175646551724138,0.9,6.95623432513923,23.1525159387893,15,348000,0.3625,0.2572179,1,15,VeryHighMobility,0,2026-08-06 16:28:38
HighSpeedRail,245,ETU,5,9,5.80812573772868,16QAM,LMMSE,30,0.00148841594827586,0.00592672413793103,0.4,2.38570820476842,32.4476535168211,15,2088000,2.175,0.2527384,1,15,VeryHighMobility,0,2026-08-06 16:28:38
HighSpeedRail,245,ETU,5,9,5.72974390598552,16QAM,MPA,0,0.392928340517241,0.905603448275862,1,88.1529730731613,1.09526071947821,4,0,0,0.3759663,10,15,VeryHighMobility,0,2026-08-06 16:28:39
HighSpeedRail,245,ETU,5,9,5.81051341847573,16QAM,MPA,5,0.340247844827586,0.876185344827586,1,77.0887570940997,2.26017912848371,4,0,0,0.3842473,10,15,VeryHighMobility,0,2026-08-06 16:28:39
HighSpeedRail,245,ETU,5,9,5.81051147525039,16QAM,MPA,10,0.330677532327586,0.870635775862069,1,74.9434616204762,2.50532501642415,5,0,0,0.3427336,10,15,VeryHighMobility,0,2026-08-06 16:28:39
HighSpeedRail,245,ETU,5,9,5.77972134364655,16QAM,MPA,15,0.324656519396552,0.866621767241379,1,73.966956426185,2.61924502342228,5,0,0,0.3484397,10,15,VeryHighMobility,0,2026-08-06 16:28:40
HighSpeedRail,245,ETU,5,9,5.81018479927184,16QAM,MPA,20,0.324865301724138,0.865274784482759,1,73.9276315386085,2.62386414635666,5,0,0,0.3451692,10,15,VeryHighMobility,0,2026-08-06 16:28:40
HighSpeedRail,245,ETU,5,9,5.78972469711994,16QAM,MPA,25,0.319403286637931,0.859671336206897,1,72.8631911450367,2.74983624290558,5,0,0,0.3401979,10,15,VeryHighMobility,0,2026-08-06 16:28:41
HighSpeedRail,245,ETU,5,9,5.78092820314596,16QAM,MPA,30,0.320110452586207,0.859967672413793,1,73.1710887214784,2.71320965996826,5,0,0,0.3470454,10,15,VeryHighMobility,0,2026-08-06 16:28:41
HighSpeedRail,245,ETU,5,9,5.80412719958399,64QAM,MRC,0,0.41164691091954,0.948195043103448,1,107.303621518857,-0.612287594792313,3,0,0,2.000631,9.3,15,VeryHighMobility,0,2026-08-06 16:28:43
HighSpeedRail,245,ETU,5,9,5.72866183739638,64QAM,MRC,5,0.365355603448276,0.926831896551724,1,84.2724773668881,1.48628477780998,4,0,0,2.0161856,9.4,15,VeryHighMobility,0,2026-08-06 16:28:45
HighSpeedRail,245,ETU,5,9,5.74898017963677,64QAM,MRC,10,0.258369252873563,0.838766163793103,1,50.9596415945841,5.85547270216753,6,0,0,1.8563682,7.6,15,VeryHighMobility,0,2026-08-06 16:28:47
HighSpeedRail,245,ETU,5,9,5.66842033219119,64QAM,MRC,15,0.174542025862069,0.703394396551724,1,35.0667594500777,9.10208731594563,8,0,0,2.0670289,9.2,15,VeryHighMobility,0,2026-08-06 16:28:49
HighSpeedRail,245,ETU,5,9,5.8053445546684,64QAM,MRC,20,0.0905037715517241,0.450431034482759,1,22.7894940232371,12.8453063400568,10,0,0,2.005197,8.6,15,VeryHighMobility,0,2026-08-06 16:28:51
HighSpeedRail,245,ETU,5,9,5.78282667784619,64QAM,MRC,25,0.0174838362068966,0.098114224137931,1,8.26590924886913,21.6541873426437,14,0,0,2.1397117,9.1,15,VeryHighMobility,0,2026-08-06 16:28:53
HighSpeedRail,245,ETU,5,9,5.7907063036019,64QAM,MRC,30,0.000112248563218391,0.000673491379310345,0.4,0.440494924741828,47.1211818208305,15,3132000,3.2625,2.3933878,11.5,15,VeryHighMobility,0,2026-08-06 16:28:55
HighSpeedRail,245,ETU,5,9,5.77970272716921,64QAM,LMMSE,0,0.426180854885057,0.978529094827586,1,91.4496162429758,0.77636225293832,4,0,0,0.2549302,1,15,VeryHighMobility,0,2026-08-06 16:28:56
HighSpeedRail,245,ETU,5,9,5.77695235870019,64QAM,LMMSE,5,0.407439834770115,0.976858836206897,1,88.3252764103024,1.07829989568714,4,0,0,0.2487933,1,15,VeryHighMobility,0,2026-08-06 16:28:56
HighSpeedRail,245,ETU,5,9,5.58117340053505,64QAM,LMMSE,10,0.394665948275862,0.974003232758621,1,81.5313873438501,1.77350335254984,4,0,0,0.2528798,1,15,VeryHighMobility,0,2026-08-06 16:28:56
HighSpeedRail,245,ETU,5,9,5.69383208540033,64QAM,LMMSE,15,0.380199353448276,0.960964439655172,1,69.1248302665713,3.20731844159503,5,0,0,0.2586383,1,15,VeryHighMobility,0,2026-08-06 16:28:56
HighSpeedRail,245,ETU,5,9,5.80678534781559,64QAM,LMMSE,20,0.320586386494253,0.925242456896552,1,55.6090129907099,5.09709626371729,6,0,0,0.2531932,1,15,VeryHighMobility,0,2026-08-06 16:28:57
HighSpeedRail,245,ETU,5,9,5.58003982275277,64QAM,LMMSE,25,0.174196300287356,0.73370150862069,1,33.0162184694266,9.62545340759916,8,0,0,0.2528494,1,15,VeryHighMobility,0,2026-08-06 16:28:57
HighSpeedRail,245,ETU,5,9,5.73018154976107,64QAM,LMMSE,30,0.0677981321839081,0.356842672413793,1,18.9776871459919,14.4351343428516,11,0,0,0.2379079,1,15,VeryHighMobility,0,2026-08-06 16:28:57
HighSpeedRail,245,ETU,5,9,5.80835149715734,64QAM,MPA,0,0.421744791666667,0.978933189655172,1,90.5895971840885,0.858433429453006,4,0,0,0.6608539,10,15,VeryHighMobility,0,2026-08-06 16:28:58
HighSpeedRail,245,ETU,5,9,5.7973321924997,64QAM,MPA,5,0.407525143678161,0.978609913793103,1,88.3679746799798,1.0741019711701,4,0,0,0.6371091,10,15,VeryHighMobility,0,2026-08-06 16:28:58
HighSpeedRail,245,ETU,5,9,5.80056113265091,64QAM,MPA,10,0.388160021551724,0.974838362068966,1,85.7586077678552,1.33444556133906,4,0,0,0.7232475,10,15,VeryHighMobility,0,2026-08-06 16:28:59
HighSpeedRail,245,ETU,5,9,5.80871223088656,64QAM,MPA,15,0.396762751436782,0.976320043103448,1,86.3879071444177,1.270940943945,4,0,0,0.649677,10,15,VeryHighMobility,0,2026-08-06 16:29:00
HighSpeedRail,245,ETU,5,9,5.79859946316292,64QAM,MPA,20,0.40617816091954,0.978825431034483,1,87.7686587245782,1.13321076910273,4,0,0,0.6624486,10,15,VeryHighMobility,0,2026-08-06 16:29:00
HighSpeedRail,245,ETU,5,9,5.80660865018881,64QAM,MPA,25,0.412015086206897,0.978529094827586,1,88.494993554567,1.06162596076148,4,0,0,0.669957,10,15,VeryHighMobility,0,2026-08-06 16:29:01
HighSpeedRail,245,ETU,5,9,5.80491824922522,64QAM,MPA,30,0.415512751436782,0.979337284482759,1,89.1050071051777,1.00195781666991,4,0,0,0.7096094,10,15,VeryHighMobility,0,2026-08-06 16:29:02
HighSpeedRail,229,ETU,5,9,5.4312141760781,QPSK,MRC,0,0.257112068965517,0.446390086206897,1,101.025724383583,-0.0886394628509669,3,0,0,1.159951,3,16,VeryHighMobility,0,2026-08-06 16:29:03
HighSpeedRail,229,ETU,5,9,5.4045593789958,QPSK,MRC,5,0.142537715517241,0.262796336206897,1,74.6434216463411,2.54016921586742,5,0,0,1.2403225,3.5,16,VeryHighMobility,0,2026-08-06 16:29:04
HighSpeedRail,229,ETU,5,9,5.3301765391428,QPSK,MRC,10,0.0180091594827586,0.035614224137931,1,24.5520849441935,12.1982324404244,10,0,0,1.1868532,3.3,16,VeryHighMobility,0,2026-08-06 16:29:05
HighSpeedRail,229,ETU,5,9,5.42751081049493,QPSK,MRC,15,0.00157596982758621,0.003125,0.4,4.33444493536937,27.2613301987754,15,1044000,1.0875,1.0294148,2.4,16,VeryHighMobility,0,2026-08-06 16:29:06
HighSpeedRail,229,ETU,5,9,5.41062235973185,QPSK,MRC,20,0,0,0,0,160,15,1740000,1.8125,0.9359485,2,16,VeryHighMobility,0,2026-08-06 16:29:07
HighSpeedRail,229,ETU,5,9,5.41431861082737,QPSK,MRC,25,0,0,0,0,160,15,1740000,1.8125,0.9075257,2,16,VeryHighMobility,0,2026-08-06 16:29:08
HighSpeedRail,229,ETU,5,9,5.42740869143792,QPSK,MRC,30,0,0,0,0,160,15,1740000,1.8125,0.9154468,2,16,VeryHighMobility,0,2026-08-06 16:29:09
HighSpeedRail,229,ETU,5,9,5.19236428796028,QPSK,LMMSE,0,0.213213900862069,0.377828663793103,1,91.6671360192549,0.755726744322401,4,0,0,0.2516871,1,16,VeryHighMobility,0,2026-08-06 16:29:09
HighSpeedRail,229,ETU,5,9,5.30259490005184,QPSK,LMMSE,5,0.109199892241379,0.205091594827586,1,65.6419543414234,3.65636994571806,5,0,0,0.2451645,1,16,VeryHighMobility,0,2026-08-06 16:29:10
HighSpeedRail,229,ETU,5,9,5.40504461940329,QPSK,LMMSE,10,0.0247171336206897,0.0486530172413793,1,30.4821926783469,10.3190759212839,9,0,0,0.2652147,1,16,VeryHighMobility,0,2026-08-06 16:29:10
HighSpeedRail,229,ETU,5,9,5.4275583152268,QPSK,LMMSE,15,0.00202047413793103,0.00404094827586207,0.9,7.49517702945266,22.5043621008598,14,174000,0.18125,0.2572245,1,16,VeryHighMobility,0,2026-08-06 16:29:10
HighSpeedRail,229,ETU,5,9,4.94029704442698,QPSK,LMMSE,20,5.38793103448276e-05,0.000107758620689655,0.1,0.46423834544263,46.6651798055488,15,1566000,1.63125,0.2509814,1,16,VeryHighMobility,0,2026-08-06 16:29:11
HighSpeedRail,229,ETU,5,9,5.32816391747359,QPSK,LMMSE,25,0,0,0,0,160,15,1740000,1.8125,0.2414756,1,16,VeryHighMobility,0,2026-08-06 16:29:11
HighSpeedRail,229,ETU,5,9,5.30125299263423,QPSK,LMMSE,30,0,0,0,0,160,15,1740000,1.8125,0.2324908,1,16,VeryHighMobility,0,2026-08-06 16:29:11
HighSpeedRail,229,ETU,5,9,5.42306477443286,QPSK,MPA,0,0.272683189655172,0.468723060344828,1,104.119514409772,-0.350642679783495,3,0,0,0.265342,10,16,VeryHighMobility,0,2026-08-06 16:29:11
HighSpeedRail,229,ETU,5,9,5.40354084848596,QPSK,MPA,5,0.206721443965517,0.370123922413793,1,90.7918604453657,0.839061690836906,4,0,0,0.2823659,10,16,VeryHighMobility,0,2026-08-06 16:29:12
HighSpeedRail,229,ETU,5,9,4.7322117804274,QPSK,MPA,10,0.168952047413793,0.308189655172414,1,82.1132029545392,1.71174014401925,4,0,0,0.2542394,10,16,VeryHighMobility,0,2026-08-06 16:29:12
HighSpeedRail,229,ETU,5,9,5.39186145724519,QPSK,MPA,15,0.145258620689655,0.268992456896552,1,76.1521544506231,2.3663561071546,4,0,0,0.282762,10,16,VeryHighMobility,0,2026-08-06 16:29:12
HighSpeedRail,229,ETU,5,9,5.32642951167498,QPSK,MPA,20,0.129956896551724,0.241971982758621,1,71.9246393095847,2.86244614697304,5,0,0,0.2653036,10,16,VeryHighMobility,0,2026-08-06 16:29:12
HighSpeedRail,229,ETU,5,9,5.42724921127191,QPSK,MPA,25,0.126589439655172,0.237823275862069,1,71.0674191777551,2.96658911459626,5,0,0,0.2718916,10,16,VeryHighMobility,0,2026-08-06 16:29:13
HighSpeedRail,229,ETU,5,9,5.35255467217943,QPSK,MPA,30,0.127168642241379,0.238335129310345,1,71.1486950142651,2.956661223836,5,0,0,0.2659515,10,16,VeryHighMobility,0,2026-08-06 16:29:13
HighSpeedRail,229,ETU,5,9,4.41912285143756,16QAM,MRC,0,0.337264278017241,0.790813577586207,1,94.572158116172,0.484734006891735,4,0,0,1.4515042,4.1,16,VeryHighMobility,0,2026-08-06 16:29:14
HighSpeedRail,229,ETU,5,9,4.8463840034919,16QAM,MRC,5,0.260883620689655,0.699757543103448,1,73.9186972858313,2.62491391112704,5,0,0,1.5859315,5.2,16,VeryHighMobility,0,2026-08-06 16:29:16
HighSpeedRail,229,ETU,5,9,5.42898584191249,16QAM,MRC,10,0.151831896551724,0.500996767241379,1,50.1554274208417,5.99364128422332,7,0,0,1.4900437,4.6,16,VeryHighMobility,0,2026-08-06 16:29:17
HighSpeedRail,229,ETU,5,9,4.70112477620979,16QAM,MRC,15,0.0620150862068966,0.230010775862069,1,30.9556906663274,10.185190036072,8,0,0,1.7155339,6.4,16,VeryHighMobility,0,2026-08-06 16:29:19
HighSpeedRail,229,ETU,5,9,5.40430847003034,16QAM,MRC,20,0.000646551724137931,0.00258620689655172,0.6,2.22906618701947,33.03754071895,15,1392000,1.45,1.4442273,4.6,16,VeryHighMobility,0,2026-08-06 16:29:21
HighSpeedRail,229,ETU,5,9,5.38463570110471,16QAM,MRC,25,0.000127963362068966,0.000511853448275862,0.1,0.454496034001188,46.8493980428519,15,3132000,3.2625,1.0454936,2.6,16,VeryHighMobility,0,2026-08-06 16:29:22
HighSpeedRail,229,ETU,5,9,5.42615213045027,16QAM,MRC,30,0,0,0,0,160,15,3480000,3.625,0.983546,2.2,16,VeryHighMobility,0,2026-08-06 16:29:23
HighSpeedRail,229,ETU,5,9,5.42827466946923,16QAM,LMMSE,0,0.381000808189655,0.897117456896552,1,85.7906061480365,1.33120527366032,4,0,0,0.2597347,1,16,VeryHighMobility,0,2026-08-06 16:29:23
HighSpeedRail,229,ETU,5,9,5.37279600455571,16QAM,LMMSE,5,0.348807920258621,0.883108836206897,1,78.9395109201972,2.05411137317986,4,0,0,0.251996,1,16,VeryHighMobility,0,2026-08-06 16:29:23
HighSpeedRail,229,ETU,5,9,5.13254115184711,16QAM,LMMSE,10,0.303960129310345,0.834913793103448,1,71.2293047005741,2.94682589934411,5,0,0,0.2565535,1,16,VeryHighMobility,0,2026-08-06 16:29:23
HighSpeedRail,229,ETU,5,9,5.43108779897267,16QAM,LMMSE,15,0.206734913793103,0.650457974137931,1,57.369942950904,4.82631163965985,6,0,0,0.2331992,1,16,VeryHighMobility,0,2026-08-06 16:29:24
HighSpeedRail,229,ETU,5,9,4.91910526365928,16QAM,LMMSE,20,0.0656990840517241,0.238873922413793,1,30.8217984960759,10.2228404634665,8,0,0,0.2442237,1,16,VeryHighMobility,0,2026-08-06 16:29:24
HighSpeedRail,229,ETU,5,9,5.39139289340348,16QAM,LMMSE,25,0.0121295797413793,0.0473599137931034,1,12.8488390261015,17.8227222362819,12,0,0,0.2725338,1,16,VeryHighMobility,0,2026-08-06 16:29:24
HighSpeedRail,229,ETU,5,9,5.38963700799281,16QAM,LMMSE,30,0.000255926724137931,0.00102370689655172,0.6,1.52208884110579,36.351199959509,15,1392000,1.45,0.2578574,1,16,VeryHighMobility,0,2026-08-06 16:29:24
HighSpeedRail,229,ETU,5,9,5.42295010833935,16QAM,MPA,0,0.378151939655172,0.899164870689655,1,85.1162646354741,1.39974887668484,4,0,0,0.3651445,10,16,VeryHighMobility,0,2026-08-06 16:29:25
HighSpeedRail,229,ETU,5,9,5.39012230832195,16QAM,MPA,5,0.344686153017241,0.879040948275862,1,77.915459701679,2.16752725296796,4,0,0,0.3583749,10,16,VeryHighMobility,0,2026-08-06 16:29:25
HighSpeedRail,229,ETU,5,9,5.42164228123058,16QAM,MPA,10,0.333964170258621,0.874568965517241,1,75.6071806819665,2.42873912107092,5,0,0,0.3735196,10,16,VeryHighMobility,0,2026-08-06 16:29:25
HighSpeedRail,229,ETU,5,9,5.42164656252677,16QAM,MPA,15,0.325390625,0.864924568965517,1,74.243654260278,2.58681320722328,5,0,0,0.3702455,10,16,VeryHighMobility,0,2026-08-06 16:29:26
HighSpeedRail,229,ETU,5,9,5.41046910372316,16QAM,MPA,20,0.322642780172414,0.863146551724138,1,73.7369210086915,2.6463000188543,5,0,0,0.3819992,10,16,VeryHighMobility,0,2026-08-06 16:29:26
HighSpeedRail,229,ETU,5,9,5.42953846071004,16QAM,MPA,25,0.324986530172414,0.868318965517241,1,73.9181325652278,2.62498026943361,5,0,0,0.3474106,10,16,VeryHighMobility,0,2026-08-06 16:29:27
HighSpeedRail,229,ETU,5,9,5.15335923502788,16QAM,MPA,30,0.324703663793103,0.864870689655172,1,73.6477442025333,2.6568110172676,5,0,0,0.3690901,10,16,VeryHighMobility,0,2026-08-06 16:29:27
HighSpeedRail,229,ETU,5,9,5.33871523768529,64QAM,MRC,0,0.427680495689655,0.955818965517241,1,116.994151503393,-1.36328304119862,3,0,0,2.0742031,8.5,16,VeryHighMobility,0,2026-08-06 16:29:29
HighSpeedRail,229,ETU,5,9,5.34886854651771,64QAM,MRC,5,0.334074173850575,0.90770474137931,1,71.2558683242682,2.94358726473296,5,0,0,2.2155941,10.5,16,VeryHighMobility,0,2026-08-06 16:29:31
HighSpeedRail,229,ETU,5,9,5.29750489534462,64QAM,MRC,10,0.233054956896552,0.806707974137931,1,45.1696928366751,6.90305725443102,7,0,0,2.2484293,10.2,16,VeryHighMobility,0,2026-08-06 16:29:34
HighSpeedRail,229,ETU,5,9,5.39527788842054,64QAM,MRC,15,0.155886314655172,0.642429956896552,1,32.8455329321252,9.67047374269047,8,0,0,2.1008427,9,16,VeryHighMobility,0,2026-08-06 16:29:36
HighSpeedRail,229,ETU,5,9,5.41843693918471,64QAM,MRC,20,0.0697422772988506,0.360506465517241,1,19.3766313585393,14.2544344626925,11,0,0,2.0157817,9,16,VeryHighMobility,0,2026-08-06 16:29:38
HighSpeedRail,229,ETU,5,9,5.34641992159292,64QAM,MRC,25,0.00470096982758621,0.0272629310344828,1,4.37258830387412,27.1852282247592,15,0,0,2.5594457,12.8,16,VeryHighMobility,0,2026-08-06 16:29:40
HighSpeedRail,229,ETU,5,9,4.4158234532324,64QAM,MRC,30,0,0,0,0,160,15,5220000,5.4375,2.748181,14.3,16,VeryHighMobility,0,2026-08-06 16:29:43
HighSpeedRail,229,ETU,5,9,5.22515956849644,64QAM,LMMSE,0,0.423733836206897,0.979525862068966,1,91.0775150136273,0.811776546335954,4,0,0,0.2657546,1,16,VeryHighMobility,0,2026-08-06 16:29:43
HighSpeedRail,229,ETU,5,9,5.08226584873281,64QAM,LMMSE,5,0.402734375,0.977586206896552,1,87.6461012954993,1.14534795158835,4,0,0,0.2731894,1,16,VeryHighMobility,0,2026-08-06 16:29:43
HighSpeedRail,229,ETU,5,9,5.14053866858279,64QAM,LMMSE,10,0.393552442528736,0.973895474137931,1,82.3890598546758,1.68260905736396,4,0,0,0.2604128,1,16,VeryHighMobility,0,2026-08-06 16:29:44
HighSpeedRail,229,ETU,5,9,4.929212062888,64QAM,LMMSE,15,0.385133800287356,0.965355603448276,1,70.7508420361232,3.00536774095945,5,0,0,0.2628207,1,16,VeryHighMobility,0,2026-08-06 16:29:44
HighSpeedRail,229,ETU,5,9,5.4314428965097,64QAM,LMMSE,20,0.297517061781609,0.90770474137931,1,51.1086775134362,5.83010713379994,6,0,0,0.2685988,1,16,VeryHighMobility,0,2026-08-06 16:29:44
HighSpeedRail,229,ETU,5,9,5.39962041102527,64QAM,LMMSE,25,0.185699533045977,0.748679956896552,1,34.6386413237012,9.20878302431297,8,0,0,0.2752258,1,16,VeryHighMobility,0,2026-08-06 16:29:45
HighSpeedRail,229,ETU,5,9,5.39618489763146,64QAM,LMMSE,30,0.0864044540229885,0.44307650862069,1,21.7938828103057,13.2333077742703,10,0,0,0.2653716,1,16,VeryHighMobility,0,2026-08-06 16:29:45
HighSpeedRail,229,ETU,5,9,5.42182839759007,64QAM,MPA,0,0.422499102011494,0.979660560344828,1,90.6259175645663,0.854951665531142,4,0,0,0.7489776,10,16,VeryHighMobility,0,2026-08-06 16:29:46
HighSpeedRail,229,ETU,5,9,4.52712182433248,64QAM,MPA,5,0.399434267241379,0.978071120689655,1,87.4228544783714,1.16750034586201,4,0,0,0.8073724,10,16,VeryHighMobility,0,2026-08-06 16:29:46
HighSpeedRail,229,ETU,5,9,5.34545939569433,64QAM,MPA,10,0.390391522988506,0.977074353448276,1,86.008148956109,1.30920798000997,4,0,0,0.7945633,10,16,VeryHighMobility,0,2026-08-06 16:29:47
HighSpeedRail,229,ETU,5,9,5.33158543469884,64QAM,MPA,15,0.39634069683908,0.977613146551724,1,86.3567351756921,1.27407570146286,4,0,0,0.7781065,10,16,VeryHighMobility,0,2026-08-06 16:29:48
HighSpeedRail,229,ETU,5,9,3.10439934551355,64QAM,MPA,20,0.40965786637931,0.978475215517241,1,88.0726344988774,1.10318024999215,4,0,0,0.8051932,10,16,VeryHighMobility,0,2026-08-06 16:29:49
HighSpeedRail,229,ETU,5,9,5.33198770975242,64QAM,MPA,25,0.413272270114943,0.977990301724138,1,88.6553917001039,1.0458969408217,4,0,0,0.8233315,10,16,VeryHighMobility,0,2026-08-06 16:29:50
HighSpeedRail,229,ETU,5,9,5.4159489207076,64QAM,MPA,30,0.411920797413793,0.97879849137931,1,88.4975565770936,1.06137440067275,4,0,0,0.8020825,10,16,VeryHighMobility,0,2026-08-06 16:29:50
HighSpeedRail,281,ETU,5,9,6.59387374545006,QPSK,MRC,0,0.24854525862069,0.432974137931035,1,99.359962931866,0.0557715837865077,3,0,0,1.2194018,3.4,17,VeryHighMobility,0,2026-08-06 16:29:52
HighSpeedRail,281,ETU,5,9,6.6579163891241,QPSK,MRC,5,0.100404094827586,0.189278017241379,1,61.9215311126817,4.16316627080311,5,0,0,1.295766,3.4,17,VeryHighMobility,0,2026-08-06 16:29:53
HighSpeedRail,281,ETU,5,9,6.61905630009378,QPSK,MRC,10,0.0269800646551724,0.0522359913793103,1,28.7937795514111,10.8140264936247,9,0,0,1.1078362,2.9,17,VeryHighMobility,0,2026-08-06 16:29:54
HighSpeedRail,281,ETU,5,9,6.64923609539856,QPSK,MRC,15,0.000431034482758621,0.000862068965517241,0.5,2.7077899578502,31.347700534483,15,870000,0.90625,0.9381576,2.2,17,VeryHighMobility,0,2026-08-06 16:29:55
HighSpeedRail,281,ETU,5,9,6.58491066810912,QPSK,MRC,20,1.34698275862069e-05,2.69396551724138e-05,0.1,0.232119172721315,52.6857797188284,15,1566000,1.63125,0.8920726,2,17,VeryHighMobility,0,2026-08-06 16:29:56
HighSpeedRail,281,ETU,5,9,6.65144848186858,QPSK,MRC,25,0,0,0,0,160,15,1740000,1.8125,0.9582408,2,17,VeryHighMobility,0,2026-08-06 16:29:57
HighSpeedRail,281,ETU,5,9,6.66512873448552,QPSK,MRC,30,0,0,0,0,160,15,1740000,1.8125,0.9099011,2,17,VeryHighMobility,0,2026-08-06 16:29:58
HighSpeedRail,281,ETU,5,9,5.71789820704862,QPSK,LMMSE,0,0.212109375,0.37645474137931,1,91.3728554809894,0.783656055937904,4,0,0,0.2572546,1,17,VeryHighMobility,0,2026-08-06 16:29:58
HighSpeedRail,281,ETU,5,9,6.64182149885904,QPSK,LMMSE,5,0.0986126077586207,0.184213362068966,1,61.4121377517794,4.23491569194555,5,0,0,0.2522628,1,17,VeryHighMobility,0,2026-08-06 16:29:58
HighSpeedRail,281,ETU,5,9,6.64975686024436,QPSK,LMMSE,10,0.0196524784482759,0.0390355603448276,1,26.9396349318221,11.392165876915,9,0,0,0.2607893,1,17,VeryHighMobility,0,2026-08-06 16:29:59
HighSpeedRail,281,ETU,5,9,6.33997425146167,QPSK,LMMSE,15,0.00200700431034483,0.00398706896551724,0.8,6.77255858495888,23.384944589641,15,348000,0.3625,0.2482972,1,17,VeryHighMobility,0,2026-08-06 16:29:59
HighSpeedRail,281,ETU,5,9,6.13334437092629,QPSK,LMMSE,20,0.00017510775862069,0.000350215517241379,0.2,1.18270313823482,38.5424850162405,15,1392000,1.45,0.2596546,1,17,VeryHighMobility,0,2026-08-06 16:29:59
HighSpeedRail,281,ETU,5,9,6.66286632827415,QPSK,LMMSE,25,0,0,0,0,160,15,1740000,1.8125,0.255663,1,17,VeryHighMobility,0,2026-08-06 16:29:59
HighSpeedRail,281,ETU,5,9,6.66371660261632,QPSK,LMMSE,30,0,0,0,0,160,15,1740000,1.8125,0.260505,1,17,VeryHighMobility,0,2026-08-06 16:30:00
HighSpeedRail,281,ETU,5,9,6.59215255442197,QPSK,MPA,0,0.257098599137931,0.447252155172414,1,101.205453834916,-0.104078334381612,3,0,0,0.2645662,10,17,VeryHighMobility,0,2026-08-06 16:30:00
HighSpeedRail,281,ETU,5,9,6.66095428529006,QPSK,MPA,5,0.211880387931034,0.378852370689655,1,91.9523392813773,0.728744355365085,4,0,0,0.2615506,10,17,VeryHighMobility,0,2026-08-06 16:30:00
HighSpeedRail,281,ETU,5,9,6.48227920737951,QPSK,MPA,10,0.154552801724138,0.284213362068966,1,78.4731278998669,2.10558072567226,4,0,0,0.2957402,10,17,VeryHighMobility,0,2026-08-06 16:30:00
HighSpeedRail,281,ETU,5,9,6.58663209288577,QPSK,MPA,15,0.148908943965517,0.276023706896552,1,77.1143910025491,2.25729133657307,4,0,0,0.2520969,10,17,VeryHighMobility,0,2026-08-06 16:30:01
HighSpeedRail,281,ETU,5,9,6.62144769314619,QPSK,MPA,20,0.137042025862069,0.255657327586207,1,73.9925686184293,2.61623792161687,5,0,0,0.2641527,10,17,VeryHighMobility,0,2026-08-06 16:30:01
HighSpeedRail,281,ETU,5,9,6.06982387660832,QPSK,MPA,25,0.133283943965517,0.248275862068966,1,72.8890253441391,2.74675714043913,5,0,0,0.2700726,10,17,VeryHighMobility,0,2026-08-06 16:30:01
HighSpeedRail,281,ETU,5,9,6.65161988689518,QPSK,MPA,30,0.130010775862069,0.242537715517241,1,72.0736894538334,2.84446491653858,5,0,0,0.2724689,10,17,VeryHighMobility,0,2026-08-06 16:30:01
HighSpeedRail,281,ETU,5,9,6.66310181466574,16QAM,MRC,0,0.364863954741379,0.818130387931034,1,104.009300467671,-0.341443509282127,3,0,0,1.2764187,3.5,17,VeryHighMobility,0,2026-08-06 16:30:03
HighSpeedRail,281,ETU,5,9,6.56134787015901,16QAM,MRC,5,0.267335668103448,0.715220905172414,1,75.033256072874,2.49492413809012,5,0,0,1.4509032,4.4,17,VeryHighMobility,0,2026-08-06 16:30:04
HighSpeedRail,281,ETU,5,9,6.64411996358279,16QAM,MRC,10,0.1447265625,0.477855603448276,1,48.8939096721441,6.21490468276565,7,0,0,1.6270416,5.2,17,VeryHighMobility,0,2026-08-06 16:30:06
HighSpeedRail,281,ETU,5,9,6.64329089437703,16QAM,MRC,15,0.038213900862069,0.14296875,1,22.987912460439,12.7700093071725,10,0,0,1.7229392,6.5,17,VeryHighMobility,0,2026-08-06 16:30:08
HighSpeedRail,281,ETU,5,9,6.39260368060484,16QAM,MRC,20,0.00111126077586207,0.00444504310344828,0.8,3.16426153065296,29.9945525728584,15,696000,0.725,1.4840282,4.2,17,VeryHighMobility,0,2026-08-06 16:30:09
HighSpeedRail,281,ETU,5,9,6.66532100517884,16QAM,MRC,25,4.04094827586207e-05,0.000161637931034483,0.2,0.353173465091142,49.0402386725235,15,2784000,2.9,1.2160438,3,17,VeryHighMobility,0,2026-08-06 16:30:10
HighSpeedRail,281,ETU,5,9,6.64227585847906,16QAM,MRC,30,0,0,0,0,160,15,3480000,3.625,1.1628125,2.9,17,VeryHighMobility,0,2026-08-06 16:30:11
HighSpeedRail,281,ETU,5,9,6.3769725067239,16QAM,LMMSE,0,0.377734375,0.899057112068966,1,84.9245124099231,1.41933875864064,4,0,0,0.2684496,1,17,VeryHighMobility,0,2026-08-06 16:30:12
HighSpeedRail,281,ETU,5,9,6.35213223270919,16QAM,LMMSE,5,0.345090247844828,0.879471982758621,1,77.9819654509554,2.16011646176357,4,0,0,0.264138,1,17,VeryHighMobility,0,2026-08-06 16:30:12
HighSpeedRail,281,ETU,5,9,6.5431005009854,16QAM,LMMSE,10,0.28828125,0.81026400862069,1,68.7996704127345,3.24827284525302,5,0,0,0.2756483,1,17,VeryHighMobility,0,2026-08-06 16:30:12
HighSpeedRail,281,ETU,5,9,6.50646196787355,16QAM,LMMSE,15,0.195655980603448,0.626131465517241,1,55.8600985476624,5.05796604915275,6,0,0,0.2754575,1,17,VeryHighMobility,0,2026-08-06 16:30:12
HighSpeedRail,281,ETU,5,9,6.53448165383725,16QAM,LMMSE,20,0.0562971443965517,0.207327586206897,1,27.649842357484,11.1661468086829,9,0,0,0.2598904,1,17,VeryHighMobility,0,2026-08-06 16:30:13
HighSpeedRail,281,ETU,5,9,6.32699589507463,16QAM,LMMSE,25,0.00928071120689655,0.0360452586206897,1,9.94387768521058,20.0488845275632,13,0,0,0.2687994,1,17,VeryHighMobility,0,2026-08-06 16:30:13
HighSpeedRail,281,ETU,5,9,5.70392082971939,16QAM,LMMSE,30,0.000181842672413793,0.000727370689655172,0.3,0.909722562328197,40.8218206815101,15,2436000,2.5375,0.2672862,1,17,VeryHighMobility,0,2026-08-06 16:30:13
HighSpeedRail,281,ETU,5,9,6.63781296449266,16QAM,MPA,0,0.381263469827586,0.901885775862069,1,85.6826518384492,1.34214201509655,4,0,0,0.3881693,10,17,VeryHighMobility,0,2026-08-06 16:30:14
HighSpeedRail,281,ETU,5,9,6.6407378493706,16QAM,MPA,5,0.344585129310345,0.881088362068966,1,77.8206162656772,2.17810668634245,4,0,0,0.3733209,10,17,VeryHighMobility,0,2026-08-06 16:30:14
HighSpeedRail,281,ETU,5,9,6.62429310297717,16QAM,MPA,10,0.332260237068966,0.870635775862069,1,75.1270966920139,2.48406788539068,5,0,0,0.4087411,10,17,VeryHighMobility,0,2026-08-06 16:30:14
HighSpeedRail,281,ETU,5,9,6.44527355436779,16QAM,MPA,15,0.323484644396552,0.863254310344828,1,73.5930561751027,2.66326322604955,5,0,0,0.3590064,10,17,VeryHighMobility,0,2026-08-06 16:30:15
HighSpeedRail,281,ETU,5,9,6.64552012108833,16QAM,MPA,20,0.321706627155172,0.863092672413793,1,73.1472824522521,2.71603608056547,5,0,0,0.3699131,10,17,VeryHighMobility,0,2026-08-06 16:30:15
HighSpeedRail,281,ETU,5,9,6.29357597206408,16QAM,MPA,25,0.326522090517241,0.868453663793103,1,73.8353447617884,2.63471385827785,5,0,0,0.3540945,10,17,VeryHighMobility,0,2026-08-06 16:30:16
HighSpeedRail,281,ETU,5,9,6.44109930309386,16QAM,MPA,30,0.320049838362069,0.859617456896552,1,73.2176434839013,2.70768506068971,5,0,0,0.2997302,10,17,VeryHighMobility,0,2026-08-06 16:30:16
HighSpeedRail,281,ETU,5,9,6.57383649339318,64QAM,MRC,0,0.41352819683908,0.949461206896552,1,108.246311597531,-0.688262141130735,3,0,0,2.0295818,9.1,17,VeryHighMobility,0,2026-08-06 16:30:18
HighSpeedRail,281,ETU,5,9,6.62205589952477,64QAM,MRC,5,0.355774066091954,0.918938577586207,1,80.0190318755192,1.93613414628445,4,0,0,2.4743196,9.8,17,VeryHighMobility,0,2026-08-06 16:30:20
HighSpeedRail,281,ETU,5,9,6.64502531004452,64QAM,MRC,10,0.253996048850575,0.830091594827586,1,50.3360552291468,5.96241645089912,7,0,0,2.0469803,8.2,17,VeryHighMobility,0,2026-08-06 16:30:22
HighSpeedRail,281,ETU,5,9,6.66534679212586,64QAM,MRC,15,0.152554777298851,0.661476293103448,1,31.538121589957,10.0232835361918,8,0,0,2.1772239,8.8,17,VeryHighMobility,0,2026-08-06 16:30:25
HighSpeedRail,281,ETU,5,9,5.85874119533349,64QAM,MRC,20,0.0781160201149425,0.396363146551724,1,20.8616894012682,13.6130104973461,10,0,0,2.3329634,10.9,17,VeryHighMobility,0,2026-08-06 16:30:27
HighSpeedRail,281,ETU,5,9,6.61738451664536,64QAM,MRC,25,0.027191091954023,0.151077586206897,1,10.9241920350562,19.2322134810961,13,0,0,2.3253052,10.7,17,VeryHighMobility,0,2026-08-06 16:30:29
HighSpeedRail,281,ETU,5,9,6.24064240138248,64QAM,MRC,30,2.69396551724138e-05,0.000161637931034483,0.1,0.124082467796513,58.1257915540905,15,4698000,4.89375,2.5808898,11.5,17,VeryHighMobility,0,2026-08-06 16:30:32
HighSpeedRail,281,ETU,5,9,6.65075384121629,64QAM,LMMSE,0,0.424865301724138,0.979849137931034,1,91.1106718083215,0.808615021237438,4,0,0,0.2520221,1,17,VeryHighMobility,0,2026-08-06 16:30:32
HighSpeedRail,281,ETU,5,9,6.64653086341794,64QAM,LMMSE,5,0.404198096264368,0.977936422413793,1,87.7334644766367,1.13669441194461,4,0,0,0.2630746,1,17,VeryHighMobility,0,2026-08-06 16:30:32
HighSpeedRail,281,ETU,5,9,6.6599935977626,64QAM,LMMSE,10,0.395433728448276,0.977047413793103,1,84.0168246004323,1.51267473126889,4,0,0,0.2530003,1,17,VeryHighMobility,0,2026-08-06 16:30:33
HighSpeedRail,281,ETU,5,9,6.65187360771901,64QAM,LMMSE,15,0.377738864942529,0.956573275862069,1,67.1828994974458,3.45482513386227,5,0,0,0.270854,1,17,VeryHighMobility,0,2026-08-06 16:30:33
HighSpeedRail,281,ETU,5,9,6.35020307473985,64QAM,LMMSE,20,0.273805675287356,0.86495150862069,1,47.6127264715924,6.44553897178499,7,0,0,0.2627883,1,17,VeryHighMobility,0,2026-08-06 16:30:33
HighSpeedRail,281,ETU,5,9,6.66177853651667,64QAM,LMMSE,25,0.190575610632184,0.766460129310345,1,35.1450390984866,9.08271938398082,8,0,0,0.2569987,1,17,VeryHighMobility,0,2026-08-06 16:30:33
HighSpeedRail,281,ETU,5,9,6.601542338364,64QAM,LMMSE,30,0.094921875,0.476023706896552,1,23.0315018022142,12.7535548463172,10,0,0,0.2747775,1,17,VeryHighMobility,0,2026-08-06 16:30:34
HighSpeedRail,281,ETU,5,9,6.62453403516653,64QAM,MPA,0,0.424250179597701,0.980199353448276,1,90.6968671214668,0.848154284235395,4,0,0,0.6358751,10,17,VeryHighMobility,0,2026-08-06 16:30:34
HighSpeedRail,281,ETU,5,9,6.63495981634256,64QAM,MPA,5,0.402433548850575,0.977963362068966,1,87.7097152647398,1.13904597710766,4,0,0,0.653667,10,17,VeryHighMobility,0,2026-08-06 16:30:35
HighSpeedRail,281,ETU,5,9,6.6388322859585,64QAM,MPA,10,0.392623024425287,0.977909482758621,1,86.0969490163068,1.30024476392557,4,0,0,0.6369052,10,17,VeryHighMobility,0,2026-08-06 16:30:36
HighSpeedRail,281,ETU,5,9,6.44419210772401,64QAM,MPA,15,0.396776221264368,0.977209051724138,1,86.1271007904498,1.29720343508018,4,0,0,0.6795347,10,17,VeryHighMobility,0,2026-08-06 16:30:36
HighSpeedRail,281,ETU,5,9,6.6652902221743,64QAM,MPA,20,0.407049209770115,0.977828663793103,1,87.8062580457274,1.12949060719159,4,0,0,0.7105961,10,17,VeryHighMobility,0,2026-08-06 16:30:37
HighSpeedRail,281,ETU,5,9,6.66527204100617,64QAM,MPA,25,0.406308369252874,0.977855603448276,1,87.6127141621442,1.14865730819223,4,0,0,0.6491515,10,17,VeryHighMobility,0,2026-08-06 16:30:38
HighSpeedRail,281,ETU,5,9,6.66441537105527,64QAM,MPA,30,0.411507722701149,0.977586206896552,1,88.4668631293072,1.06438743462839,4,0,0,0.6522958,10,17,VeryHighMobility,0,2026-08-06 16:30:38
HighSpeedRail,242,ETU,5,9,5.70582980128349,QPSK,MRC,0,0.268547952586207,0.463092672413793,1,103.479670641801,-0.297100755224076,3,0,0,1.1741364,3.2,18,VeryHighMobility,0,2026-08-06 16:30:39
HighSpeedRail,242,ETU,5,9,5.7351421747853,QPSK,MRC,5,0.108755387931034,0.203448275862069,1,64.3911834899068,3.82347185274287,5,0,0,1.1748321,3.1,18,VeryHighMobility,0,2026-08-06 16:30:41
HighSpeedRail,242,ETU,5,9,5.71595589451838,QPSK,MRC,10,0.0130657327586207,0.0259159482758621,1,19.0526612758973,14.400887069884,11,0,0,1.0568246,2.7,18,VeryHighMobility,0,2026-08-06 16:30:42
HighSpeedRail,242,ETU,5,9,5.65717624579138,QPSK,MRC,15,0.00095635775862069,0.00191271551724138,0.4,3.27824359407412,29.687175575215,15,1044000,1.0875,1.0525425,2.5,18,VeryHighMobility,0,2026-08-06 16:30:43
HighSpeedRail,242,ETU,5,9,5.49749813595614,QPSK,MRC,20,0,0,0,0,160,15,1740000,1.8125,0.9351715,2,18,VeryHighMobility,0,2026-08-06 16:30:44
HighSpeedRail,242,ETU,5,9,5.74007442511602,QPSK,MRC,25,0,0,0,0,160,15,1740000,1.8125,0.9371383,2,18,VeryHighMobility,0,2026-08-06 16:30:45
HighSpeedRail,242,ETU,5,9,4.98190634697687,QPSK,MRC,30,0,0,0,0,160,15,1740000,1.8125,0.951312,2,18,VeryHighMobility,0,2026-08-06 16:30:46
HighSpeedRail,242,ETU,5,9,5.66774696159852,QPSK,LMMSE,0,0.211503232758621,0.376616379310345,1,91.4396870984404,0.77730537483931,4,0,0,0.2535706,1,18,VeryHighMobility,0,2026-08-06 16:30:46
HighSpeedRail,242,ETU,5,9,5.68917228681909,QPSK,LMMSE,5,0.0955684267241379,0.181276939655172,1,61.073597019649,4.28293001672558,5,0,0,0.2410198,1,18,VeryHighMobility,0,2026-08-06 16:30:46
HighSpeedRail,242,ETU,5,9,5.73275741002361,QPSK,LMMSE,10,0.0197602370689655,0.0389547413793103,1,25.5729956500495,11.8443679047973,10,0,0,0.2529975,1,18,VeryHighMobility,0,2026-08-06 16:30:46
HighSpeedRail,242,ETU,5,9,5.60405771703427,QPSK,LMMSE,15,0.000889008620689655,0.00177801724137931,0.9,4.62760849444004,26.6928678081332,15,174000,0.18125,0.2546185,1,18,VeryHighMobility,0,2026-08-06 16:30:47
HighSpeedRail,242,ETU,5,9,5.74004564690633,QPSK,LMMSE,20,2.69396551724138e-05,5.38793103448276e-05,0.1,0.328266082149306,49.6754797621886,15,1566000,1.63125,0.235278,1,18,VeryHighMobility,0,2026-08-06 16:30:47
HighSpeedRail,242,ETU,5,9,5.72254162633928,QPSK,LMMSE,25,0,0,0,0,160,15,1740000,1.8125,0.2464184,1,18,VeryHighMobility,0,2026-08-06 16:30:47
HighSpeedRail,242,ETU,5,9,5.73434636872271,QPSK,LMMSE,30,0,0,0,0,160,15,1740000,1.8125,0.2405822,1,18,VeryHighMobility,0,2026-08-06 16:30:47
HighSpeedRail,242,ETU,5,9,5.61762672655078,QPSK,MPA,0,0.272535021551724,0.470447198275862,1,104.239685229382,-0.360661825512496,3,0,0,0.2647496,10,18,VeryHighMobility,0,2026-08-06 16:30:48
HighSpeedRail,242,ETU,5,9,5.70785773097338,QPSK,MPA,5,0.210695043103448,0.375457974137931,1,91.6050059643702,0.761615853433785,4,0,0,0.2636666,10,18,VeryHighMobility,0,2026-08-06 16:30:48
HighSpeedRail,242,ETU,5,9,5.62164877042982,QPSK,MPA,10,0.167254849137931,0.305414870689655,1,81.671968756726,1.75853950660223,4,0,0,0.2678846,10,18,VeryHighMobility,0,2026-08-06 16:30:48
HighSpeedRail,242,ETU,5,9,4.87741295420823,QPSK,MPA,15,0.131074892241379,0.244450431034483,1,72.2654703049324,2.8213833316051,5,0,0,0.2534992,10,18,VeryHighMobility,0,2026-08-06 16:30:48
HighSpeedRail,242,ETU,5,9,5.61931945880155,QPSK,MPA,20,0.129000538793103,0.240328663793103,1,71.7329791608299,2.88562263988083,5,0,0,0.2595231,10,18,VeryHighMobility,0,2026-08-06 16:30:49
HighSpeedRail,242,ETU,5,9,5.73723160150193,QPSK,MPA,25,0.129633620689655,0.24229525862069,1,71.8560390867217,2.8707345208602,5,0,0,0.2658523,10,18,VeryHighMobility,0,2026-08-06 16:30:49
HighSpeedRail,242,ETU,5,9,4.9182586124744,QPSK,MPA,30,0.125942887931034,0.2359375,1,70.7562876972732,3.00469921758727,5,0,0,0.2723531,10,18,VeryHighMobility,0,2026-08-06 16:30:49
HighSpeedRail,242,ETU,5,9,5.72402956408296,16QAM,MRC,0,0.346524784482759,0.802909482758621,1,96.701682782031,0.291319367028389,4,0,0,1.3548119,3.9,18,VeryHighMobility,0,2026-08-06 16:30:51
HighSpeedRail,242,ETU,5,9,5.73804499548412,16QAM,MRC,5,0.265510506465517,0.706007543103448,1,74.9697519621154,2.5022785203494,5,0,0,1.4271394,4,18,VeryHighMobility,0,2026-08-06 16:30:52
HighSpeedRail,242,ETU,5,9,5.74026281963107,16QAM,MRC,10,0.169113685344828,0.538038793103448,1,53.8581190534807,5.37497636010115,6,0,0,1.5159914,4.5,18,VeryHighMobility,0,2026-08-06 16:30:53
HighSpeedRail,242,ETU,5,9,5.70494366682281,16QAM,MRC,15,0.0659886853448276,0.239682112068966,1,30.3171253401089,10.3662396149652,9,0,0,1.6808689,5.9,18,VeryHighMobility,0,2026-08-06 16:30:55
HighSpeedRail,242,ETU,5,9,5.6753254787496,16QAM,MRC,20,0.00542834051724138,0.0212015086206897,0.8,5.93263598402057,24.5350459676219,15,696000,0.725,1.3851947,4.3,18,VeryHighMobility,0,2026-08-06 16:30:57
HighSpeedRail,242,ETU,5,9,5.7398975641423,16QAM,MRC,25,6.73491379310345e-06,2.69396551724138e-05,0.1,0.104382086397886,59.6274805335864,15,3132000,3.2625,1.1130606,2.9,18,VeryHighMobility,0,2026-08-06 16:30:58
HighSpeedRail,242,ETU,5,9,4.93131945612442,16QAM,MRC,30,0,0,0,0,160,15,3480000,3.625,1.026747,2.4,18,VeryHighMobility,0,2026-08-06 16:30:59
HighSpeedRail,242,ETU,5,9,5.73026756119341,16QAM,LMMSE,0,0.372124191810345,0.896066810344828,1,83.7656113121247,1.53868475450543,4,0,0,0.2498063,1,18,VeryHighMobility,0,2026-08-06 16:30:59
HighSpeedRail,242,ETU,5,9,5.68902368853767,16QAM,LMMSE,5,0.348060344827586,0.88515625,1,78.4744339434397,2.10543616591991,4,0,0,0.2406023,1,18,VeryHighMobility,0,2026-08-06 16:30:59
HighSpeedRail,242,ETU,5,9,5.65283875909386,16QAM,LMMSE,10,0.267106681034483,0.775484913793103,1,65.9703667268143,3.61302203371939,5,0,0,0.2497871,1,18,VeryHighMobility,0,2026-08-06 16:30:59
HighSpeedRail,242,ETU,5,9,5.62281831015983,16QAM,LMMSE,15,0.195150862068966,0.613766163793103,1,55.5131724244389,5.11207906458255,6,0,0,0.2418869,1,18,VeryHighMobility,0,2026-08-06 16:31:00
HighSpeedRail,242,ETU,5,9,5.73488757467467,16QAM,LMMSE,20,0.0547885237068966,0.204768318965517,1,28.678373031319,10.8489098101286,9,0,0,0.2464418,1,18,VeryHighMobility,0,2026-08-06 16:31:00
HighSpeedRail,242,ETU,5,9,5.66163945024124,16QAM,LMMSE,25,0.00994746767241379,0.0388739224137931,1,10.6965737047242,19.4151062396145,13,0,0,0.2592394,1,18,VeryHighMobility,0,2026-08-06 16:31:00
HighSpeedRail,242,ETU,5,9,5.72223968870453,16QAM,LMMSE,30,0.000188577586206897,0.000754310344827586,0.4,0.961976248378527,40.336713015075,15,2088000,2.175,0.2514129,1,18,VeryHighMobility,0,2026-08-06 16:31:00
HighSpeedRail,242,ETU,5,9,5.74026676813801,16QAM,MPA,0,0.383492726293103,0.900431034482759,1,86.3382024866372,1.27593994710462,4,0,0,0.3645693,10,18,VeryHighMobility,0,2026-08-06 16:31:01
HighSpeedRail,242,ETU,5,9,5.61383062225803,16QAM,MPA,5,0.34325161637931,0.878717672413793,1,77.9909249210844,2.15911858362391,4,0,0,0.3613347,10,18,VeryHighMobility,0,2026-08-06 16:31:01
HighSpeedRail,242,ETU,5,9,5.63621663123697,16QAM,MPA,10,0.332152478448276,0.870285560344828,1,75.3483965101436,2.45851970951022,5,0,0,0.3312231,10,18,VeryHighMobility,0,2026-08-06 16:31:01
HighSpeedRail,242,ETU,5,9,5.60052713473099,16QAM,MPA,15,0.326575969827586,0.868480603448276,1,74.3083681821545,2.57924551464284,5,0,0,0.3707666,10,18,VeryHighMobility,0,2026-08-06 16:31:02
HighSpeedRail,242,ETU,5,9,5.73215872951843,16QAM,MPA,20,0.322649515086207,0.863496767241379,1,73.6637538426676,2.65492307274536,5,0,0,0.3589406,10,18,VeryHighMobility,0,2026-08-06 16:31:02
HighSpeedRail,242,ETU,5,9,5.71645570009113,16QAM,MPA,25,0.323262392241379,0.864493534482759,1,73.7734526537399,2.64199781507303,5,0,0,0.3497783,10,18,VeryHighMobility,0,2026-08-06 16:31:03
HighSpeedRail,242,ETU,5,9,5.73516330610832,16QAM,MPA,30,0.322669719827586,0.866891163793103,1,73.3625952044288,2.69050627766929,5,0,0,0.359614,10,18,VeryHighMobility,0,2026-08-06 16:31:03
HighSpeedRail,242,ETU,5,9,5.65163822101378,64QAM,MRC,0,0.402002514367816,0.947413793103448,1,101.159516300865,-0.100134881543969,3,0,0,1.9027795,7.8,18,VeryHighMobility,0,2026-08-06 16:31:05
HighSpeedRail,242,ETU,5,9,5.73920209484213,64QAM,MRC,5,0.342124640804598,0.910856681034483,1,74.0651609785448,2.60772057800001,5,0,0,1.9563818,8,18,VeryHighMobility,0,2026-08-06 16:31:07
HighSpeedRail,242,ETU,5,9,5.64475704880882,64QAM,MRC,10,0.233750897988506,0.811584051724138,1,45.3570670888868,6.86710071735303,7,0,0,2.3182294,9.4,18,VeryHighMobility,0,2026-08-06 16:31:09
HighSpeedRail,242,ETU,5,9,5.35566490564145,64QAM,MRC,15,0.157601472701149,0.675134698275862,1,32.2852032601017,9.81992950065753,8,0,0,2.642813,9.5,18,VeryHighMobility,0,2026-08-06 16:31:12
HighSpeedRail,242,ETU,5,9,5.73455155099814,64QAM,MRC,20,0.0858611709770115,0.433216594827586,1,22.0430967869289,13.1345478488568,10,0,0,2.4944673,9.3,18,VeryHighMobility,0,2026-08-06 16:31:14
HighSpeedRail,242,ETU,5,9,5.52893354825387,64QAM,MRC,25,0.0182156968390805,0.102020474137931,1,8.98902237613643,20.9257507698659,13,0,0,2.7672192,13.2,18,VeryHighMobility,0,2026-08-06 16:31:17
HighSpeedRail,242,ETU,5,9,5.6959086407696,64QAM,MRC,30,0.00280621408045977,0.0158943965517241,0.4,1.46159939499955,36.7034329084636,15,3132000,3.2625,3.2655579,17.1,18,VeryHighMobility,0,2026-08-06 16:31:20
HighSpeedRail,242,ETU,5,9,5.74021941893962,64QAM,LMMSE,0,0.422431752873563,0.979849137931034,1,90.5091778859239,0.866147597528104,4,0,0,0.2626987,1,18,VeryHighMobility,0,2026-08-06 16:31:21
HighSpeedRail,242,ETU,5,9,5.7350279087404,64QAM,LMMSE,5,0.405073635057471,0.979310344827586,1,87.9603795519707,1.11425810624067,4,0,0,0.262982,1,18,VeryHighMobility,0,2026-08-06 16:31:21
HighSpeedRail,242,ETU,5,9,5.65894641511621,64QAM,LMMSE,10,0.39442349137931,0.97421875,1,82.6405602704666,1.65613494265662,4,0,0,0.2543259,1,18,VeryHighMobility,0,2026-08-06 16:31:21
HighSpeedRail,242,ETU,5,9,5.36402829707403,64QAM,LMMSE,15,0.376355962643678,0.958917025862069,1,67.9610215122268,3.35480203873519,5,0,0,0.2503102,1,18,VeryHighMobility,0,2026-08-06 16:31:21
HighSpeedRail,242,ETU,5,9,5.71674407616664,64QAM,LMMSE,20,0.292780172413793,0.9078125,1,49.6900795599963,6.07460615788882,7,0,0,0.2556976,1,18,VeryHighMobility,0,2026-08-06 16:31:22
HighSpeedRail,242,ETU,5,9,5.66196103696821,64QAM,LMMSE,25,0.155087104885057,0.666056034482759,1,30.3826473833617,10.3474877339593,9,0,0,0.2670693,1,18,VeryHighMobility,0,2026-08-06 16:31:22
HighSpeedRail,242,ETU,5,9,5.73585863153097,64QAM,LMMSE,30,0.0779139727011494,0.402693965517241,1,20.2414961174086,13.8751478094497,10,0,0,0.2663644,1,18,VeryHighMobility,0,2026-08-06 16:31:22
HighSpeedRail,242,ETU,5,9,5.70244330366651,64QAM,MPA,0,0.421928879310345,0.979606681034483,1,90.2724409360699,0.888896284131045,4,0,0,0.7601741,10,18,VeryHighMobility,0,2026-08-06 16:31:23
HighSpeedRail,242,ETU,5,9,5.73862059200579,64QAM,MPA,5,0.403789511494253,0.977693965517241,1,87.9922778566164,1.11110879140895,4,0,0,0.779965,10,18,VeryHighMobility,0,2026-08-06 16:31:24
HighSpeedRail,242,ETU,5,9,5.73691958211961,64QAM,MPA,10,0.389408225574713,0.976616379310345,1,86.0649126566628,1.30347735312717,4,0,0,0.7986382,10,18,VeryHighMobility,0,2026-08-06 16:31:24
HighSpeedRail,242,ETU,5,9,5.61831523090365,64QAM,MPA,15,0.397588900862069,0.977155172413793,1,86.4537999830751,1.26431826054577,4,0,0,0.78113,10,18,VeryHighMobility,0,2026-08-06 16:31:25
HighSpeedRail,242,ETU,5,9,5.68704834825167,64QAM,MPA,20,0.406685524425287,0.977613146551724,1,87.861536973279,1.12402407668928,4,0,0,0.7987936,10,18,VeryHighMobility,0,2026-08-06 16:31:26
HighSpeedRail,242,ETU,5,9,5.67107683429562,64QAM,MPA,25,0.419935344827586,0.981115301724138,1,89.3980844029361,0.973435740893179,4,0,0,0.7659996,10,18,VeryHighMobility,0,2026-08-06 16:31:27
HighSpeedRail,242,ETU,5,9,5.56134324146318,64QAM,MPA,30,0.415059267241379,0.977747844827586,1,89.1169897847087,1.00078983253835,4,0,0,0.6411473,10,18,VeryHighMobility,0,2026-08-06 16:31:27
HighSpeedRail,265,ETU,5,9,6.21107512522165,QPSK,MRC,0,0.241837284482759,0.423599137931034,1,98.1709175085263,0.16034300112737,3,0,0,1.1720623,3.2,19,VeryHighMobility,0,2026-08-06 16:31:29
HighSpeedRail,265,ETU,5,9,6.27076242032629,QPSK,MRC,5,0.112863685344828,0.211018318965517,1,65.1536507992568,3.72122488297279,5,0,0,1.3109933,3.1,19,VeryHighMobility,0,2026-08-06 16:31:30
HighSpeedRail,265,ETU,5,9,6.27543540627686,QPSK,MRC,10,0.0113550646551724,0.0224946120689655,1,19.7698084209174,14.0799507838242,10,0,0,1.205792,3.2,19,VeryHighMobility,0,2026-08-06 16:31:31
HighSpeedRail,265,ETU,5,9,6.25639155891463,QPSK,MRC,15,0.000134698275862069,0.000269396551724138,0.3,1.12077050974124,39.0096660987915,15,1218000,1.26875,0.9403354,2.1,19,VeryHighMobility,0,2026-08-06 16:31:32
HighSpeedRail,265,ETU,5,9,6.28481826793641,QPSK,MRC,20,6.73491379310345e-05,0.000134698275862069,0.1,0.519034249085875,45.6960796754682,15,1566000,1.63125,0.9779957,2.1,19,VeryHighMobility,0,2026-08-06 16:31:33
HighSpeedRail,265,ETU,5,9,6.26315955177714,QPSK,MRC,25,0,0,0,0,160,15,1740000,1.8125,0.9241168,2,19,VeryHighMobility,0,2026-08-06 16:31:34
HighSpeedRail,265,ETU,5,9,6.22710626721511,QPSK,MRC,30,0,0,0,0,160,15,1740000,1.8125,0.9747177,2,19,VeryHighMobility,0,2026-08-06 16:31:35
HighSpeedRail,265,ETU,5,9,6.21140315748138,QPSK,LMMSE,0,0.214143318965517,0.380765086206897,1,92.3666510414556,0.689696048097624,4,0,0,0.2342795,1,19,VeryHighMobility,0,2026-08-06 16:31:35
HighSpeedRail,265,ETU,5,9,6.26615911866195,QPSK,LMMSE,5,0.0893723060344828,0.169073275862069,1,58.4097926853487,4.67028670409462,6,0,0,0.2410598,1,19,VeryHighMobility,0,2026-08-06 16:31:35
HighSpeedRail,265,ETU,5,9,6.26401028566149,QPSK,LMMSE,10,0.0375269396551724,0.0728717672413793,1,37.128103678954,8.60594463669824,8,0,0,0.2485642,1,19,VeryHighMobility,0,2026-08-06 16:31:36
HighSpeedRail,265,ETU,5,9,6.14408192798987,QPSK,LMMSE,15,0.00210129310344828,0.00414870689655172,0.8,6.91801681545663,23.200367733825,15,348000,0.3625,0.2435231,1,19,VeryHighMobility,0,2026-08-06 16:31:36
HighSpeedRail,265,ETU,5,9,6.16817797759677,QPSK,LMMSE,20,8.08189655172414e-05,0.000161637931034483,0.2,0.75115342180719,42.4854270005492,15,1392000,1.45,0.2454064,1,19,VeryHighMobility,0,2026-08-06 16:31:36
HighSpeedRail,265,ETU,5,9,5.94445436247821,QPSK,LMMSE,25,0,0,0,0,160,15,1740000,1.8125,0.2353144,1,19,VeryHighMobility,0,2026-08-06 16:31:36
HighSpeedRail,265,ETU,5,9,6.2821124535785,QPSK,LMMSE,30,0,0,0,0,160,15,1740000,1.8125,0.2487664,1,19,VeryHighMobility,0,2026-08-06 16:31:37
HighSpeedRail,265,ETU,5,9,6.14646536297491,QPSK,MPA,0,0.289035560344828,0.492241379310345,1,107.384409229122,-0.618824644539777,3,0,0,0.2579463,10,19,VeryHighMobility,0,2026-08-06 16:31:37
HighSpeedRail,265,ETU,5,9,6.25845720615405,QPSK,MPA,5,0.20184536637931,0.362257543103448,1,89.7241859231764,0.941809467512445,4,0,0,0.260475,10,19,VeryHighMobility,0,2026-08-06 16:31:37
HighSpeedRail,265,ETU,5,9,6.27402540699081,QPSK,MPA,10,0.170743534482759,0.311907327586207,1,82.5729466062915,1.66324434755867,4,0,0,0.285594,10,19,VeryHighMobility,0,2026-08-06 16:31:37
HighSpeedRail,265,ETU,5,9,6.28411298660251,QPSK,MPA,15,0.139520474137931,0.25948275862069,1,74.6262241074721,2.54217063986182,5,0,0,0.2654364,10,19,VeryHighMobility,0,2026-08-06 16:31:38
HighSpeedRail,265,ETU,5,9,5.50662451967444,QPSK,MPA,20,0.128246228448276,0.240301724137931,1,71.3834575025952,2.92804841089861,5,0,0,0.1589054,10,19,VeryHighMobility,0,2026-08-06 16:31:38
HighSpeedRail,265,ETU,5,9,6.09863706550169,QPSK,MPA,25,0.120231681034483,0.226104525862069,1,69.2776105992072,3.18814199298812,5,0,0,0.1513993,10,19,VeryHighMobility,0,2026-08-06 16:31:38
HighSpeedRail,265,ETU,5,9,5.60379304876331,QPSK,MPA,30,0.115584590517241,0.218022629310345,1,67.9161931046129,3.36053331040439,5,0,0,0.154111,10,19,VeryHighMobility,0,2026-08-06 16:31:38
HighSpeedRail,265,ETU,5,9,6.19028576820858,16QAM,MRC,0,0.362116109913793,0.814304956896552,1,102.1048999765,-0.18093168438131,3,0,0,0.4887514,3.2,19,VeryHighMobility,0,2026-08-06 16:31:39
HighSpeedRail,265,ETU,5,9,6.25489202237379,16QAM,MRC,5,0.256862877155172,0.699811422413793,1,72.8089264764237,2.75630744621225,5,0,0,0.5456303,4,19,VeryHighMobility,0,2026-08-06 16:31:39
HighSpeedRail,265,ETU,5,9,6.25213861066529,16QAM,MRC,10,0.162560614224138,0.528987068965517,1,52.2817637510636,5.63299539411995,6,0,0,0.5697472,4.5,19,VeryHighMobility,0,2026-08-06 16:31:40
HighSpeedRail,265,ETU,5,9,6.17548926656637,16QAM,MRC,15,0.0575161637931034,0.211799568965517,1,28.816964860879,10.8070352612707,9,0,0,0.7764531,5.7,19,VeryHighMobility,0,2026-08-06 16:31:41
HighSpeedRail,265,ETU,5,9,6.10423471950388,16QAM,MRC,20,0.0029364224137931,0.0116109913793103,0.6,4.5923359517231,26.7593269738625,15,1392000,1.45,0.5628378,4.3,19,VeryHighMobility,0,2026-08-06 16:31:41
HighSpeedRail,265,ETU,5,9,6.03198382514475,16QAM,MRC,25,0,0,0,0,160,15,3480000,3.625,0.4340298,2.6,19,VeryHighMobility,0,2026-08-06 16:31:42
HighSpeedRail,265,ETU,5,9,6.16278322004339,16QAM,MRC,30,0,0,0,0,160,15,3480000,3.625,0.5198315,3.1,19,VeryHighMobility,0,2026-08-06 16:31:42
HighSpeedRail,265,ETU,5,9,6.27251755162669,16QAM,LMMSE,0,0.384859913793103,0.90067349137931,1,86.3971024537003,1.27001644891066,4,0,0,0.136622,1,19,VeryHighMobility,0,2026-08-06 16:31:42
HighSpeedRail,265,ETU,5,9,6.26201566627789,16QAM,LMMSE,5,0.344389816810345,0.876993534482759,1,78.1707761275216,2.13911152157746,4,0,0,0.1424107,1,19,VeryHighMobility,0,2026-08-06 16:31:42
HighSpeedRail,265,ETU,5,9,6.24732397046669,16QAM,LMMSE,10,0.312850215517241,0.84932650862069,1,72.0893045438572,2.84258328318171,5,0,0,0.1347516,1,19,VeryHighMobility,0,2026-08-06 16:31:43
HighSpeedRail,265,ETU,5,9,6.26580144296575,16QAM,LMMSE,15,0.17061557112069,0.558782327586207,1,51.9072266683771,5.69544348514526,6,0,0,0.1278115,1,19,VeryHighMobility,0,2026-08-06 16:31:43
HighSpeedRail,265,ETU,5,9,6.04966243479384,16QAM,LMMSE,20,0.0665880926724138,0.244234913793103,1,31.8870102419565,9.92772397468294,8,0,0,0.1293361,1,19,VeryHighMobility,0,2026-08-06 16:31:43
HighSpeedRail,265,ETU,5,9,6.25984623661745,16QAM,LMMSE,25,0.0137122844827586,0.0532596982758621,0.9,12.9430030715217,17.7592989152708,12,348000,0.3625,0.1356438,1,19,VeryHighMobility,0,2026-08-06 16:31:43
HighSpeedRail,265,ETU,5,9,6.23806410429081,16QAM,LMMSE,30,0.00114493534482759,0.00457974137931034,0.5,2.51909660928513,31.9751035331272,15,1740000,1.8125,0.1392451,1,19,VeryHighMobility,0,2026-08-06 16:31:43
HighSpeedRail,265,ETU,5,9,6.25047841805243,16QAM,MPA,0,0.369591864224138,0.893211206896552,1,83.3965974492865,1.57703336114063,4,0,0,0.2449165,10,19,VeryHighMobility,0,2026-08-06 16:31:43
HighSpeedRail,265,ETU,5,9,6.2635198493679,16QAM,MPA,5,0.340375808189655,0.874137931034483,1,77.1122168860294,2.25753622474652,4,0,0,0.2425234,10,19,VeryHighMobility,0,2026-08-06 16:31:44
HighSpeedRail,265,ETU,5,9,6.28575117510165,16QAM,MPA,10,0.327458243534483,0.867214439655172,1,74.7261277266126,2.53055044199999,5,0,0,0.2378292,10,19,VeryHighMobility,0,2026-08-06 16:31:44
HighSpeedRail,265,ETU,5,9,6.17568389259853,16QAM,MPA,15,0.327727640086207,0.868238146551724,1,74.4021400315402,2.56829145292042,5,0,0,0.22048,10,19,VeryHighMobility,0,2026-08-06 16:31:44
HighSpeedRail,265,ETU,5,9,5.9624850884389,16QAM,MPA,20,0.322029903017241,0.86082974137931,1,73.6092225810512,2.66135538033326,5,0,0,0.2264545,10,19,VeryHighMobility,0,2026-08-06 16:31:44
HighSpeedRail,265,ETU,5,9,6.23842347968378,16QAM,MPA,25,0.319059806034483,0.860991379310345,1,72.8080577126326,2.75641108778198,5,0,0,0.2438602,10,19,VeryHighMobility,0,2026-08-06 16:31:45
HighSpeedRail,265,ETU,5,9,6.27106131375266,16QAM,MPA,30,0.323996497844828,0.864008620689655,1,73.525887437313,2.67119449947746,5,0,0,0.2401481,10,19,VeryHighMobility,0,2026-08-06 16:31:45
HighSpeedRail,265,ETU,5,9,5.14022606362953,64QAM,MRC,0,0.425049389367816,0.955818965517241,1,115.732912955089,-1.26913768587728,3,0,0,0.7239304,6.3,19,VeryHighMobility,0,2026-08-06 16:31:45
HighSpeedRail,265,ETU,5,9,5.94885969064945,64QAM,MRC,5,0.337549389367816,0.907058189655172,1,73.3351096439988,2.69376108724624,5,0,0,1.0509666,10.4,19,VeryHighMobility,0,2026-08-06 16:31:47
HighSpeedRail,265,ETU,5,9,6.14994867770617,64QAM,MRC,10,0.257861889367816,0.838038793103448,1,50.454290903964,5.9420378624086,7,0,0,0.869661,8.3,19,VeryHighMobility,0,2026-08-06 16:31:47
HighSpeedRail,265,ETU,5,9,6.24855489569015,64QAM,MRC,15,0.181667564655172,0.728690732758621,1,36.0997618555752,8.84991326113931,8,0,0,0.9517943,9.5,19,VeryHighMobility,0,2026-08-06 16:31:48
HighSpeedRail,265,ETU,5,9,6.27747029985969,64QAM,MRC,20,0.0652747844827586,0.336422413793103,1,18.2374377218723,14.7807235629358,11,0,0,0.8559462,8.3,19,VeryHighMobility,0,2026-08-06 16:31:49
HighSpeedRail,265,ETU,5,9,6.26979379321014,64QAM,MRC,25,0.0153825431034483,0.0865840517241379,1,7.75777384269584,22.205257705085,14,0,0,1.0079284,10.1,19,VeryHighMobility,0,2026-08-06 16:31:50
HighSpeedRail,265,ETU,5,9,6.28206810236415,64QAM,MRC,30,0.00060614224137931,0.00363685344827586,0.2,0.740664500496846,42.6075694052749,15,4176000,4.35,1.2594253,13.5,19,VeryHighMobility,0,2026-08-06 16:31:51
HighSpeedRail,265,ETU,5,9,6.2624389680216,64QAM,LMMSE,0,0.422624820402299,0.979067887931034,1,90.7329283771262,0.844701443535977,4,0,0,0.1455129,1,19,VeryHighMobility,0,2026-08-06 16:31:52
HighSpeedRail,265,ETU,5,9,4.88431157420772,64QAM,LMMSE,5,0.403165409482759,0.977882543103448,1,87.609149699196,1.14901069482001,4,0,0,0.1437961,1,19,VeryHighMobility,0,2026-08-06 16:31:52
HighSpeedRail,265,ETU,5,9,6.275682907639,64QAM,LMMSE,10,0.393309985632184,0.975754310344828,1,84.4444380354457,1.4685790023953,4,0,0,0.1362621,1,19,VeryHighMobility,0,2026-08-06 16:31:52
HighSpeedRail,265,ETU,5,9,5.17487928889473,64QAM,LMMSE,15,0.380194863505747,0.960075431034483,1,68.7528378753609,3.25418741957636,5,0,0,0.1350783,1,19,VeryHighMobility,0,2026-08-06 16:31:52
HighSpeedRail,265,ETU,5,9,6.26728128908161,64QAM,LMMSE,20,0.306586745689655,0.915948275862069,1,52.7242443485931,5.55979271828937,6,0,0,0.1384625,1,19,VeryHighMobility,0,2026-08-06 16:31:52
HighSpeedRail,265,ETU,5,9,6.26290399491678,64QAM,LMMSE,25,0.164619252873563,0.714439655172414,1,31.8831674071892,9.92877081005198,8,0,0,0.1432344,1,19,VeryHighMobility,0,2026-08-06 16:31:52
HighSpeedRail,265,ETU,5,9,6.28278074931711,64QAM,LMMSE,30,0.0757767600574713,0.397925646551724,1,20.5465840276556,13.7452074283183,10,0,0,0.1447755,1,19,VeryHighMobility,0,2026-08-06 16:31:52
HighSpeedRail,265,ETU,5,9,6.2731995816022,64QAM,MPA,0,0.430482219827586,0.980684267241379,1,91.8593936183689,0.737528515410793,4,0,0,0.460955,10,19,VeryHighMobility,0,2026-08-06 16:31:53
HighSpeedRail,265,ETU,5,9,6.26159396296116,64QAM,MPA,5,0.402963362068965,0.977128232758621,1,87.7974955746901,1.13035744351918,4,0,0,0.5687202,10,19,VeryHighMobility,0,2026-08-06 16:31:54
HighSpeedRail,265,ETU,5,9,6.03962227436734,64QAM,MPA,10,0.390346623563218,0.977101293103448,1,85.8755420771651,1.32261017002987,4,0,0,0.4775631,10,19,VeryHighMobility,0,2026-08-06 16:31:54
HighSpeedRail,265,ETU,5,9,6.27908416352884,64QAM,MPA,15,0.395218211206897,0.977182112068966,1,86.1485459691436,1.29504096510989,4,0,0,0.5022656,10,19,VeryHighMobility,0,2026-08-06 16:31:54
HighSpeedRail,265,ETU,5,9,6.2845324769888,64QAM,MPA,20,0.406649604885057,0.977693965517241,1,88.0414055069932,1.10626065834401,4,0,0,0.484517,10,19,VeryHighMobility,0,2026-08-06 16:31:55
HighSpeedRail,265,ETU,5,9,6.285811025711,64QAM,MPA,25,0.408809267241379,0.978879310344828,1,88.1361486608848,1.09691862085369,4,0,0,0.5587535,10,19,VeryHighMobility,0,2026-08-06 16:31:56
HighSpeedRail,265,ETU,5,9,6.27799132279966,64QAM,MPA,30,0.413846982758621,0.978609913793103,1,88.8732199922968,1.02458168986008,4,0,0,0.5452709,10,19,VeryHighMobility,0,2026-08-06 16:31:56
HighSpeedRail,263,ETU,5,9,6.23476540599239,QPSK,MRC,0,0.243817349137931,0.42745150862069,1,98.4992770692122,0.131339139490223,3,0,0,0.4756806,2.7,20,VeryHighMobility,0,2026-08-06 16:31:57
HighSpeedRail,263,ETU,5,9,6.23554919963568,QPSK,MRC,5,0.110129310344828,0.204822198275862,1,64.3205790702914,3.83300108684007,5,0,0,0.5295074,3.5,20,VeryHighMobility,0,2026-08-06 16:31:57
HighSpeedRail,263,ETU,5,9,6.23562106001432,QPSK,MRC,10,0.0151535560344828,0.0297952586206897,1,22.5480144487175,12.9378339111365,10,0,0,0.4465165,2.9,20,VeryHighMobility,0,2026-08-06 16:31:58
HighSpeedRail,263,ETU,5,9,6.23209923635292,QPSK,MRC,15,0.000633081896551724,0.00126616379310345,0.3,2.31535088002194,32.7076636893773,15,1218000,1.26875,0.4371731,2.3,20,VeryHighMobility,0,2026-08-06 16:31:58
HighSpeedRail,263,ETU,5,9,6.21472739329023,QPSK,MRC,20,0,0,0,0,160,15,1740000,1.8125,0.4274095,2,20,VeryHighMobility,0,2026-08-06 16:31:58
HighSpeedRail,263,ETU,5,9,6.23521462797377,QPSK,MRC,25,0,0,0,0,160,15,1740000,1.8125,0.3893721,2,20,VeryHighMobility,0,2026-08-06 16:31:59
HighSpeedRail,263,ETU,5,9,6.00275707104709,QPSK,MRC,30,0,0,0,0,160,15,1740000,1.8125,0.4217312,2,20,VeryHighMobility,0,2026-08-06 16:31:59
HighSpeedRail,263,ETU,5,9,6.16092033509271,QPSK,LMMSE,0,0.219935344827586,0.391190732758621,1,93.2684951459045,0.605300607361577,4,0,0,0.1374538,1,20,VeryHighMobility,0,2026-08-06 16:31:59
HighSpeedRail,263,ETU,5,9,6.23378819660322,QPSK,LMMSE,5,0.0873383620689655,0.166594827586207,1,57.7215507307533,4.77324019579737,6,0,0,0.1337401,1,20,VeryHighMobility,0,2026-08-06 16:31:59
HighSpeedRail,263,ETU,5,9,6.08898249995086,QPSK,LMMSE,10,0.0336206896551724,0.0657058189655172,1,33.5741055415285,9.47991097366325,8,0,0,0.1377199,1,20,VeryHighMobility,0,2026-08-06 16:32:00
HighSpeedRail,263,ETU,5,9,6.04023611306526,QPSK,LMMSE,15,0.00305765086206897,0.0060614224137931,0.9,8.74633159684171,21.1634812282554,14,174000,0.18125,0.1339585,1,20,VeryHighMobility,0,2026-08-06 16:32:00
HighSpeedRail,263,ETU,5,9,5.57051108433744,QPSK,LMMSE,20,6.73491379310345e-05,0.000134698275862069,0.1,0.519034249085875,45.6960796754682,15,1566000,1.63125,0.130306,1,20,VeryHighMobility,0,2026-08-06 16:32:00
HighSpeedRail,263,ETU,5,9,5.92691221874846,QPSK,LMMSE,25,0,0,0,0,160,15,1740000,1.8125,0.1295643,1,20,VeryHighMobility,0,2026-08-06 16:32:00
HighSpeedRail,263,ETU,5,9,6.21326095440899,QPSK,LMMSE,30,0,0,0,0,160,15,1740000,1.8125,0.1332421,1,20,VeryHighMobility,0,2026-08-06 16:32:00
HighSpeedRail,263,ETU,5,9,6.23116099353293,QPSK,MPA,0,0.26338900862069,0.455899784482759,1,102.549142742701,-0.218640684888177,3,0,0,0.1458632,10,20,VeryHighMobility,0,2026-08-06 16:32:00
HighSpeedRail,263,ETU,5,9,6.21635546310859,QPSK,MPA,5,0.205563038793103,0.369827586206897,1,90.4527604798799,0.871563491973819,4,0,0,0.1472563,10,20,VeryHighMobility,0,2026-08-06 16:32:00
HighSpeedRail,263,ETU,5,9,6.21493611905962,QPSK,MPA,10,0.157219827586207,0.287823275862069,1,79.0861964399243,2.03798621705093,4,0,0,0.1468502,10,20,VeryHighMobility,0,2026-08-06 16:32:01
HighSpeedRail,263,ETU,5,9,6.03274004796707,QPSK,MPA,15,0.141945043103448,0.263900862068966,1,75.256560840635,2.46911264885415,5,0,0,0.1477767,10,20,VeryHighMobility,0,2026-08-06 16:32:01
HighSpeedRail,263,ETU,5,9,6.13527439448926,QPSK,MPA,20,0.125484913793103,0.235748922413793,1,70.7600884579694,3.00423265691278,5,0,0,0.1465276,10,20,VeryHighMobility,0,2026-08-06 16:32:01
HighSpeedRail,263,ETU,5,9,6.23219594760887,QPSK,MPA,25,0.122683189655172,0.231061422413793,1,69.9037307161551,3.10999291249591,5,0,0,0.1534207,10,20,VeryHighMobility,0,2026-08-06 16:32:01
HighSpeedRail,263,ETU,5,9,6.21243706086867,QPSK,MPA,30,0.130940193965517,0.244962284482759,1,72.2737848624229,2.82038402759252,5,0,0,0.1517229,10,20,VeryHighMobility,0,2026-08-06 16:32:01
HighSpeedRail,263,ETU,5,9,6.22373092951997,16QAM,MRC,0,0.35694369612069,0.81328125,1,101.096620307826,-0.0947327446200678,3,0,0,0.4924286,3.7,20,VeryHighMobility,0,2026-08-06 16:32:02
HighSpeedRail,263,ETU,5,9,6.09439668155722,16QAM,MRC,5,0.257502693965517,0.699299568965517,1,73.0465608432455,2.72800453147558,5,0,0,0.4842277,3.6,20,VeryHighMobility,0,2026-08-06 16:32:02
HighSpeedRail,263,ETU,5,9,6.20419152953753,16QAM,MRC,10,0.147710129310345,0.479471982758621,1,49.285280622257,6.14565532602693,7,0,0,0.5623067,4.9,20,VeryHighMobility,0,2026-08-06 16:32:03
HighSpeedRail,263,ETU,5,9,6.20563157065138,16QAM,MRC,15,0.0388469827586207,0.14442349137931,1,23.2335505534907,12.6776883240474,10,0,0,0.6060325,5.3,20,VeryHighMobility,0,2026-08-06 16:32:03
HighSpeedRail,263,ETU,5,9,6.22751209364252,16QAM,MRC,20,0.00627020474137931,0.0237068965517241,0.8,6.2896370547981,24.0274882982369,15,696000,0.725,0.5809364,5.2,20,VeryHighMobility,0,2026-08-06 16:32:04
HighSpeedRail,263,ETU,5,9,6.2380706465164,16QAM,MRC,25,2.69396551724138e-05,0.000107758620689655,0.2,0.281917949623554,50.9975454372121,15,2784000,2.9,0.4698654,3,20,VeryHighMobility,0,2026-08-06 16:32:04
HighSpeedRail,263,ETU,5,9,6.1790090262331,16QAM,MRC,30,0,0,0,0,160,15,3480000,3.625,0.42781,2.6,20,VeryHighMobility,0,2026-08-06 16:32:05
HighSpeedRail,263,ETU,5,9,6.23830398659445,16QAM,LMMSE,0,0.377269665948276,0.89620150862069,1,85.0181499919687,1.40976699161715,4,0,0,0.1260232,1,20,VeryHighMobility,0,2026-08-06 16:32:05
HighSpeedRail,263,ETU,5,9,6.23657859025188,16QAM,LMMSE,5,0.33875942887931,0.874003232758621,1,77.0657803187552,2.26276839688551,4,0,0,0.1372085,1,20,VeryHighMobility,0,2026-08-06 16:32:05
HighSpeedRail,263,ETU,5,9,6.23222816644624,16QAM,LMMSE,10,0.297622575431034,0.827693965517241,1,70.3264053120892,3.05763161391637,5,0,0,0.1307863,1,20,VeryHighMobility,0,2026-08-06 16:32:05
HighSpeedRail,263,ETU,5,9,6.23672511873181,16QAM,LMMSE,15,0.171915409482759,0.564439655172414,1,52.109478015558,5.66166554341904,6,0,0,0.1289169,1,20,VeryHighMobility,0,2026-08-06 16:32:05
HighSpeedRail,263,ETU,5,9,6.2383885145704,16QAM,LMMSE,20,0.0571053340517241,0.212634698275862,0.9,28.0503626093111,11.0412304042313,9,348000,0.3625,0.1332961,1,20,VeryHighMobility,0,2026-08-06 16:32:05
HighSpeedRail,263,ETU,5,9,6.16499898684467,16QAM,LMMSE,25,0.0125202047413793,0.0485991379310345,1,12.3666441399319,18.1549627240527,12,0,0,0.1341469,1,20,VeryHighMobility,0,2026-08-06 16:32:06
HighSpeedRail,263,ETU,5,9,6.16601725261812,16QAM,LMMSE,30,0.000202047413793103,0.000808189655172414,0.4,1.00024601662106,39.9978633895904,15,2088000,2.175,0.1333499,1,20,VeryHighMobility,0,2026-08-06 16:32:06
HighSpeedRail,263,ETU,5,9,6.23679891030265,16QAM,MPA,0,0.375646551724138,0.897871767241379,1,84.784765330384,1.43364355093761,4,0,0,0.2304504,10,20,VeryHighMobility,0,2026-08-06 16:32:06
HighSpeedRail,263,ETU,5,9,5.92818162695913,16QAM,MPA,5,0.353347252155172,0.885129310344828,1,79.3480112634125,2.00927907399853,4,0,0,0.2299173,10,20,VeryHighMobility,0,2026-08-06 16:32:06
HighSpeedRail,263,ETU,5,9,6.23252665204124,16QAM,MPA,10,0.329956896551724,0.869746767241379,1,75.062774031505,2.49150779544419,5,0,0,0.2281584,10,20,VeryHighMobility,0,2026-08-06 16:32:06
HighSpeedRail,263,ETU,5,9,6.23638030964821,16QAM,MPA,15,0.322676454741379,0.863065732758621,1,73.6233723937865,2.65968586262601,5,0,0,0.234632,10,20,VeryHighMobility,0,2026-08-06 16:32:07
HighSpeedRail,263,ETU,5,9,6.19297594548959,16QAM,MPA,20,0.321147629310345,0.862446120689655,1,73.2685187070848,2.70165177283452,5,0,0,0.2360169,10,20,VeryHighMobility,0,2026-08-06 16:32:07
HighSpeedRail,263,ETU,5,9,6.23359883638135,16QAM,MPA,25,0.321275592672414,0.859348060344828,1,73.3852205266292,2.6878279270276,5,0,0,0.2658928,10,20,VeryHighMobility,0,2026-08-06 16:32:07
HighSpeedRail,263,ETU,5,9,6.21964581223431,16QAM,MPA,30,0.322784213362069,0.863685344827586,1,73.4460050947893,2.68063643109529,5,0,0,0.2657857,10,20,VeryHighMobility,0,2026-08-06 16:32:07
HighSpeedRail,263,ETU,5,9,6.20411320993722,64QAM,MRC,0,0.422454202586207,0.954498922413793,1,114.604233020635,-1.18401318047247,3,0,0,0.923349,8.4,20,VeryHighMobility,0,2026-08-06 16:32:08
HighSpeedRail,263,ETU,5,9,6.22644639895734,64QAM,MRC,5,0.334132543103448,0.904525862068966,1,73.1723566158956,2.71305915386318,5,0,0,0.9910322,9.5,20,VeryHighMobility,0,2026-08-06 16:32:09
HighSpeedRail,263,ETU,5,9,6.14091793758651,64QAM,MRC,10,0.250278376436782,0.833674568965517,1,48.8521939813211,6.22231854163306,7,0,0,0.8100589,7.6,20,VeryHighMobility,0,2026-08-06 16:32:10
HighSpeedRail,263,ETU,5,9,6.23590322041908,64QAM,MRC,15,0.142097701149425,0.629094827586207,1,30.1042771215514,10.4274359364116,9,0,0,0.8794232,8.6,20,VeryHighMobility,0,2026-08-06 16:32:11
HighSpeedRail,263,ETU,5,9,6.11125475547087,64QAM,MRC,20,0.0901445761494253,0.454256465517241,1,22.6733182354966,12.8896983262663,10,0,0,0.9196219,8.9,20,VeryHighMobility,0,2026-08-06 16:32:12
HighSpeedRail,263,ETU,5,9,4.9114044338686,64QAM,MRC,25,0.0141073994252874,0.079229525862069,1,7.28551389110876,22.7507961882394,15,0,0,1.1304429,12.2,20,VeryHighMobility,0,2026-08-06 16:32:13
HighSpeedRail,263,ETU,5,9,6.2146006237425,64QAM,MRC,30,0.00395563936781609,0.0219558189655172,0.3,2.10414569476784,33.5384838431887,15,3654000,3.80625,1.113088,13.1,20,VeryHighMobility,0,2026-08-06 16:32:14
HighSpeedRail,263,ETU,5,9,6.23742022643409,64QAM,LMMSE,0,0.421259877873563,0.979714439655172,1,90.6145108499074,0.856044991845333,4,0,0,0.1694328,1,20,VeryHighMobility,0,2026-08-06 16:32:14
HighSpeedRail,263,ETU,5,9,6.01095360427531,64QAM,LMMSE,5,0.404099317528736,0.977720905172414,1,87.8443716325144,1.12572118815399,4,0,0,0.1518078,1,20,VeryHighMobility,0,2026-08-06 16:32:15
HighSpeedRail,263,ETU,5,9,6.13573947644249,64QAM,LMMSE,10,0.398890984195402,0.976697198275862,1,84.7766367030975,1.43447633904535,4,0,0,0.1618606,1,20,VeryHighMobility,0,2026-08-06 16:32:15
HighSpeedRail,263,ETU,5,9,6.23804558070949,64QAM,LMMSE,15,0.388797593390805,0.964035560344828,1,72.487270024932,2.79476512191858,5,0,0,0.1909587,1,20,VeryHighMobility,0,2026-08-06 16:32:15
HighSpeedRail,263,ETU,5,9,6.11058415199491,64QAM,LMMSE,20,0.296704382183908,0.90457974137931,1,51.0665907613307,5.83726269915073,6,0,0,0.1590503,1,20,VeryHighMobility,0,2026-08-06 16:32:15
HighSpeedRail,263,ETU,5,9,6.20127002613808,64QAM,LMMSE,25,0.178318067528736,0.749595905172414,1,33.6072321028696,9.47134509244366,8,0,0,0.1412945,1,20,VeryHighMobility,0,2026-08-06 16:32:15
HighSpeedRail,263,ETU,5,9,6.22767950645818,64QAM,LMMSE,30,0.0614179238505747,0.314789870689655,1,16.663979705913,15.5644254392371,11,0,0,0.1402929,1,20,VeryHighMobility,0,2026-08-06 16:32:15
HighSpeedRail,263,ETU,5,9,6.1188572586437,64QAM,MPA,0,0.421421515804598,0.980037715517241,1,90.6037292093853,0.857078531733726,4,0,0,0.5230259,10,20,VeryHighMobility,0,2026-08-06 16:32:16
HighSpeedRail,263,ETU,5,9,6.2363946150294,64QAM,MPA,5,0.410407686781609,0.979175646551724,1,88.6309130404153,1.04829553487222,4,0,0,0.5420697,10,20,VeryHighMobility,0,2026-08-06 16:32:16
HighSpeedRail,263,ETU,5,9,5.78889289883532,64QAM,MPA,10,0.391069504310345,0.975915948275862,1,86.0645763180007,1.30351129734576,4,0,0,0.6012535,10,20,VeryHighMobility,0,2026-08-06 16:32:17
HighSpeedRail,263,ETU,5,9,5.9020894412986,64QAM,MPA,15,0.396596623563218,0.978178879310345,1,86.2699151127538,1.28281258591696,4,0,0,0.5740608,10,20,VeryHighMobility,0,2026-08-06 16:32:18
HighSpeedRail,263,ETU,5,9,5.4597698495357,64QAM,MPA,20,0.402756824712644,0.976966594827586,1,87.3159425989393,1.17812906618232,4,0,0,0.5404396,10,20,VeryHighMobility,0,2026-08-06 16:32:18
HighSpeedRail,263,ETU,5,9,6.17266416844839,64QAM,MPA,25,0.405688757183908,0.978582974137931,1,87.6564432903459,1.14432310136507,4,0,0,0.5342334,10,20,VeryHighMobility,0,2026-08-06 16:32:19
HighSpeedRail,263,ETU,5,9,6.23553830019872,64QAM,MPA,30,0.410573814655172,0.979552801724138,1,88.2008653758708,1.0905430760208,4,0,0,0.5527159,10,20,VeryHighMobility,0,2026-08-06 16:32:19
