Environment,Speed_kmh,DelayProfile,DelaySpread,NumPaths,DopplerSpread,Modulation,Detector,SNR_dB,BER,SER,PER,EVM_percent,SINR_est_dB,CQI,Throughput_bps,SpectralEfficiency_bps_per_Hz,Runtime_sec,AvgIterations,ScenarioID,Category,FocusMode,Timestamp
Pedestrian,2,EPA,0,7,0.0273354354150626,QPSK,MRC,0,0.226744791666667,0.385755208333333,1,91.0675054400911,0.812731192814131,4,0,0,0.4601534,2,1,LowMobility,0,2026-08-05 23:26:33
Pedestrian,2,EPA,0,7,0.0312319522439121,QPSK,MRC,5,0.0797135416666667,0.144401041666667,1,45.2556997012348,6.88653432125951,7,0,0,0.357211,2,1,LowMobility,0,2026-08-05 23:26:34
Pedestrian,2,EPA,0,7,0.0302476229298586,QPSK,MRC,10,0.0721875,0.12921875,0.8,37.9679994878084,8.41164569970812,8,360000,0.375,0.3205571,2,1,LowMobility,0,2026-08-05 23:26:34
Pedestrian,2,EPA,0,7,0.0313363270858584,QPSK,MRC,15,0.00118489583333333,0.00234375,0.3,2.84259162419908,30.9257105592407,15,1260000,1.3125,0.2919784,2,1,LowMobility,0,2026-08-05 23:26:34
Pedestrian,2,EPA,0,7,0.0316266331995314,QPSK,MRC,20,0.00829427083333333,0.0158854166666667,0.2,6.07365433795156,24.3309985631128,15,1440000,1.5,0.2943194,2,1,LowMobility,0,2026-08-05 23:26:35
Pedestrian,2,EPA,0,7,0.0316268027797492,QPSK,MRC,25,0,0,0,0,160,15,1800000,1.875,0.2880872,2,1,LowMobility,0,2026-08-05 23:26:35
Pedestrian,2,EPA,0,7,0.0305104748020825,QPSK,MRC,30,0,0,0,0,160,15,1800000,1.875,0.2944705,2,1,LowMobility,0,2026-08-05 23:26:35
Pedestrian,2,EPA,0,7,0.0315955360900087,QPSK,LMMSE,0,0.17109375,0.308098958333333,1,80.8331460975953,1.84821035493697,4,0,0,0.2881647,1,1,LowMobility,0,2026-08-05 23:26:35
Pedestrian,2,EPA,0,7,0.0314040206604692,QPSK,LMMSE,5,0.0661979166666667,0.122421875,0.9,40.4429559536464,7.86314219147148,7,180000,0.1875,0.169997,1,1,LowMobility,0,2026-08-05 23:26:36
Pedestrian,2,EPA,0,7,0.0303026514242457,QPSK,LMMSE,10,0.0220442708333333,0.0409375,0.7,15.6504011589063,16.1094905184318,11,540000,0.5625,0.1517629,1,1,LowMobility,0,2026-08-05 23:26:36
Pedestrian,2,EPA,0,7,0.0315879654292643,QPSK,LMMSE,15,0.000104166666666667,0.000208333333333333,0.2,0.832025096718379,41.5972714741393,15,1440000,1.5,0.1743231,1,1,LowMobility,0,2026-08-05 23:26:36
Pedestrian,2,EPA,0,7,0.0302277443999443,QPSK,LMMSE,20,0.000572916666666667,0.00114583333333333,0.2,1.85659120058356,34.6256742448098,15,1440000,1.5,0.1696447,1,1,LowMobility,0,2026-08-05 23:26:36
Pedestrian,2,EPA,0,7,0.0272807126588226,QPSK,LMMSE,25,0.0100911458333333,0.0194270833333333,0.1,6.35331278415704,23.9399952619724,15,1620000,1.6875,0.1636715,1,1,LowMobility,0,2026-08-05 23:26:36
Pedestrian,2,EPA,0,7,0.0302880111309084,QPSK,LMMSE,30,6.51041666666667e-05,0.000130208333333333,0.1,0.510310363079829,45.8433122436753,15,1620000,1.6875,0.1724249,1,1,LowMobility,0,2026-08-05 23:26:36
Pedestrian,2,EPA,0,7,0.0315010503063465,QPSK,MPA,0,0.276223958333333,0.47546875,1,104.741475545658,-0.402373754651598,3,0,0,0.2939397,10,1,LowMobility,0,2026-08-05 23:26:37
Pedestrian,2,EPA,0,7,0.0303124557191092,QPSK,MPA,5,0.1609765625,0.291770833333333,1,78.5356462468228,2.09866356459431,4,0,0,0.1880641,10,1,LowMobility,0,2026-08-05 23:26:37
Pedestrian,2,EPA,0,7,0.0310222007686279,QPSK,MPA,10,0.124947916666667,0.231015625,1,69.2625769714462,3.19002708401324,5,0,0,0.1954879,10,1,LowMobility,0,2026-08-05 23:26:37
Pedestrian,2,EPA,0,7,0.0309067966381556,QPSK,MPA,15,0.0764713541666667,0.146848958333333,1,54.996358168792,5.19332136632014,6,0,0,0.1913907,10,1,LowMobility,0,2026-08-05 23:26:37
Pedestrian,2,EPA,0,7,0.0296085030299109,QPSK,MPA,20,0.0649088541666667,0.126302083333333,1,50.9152411255764,5.8630439029935,6,0,0,0.1981263,10,1,LowMobility,0,2026-08-05 23:26:38
Pedestrian,2,EPA,0,7,0.0313882275592339,QPSK,MPA,25,0.0640364583333333,0.124765625,1,50.5558291641628,5.92457524740333,7,0,0,0.2098963,10,1,LowMobility,0,2026-08-05 23:26:38
Pedestrian,2,EPA,0,7,0.0271003924019525,QPSK,MPA,30,0.0585026041666667,0.113697916666667,1,48.3672600437922,6.30897028512968,7,0,0,0.2426107,10,1,LowMobility,0,2026-08-05 23:26:38
Pedestrian,2,EPA,0,7,0.0314388373680545,16QAM,MRC,0,0.3456640625,0.791953125,1,100.891100656527,-0.0770571986300129,3,0,0,0.3967154,2,1,LowMobility,0,2026-08-05 23:26:38
Pedestrian,2,EPA,0,7,0.0303744431984296,16QAM,MRC,5,0.18099609375,0.497369791666667,1,59.5437467273078,4.50327682616764,6,0,0,0.3479705,2,1,LowMobility,0,2026-08-05 23:26:39
Pedestrian,2,EPA,0,7,0.0309392013948634,16QAM,MRC,10,0.153294270833333,0.443177083333333,1,50.6837843942021,5.90261930428067,7,0,0,0.3790684,2,1,LowMobility,0,2026-08-05 23:26:39
Pedestrian,2,EPA,0,7,0.0300351884846546,16QAM,MRC,15,0.0199674479166667,0.076484375,0.8,13.7190466935391,17.2535213150339,12,720000,0.75,0.42257,2,1,LowMobility,0,2026-08-05 23:26:40
Pedestrian,2,EPA,0,7,0.0262510099628918,16QAM,MRC,20,0.00871744791666667,0.0331770833333333,0.5,6.70267627970947,23.4750351058771,15,1800000,1.875,0.3673808,2,1,LowMobility,0,2026-08-05 23:26:40
Pedestrian,2,EPA,0,7,0.027038680068525,16QAM,MRC,25,0,0,0,0,160,15,3600000,3.75,0.3321628,2,1,LowMobility,0,2026-08-05 23:26:40
Pedestrian,2,EPA,0,7,0.0311808556539245,16QAM,MRC,30,0,0,0,0,160,15,3600000,3.75,0.396737,2,1,LowMobility,0,2026-08-05 23:26:41
Pedestrian,2,EPA,0,7,0.028982256698356,16QAM,LMMSE,0,0.396595052083333,0.902890625,1,88.6836207268149,1.04313168111582,4,0,0,0.1911686,1,1,LowMobility,0,2026-08-05 23:26:41
Pedestrian,2,EPA,0,7,0.0307823668798887,16QAM,LMMSE,5,0.314303385416667,0.850572916666667,1,72.2959951015054,2.81771520306957,5,0,0,0.177491,1,1,LowMobility,0,2026-08-05 23:26:41
Pedestrian,2,EPA,0,7,0.0315501156565516,16QAM,LMMSE,10,0.247057291666667,0.688515625,1,60.9575046490924,4.29945639088577,5,0,0,0.1889204,1,1,LowMobility,0,2026-08-05 23:26:41
Pedestrian,2,EPA,0,7,0.0316190003709053,16QAM,LMMSE,15,0.110338541666667,0.346536458333333,0.8,33.6753467286049,9.4537584798533,8,720000,0.75,0.2008152,1,1,LowMobility,0,2026-08-05 23:26:41
Pedestrian,2,EPA,0,7,0.0315687084792233,16QAM,LMMSE,20,0.0244075520833333,0.0840364583333333,0.5,10.7694864199469,19.356100140728,13,1800000,1.875,0.205198,1,1,LowMobility,0,2026-08-05 23:26:42
Pedestrian,2,EPA,0,7,0.0314862960197102,16QAM,LMMSE,25,0.00134765625,0.00536458333333333,0.2,1.78799371898618,34.9526802232677,15,2880000,3,0.2000131,1,1,LowMobility,0,2026-08-05 23:26:42
Pedestrian,2,EPA,0,7,0.0315105959770271,16QAM,LMMSE,30,0.0314908854166667,0.085546875,0.1,7.30175855298583,22.7314506390093,15,3240000,3.375,0.1987057,1,1,LowMobility,0,2026-08-05 23:26:42
Pedestrian,2,EPA,0,7,0.030553151792482,16QAM,MPA,0,0.423639322916667,0.912916666666667,1,94.4776415760145,0.493419129081953,4,0,0,0.3299615,10,1,LowMobility,0,2026-08-05 23:26:42
Pedestrian,2,EPA,0,7,0.0258864517263021,16QAM,MPA,5,0.343072916666667,0.874817708333333,1,78.0056505130583,2.1574787416368,4,0,0,0.3422773,10,1,LowMobility,0,2026-08-05 23:26:43
Pedestrian,2,EPA,0,7,0.0316216598459342,16QAM,MPA,10,0.348723958333333,0.8778125,1,79.0038674324132,2.04703296825569,4,0,0,0.3360112,10,1,LowMobility,0,2026-08-05 23:26:43
Pedestrian,2,EPA,0,7,0.0316216861010619,16QAM,MPA,15,0.33818359375,0.873385416666667,1,76.6891770024373,2.3053184575994,4,0,0,0.3248918,10,1,LowMobility,0,2026-08-05 23:26:43
Pedestrian,2,EPA,0,7,0.030903361533248,16QAM,MPA,20,0.353424479166667,0.8859375,1,80.0468054158948,1.93311991272827,4,0,0,0.3450401,10,1,LowMobility,0,2026-08-05 23:26:44
Pedestrian,2,EPA,0,7,0.0315900292478385,16QAM,MPA,25,0.35328125,0.883619791666667,1,79.7929402101157,1.96071063499585,4,0,0,0.3283391,10,1,LowMobility,0,2026-08-05 23:26:44
Pedestrian,2,EPA,0,7,0.0316208198433416,16QAM,MPA,30,0.3612890625,0.88828125,1,81.3574904610162,1.79204912101345,4,0,0,0.4175128,10,1,LowMobility,0,2026-08-05 23:26:44
Pedestrian,2,EPA,0,7,0.031445123873533,64QAM,MRC,0,0.367282986111111,0.924635416666667,1,88.2440350297438,1.08629283296052,4,0,0,0.4221151,2.3,1,LowMobility,0,2026-08-05 23:26:45
Pedestrian,2,EPA,0,7,0.0295134894437222,64QAM,MRC,5,0.305342881944444,0.878046875,1,66.2572833791759,3.57532749272132,5,0,0,0.4793406,2.3,1,LowMobility,0,2026-08-05 23:26:45
Pedestrian,2,EPA,0,7,0.0313517383820724,64QAM,MRC,10,0.187061631944444,0.684635416666667,1,38.3417182575801,8.32656856830132,8,0,0,0.4156356,2.4,1,LowMobility,0,2026-08-05 23:26:46
Pedestrian,2,EPA,0,7,0.0314583081663342,64QAM,MRC,15,0.0988715277777778,0.404609375,1,24.3406876209927,12.2733431434957,10,0,0,0.4149265,2.1,1,LowMobility,0,2026-08-05 23:26:46
Pedestrian,2,EPA,0,7,0.0314833514745832,64QAM,MRC,20,0.0269921875,0.146458333333333,0.9,10.2531297204448,19.782870959774,13,540000,0.5625,0.4617652,2.5,1,LowMobility,0,2026-08-05 23:26:47
Pedestrian,2,EPA,0,7,0.0312566131610361,64QAM,MRC,25,0.0033203125,0.0195052083333333,0.6,2.46117515780699,32.1771495433996,15,2160000,2.25,0.4858848,2.2,1,LowMobility,0,2026-08-05 23:26:47
Pedestrian,2,EPA,0,7,0.0313526354789375,64QAM,MRC,30,0.0105164930555556,0.0525,0.2,2.52077937227669,31.9693032736651,15,4320000,4.5,0.4052394,2.1,1,LowMobility,0,2026-08-05 23:26:48
Pedestrian,2,EPA,0,7,0.0301306705729024,64QAM,LMMSE,0,0.403932291666667,0.978255208333333,1,87.8397628933495,1.12617690374691,4,0,0,0.1965824,1,1,LowMobility,0,2026-08-05 23:26:48
Pedestrian,2,EPA,0,7,0.0315620014616588,64QAM,LMMSE,5,0.394379340277778,0.975,1,87.0750097949956,1.20212936032595,4,0,0,0.2056704,1,1,LowMobility,0,2026-08-05 23:26:48
Pedestrian,2,EPA,0,7,0.0303551635845125,64QAM,LMMSE,10,0.379982638888889,0.963359375,1,74.8838924808496,2.51223177925124,5,0,0,0.1896705,1,1,LowMobility,0,2026-08-05 23:26:48
Pedestrian,2,EPA,0,7,0.0316248448026257,64QAM,LMMSE,15,0.3494140625,0.940911458333333,1,60.4058996715611,4.37841286013405,6,0,0,0.2161146,1,1,LowMobility,0,2026-08-05 23:26:48
Pedestrian,2,EPA,0,7,0.0296068522526275,64QAM,LMMSE,20,0.269205729166667,0.868828125,1,48.2146610846543,6.33641763356554,7,0,0,0.1846141,1,1,LowMobility,0,2026-08-05 23:26:49
Pedestrian,2,EPA,0,7,0.0298393352636432,64QAM,LMMSE,25,0.0758376736111111,0.318619791666667,0.8,14.6839439749638,16.6631456233916,12,1080000,1.125,0.1851591,1,1,LowMobility,0,2026-08-05 23:26:49
Pedestrian,2,EPA,0,7,0.0298062682840758,64QAM,LMMSE,30,0.0978255208333333,0.361458333333333,0.7,20.5524188649828,13.7427411517737,10,1620000,1.6875,0.1828127,1,1,LowMobility,0,2026-08-05 23:26:49
Pedestrian,2,EPA,0,7,0.0312050275396565,64QAM,MPA,0,0.426458333333333,0.979348958333333,1,91.2198895080158,0.798209162859318,4,0,0,0.5728903,10,1,LowMobility,0,2026-08-05 23:26:49
Pedestrian,2,EPA,0,7,0.0315619354058422,64QAM,MPA,5,0.398628472222222,0.977135416666667,1,87.5544013389185,1.15444034303052,4,0,0,0.6010522,10,1,LowMobility,0,2026-08-05 23:26:50
Pedestrian,2,EPA,0,7,0.0291080863145786,64QAM,MPA,10,0.374539930555556,0.973098958333333,1,84.111080174604,1.50293579350133,4,0,0,0.6114142,10,1,LowMobility,0,2026-08-05 23:26:51
Pedestrian,2,EPA,0,7,0.0316073316055962,64QAM,MPA,15,0.400208333333333,0.976927083333333,1,86.9393334903709,1.21567387194518,4,0,0,0.6353888,10,1,LowMobility,0,2026-08-05 23:26:51
Pedestrian,2,EPA,0,7,0.030802209553348,64QAM,MPA,20,0.433897569444444,0.97984375,1,92.0551284340379,0.719040234766579,4,0,0,0.662348,10,1,LowMobility,0,2026-08-05 23:26:52
Pedestrian,2,EPA,0,7,0.0316266713277272,64QAM,MPA,25,0.438888888888889,0.979401041666667,1,93.1900107485996,0.612612763492938,4,0,0,0.6513924,10,1,LowMobility,0,2026-08-05 23:26:53
Pedestrian,2,EPA,0,7,0.026367475495942,64QAM,MPA,30,0.460399305555556,0.982447916666667,1,96.4550495533453,0.313500630334573,4,0,0,0.6944457,10,1,LowMobility,0,2026-08-05 23:26:53
Pedestrian,4,EPA,0,7,0.0597614608097222,QPSK,MRC,0,0.223411458333333,0.384296875,1,91.1102842192258,0.80865197150028,4,0,0,0.4329397,2,2,LowMobility,0,2026-08-05 23:26:54
Pedestrian,4,EPA,0,7,0.0627775065734434,QPSK,MRC,5,0.0818098958333333,0.146953125,1,46.9463841732884,6.56795703241349,7,0,0,0.4211379,2,2,LowMobility,0,2026-08-05 23:26:54
Pedestrian,4,EPA,0,7,0.0632461659709869,QPSK,MRC,10,0.0248697916666667,0.048515625,1,25.1144960893891,12.001510626651,10,0,0,0.4127461,2,2,LowMobility,0,2026-08-05 23:26:55
Pedestrian,4,EPA,0,7,0.0602882331326274,QPSK,MRC,15,0.000208333333333333,0.000416666666666667,0.3,1.47494590822937,36.6244781318623,15,1260000,1.3125,0.4138682,2,2,LowMobility,0,2026-08-05 23:26:55
Pedestrian,4,EPA,0,7,0.0630908189986378,QPSK,MRC,20,1.30208333333333e-05,2.60416666666667e-05,0.1,0.228217732293819,52.8330122870355,15,1620000,1.6875,0.3902469,2,2,LowMobility,0,2026-08-05 23:26:55
Pedestrian,4,EPA,0,7,0.0632028943322889,QPSK,MRC,25,0,0,0,0,160,15,1800000,1.875,0.395073,2,2,LowMobility,0,2026-08-05 23:26:56
Pedestrian,4,EPA,0,7,0.0602297163992091,QPSK,MRC,30,0,0,0,0,160,15,1800000,1.875,0.4014003,2,2,LowMobility,0,2026-08-05 23:26:56
Pedestrian,4,EPA,0,7,0.0631491725856249,QPSK,LMMSE,0,0.199427083333333,0.3475,1,85.47882430774,1.36282919674157,4,0,0,0.1898837,1,2,LowMobility,0,2026-08-05 23:26:56
Pedestrian,4,EPA,0,7,0.0632277429868838,QPSK,LMMSE,5,0.060078125,0.109270833333333,0.9,36.0602427384766,8.85942708326173,8,180000,0.1875,0.1937964,1,2,LowMobility,0,2026-08-05 23:26:57
Pedestrian,4,EPA,0,7,0.0632235058934605,QPSK,LMMSE,10,0.0639973958333333,0.115963541666667,0.8,33.3931469351476,9.52685303121001,8,360000,0.375,0.2045101,1,2,LowMobility,0,2026-08-05 23:26:57
Pedestrian,4,EPA,0,7,0.063156850902373,QPSK,LMMSE,15,0.004140625,0.00809895833333333,0.4,4.82321259628857,26.3332718987793,15,1080000,1.125,0.225008,1,2,LowMobility,0,2026-08-05 23:26:57
Pedestrian,4,EPA,0,7,0.0528178719528223,QPSK,LMMSE,20,0.002109375,0.00416666666666667,0.1,2.90473750965556,30.7378621416092,15,1620000,1.6875,0.2284426,1,2,LowMobility,0,2026-08-05 23:26:57
Pedestrian,4,EPA,0,7,0.0632465432418708,QPSK,LMMSE,25,0,0,0,0,160,15,1800000,1.875,0.2051934,1,2,LowMobility,0,2026-08-05 23:26:57
Pedestrian,4,EPA,0,7,0.0558931701196331,QPSK,LMMSE,30,2.60416666666667e-05,5.20833333333333e-05,0.1,0.322748612183951,49.8227123303957,15,1620000,1.6875,0.2013193,1,2,LowMobility,0,2026-08-05 23:26:58
Pedestrian,4,EPA,0,7,0.0611619369344189,QPSK,MPA,0,0.261575520833333,0.449947916666667,1,101.339527315799,-0.11557748505733,3,0,0,0.2371971,10,2,LowMobility,0,2026-08-05 23:26:58
Pedestrian,4,EPA,0,7,0.0622378299544135,QPSK,MPA,5,0.209153645833333,0.362109375,1,88.8906292505963,1.02288038897807,4,0,0,0.2388747,10,2,LowMobility,0,2026-08-05 23:26:58
Pedestrian,4,EPA,0,7,0.0577058383747338,QPSK,MPA,10,0.128697916666667,0.2384375,1,70.4661613368395,3.04038772334989,5,0,0,0.2536075,10,2,LowMobility,0,2026-08-05 23:26:58
Pedestrian,4,EPA,0,7,0.0629650226814977,QPSK,MPA,15,0.0839713541666667,0.160885416666667,1,57.5143469565894,4.8044761403371,6,0,0,0.2795498,10,2,LowMobility,0,2026-08-05 23:26:59
Pedestrian,4,EPA,0,7,0.0628946794083092,QPSK,MPA,20,0.0711197916666667,0.1371875,1,53.1899884406941,5.48340208121514,6,0,0,0.253899,10,2,LowMobility,0,2026-08-05 23:26:59
Pedestrian,4,EPA,0,7,0.06207486042526,QPSK,MPA,25,0.0717057291666667,0.13828125,1,53.0008093948563,5.51434996155566,6,0,0,0.26476,10,2,LowMobility,0,2026-08-05 23:26:59
Pedestrian,4,EPA,0,7,0.0585272016334704,QPSK,MPA,30,0.0602213541666667,0.116979166666667,1,49.0412247136324,6.18877385309994,7,0,0,0.2451174,10,2,LowMobility,0,2026-08-05 23:26:59
Pedestrian,4,EPA,0,7,0.0628117902913343,16QAM,MRC,0,0.34447265625,0.775,1,102.799988818394,-0.239861348416608,3,0,0,0.4197899,2,2,LowMobility,0,2026-08-05 23:27:00
Pedestrian,4,EPA,0,7,0.0600668018093784,16QAM,MRC,5,0.177018229166667,0.522161458333333,1,55.7741696566346,5.07133773194516,6,0,0,0.4189111,2,2,LowMobility,0,2026-08-05 23:27:00
Pedestrian,4,EPA,0,7,0.062449889527695,16QAM,MRC,10,0.125358072916667,0.364635416666667,1,41.6262778279046,7.61264842942908,7,0,0,0.4086291,2,2,LowMobility,0,2026-08-05 23:27:01
Pedestrian,4,EPA,0,7,0.0575983736209765,16QAM,MRC,15,0.01689453125,0.0647916666666667,1,12.7598795907269,17.8830684767636,12,0,0,0.4231339,2,2,LowMobility,0,2026-08-05 23:27:01
Pedestrian,4,EPA,0,7,0.0628042724076213,16QAM,MRC,20,0.0123372395833333,0.0476041666666667,0.6,9.40308360409045,20.5345940500644,13,1440000,1.5,0.3965346,2,2,LowMobility,0,2026-08-05 23:27:02
Pedestrian,4,EPA,0,7,0.0534269580107325,16QAM,MRC,25,0.000208333333333333,0.000833333333333333,0.3,0.968627934552741,40.2768602071901,15,2520000,2.625,0.3800202,2,2,LowMobility,0,2026-08-05 23:27:02
Pedestrian,4,EPA,0,7,0.0632532928094025,16QAM,MRC,30,0.00108723958333333,0.00427083333333333,0.2,1.48146373370429,36.5861795120268,15,2880000,3,0.3903883,2,2,LowMobility,0,2026-08-05 23:27:02
Pedestrian,4,EPA,0,7,0.0609220749564515,16QAM,LMMSE,0,0.366080729166667,0.887578125,1,82.4660872397574,1.67449221750293,4,0,0,0.1845701,1,2,LowMobility,0,2026-08-05 23:27:02
Pedestrian,4,EPA,0,7,0.0561328319718779,16QAM,LMMSE,5,0.313118489583333,0.8440625,1,72.5344167892361,2.78911753065192,5,0,0,0.187357,1,2,LowMobility,0,2026-08-05 23:27:03
Pedestrian,4,EPA,0,7,0.0628336102854227,16QAM,LMMSE,10,0.28439453125,0.772161458333333,1,68.9482563281057,3.22953424941668,5,0,0,0.1896132,1,2,LowMobility,0,2026-08-05 23:27:03
Pedestrian,4,EPA,0,7,0.0617288113323815,16QAM,LMMSE,15,0.232805989583333,0.650755208333333,1,57.8349609114086,4.75619107212138,6,0,0,0.20875,1,2,LowMobility,0,2026-08-05 23:27:03
Pedestrian,4,EPA,0,7,0.0619833543936032,16QAM,LMMSE,20,0.00702473958333333,0.0269010416666667,0.5,5.68103924115348,24.9114442174206,15,1800000,1.875,0.1920507,1,2,LowMobility,0,2026-08-05 23:27:03
Pedestrian,4,EPA,0,7,0.0622653745575837,16QAM,LMMSE,25,0.0124544270833333,0.0442447916666667,0.2,5.49483874081718,25.2009009692717,15,2880000,3,0.2020927,1,2,LowMobility,0,2026-08-05 23:27:03
Pedestrian,4,EPA,0,7,0.0553173778909615,16QAM,LMMSE,30,0.000123697916666667,0.000494791666666667,0.1,0.442078090917714,47.0900201578569,15,3240000,3.375,0.2098846,1,2,LowMobility,0,2026-08-05 23:27:04
Pedestrian,4,EPA,0,7,0.060172154543038,16QAM,MPA,0,0.3852734375,0.898489583333333,1,86.6315584179628,1.24647745985919,4,0,0,0.323474,10,2,LowMobility,0,2026-08-05 23:27:04
Pedestrian,4,EPA,0,7,0.0524123528421442,16QAM,MPA,5,0.323411458333333,0.860364583333333,1,73.6039808018684,2.66197393239872,5,0,0,0.350637,10,2,LowMobility,0,2026-08-05 23:27:04
Pedestrian,4,EPA,0,7,0.0630452230327391,16QAM,MPA,10,0.319427083333333,0.858359375,1,72.9503271280657,2.73945512555582,5,0,0,0.3817021,10,2,LowMobility,0,2026-08-05 23:27:05
Pedestrian,4,EPA,0,7,0.0595880842626878,16QAM,MPA,15,0.331614583333333,0.86828125,1,75.5195005320327,2.43881782041252,5,0,0,0.3785784,10,2,LowMobility,0,2026-08-05 23:27:05
Pedestrian,4,EPA,0,7,0.0625946452092033,16QAM,MPA,20,0.336126302083333,0.872291666666667,1,76.391959183863,2.33904703420755,4,0,0,0.358493,10,2,LowMobility,0,2026-08-05 23:27:05
Pedestrian,4,EPA,0,7,0.0623707426319342,16QAM,MPA,25,0.346946614583333,0.88,1,78.5216546288947,2.10021114816827,4,0,0,0.3329155,10,2,LowMobility,0,2026-08-05 23:27:06
Pedestrian,4,EPA,0,7,0.0615921205160007,16QAM,MPA,30,0.34314453125,0.876119791666667,1,77.8904001038255,2.17032130581653,4,0,0,0.3304306,10,2,LowMobility,0,2026-08-05 23:27:06
Pedestrian,4,EPA,0,7,0.0625837805389955,64QAM,MRC,0,0.3749609375,0.924140625,1,94.9397682559878,0.451036654221422,4,0,0,0.4022546,2.4,2,LowMobility,0,2026-08-05 23:27:07
Pedestrian,4,EPA,0,7,0.0610741232657338,64QAM,MRC,5,0.286111111111111,0.845885416666667,1,62.7771347669297,4.04397019938673,5,0,0,0.4002284,2.4,2,LowMobility,0,2026-08-05 23:27:07
Pedestrian,4,EPA,0,7,0.0632533908979952,64QAM,MRC,10,0.155230034722222,0.659765625,1,32.202047210461,9.84233035245333,8,0,0,0.3721086,2.4,2,LowMobility,0,2026-08-05 23:27:07
Pedestrian,4,EPA,0,7,0.0626135932282775,64QAM,MRC,15,0.113402777777778,0.496302083333333,1,26.058211704943,11.6811078379515,9,0,0,0.3941475,2.4,2,LowMobility,0,2026-08-05 23:27:08
Pedestrian,4,EPA,0,7,0.0626769290119303,64QAM,MRC,20,0.0280642361111111,0.147994791666667,1,9.90555398047329,20.0824246197023,13,0,0,0.3871344,2.4,2,LowMobility,0,2026-08-05 23:27:08
Pedestrian,4,EPA,0,7,0.0515431896866395,64QAM,MRC,25,0.0185503472222222,0.0932552083333333,0.5,6.00839825245035,24.4248257773701,15,2700000,2.8125,0.3710103,2.3,2,LowMobility,0,2026-08-05 23:27:08
Pedestrian,4,EPA,0,7,0.0545757550745171,64QAM,MRC,30,9.54861111111111e-05,0.000572916666666667,0.2,0.279120101255011,51.0841777202613,15,4320000,4.5,0.3607845,2.2,2,LowMobility,0,2026-08-05 23:27:09
Pedestrian,4,EPA,0,7,0.056497348246891,64QAM,LMMSE,0,0.419518229166667,0.978255208333333,1,90.4768778971487,0.86924788212823,4,0,0,0.1875097,1,2,LowMobility,0,2026-08-05 23:27:09
Pedestrian,4,EPA,0,7,0.0600758735418324,64QAM,LMMSE,5,0.394144965277778,0.9759375,1,86.7021894783374,1.23939870414272,4,0,0,0.1918744,1,2,LowMobility,0,2026-08-05 23:27:09
Pedestrian,4,EPA,0,7,0.0632527374527114,64QAM,LMMSE,10,0.3741796875,0.96359375,1,75.1512566492742,2.48127505835251,5,0,0,0.2147763,1,2,LowMobility,0,2026-08-05 23:27:09
Pedestrian,4,EPA,0,7,0.060748144070921,64QAM,LMMSE,15,0.356731770833333,0.953385416666667,1,69.0078687688064,3.22202770176835,5,0,0,0.2046812,1,2,LowMobility,0,2026-08-05 23:27:10
Pedestrian,4,EPA,0,7,0.0631666295685228,64QAM,LMMSE,20,0.235859375,0.820963541666667,1,41.1998953979801,7.70207773183133,7,0,0,0.22399,1,2,LowMobility,0,2026-08-05 23:27:10
Pedestrian,4,EPA,0,7,0.0544942482744595,64QAM,LMMSE,25,0.126423611111111,0.435416666666667,0.9,26.7136202251245,11.4653450495651,9,540000,0.5625,0.235692,1,2,LowMobility,0,2026-08-05 23:27:10
Pedestrian,4,EPA,0,7,0.0631937265938937,64QAM,LMMSE,30,0.0546397569444444,0.166119791666667,0.4,10.4309211291899,19.6335467678827,13,3240000,3.375,0.2402304,1,2,LowMobility,0,2026-08-05 23:27:10
Pedestrian,4,EPA,0,7,0.0626944255707275,64QAM,MPA,0,0.412842881944444,0.977916666666667,1,89.3263236266125,0.980410795099333,4,0,0,0.7081738,10,2,LowMobility,0,2026-08-05 23:27:11
Pedestrian,4,EPA,0,7,0.0613662901537926,64QAM,MPA,5,0.391475694444444,0.975104166666667,1,86.3065906011892,1.2791207826967,4,0,0,0.712932,10,2,LowMobility,0,2026-08-05 23:27:12
Pedestrian,4,EPA,0,7,0.0590949117418018,64QAM,MPA,10,0.377074652777778,0.971354166666667,1,84.6694753488536,1.44546262618112,4,0,0,0.6246115,10,2,LowMobility,0,2026-08-05 23:27:12
Pedestrian,4,EPA,0,7,0.0631764900326905,64QAM,MPA,15,0.397078993055556,0.976484375,1,86.4356396950094,1.26614299037089,4,0,0,0.6222583,10,2,LowMobility,0,2026-08-05 23:27:13
Pedestrian,4,EPA,0,7,0.0628212848006051,64QAM,MPA,20,0.430277777777778,0.978958333333333,1,91.6332726593131,0.758936048793632,4,0,0,0.6298144,10,2,LowMobility,0,2026-08-05 23:27:14
Pedestrian,4,EPA,0,7,0.0632358494111235,64QAM,MPA,25,0.454453125,0.981588541666667,1,95.6980225873922,0.38194071954285,4,0,0,0.6360234,10,2,LowMobility,0,2026-08-05 23:27:14
Pedestrian,4,EPA,0,7,0.0632501503334211,64QAM,MPA,30,0.461267361111111,0.983046875,1,96.6485525592773,0.296092914493543,4,0,0,0.712098,10,2,LowMobility,0,2026-08-05 23:27:15
Pedestrian,0,EPA,0,7,0,QPSK,MRC,0,0.260455729166667,0.445182291666667,1,100.683156195731,-0.0591364253503298,3,0,0,0.4099038,2,3,LowMobility,0,2026-08-05 23:27:15
Pedestrian,0,EPA,0,7,0,QPSK,MRC,5,0.158984375,0.276067708333333,1,68.8464438598712,3.2423697506745,5,0,0,0.4114145,2,3,LowMobility,0,2026-08-05 23:27:16
Pedestrian,0,EPA,0,7,0,QPSK,MRC,10,0.0111067708333333,0.0218489583333333,0.8,14.399977163719,16.8327639326488,12,360000,0.375,0.3533586,2,3,LowMobility,0,2026-08-05 23:27:16
Pedestrian,0,EPA,0,7,0,QPSK,MRC,15,0.0106640625,0.0201822916666667,0.2,7.57180920170925,22.4160067628622,14,1440000,1.5,0.3581875,2,3,LowMobility,0,2026-08-05 23:27:17
Pedestrian,0,EPA,0,7,0,QPSK,MRC,20,0,0,0,0,160,15,1800000,1.875,0.6591496,2,3,LowMobility,0,2026-08-05 23:27:17
Pedestrian,0,EPA,0,7,0,QPSK,MRC,25,0.000130208333333333,0.000260416666666667,0.2,0.912870929175277,40.7918124604763,15,1440000,1.5,0.8510558,2,3,LowMobility,0,2026-08-05 23:27:18
Pedestrian,0,EPA,0,7,0,QPSK,MRC,30,0,0,0,0,160,15,1800000,1.875,0.8562469,2,3,LowMobility,0,2026-08-05 23:27:19
Pedestrian,0,EPA,0,7,0,QPSK,LMMSE,0,0.181536458333333,0.32109375,1,81.9267626672833,1.73148411860916,4,0,0,0.2839533,1,3,LowMobility,0,2026-08-05 23:27:19
Pedestrian,0,EPA,0,7,0,QPSK,LMMSE,5,0.087890625,0.161145833333333,1,50.1536553943774,5.99394816822376,7,0,0,0.3396242,1,3,LowMobility,0,2026-08-05 23:27:20
Pedestrian,0,EPA,0,7,0,QPSK,LMMSE,10,0.0410286458333333,0.0776302083333333,0.6,28.2129320902754,10.9910355300264,9,720000,0.75,0.310129,1,3,LowMobility,0,2026-08-05 23:27:20
Pedestrian,0,EPA,0,7,0,QPSK,LMMSE,15,0.0302473958333333,0.0563020833333333,0.5,18.9691303392709,14.4390515873015,11,900000,0.9375,0.3022408,1,3,LowMobility,0,2026-08-05 23:27:20
Pedestrian,0,EPA,0,7,0,QPSK,LMMSE,20,0.0363802083333333,0.0593489583333333,0.2,12.3816319214571,18.1444422149199,12,1440000,1.5,0.2918971,1,3,LowMobility,0,2026-08-05 23:27:20
Pedestrian,0,EPA,0,7,0,QPSK,LMMSE,25,0.000481770833333333,0.000963541666666667,0.1,1.38819427074647,37.1509950463655,15,1620000,1.6875,0.2985377,1,3,LowMobility,0,2026-08-05 23:27:21
Pedestrian,0,EPA,0,7,0,QPSK,LMMSE,30,3.90625e-05,7.8125e-05,0.1,0.395284707521047,48.0617997398389,15,1620000,1.6875,0.2812028,1,3,LowMobility,0,2026-08-05 23:27:21
Pedestrian,0,EPA,0,7,0,QPSK,MPA,0,0.298776041666667,0.498776041666667,1,107.871953084156,-0.658170839137218,3,0,0,0.3360442,10,3,LowMobility,0,2026-08-05 23:27:21
Pedestrian,0,EPA,0,7,0,QPSK,MPA,5,0.220872395833333,0.384895833333333,1,91.9777533211244,0.72634405704759,4,0,0,0.3484267,10,3,LowMobility,0,2026-08-05 23:27:22
Pedestrian,0,EPA,0,7,0,QPSK,MPA,10,0.14484375,0.2590625,1,73.1808594682096,2.71204988547991,5,0,0,0.3502083,10,3,LowMobility,0,2026-08-05 23:27:22
Pedestrian,0,EPA,0,7,0,QPSK,MPA,15,0.08296875,0.158567708333333,1,57.0383850603925,4.87665558503437,6,0,0,0.342822,10,3,LowMobility,0,2026-08-05 23:27:22
Pedestrian,0,EPA,0,7,0,QPSK,MPA,20,0.0633333333333333,0.12265625,1,50.230533206245,5.9806442340215,7,0,0,0.3522629,10,3,LowMobility,0,2026-08-05 23:27:23
Pedestrian,0,EPA,0,7,0,QPSK,MPA,25,0.0721484375,0.137291666666667,1,52.4755194021609,5.60086508163786,6,0,0,0.3527859,10,3,LowMobility,0,2026-08-05 23:27:23
Pedestrian,0,EPA,0,7,0,QPSK,MPA,30,0.0613541666666667,0.118932291666667,1,49.4841722860657,6.11067379426853,7,0,0,0.3400081,10,3,LowMobility,0,2026-08-05 23:27:23
Pedestrian,0,EPA,0,7,0,16QAM,MRC,0,0.3894140625,0.841510416666667,1,115.343456493777,-1.23985923518259,3,0,0,0.8790948,2,3,LowMobility,0,2026-08-05 23:27:24
Pedestrian,0,EPA,0,7,0,16QAM,MRC,5,0.186875,0.54296875,1,58.0960349466243,4.71707014378149,6,0,0,0.8668916,2,3,LowMobility,0,2026-08-05 23:27:25
Pedestrian,0,EPA,0,7,0,16QAM,MRC,10,0.16427734375,0.454661458333333,1,52.0299969202317,5.67492399621588,6,0,0,0.8408262,2,3,LowMobility,0,2026-08-05 23:27:26
Pedestrian,0,EPA,0,7,0,16QAM,MRC,15,0.04509765625,0.161510416666667,0.9,22.6489961567615,12.8990208383567,10,360000,0.375,0.8850895,2,3,LowMobility,0,2026-08-05 23:27:27
Pedestrian,0,EPA,0,7,0,16QAM,MRC,20,0.0160286458333333,0.0557291666666667,0.6,8.02089056857961,21.9155481765926,14,1440000,1.5,0.897498,2,3,LowMobility,0,2026-08-05 23:27:28
Pedestrian,0,EPA,0,7,0,16QAM,MRC,25,0.00485677083333333,0.0190104166666667,0.3,4.406386679273,27.1183478863019,15,2520000,2.625,0.8207379,2,3,LowMobility,0,2026-08-05 23:27:29
Pedestrian,0,EPA,0,7,0,16QAM,MRC,30,0,0,0,0,160,15,3600000,3.75,0.8385864,2,3,LowMobility,0,2026-08-05 23:27:30
Pedestrian,0,EPA,0,7,0,16QAM,LMMSE,0,0.380885416666667,0.895911458333333,1,85.7749459061178,1.3327909431815,4,0,0,0.2622449,1,3,LowMobility,0,2026-08-05 23:27:30
Pedestrian,0,EPA,0,7,0,16QAM,LMMSE,5,0.34783203125,0.869869791666667,1,79.2445505984243,2.02061186331603,4,0,0,0.2586814,1,3,LowMobility,0,2026-08-05 23:27:30
Pedestrian,0,EPA,0,7,0,16QAM,LMMSE,10,0.313815104166667,0.841875,1,72.53692823322,2.7888167941381,5,0,0,0.235585,1,3,LowMobility,0,2026-08-05 23:27:30
Pedestrian,0,EPA,0,7,0,16QAM,LMMSE,15,0.149641927083333,0.464713541666667,1,43.6136181664674,7.20755765907888,7,0,0,0.2445337,1,3,LowMobility,0,2026-08-05 23:27:31
Pedestrian,0,EPA,0,7,0,16QAM,LMMSE,20,0.0501041666666667,0.158463541666667,0.6,16.585919369279,15.6052090045199,11,1440000,1.5,0.2808606,1,3,LowMobility,0,2026-08-05 23:27:31
Pedestrian,0,EPA,0,7,0,16QAM,LMMSE,25,0.00347005208333333,0.0135416666666667,0.4,3.67596068408391,28.6925828443949,15,2160000,2.25,0.2842435,1,3,LowMobility,0,2026-08-05 23:27:31
Pedestrian,0,EPA,0,7,0,16QAM,LMMSE,30,6.51041666666667e-06,2.60416666666667e-05,0.1,0.101492772449556,59.871297676599,15,3240000,3.375,0.2362279,1,3,LowMobility,0,2026-08-05 23:27:31
Pedestrian,0,EPA,0,7,0,16QAM,MPA,0,0.35224609375,0.880260416666667,1,79.7449478686392,1.96593643056243,4,0,0,0.3649076,10,3,LowMobility,0,2026-08-05 23:27:32
Pedestrian,0,EPA,0,7,0,16QAM,MPA,5,0.341184895833333,0.873151041666667,1,77.0161583129243,2.26836296929283,4,0,0,0.3836533,10,3,LowMobility,0,2026-08-05 23:27:32
Pedestrian,0,EPA,0,7,0,16QAM,MPA,10,0.321295572916667,0.861875,1,73.2974185802804,2.69822640515318,5,0,0,0.4691107,10,3,LowMobility,0,2026-08-05 23:27:33
Pedestrian,0,EPA,0,7,0,16QAM,MPA,15,0.334270833333333,0.871588541666667,1,76.1767974622105,2.36354578806323,4,0,0,0.4775969,10,3,LowMobility,0,2026-08-05 23:27:33
Pedestrian,0,EPA,0,7,0,16QAM,MPA,20,0.350325520833333,0.883411458333333,1,79.4142665302848,2.00202941775273,4,0,0,0.3585003,10,3,LowMobility,0,2026-08-05 23:27:33
Pedestrian,0,EPA,0,7,0,16QAM,MPA,25,0.358678385416667,0.884088541666667,1,81.4253792064561,1.78480420407654,4,0,0,0.3638523,10,3,LowMobility,0,2026-08-05 23:27:34
Pedestrian,0,EPA,0,7,0,16QAM,MPA,30,0.36470703125,0.893229166666667,1,82.3454921471054,1.68720340996291,4,0,0,0.3421365,10,3,LowMobility,0,2026-08-05 23:27:34
Pedestrian,0,EPA,0,7,0,64QAM,MRC,0,0.389322916666667,0.936458333333333,1,98.6798973089995,0.115426222591728,3,0,0,0.3971424,2.2,3,LowMobility,0,2026-08-05 23:27:35
Pedestrian,0,EPA,0,7,0,64QAM,MRC,5,0.286076388888889,0.848255208333333,1,63.1026101485021,3.99905352838299,5,0,0,0.3617456,2,3,LowMobility,0,2026-08-05 23:27:35
Pedestrian,0,EPA,0,7,0,64QAM,MRC,10,0.19375,0.694270833333333,1,44.7123375856184,6.99145248767763,7,0,0,0.3820502,2.4,3,LowMobility,0,2026-08-05 23:27:35
Pedestrian,0,EPA,0,7,0,64QAM,MRC,15,0.117348090277778,0.479296875,1,25.8890459721022,11.7376790659921,10,0,0,0.3635418,2.3,3,LowMobility,0,2026-08-05 23:27:36
Pedestrian,0,EPA,0,7,0,64QAM,MRC,20,0.0290798611111111,0.155520833333333,0.9,10.0642495686062,19.9443720466314,13,540000,0.5625,0.3620641,2.3,3,LowMobility,0,2026-08-05 23:27:36
Pedestrian,0,EPA,0,7,0,64QAM,MRC,25,0.05265625,0.245078125,0.9,13.3619412871349,17.4826088176834,12,540000,0.5625,0.3667264,2.2,3,LowMobility,0,2026-08-05 23:27:36
Pedestrian,0,EPA,0,7,0,64QAM,MRC,30,0.0134331597222222,0.07296875,0.4,4.66388955965422,26.6250348433712,15,3240000,3.375,0.3507087,2,3,LowMobility,0,2026-08-05 23:27:37
Pedestrian,0,EPA,0,7,0,64QAM,LMMSE,0,0.423858506944444,0.979505208333333,1,90.7403941490838,0.843986772416048,4,0,0,0.1780524,1,3,LowMobility,0,2026-08-05 23:27:37
Pedestrian,0,EPA,0,7,0,64QAM,LMMSE,5,0.392664930555556,0.972994791666667,1,86.2869126824593,1.28110139295008,4,0,0,0.1697301,1,3,LowMobility,0,2026-08-05 23:27:37
Pedestrian,0,EPA,0,7,0,64QAM,LMMSE,10,0.375824652777778,0.966536458333333,1,79.1484415375457,2.03115264276849,4,0,0,0.1833211,1,3,LowMobility,0,2026-08-05 23:27:37
Pedestrian,0,EPA,0,7,0,64QAM,LMMSE,15,0.349835069444444,0.955052083333333,1,73.9540561049329,2.62076003153449,5,0,0,0.1928165,1,3,LowMobility,0,2026-08-05 23:27:37
Pedestrian,0,EPA,0,7,0,64QAM,LMMSE,20,0.268098958333333,0.78015625,1,51.9457597381318,5.68899795058252,6,0,0,0.1982386,1,3,LowMobility,0,2026-08-05 23:27:38
Pedestrian,0,EPA,0,7,0,64QAM,LMMSE,25,0.178650173611111,0.621432291666667,1,35.3713256420565,9.02697326893447,8,0,0,0.1924215,1,3,LowMobility,0,2026-08-05 23:27:38
Pedestrian,0,EPA,0,7,0,64QAM,LMMSE,30,0.00781684027777778,0.0414583333333333,0.2,2.33458484618453,32.6358067562728,15,4320000,4.5,0.1994509,1,3,LowMobility,0,2026-08-05 23:27:38
Pedestrian,0,EPA,0,7,0,64QAM,MPA,0,0.411276041666667,0.978203125,1,89.0969135761104,1.00274680368015,4,0,0,0.5484883,10,3,LowMobility,0,2026-08-05 23:27:39
Pedestrian,0,EPA,0,7,0,64QAM,MPA,5,0.372743055555556,0.970651041666667,1,84.2741098759297,1.48611651817802,4,0,0,0.611222,10,3,LowMobility,0,2026-08-05 23:27:39
Pedestrian,0,EPA,0,7,0,64QAM,MPA,10,0.382599826388889,0.973411458333333,1,85.232069667629,1.38793931144432,4,0,0,0.6381337,10,3,LowMobility,0,2026-08-05 23:27:40
Pedestrian,0,EPA,0,7,0,64QAM,MPA,15,0.418654513888889,0.979453125,1,89.8550594557872,0.929149282203698,4,0,0,0.6080829,10,3,LowMobility,0,2026-08-05 23:27:40
Pedestrian,0,EPA,0,7,0,64QAM,MPA,20,0.426605902777778,0.979739583333333,1,91.0946732966628,0.810140347587416,4,0,0,0.5917014,10,3,LowMobility,0,2026-08-05 23:27:41
Pedestrian,0,EPA,0,7,0,64QAM,MPA,25,0.443676215277778,0.980442708333333,1,93.9741667977848,0.53983032355802,4,0,0,0.5926694,10,3,LowMobility,0,2026-08-05 23:27:42
Pedestrian,0,EPA,0,7,0,64QAM,MPA,30,0.466002604166667,0.982265625,1,97.3502510489401,0.23325848348941,4,0,0,0.5982974,10,3,LowMobility,0,2026-08-05 23:27:42
Pedestrian,2,EPA,0,7,0.03159867738849,QPSK,MRC,0,0.237747395833333,0.405416666666667,1,93.9022546659617,0.546479597227289,4,0,0,0.385294,2,4,LowMobility,0,2026-08-05 23:27:43
Pedestrian,2,EPA,0,7,0.0275392902301683,QPSK,MRC,5,0.0781770833333333,0.144244791666667,1,47.7610058800639,6.41853070475925,7,0,0,0.3562051,2,4,LowMobility,0,2026-08-05 23:27:43
Pedestrian,2,EPA,0,7,0.0307709479518978,QPSK,MRC,10,0.0521223958333333,0.0910677083333333,0.5,26.3702976456379,11.577699364595,9,900000,0.9375,0.3579859,2,4,LowMobility,0,2026-08-05 23:27:43
Pedestrian,2,EPA,0,7,0.0316205573895675,QPSK,MRC,15,0.043359375,0.07078125,0.7,20.2484394141757,13.8721688612621,10,540000,0.5625,0.3602535,2,4,LowMobility,0,2026-08-05 23:27:44
Pedestrian,2,EPA,0,7,0.031622919235733,QPSK,MRC,20,0.000364583333333333,0.000729166666666667,0.2,1.69787840441072,35.4018683099257,15,1440000,1.5,0.3338542,2,4,LowMobility,0,2026-08-05 23:27:44
Pedestrian,2,EPA,0,7,0.0312599921902157,QPSK,MRC,25,0,0,0,0,160,15,1800000,1.875,0.3467373,2,4,LowMobility,0,2026-08-05 23:27:44
Pedestrian,2,EPA,0,7,0.0309742513186301,QPSK,MRC,30,0,0,0,0,160,15,1800000,1.875,0.3454553,2,4,LowMobility,0,2026-08-05 23:27:45
Pedestrian,2,EPA,0,7,0.0316224610433689,QPSK,LMMSE,0,0.225963541666667,0.390260416666667,1,92.7055398459198,0.657886255054786,4,0,0,0.189237,1,4,LowMobility,0,2026-08-05 23:27:45
Pedestrian,2,EPA,0,7,0.0313969702767511,QPSK,LMMSE,5,0.226861979166667,0.390026041666667,1,92.3190687733358,0.694171698290578,4,0,0,0.2045102,1,4,LowMobility,0,2026-08-05 23:27:45
Pedestrian,2,EPA,0,7,0.0316008571240247,QPSK,LMMSE,10,0.0910286458333333,0.156744791666667,0.8,42.0856657597083,7.51731596523241,7,360000,0.375,0.1985043,1,4,LowMobility,0,2026-08-05 23:27:45
Pedestrian,2,EPA,0,7,0.0315501414048557,QPSK,LMMSE,15,0.0105338541666667,0.0200260416666667,0.6,10.31816766086,19.727948390284,13,720000,0.75,0.193989,1,4,LowMobility,0,2026-08-05 23:27:46
Pedestrian,2,EPA,0,7,0.0308867098105263,QPSK,LMMSE,20,0.000729166666666667,0.00145833333333333,0.2,2.22663605445209,33.0470152593188,15,1440000,1.5,0.2958538,1,4,LowMobility,0,2026-08-05 23:27:46
Pedestrian,2,EPA,0,7,0.0273916170809967,QPSK,LMMSE,25,0,0,0,0,160,15,1800000,1.875,0.1975611,1,4,LowMobility,0,2026-08-05 23:27:46
Pedestrian,2,EPA,0,7,0.0296250253255694,QPSK,LMMSE,30,0,0,0,0,160,15,1800000,1.875,0.1991271,1,4,LowMobility,0,2026-08-05 23:27:46
Pedestrian,2,EPA,0,7,0.0298852870051525,QPSK,MPA,0,0.250026041666667,0.429505208333333,1,98.3929530402051,0.140720097500464,3,0,0,0.2267871,10,4,LowMobility,0,2026-08-05 23:27:46
Pedestrian,2,EPA,0,7,0.031617594544228,QPSK,MPA,5,0.194830729166667,0.3446875,1,86.1722067707897,1.2926557026285,4,0,0,0.2479179,10,4,LowMobility,0,2026-08-05 23:27:47
Pedestrian,2,EPA,0,7,0.0305946754455108,QPSK,MPA,10,0.136770833333333,0.250026041666667,1,71.9200569355804,2.86299954930117,5,0,0,0.2380856,10,4,LowMobility,0,2026-08-05 23:27:47
Pedestrian,2,EPA,0,7,0.031546693805407,QPSK,MPA,15,0.116341145833333,0.216588541666667,1,66.4078622982131,3.55560999378735,5,0,0,0.2449172,10,4,LowMobility,0,2026-08-05 23:27:47
Pedestrian,2,EPA,0,7,0.0312974263754507,QPSK,MPA,20,0.102864583333333,0.190416666666667,1,61.4284409025242,4.2326101448616,5,0,0,0.2304582,10,4,LowMobility,0,2026-08-05 23:27:47
Pedestrian,2,EPA,0,7,0.03077022976285,QPSK,MPA,25,0.066796875,0.128333333333333,1,51.5587979001503,5.75394433661993,6,0,0,0.2509006,10,4,LowMobility,0,2026-08-05 23:27:48
Pedestrian,2,EPA,0,7,0.0302780230926286,QPSK,MPA,30,0.0610546875,0.118697916666667,1,49.3955589635801,6.12624191396094,7,0,0,0.2389222,10,4,LowMobility,0,2026-08-05 23:27:48
Pedestrian,2,EPA,0,7,0.0312547704597841,16QAM,MRC,0,0.320416666666667,0.764869791666667,1,93.4517659942664,0.588249743526813,4,0,0,0.403353,2,4,LowMobility,0,2026-08-05 23:27:48
Pedestrian,2,EPA,0,7,0.0310796339962605,16QAM,MRC,5,0.180279947916667,0.50046875,1,60.7819238756417,4.32451115410744,6,0,0,0.3649295,2,4,LowMobility,0,2026-08-05 23:27:49
Pedestrian,2,EPA,0,7,0.0299924899520035,16QAM,MRC,10,0.1119921875,0.322265625,1,42.0214371219221,7.53058197841672,7,0,0,0.351184,2,4,LowMobility,0,2026-08-05 23:27:49
Pedestrian,2,EPA,0,7,0.0312613200747407,16QAM,MRC,15,0.030390625,0.11203125,0.9,17.0465442958837,15.3672729731249,11,360000,0.375,0.3832358,2,4,LowMobility,0,2026-08-05 23:27:49
Pedestrian,2,EPA,0,7,0.0316132088729423,16QAM,MRC,20,0.00909505208333333,0.0351302083333333,0.5,6.60051932188211,23.6084378656628,15,1800000,1.875,0.3589612,2,4,LowMobility,0,2026-08-05 23:27:50
Pedestrian,2,EPA,0,7,0.031616550575495,16QAM,MRC,25,0.00531901041666667,0.0204166666666667,0.3,3.96058383505124,28.0448157882997,15,2520000,2.625,0.3551986,2,4,LowMobility,0,2026-08-05 23:27:50
Pedestrian,2,EPA,0,7,0.0293011084322057,16QAM,MRC,30,0.0133854166666667,0.0454947916666667,0.1,4.70437536140385,26.5499606651576,15,3240000,3.375,0.353765,2,4,LowMobility,0,2026-08-05 23:27:50
Pedestrian,2,EPA,0,7,0.029766002008015,16QAM,LMMSE,0,0.373697916666667,0.893541666666667,1,84.3124225033195,1.48216864340671,4,0,0,0.1957981,1,4,LowMobility,0,2026-08-05 23:27:51
Pedestrian,2,EPA,0,7,0.0316187443387131,16QAM,LMMSE,5,0.32720703125,0.823072916666667,1,75.9539779251487,2.38898951944686,4,0,0,0.1904172,1,4,LowMobility,0,2026-08-05 23:27:51
Pedestrian,2,EPA,0,7,0.0313504145113653,16QAM,LMMSE,10,0.259576822916667,0.712526041666667,1,65.0993614847257,3.72846542219074,5,0,0,0.1992692,1,4,LowMobility,0,2026-08-05 23:27:51
Pedestrian,2,EPA,0,7,0.0265876194021698,16QAM,LMMSE,15,0.13802734375,0.4025,1,38.6576763628284,8.25528508226405,8,0,0,0.1952072,1,4,LowMobility,0,2026-08-05 23:27:51
Pedestrian,2,EPA,0,7,0.0312715954920131,16QAM,LMMSE,20,0.00887369791666667,0.033828125,0.5,6.07722388068842,24.3258952850444,15,1800000,1.875,0.2361113,1,4,LowMobility,0,2026-08-05 23:27:51
Pedestrian,2,EPA,0,7,0.0304185302753238,16QAM,LMMSE,25,0.00231770833333333,0.00911458333333333,0.2,2.71462320788269,31.3258088470529,15,2880000,3,0.190443,1,4,LowMobility,0,2026-08-05 23:27:52
Pedestrian,2,EPA,0,7,0.0291476963436352,16QAM,LMMSE,30,0.000852864583333333,0.00338541666666667,0.2,1.43028771810194,36.8915318127239,15,2880000,3,0.2007292,1,4,LowMobility,0,2026-08-05 23:27:52
Pedestrian,2,EPA,0,7,0.0314266303580506,16QAM,MPA,0,0.389459635416667,0.900364583333333,1,87.3621000725687,1.17353869265722,4,0,0,0.317011,10,4,LowMobility,0,2026-08-05 23:27:52
Pedestrian,2,EPA,0,7,0.0315569640766095,16QAM,MPA,5,0.35625,0.883151041666667,1,80.2942914636867,1.90630659727759,4,0,0,0.341975,10,4,LowMobility,0,2026-08-05 23:27:53
Pedestrian,2,EPA,0,7,0.0309644330437279,16QAM,MPA,10,0.325885416666667,0.866171875,1,74.1081866602726,2.60267626551671,5,0,0,0.3306698,10,4,LowMobility,0,2026-08-05 23:27:53
Pedestrian,2,EPA,0,7,0.0276785431804593,16QAM,MPA,15,0.33615234375,0.872369791666667,1,76.5978139135151,2.31567249738582,4,0,0,0.3361539,10,4,LowMobility,0,2026-08-05 23:27:53
Pedestrian,2,EPA,0,7,0.0311200892802957,16QAM,MPA,20,0.34869140625,0.881328125,1,78.975272741271,2.05017731166628,4,0,0,0.333941,10,4,LowMobility,0,2026-08-05 23:27:54
Pedestrian,2,EPA,0,7,0.0269947055366627,16QAM,MPA,25,0.357825520833333,0.888489583333333,1,80.7285113434284,1.85946111911536,4,0,0,0.318803,10,4,LowMobility,0,2026-08-05 23:27:54
Pedestrian,2,EPA,0,7,0.0294554955239239,16QAM,MPA,30,0.352415364583333,0.8825,1,80.0125707160006,1.93683551923373,4,0,0,0.3268694,10,4,LowMobility,0,2026-08-05 23:27:54
Pedestrian,2,EPA,0,7,0.0299780627800196,64QAM,MRC,0,0.373350694444444,0.926822916666667,1,90.7023239655143,0.847631706985747,4,0,0,0.4146507,2.4,4,LowMobility,0,2026-08-05 23:27:55
Pedestrian,2,EPA,0,7,0.0315977273410498,64QAM,MRC,5,0.312960069444444,0.872890625,1,73.2029037892898,2.70943382291621,5,0,0,0.3619771,2.1,4,LowMobility,0,2026-08-05 23:27:55
Pedestrian,2,EPA,0,7,0.0310292295985276,64QAM,MRC,10,0.198532986111111,0.683020833333333,1,43.5261923899063,7.22498645302901,7,0,0,0.3689031,2.2,4,LowMobility,0,2026-08-05 23:27:55
Pedestrian,2,EPA,0,7,0.0314171290137196,64QAM,MRC,15,0.135282118055556,0.502447916666667,1,32.0097030462099,9.89436709568069,8,0,0,0.3579495,2.2,4,LowMobility,0,2026-08-05 23:27:56
Pedestrian,2,EPA,0,7,0.03040784454727,64QAM,MRC,20,0.0442274305555556,0.211432291666667,0.9,12.6023411607959,17.9909753535742,12,540000,0.5625,0.3829655,2.6,4,LowMobility,0,2026-08-05 23:27:56
Pedestrian,2,EPA,0,7,0.0312150368695804,64QAM,MRC,25,0.00184895833333333,0.0108854166666667,0.6,2.02842832108049,33.8568066885421,15,2160000,2.25,0.3686908,2.3,4,LowMobility,0,2026-08-05 23:27:56
Pedestrian,2,EPA,0,7,0.0314908227323978,64QAM,MRC,30,0.00536892361111111,0.0296875,0.2,1.89874220082879,34.4306799402024,15,4320000,4.5,0.3779245,2.5,4,LowMobility,0,2026-08-05 23:27:57
Pedestrian,2,EPA,0,7,0.0304673462453611,64QAM,LMMSE,0,0.431931423611111,0.97984375,1,92.1287120832151,0.712100000616518,4,0,0,0.178412,1,4,LowMobility,0,2026-08-05 23:27:57
Pedestrian,2,EPA,0,7,0.0316206623516855,64QAM,LMMSE,5,0.410199652777778,0.977135416666667,1,89.0967356904493,1.00276414543421,4,0,0,0.1886931,1,4,LowMobility,0,2026-08-05 23:27:57
Pedestrian,2,EPA,0,7,0.0314384064812653,64QAM,LMMSE,10,0.375768229166667,0.9615625,1,74.9338889757376,2.50643454945934,5,0,0,0.2068012,1,4,LowMobility,0,2026-08-05 23:27:57
Pedestrian,2,EPA,0,7,0.0305903315467832,64QAM,LMMSE,15,0.371801215277778,0.95796875,1,70.3800640824068,3.05100684134277,5,0,0,0.2006382,1,4,LowMobility,0,2026-08-05 23:27:58
Pedestrian,2,EPA,0,7,0.0274215082321943,64QAM,LMMSE,20,0.253736979166667,0.82921875,1,44.7607593163615,6.98205109519335,7,0,0,0.2065294,1,4,LowMobility,0,2026-08-05 23:27:58
Pedestrian,2,EPA,0,7,0.0316140917106283,64QAM,LMMSE,25,0.0200998263888889,0.104010416666667,0.7,6.94399258707903,23.1678150290748,15,1620000,1.6875,0.2018269,1,4,LowMobility,0,2026-08-05 23:27:58
Pedestrian,2,EPA,0,7,0.0315373314762096,64QAM,LMMSE,30,0.018359375,0.0985416666666667,0.4,6.05092315531779,24.3635672485184,15,3240000,3.375,0.2024069,1,4,LowMobility,0,2026-08-05 23:27:58
Pedestrian,2,EPA,0,7,0.0247977230924204,64QAM,MPA,0,0.408828125,0.978072916666667,1,88.7036395002349,1.04117121499067,4,0,0,0.5542325,10,4,LowMobility,0,2026-08-05 23:27:59
Pedestrian,2,EPA,0,7,0.0314700497412371,64QAM,MPA,5,0.385203993055556,0.9740625,1,85.6742151613342,1.34299730671895,4,0,0,0.6008418,10,4,LowMobility,0,2026-08-05 23:27:59
Pedestrian,2,EPA,0,7,0.0316097940782007,64QAM,MPA,10,0.379691840277778,0.972760416666667,1,84.9670638339546,1.41498778387214,4,0,0,0.6061206,10,4,LowMobility,0,2026-08-05 23:28:00
Pedestrian,2,EPA,0,7,0.0270184530309938,64QAM,MPA,15,0.405590277777778,0.978177083333333,1,87.7021578637082,1.13979441847804,4,0,0,0.6140368,10,4,LowMobility,0,2026-08-05 23:28:01
Pedestrian,2,EPA,0,7,0.0304324320089661,64QAM,MPA,20,0.440112847222222,0.980104166666667,1,93.5115756088165,0.582692507284199,4,0,0,0.6352927,10,4,LowMobility,0,2026-08-05 23:28:01
Pedestrian,2,EPA,0,7,0.0316200931916529,64QAM,MPA,25,0.453988715277778,0.980989583333333,1,95.3659027217125,0.412137517821086,4,0,0,0.6061782,10,4,LowMobility,0,2026-08-05 23:28:02
Pedestrian,2,EPA,0,7,0.031304970972369,64QAM,MPA,30,0.459418402777778,0.9834375,1,95.9823645802899,0.356171103591355,4,0,0,0.6071649,10,4,LowMobility,0,2026-08-05 23:28:02
Pedestrian,1,EPA,0,7,0.0157092959051443,QPSK,MRC,0,0.267552083333333,0.449244791666667,1,100.02663363741,-0.00231306033961773,3,0,0,0.3842882,2,5,LowMobility,0,2026-08-05 23:28:03
Pedestrian,1,EPA,0,7,0.0156912498810621,QPSK,MRC,5,0.11578125,0.202734375,0.9,53.486386538097,5.43513482825553,6,180000,0.1875,0.3557358,2,5,LowMobility,0,2026-08-05 23:28:03
Pedestrian,1,EPA,0,7,0.0158133982134834,QPSK,MRC,10,0.0993489583333333,0.173359375,0.9,47.4464911372591,6.47591799816826,7,180000,0.1875,0.3432912,2,5,LowMobility,0,2026-08-05 23:28:04
Pedestrian,1,EPA,0,7,0.015034445182942,QPSK,MRC,15,0.0176692708333333,0.033515625,0.6,15.6769466847354,16.0947703726939,11,720000,0.75,0.3361134,2,5,LowMobility,0,2026-08-05 23:28:04
Pedestrian,1,EPA,0,7,0.0155930828255001,QPSK,MRC,20,0,0,0,0,160,15,1800000,1.875,0.3370612,2,5,LowMobility,0,2026-08-05 23:28:04
Pedestrian,1,EPA,0,7,0.0153013056518798,QPSK,MRC,25,0,0,0,0,160,15,1800000,1.875,0.3735726,2,5,LowMobility,0,2026-08-05 23:28:05
Pedestrian,1,EPA,0,7,0.0157016169850056,QPSK,MRC,30,0,0,0,0,160,15,1800000,1.875,0.388748,2,5,LowMobility,0,2026-08-05 23:28:05
Pedestrian,1,EPA,0,7,0.0157148088598278,QPSK,LMMSE,0,0.240846354166667,0.402942708333333,1,92.0384669489478,0.720612476547106,4,0,0,0.1868359,1,5,LowMobility,0,2026-08-05 23:28:05
Pedestrian,1,EPA,0,7,0.0153806869676472,QPSK,LMMSE,5,0.13484375,0.237942708333333,1,63.8412476289264,3.89797268594613,5,0,0,0.2006384,1,5,LowMobility,0,2026-08-05 23:28:05
Pedestrian,1,EPA,0,7,0.0158116275846819,QPSK,LMMSE,10,0.0250520833333333,0.0469270833333333,0.6,16.8127678181761,15.4872156905072,11,720000,0.75,0.1903724,1,5,LowMobility,0,2026-08-05 23:28:06
Pedestrian,1,EPA,0,7,0.0142700853229824,QPSK,LMMSE,15,0.00977864583333333,0.0191666666666667,0.3,9.464843647932,20.4777311171547,13,1260000,1.3125,0.204847,1,5,LowMobility,0,2026-08-05 23:28:06
Pedestrian,1,EPA,0,7,0.0157368064416803,QPSK,LMMSE,20,0.000677083333333333,0.00135416666666667,0.1,1.64570147151096,35.6729788506875,15,1620000,1.6875,0.2104026,1,5,LowMobility,0,2026-08-05 23:28:06
Pedestrian,1,EPA,0,7,0.0152992152889025,QPSK,LMMSE,25,0,0,0,0,160,15,1800000,1.875,0.1810602,1,5,LowMobility,0,2026-08-05 23:28:06
Pedestrian,1,EPA,0,7,0.0158132321248423,QPSK,LMMSE,30,0,0,0,0,160,15,1800000,1.875,0.1889708,1,5,LowMobility,0,2026-08-05 23:28:06
Pedestrian,1,EPA,0,7,0.0157785005781426,QPSK,MPA,0,0.25921875,0.443229166666667,1,100.123908483499,-0.0107558917730146,3,0,0,0.2380477,10,5,LowMobility,0,2026-08-05 23:28:07
Pedestrian,1,EPA,0,7,0.015812410155904,QPSK,MPA,5,0.163815104166667,0.29671875,1,79.349992636118,2.00906218425537,4,0,0,0.2257044,10,5,LowMobility,0,2026-08-05 23:28:07
Pedestrian,1,EPA,0,7,0.0151631368684661,QPSK,MPA,10,0.1205859375,0.224192708333333,1,67.7959937817379,3.37591937631365,5,0,0,0.2498077,10,5,LowMobility,0,2026-08-05 23:28:07
Pedestrian,1,EPA,0,7,0.0156962248180401,QPSK,MPA,15,0.0826692708333333,0.157734375,1,56.7536170541902,4.92012909093757,6,0,0,0.2274596,10,5,LowMobility,0,2026-08-05 23:28:07
Pedestrian,1,EPA,0,7,0.014710393861754,QPSK,MPA,20,0.07546875,0.144947916666667,1,54.7693155033923,5.22925373536158,6,0,0,0.2388591,10,5,LowMobility,0,2026-08-05 23:28:08
Pedestrian,1,EPA,0,7,0.015813152433023,QPSK,MPA,25,0.0591276041666667,0.114895833333333,1,48.6213606467613,6.26345783576404,7,0,0,0.241577,10,5,LowMobility,0,2026-08-05 23:28:08
Pedestrian,1,EPA,0,7,0.015811306434475,QPSK,MPA,30,0.0600520833333333,0.116796875,1,49.0028056005348,6.19558108434837,7,0,0,0.2311272,10,5,LowMobility,0,2026-08-05 23:28:08
Pedestrian,1,EPA,0,7,0.0143669026767207,16QAM,MRC,0,0.312903645833333,0.761432291666667,1,88.6891473760853,1.04259040450205,4,0,0,0.364612,2,5,LowMobility,0,2026-08-05 23:28:08
Pedestrian,1,EPA,0,7,0.0154198995026532,16QAM,MRC,5,0.221770833333333,0.614427083333333,1,66.4806084652159,3.54610028632114,5,0,0,0.3414443,2,5,LowMobility,0,2026-08-05 23:28:09
Pedestrian,1,EPA,0,7,0.0156056279928523,16QAM,MRC,10,0.0999283854166667,0.312135416666667,1,38.1827623041526,8.36265312175131,8,0,0,0.3475132,2,5,LowMobility,0,2026-08-05 23:28:09
Pedestrian,1,EPA,0,7,0.0155744099248279,16QAM,MRC,15,0.0632682291666667,0.21484375,1,25.0757033183122,12.0149375426387,10,0,0,0.3570197,2,5,LowMobility,0,2026-08-05 23:28:09
Pedestrian,1,EPA,0,7,0.0157928864591337,16QAM,MRC,20,0.0141341145833333,0.053125,0.6,8.71127222349556,21.1983682906711,14,1440000,1.5,0.3450086,2,5,LowMobility,0,2026-08-05 23:28:10
Pedestrian,1,EPA,0,7,0.0145447043559051,16QAM,MRC,25,0,0,0,0,160,15,3600000,3.75,0.3516756,2,5,LowMobility,0,2026-08-05 23:28:10
Pedestrian,1,EPA,0,7,0.0155642098221949,16QAM,MRC,30,0.0110481770833333,0.0397916666666667,0.1,4.21918667824342,27.4954251759963,15,3240000,3.375,0.330129,2,5,LowMobility,0,2026-08-05 23:28:10
Pedestrian,1,EPA,0,7,0.0142587702352736,16QAM,LMMSE,0,0.3799609375,0.893958333333333,1,85.5221162880354,1.35843121659266,4,0,0,0.1763511,1,5,LowMobility,0,2026-08-05 23:28:11
Pedestrian,1,EPA,0,7,0.015467235073469,16QAM,LMMSE,5,0.322630208333333,0.849661458333333,1,74.1992231424679,2.59201283423229,5,0,0,0.1783332,1,5,LowMobility,0,2026-08-05 23:28:11
Pedestrian,1,EPA,0,7,0.0139028681862819,16QAM,LMMSE,10,0.222174479166667,0.664453125,1,58.7936403973338,4.61339296477543,6,0,0,0.1990049,1,5,LowMobility,0,2026-08-05 23:28:11
Pedestrian,1,EPA,0,7,0.0153520495100895,16QAM,LMMSE,15,0.193203125,0.552109375,1,49.1910873854716,6.16227154218991,7,0,0,0.1936987,1,5,LowMobility,0,2026-08-05 23:28:11
Pedestrian,1,EPA,0,7,0.0153219367793644,16QAM,LMMSE,20,0.0568294270833333,0.189348958333333,0.6,19.8083069877572,14.0630528388459,10,1440000,1.5,0.1926773,1,5,LowMobility,0,2026-08-05 23:28:11
Pedestrian,1,EPA,0,7,0.0158061914491343,16QAM,LMMSE,25,0.0453580729166667,0.13546875,0.3,12.0667822598845,18.368170477228,12,2520000,2.625,0.1745651,1,5,LowMobility,0,2026-08-05 23:28:12
Pedestrian,1,EPA,0,7,0.0157655571690705,16QAM,LMMSE,30,0.0313020833333333,0.085234375,0.2,7.55406607796755,22.436384411427,14,2880000,3,0.1941348,1,5,LowMobility,0,2026-08-05 23:28:12
Pedestrian,1,EPA,0,7,0.0139551788037283,16QAM,MPA,0,0.380774739583333,0.897265625,1,85.4135481155071,1.36946473958369,4,0,0,0.3104988,10,5,LowMobility,0,2026-08-05 23:28:12
Pedestrian,1,EPA,0,7,0.0155413576636333,16QAM,MPA,5,0.34986328125,0.877890625,1,79.192119010305,2.02636072190669,4,0,0,0.3318614,10,5,LowMobility,0,2026-08-05 23:28:12
Pedestrian,1,EPA,0,7,0.0157746452003395,16QAM,MPA,10,0.330709635416667,0.870390625,1,75.0366434623601,2.49453202093227,5,0,0,0.4301682,10,5,LowMobility,0,2026-08-05 23:28:13
Pedestrian,1,EPA,0,7,0.0137876561124963,16QAM,MPA,15,0.336985677083333,0.873385416666667,1,76.667450290256,2.30777959447752,4,0,0,0.3318207,10,5,LowMobility,0,2026-08-05 23:28:13
Pedestrian,1,EPA,0,7,0.0143043552428632,16QAM,MPA,20,0.347083333333333,0.879427083333333,1,78.8142260596706,2.06790769549175,4,0,0,0.3312418,10,5,LowMobility,0,2026-08-05 23:28:14
Pedestrian,1,EPA,0,7,0.0152840383697183,16QAM,MPA,25,0.360598958333333,0.8865625,1,81.4434912079619,1.78287235735284,4,0,0,0.3260473,10,5,LowMobility,0,2026-08-05 23:28:14
Pedestrian,1,EPA,0,7,0.0158056717128518,16QAM,MPA,30,0.363424479166667,0.891276041666667,1,81.9454794347293,1.72949999030239,4,0,0,0.3328633,10,5,LowMobility,0,2026-08-05 23:28:14
Pedestrian,1,EPA,0,7,0.0156716383220495,64QAM,MRC,0,0.365889756944444,0.917604166666667,1,92.1731469555735,0.707911693381013,4,0,0,0.4218786,2.5,5,LowMobility,0,2026-08-05 23:28:15
Pedestrian,1,EPA,0,7,0.0157077938876297,64QAM,MRC,5,0.311193576388889,0.879739583333333,1,67.1361548059654,3.46087072806125,5,0,0,0.3617649,2.2,5,LowMobility,0,2026-08-05 23:28:15
Pedestrian,1,EPA,0,7,0.0155756354174986,64QAM,MRC,10,0.208489583333333,0.730182291666667,1,43.7146181029415,7.18746622633511,7,0,0,0.4561592,2.2,5,LowMobility,0,2026-08-05 23:28:15
Pedestrian,1,EPA,0,7,0.0157485734605048,64QAM,MRC,15,0.0822265625,0.398229166666667,1,21.2916613856951,13.4358089858991,10,0,0,0.3701013,2.3,5,LowMobility,0,2026-08-05 23:28:16
Pedestrian,1,EPA,0,7,0.0158092931876018,64QAM,MRC,20,0.0538585069444444,0.278046875,0.9,15.6809794443982,16.0925362896479,11,540000,0.5625,0.3584388,2.1,5,LowMobility,0,2026-08-05 23:28:16
Pedestrian,1,EPA,0,7,0.0156746363785429,64QAM,MRC,25,0.00622395833333333,0.0357552083333333,0.5,3.4494482065718,29.2450074319093,15,2700000,2.8125,0.3754041,2.4,5,LowMobility,0,2026-08-05 23:28:17
Pedestrian,1,EPA,0,7,0.0157604804086348,64QAM,MRC,30,3.90625e-05,0.000234375,0.1,0.149355428655288,56.5155797474792,15,4860000,5.0625,0.3743912,2.3,5,LowMobility,0,2026-08-05 23:28:17
Pedestrian,1,EPA,0,7,0.0145587953512185,64QAM,LMMSE,0,0.416944444444444,0.979505208333333,1,89.8650356817863,0.928184978261447,4,0,0,0.1922847,1,5,LowMobility,0,2026-08-05 23:28:17
Pedestrian,1,EPA,0,7,0.0150412673776376,64QAM,LMMSE,5,0.407630208333333,0.97625,1,88.8742057837178,1.02448534556197,4,0,0,0.1983731,1,5,LowMobility,0,2026-08-05 23:28:17
Pedestrian,1,EPA,0,7,0.0130892302478421,64QAM,LMMSE,10,0.374340277777778,0.9678125,1,83.3666064917111,1.58015752935391,4,0,0,0.2153588,1,5,LowMobility,0,2026-08-05 23:28:18
Pedestrian,1,EPA,0,7,0.0153886625532087,64QAM,LMMSE,15,0.335238715277778,0.916328125,1,62.136566189509,4.13305501072719,5,0,0,0.2038914,1,5,LowMobility,0,2026-08-05 23:28:18
Pedestrian,1,EPA,0,7,0.0156770179851505,64QAM,LMMSE,20,0.308793402777778,0.897239583333333,1,56.9567199114184,4.88910058594539,6,0,0,0.202936,1,5,LowMobility,0,2026-08-05 23:28:18
Pedestrian,1,EPA,0,7,0.0156856576879825,64QAM,LMMSE,25,0.0878168402777778,0.346041666666667,1,20.4082128188499,13.8039005101819,10,0,0,0.2047747,1,5,LowMobility,0,2026-08-05 23:28:18
Pedestrian,1,EPA,0,7,0.0154373794158671,64QAM,LMMSE,30,0.0452994791666667,0.184947916666667,0.4,8.85573244601376,21.0555102612297,14,3240000,3.375,0.2081994,1,5,LowMobility,0,2026-08-05 23:28:18
Pedestrian,1,EPA,0,7,0.0153912911084395,64QAM,MPA,0,0.41359375,0.978177083333333,1,89.3142139008128,0.981588397265791,4,0,0,0.5381017,10,5,LowMobility,0,2026-08-05 23:28:19
Pedestrian,1,EPA,0,7,0.0154636724149583,64QAM,MPA,5,0.382556423611111,0.973854166666667,1,85.2935921358947,1.38167189823331,4,0,0,0.6086817,10,5,LowMobility,0,2026-08-05 23:28:19
Pedestrian,1,EPA,0,7,0.0157920669300215,64QAM,MPA,10,0.392417534722222,0.973880208333333,1,86.6878470945722,1.24083565363853,4,0,0,0.7155801,10,5,LowMobility,0,2026-08-05 23:28:20
Pedestrian,1,EPA,0,7,0.0154718367935592,64QAM,MPA,15,0.392495659722222,0.977395833333333,1,85.5633838654411,1.35424096517326,4,0,0,0.6052271,10,5,LowMobility,0,2026-08-05 23:28:21
Pedestrian,1,EPA,0,7,0.0148499978792238,64QAM,MPA,20,0.434483506944444,0.980078125,1,91.8930399897536,0.734347619614241,4,0,0,0.5871079,10,5,LowMobility,0,2026-08-05 23:28:21
Pedestrian,1,EPA,0,7,0.0158120589807825,64QAM,MPA,25,0.4624609375,0.983203125,1,96.7883675801015,0.283536696670892,4,0,0,0.6161382,10,5,LowMobility,0,2026-08-05 23:28:22
Pedestrian,1,EPA,0,7,0.012591427980683,64QAM,MPA,30,0.465338541666667,0.983098958333333,1,97.218065513736,0.245060499022668,4,0,0,0.5891649,10,5,LowMobility,0,2026-08-05 23:28:23
Pedestrian,0,EPA,0,7,0,QPSK,MRC,0,0.133033854166667,0.24203125,1,68.5264488938731,3.28283546309898,5,0,0,0.3659571,2,6,LowMobility,0,2026-08-05 23:28:23
Pedestrian,0,EPA,0,7,0,QPSK,MRC,5,0.105924479166667,0.178333333333333,1,49.2606031467558,6.15000549926669,7,0,0,0.3232468,2,6,LowMobility,0,2026-08-05 23:28:23
Pedestrian,0,EPA,0,7,0,QPSK,MRC,10,0.0931510416666667,0.164479166666667,0.9,46.9338262109836,6.5702807825385,7,180000,0.1875,0.335244,2,6,LowMobility,0,2026-08-05 23:28:24
Pedestrian,0,EPA,0,7,0,QPSK,MRC,15,0.0396875,0.0711979166666667,0.3,17.997049341989,14.8959738529729,11,1260000,1.3125,0.3272874,2,6,LowMobility,0,2026-08-05 23:28:24
Pedestrian,0,EPA,0,7,0,QPSK,MRC,20,0,0,0,0,160,15,1800000,1.875,0.3196508,2,6,LowMobility,0,2026-08-05 23:28:24
Pedestrian,0,EPA,0,7,0,QPSK,MRC,25,0,0,0,0,160,15,1800000,1.875,0.3274384,2,6,LowMobility,0,2026-08-05 23:28:25
Pedestrian,0,EPA,0,7,0,QPSK,MRC,30,0,0,0,0,160,15,1800000,1.875,0.3264187,2,6,LowMobility,0,2026-08-05 23:28:25
Pedestrian,0,EPA,0,7,0,QPSK,LMMSE,0,0.29109375,0.479401041666667,1,104.310532999018,-0.36656329075248,3,0,0,0.1583782,1,6,LowMobility,0,2026-08-05 23:28:25
Pedestrian,0,EPA,0,7,0,QPSK,LMMSE,5,0.0836588541666667,0.156145833333333,1,49.788121691881,6.05748515243356,7,0,0,0.1752797,1,6,LowMobility,0,2026-08-05 23:28:25
Pedestrian,0,EPA,0,7,0,QPSK,LMMSE,10,0.0713151041666667,0.126796875,0.7,35.057172721256,9.10446223322351,8,540000,0.5625,0.1735071,1,6,LowMobility,0,2026-08-05 23:28:25
Pedestrian,0,EPA,0,7,0,QPSK,LMMSE,15,0.0121484375,0.0234895833333333,0.4,11.4418466821552,18.8300775193463,13,1080000,1.125,0.1810984,1,6,LowMobility,0,2026-08-05 23:28:26
Pedestrian,0,EPA,0,7,0,QPSK,LMMSE,20,0.0275520833333333,0.0479427083333333,0.2,10.8158018697762,19.3188255398295,13,1440000,1.5,0.1719081,1,6,LowMobility,0,2026-08-05 23:28:26
Pedestrian,0,EPA,0,7,0,QPSK,LMMSE,25,0,0,0,0,160,15,1800000,1.875,0.1679911,1,6,LowMobility,0,2026-08-05 23:28:26
Pedestrian,0,EPA,0,7,0,QPSK,LMMSE,30,0,0,0,0,160,15,1800000,1.875,0.1675387,1,6,LowMobility,0,2026-08-05 23:28:26
Pedestrian,0,EPA,0,7,0,QPSK,MPA,0,0.272317708333333,0.464088541666667,1,103.05201600439,-0.261129845840399,3,0,0,0.211196,10,6,LowMobility,0,2026-08-05 23:28:26
Pedestrian,0,EPA,0,7,0,QPSK,MPA,5,0.204921875,0.356119791666667,1,88.0105792343236,1.10930241451041,4,0,0,0.2290688,10,6,LowMobility,0,2026-08-05 23:28:27
Pedestrian,0,EPA,0,7,0,QPSK,MPA,10,0.128450520833333,0.237239583333333,1,69.9665145483463,3.10219520722898,5,0,0,0.2215927,10,6,LowMobility,0,2026-08-05 23:28:27
Pedestrian,0,EPA,0,7,0,QPSK,MPA,15,0.083046875,0.159557291666667,1,57.3070561996637,4.83583800396603,6,0,0,0.2323146,10,6,LowMobility,0,2026-08-05 23:28:27
Pedestrian,0,EPA,0,7,0,QPSK,MPA,20,0.0669401041666667,0.129895833333333,1,51.6828754623271,5.73306663296785,6,0,0,0.21408,10,6,LowMobility,0,2026-08-05 23:28:27
Pedestrian,0,EPA,0,7,0,QPSK,MPA,25,0.0601822916666667,0.117083333333333,1,49.0316028093876,6.19047819467461,7,0,0,0.2320601,10,6,LowMobility,0,2026-08-05 23:28:27
Pedestrian,0,EPA,0,7,0,QPSK,MPA,30,0.0591927083333333,0.115078125,1,48.6393150327957,6.26025099360928,7,0,0,0.2066088,10,6,LowMobility,0,2026-08-05 23:28:28
Pedestrian,0,EPA,0,7,0,16QAM,MRC,0,0.364485677083333,0.809036458333333,1,109.38363017107,-0.779046648664622,3,0,0,0.3758222,2,6,LowMobility,0,2026-08-05 23:28:28
Pedestrian,0,EPA,0,7,0,16QAM,MRC,5,0.18890625,0.534661458333333,1,59.559286638183,4.50101025162626,6,0,0,0.3414869,2,6,LowMobility,0,2026-08-05 23:28:28
Pedestrian,0,EPA,0,7,0,16QAM,MRC,10,0.127415364583333,0.389869791666667,1,43.7070892445822,7.18896230402464,7,0,0,0.3289223,2,6,LowMobility,0,2026-08-05 23:28:29
Pedestrian,0,EPA,0,7,0,16QAM,MRC,15,0.0613671875,0.187682291666667,0.8,24.1512823964065,12.3411960784594,10,720000,0.75,0.3417082,2,6,LowMobility,0,2026-08-05 23:28:29
Pedestrian,0,EPA,0,7,0,16QAM,MRC,20,0.00557942708333333,0.0216927083333333,0.7,5.75593376339185,24.7976842473109,15,1080000,1.125,0.3342379,2,6,LowMobility,0,2026-08-05 23:28:29
Pedestrian,0,EPA,0,7,0,16QAM,MRC,25,0.000338541666666667,0.00135416666666667,0.3,1.08378411953218,39.3011443381108,15,2520000,2.625,0.3558568,2,6,LowMobility,0,2026-08-05 23:28:30
Pedestrian,0,EPA,0,7,0,16QAM,MRC,30,0,0,0,0,160,15,3600000,3.75,0.3383375,2,6,LowMobility,0,2026-08-05 23:28:30
Pedestrian,0,EPA,0,7,0,16QAM,LMMSE,0,0.383678385416667,0.893385416666667,1,86.6774933171522,1.24187313630837,4,0,0,0.1600718,1,6,LowMobility,0,2026-08-05 23:28:30
Pedestrian,0,EPA,0,7,0,16QAM,LMMSE,5,0.320071614583333,0.85078125,1,74.0095619305326,2.61424332824696,5,0,0,0.163843,1,6,LowMobility,0,2026-08-05 23:28:30
Pedestrian,0,EPA,0,7,0,16QAM,LMMSE,10,0.283860677083333,0.773932291666667,1,69.0322708295002,3.21895680356509,5,0,0,0.1828296,1,6,LowMobility,0,2026-08-05 23:28:31
Pedestrian,0,EPA,0,7,0,16QAM,LMMSE,15,0.16203125,0.462526041666667,0.9,44.7080133501923,6.99229256113554,7,360000,0.375,0.1939696,1,6,LowMobility,0,2026-08-05 23:28:31
Pedestrian,0,EPA,0,7,0,16QAM,LMMSE,20,0.00380859375,0.0150520833333333,0.8,4.79670059646993,26.3811477751849,15,720000,0.75,0.1743333,1,6,LowMobility,0,2026-08-05 23:28:31
Pedestrian,0,EPA,0,7,0,16QAM,LMMSE,25,0.03326171875,0.092109375,0.4,9.49192871854475,20.4529106371996,13,2160000,2.25,0.1914623,1,6,LowMobility,0,2026-08-05 23:28:31
Pedestrian,0,EPA,0,7,0,16QAM,LMMSE,30,0.0287630208333333,0.096015625,0.3,10.2492659820852,19.7861447240567,13,2520000,2.625,0.1750515,1,6,LowMobility,0,2026-08-05 23:28:31
Pedestrian,0,EPA,0,7,0,16QAM,MPA,0,0.377389322916667,0.898125,1,84.5488154761719,1.45784944926466,4,0,0,0.3173499,10,6,LowMobility,0,2026-08-05 23:28:32
Pedestrian,0,EPA,0,7,0,16QAM,MPA,5,0.32923828125,0.86421875,1,74.9964102288828,2.49919048019235,5,0,0,0.3455903,10,6,LowMobility,0,2026-08-05 23:28:32
Pedestrian,0,EPA,0,7,0,16QAM,MPA,10,0.321360677083333,0.86171875,1,73.667403916352,2.65449269348707,5,0,0,0.3360216,10,6,LowMobility,0,2026-08-05 23:28:32
Pedestrian,0,EPA,0,7,0,16QAM,MPA,15,0.33966796875,0.877291666666667,1,76.7764966485709,2.2954341769866,4,0,0,0.3420514,10,6,LowMobility,0,2026-08-05 23:28:33
Pedestrian,0,EPA,0,7,0,16QAM,MPA,20,0.3428125,0.877395833333333,1,77.9862333495511,2.15964110208791,4,0,0,0.3409711,10,6,LowMobility,0,2026-08-05 23:28:33
Pedestrian,0,EPA,0,7,0,16QAM,MPA,25,0.3596875,0.887239583333333,1,81.181509844317,1.81085751542327,4,0,0,0.3322942,10,6,LowMobility,0,2026-08-05 23:28:33
Pedestrian,0,EPA,0,7,0,16QAM,MPA,30,0.365462239583333,0.890598958333333,1,82.3853540878168,1.68299974765618,4,0,0,0.3225125,10,6,LowMobility,0,2026-08-05 23:28:34
Pedestrian,0,EPA,0,7,0,64QAM,MRC,0,0.3896875,0.936354166666667,1,101.633645765973,-0.140750094304197,3,0,0,0.4388903,2.6,6,LowMobility,0,2026-08-05 23:28:34
Pedestrian,0,EPA,0,7,0,64QAM,MRC,5,0.3115234375,0.882083333333333,1,67.7432271380048,3.38268236733694,5,0,0,0.4403919,2.4,6,LowMobility,0,2026-08-05 23:28:35
Pedestrian,0,EPA,0,7,0,64QAM,MRC,10,0.143263888888889,0.602708333333333,1,30.6988009637426,10.2575717380129,8,0,0,0.9375852,2.6,6,LowMobility,0,2026-08-05 23:28:36
Pedestrian,0,EPA,0,7,0,64QAM,MRC,15,0.0943185763888889,0.407135416666667,1,22.2316618801009,13.0605614267395,10,0,0,0.8782132,2.2,6,LowMobility,0,2026-08-05 23:28:36
Pedestrian,0,EPA,0,7,0,64QAM,MRC,20,0.0460720486111111,0.200494791666667,1,12.4345924846095,18.1073688634264,12,0,0,0.7332995,3,6,LowMobility,0,2026-08-05 23:28:37
Pedestrian,0,EPA,0,7,0,64QAM,MRC,25,0.0087109375,0.0496614583333333,0.6,4.44936699493433,27.0340354215575,15,2160000,2.25,0.6838668,2.6,6,LowMobility,0,2026-08-05 23:28:38
Pedestrian,0,EPA,0,7,0,64QAM,MRC,30,4.34027777777778e-06,2.60416666666667e-05,0.1,0.0496022958854781,66.0899644269225,15,4860000,5.0625,0.6379184,2.3,6,LowMobility,0,2026-08-05 23:28:38
Pedestrian,0,EPA,0,7,0,64QAM,LMMSE,0,0.418272569444444,0.97796875,1,90.3805753891785,0.878497963006334,4,0,0,0.2251079,1,6,LowMobility,0,2026-08-05 23:28:39
Pedestrian,0,EPA,0,7,0,64QAM,LMMSE,5,0.391414930555556,0.971640625,1,84.6558784037755,1.44685759228631,4,0,0,0.2232311,1,6,LowMobility,0,2026-08-05 23:28:39
Pedestrian,0,EPA,0,7,0,64QAM,LMMSE,10,0.371041666666667,0.967213541666667,1,79.0728125350605,2.03945627078488,4,0,0,0.235915,1,6,LowMobility,0,2026-08-05 23:28:39
Pedestrian,0,EPA,0,7,0,64QAM,LMMSE,15,0.349848090277778,0.943098958333333,1,65.0087209660895,3.74056757071445,5,0,0,0.219916,1,6,LowMobility,0,2026-08-05 23:28:39
Pedestrian,0,EPA,0,7,0,64QAM,LMMSE,20,0.2826171875,0.822526041666667,1,55.5092755848386,5.11268880647397,6,0,0,0.225762,1,6,LowMobility,0,2026-08-05 23:28:40
Pedestrian,0,EPA,0,7,0,64QAM,LMMSE,25,0.145160590277778,0.506223958333333,1,27.3695057708493,11.2546608971983,9,0,0,0.2377946,1,6,LowMobility,0,2026-08-05 23:28:40
Pedestrian,0,EPA,0,7,0,64QAM,LMMSE,30,0.0417144097222222,0.125286458333333,0.3,8.01693487630081,21.9198328855627,14,3780000,3.9375,0.2735366,1,6,LowMobility,0,2026-08-05 23:28:40
Pedestrian,0,EPA,0,7,0,64QAM,MPA,0,0.4265625,0.97984375,1,91.2431309280997,0.795996414100797,4,0,0,0.5598111,10,6,LowMobility,0,2026-08-05 23:28:41
Pedestrian,0,EPA,0,7,0,64QAM,MPA,5,0.396844618055556,0.976927083333333,1,87.080816400619,1.20155016022984,4,0,0,0.6294248,10,6,LowMobility,0,2026-08-05 23:28:41
Pedestrian,0,EPA,0,7,0,64QAM,MPA,10,0.373532986111111,0.971171875,1,84.0161981335729,1.51273949737158,4,0,0,0.6837949,10,6,LowMobility,0,2026-08-05 23:28:42
Pedestrian,0,EPA,0,7,0,64QAM,MPA,15,0.409448784722222,0.977395833333333,1,88.4421623897491,1.06681295134293,4,0,0,0.6081887,10,6,LowMobility,0,2026-08-05 23:28:43
Pedestrian,0,EPA,0,7,0,64QAM,MPA,20,0.425581597222222,0.979791666666667,1,90.8352183242513,0.834914712747011,4,0,0,0.648219,10,6,LowMobility,0,2026-08-05 23:28:43
Pedestrian,0,EPA,0,7,0,64QAM,MPA,25,0.451640625,0.9815625,1,95.1195058426481,0.434608291918622,4,0,0,0.6517711,10,6,LowMobility,0,2026-08-05 23:28:44
Pedestrian,0,EPA,0,7,0,64QAM,MPA,30,0.462821180555556,0.981692708333333,1,96.7229943010508,0.289405345448872,4,0,0,0.605734,10,6,LowMobility,0,2026-08-05 23:28:45
Pedestrian,1,EPA,0,7,0.0158127862787403,QPSK,MRC,0,0.1809375,0.311796875,1,77.5200216645507,2.21172229169652,4,0,0,0.5293383,2,7,LowMobility,0,2026-08-05 23:28:45
Pedestrian,1,EPA,0,7,0.0158102942508211,QPSK,MRC,5,0.0685546875,0.119947916666667,1,38.1882526789852,8.3614042503055,8,0,0,0.3710483,2,7,LowMobility,0,2026-08-05 23:28:45
Pedestrian,1,EPA,0,7,0.0142560490141339,QPSK,MRC,10,0.00526041666666667,0.0104427083333333,0.4,8.86590355381117,21.0455399481585,14,1080000,1.125,0.5303214,2,7,LowMobility,0,2026-08-05 23:28:46
Pedestrian,1,EPA,0,7,0.0137366445195031,QPSK,MRC,15,0.00251302083333333,0.00497395833333333,0.2,3.71628226392174,28.5978261464843,15,1440000,1.5,0.5401324,2,7,LowMobility,0,2026-08-05 23:28:46
Pedestrian,1,EPA,0,7,0.0145091673754021,QPSK,MRC,20,0.0002734375,0.000546875,0.1,1.04582503316759,39.6108193396963,15,1620000,1.6875,0.6183089,2,7,LowMobility,0,2026-08-05 23:28:47
Pedestrian,1,EPA,0,7,0.0157346331521793,QPSK,MRC,25,2.60416666666667e-05,5.20833333333333e-05,0.1,0.322748612183951,49.8227123303957,15,1620000,1.6875,0.4980106,2,7,LowMobility,0,2026-08-05 23:28:48
Pedestrian,1,EPA,0,7,0.0157771224270749,QPSK,MRC,30,0.0071484375,0.0138541666666667,0.1,5.34731240905186,25.4372888425346,15,1620000,1.6875,0.5219307,2,7,LowMobility,0,2026-08-05 23:28:48
Pedestrian,1,EPA,0,7,0.0157937889282294,QPSK,LMMSE,0,0.171067708333333,0.305286458333333,1,78.9700159713282,2.05075548305671,4,0,0,0.1935393,1,7,LowMobility,0,2026-08-05 23:28:48
Pedestrian,1,EPA,0,7,0.0157682474538907,QPSK,LMMSE,5,0.0610416666666667,0.114791666666667,1,43.1123137052286,7.30797338544137,7,0,0,0.1902081,1,7,LowMobility,0,2026-08-05 23:28:49
Pedestrian,1,EPA,0,7,0.0157387536283371,QPSK,LMMSE,10,0.0702604166666667,0.125390625,0.8,38.208433072213,8.35681544724991,8,360000,0.375,0.1990577,1,7,LowMobility,0,2026-08-05 23:28:49
Pedestrian,1,EPA,0,7,0.0156604943930241,QPSK,LMMSE,15,0.0256770833333333,0.0479427083333333,0.5,17.3117647488833,15.2331731639983,11,900000,0.9375,0.1942887,1,7,LowMobility,0,2026-08-05 23:28:49
Pedestrian,1,EPA,0,7,0.0157203270969939,QPSK,LMMSE,20,0.0422786458333333,0.0746875,0.2,18.1515160330112,14.8217419279568,11,1440000,1.5,0.2148989,1,7,LowMobility,0,2026-08-05 23:28:49
Pedestrian,1,EPA,0,7,0.0157000277141008,QPSK,LMMSE,25,0,0,0,0,160,15,1800000,1.875,0.2184758,1,7,LowMobility,0,2026-08-05 23:28:49
Pedestrian,1,EPA,0,7,0.0157564167728802,QPSK,LMMSE,30,0,0,0,0,160,15,1800000,1.875,0.2747893,1,7,LowMobility,0,2026-08-05 23:28:50
Pedestrian,1,EPA,0,7,0.0157060202820982,QPSK,MPA,0,0.2676171875,0.457395833333333,1,102.353118577078,-0.202021592668657,3,0,0,0.2798545,10,7,LowMobility,0,2026-08-05 23:28:50
Pedestrian,1,EPA,0,7,0.0156081099525076,QPSK,MPA,5,0.1616015625,0.292890625,1,79.1453287250748,2.0314942550195,4,0,0,0.2517696,10,7,LowMobility,0,2026-08-05 23:28:50
Pedestrian,1,EPA,0,7,0.0157640811802509,QPSK,MPA,10,0.146549479166667,0.262083333333333,1,73.4493397937818,2.68024207105001,5,0,0,0.2507696,10,7,LowMobility,0,2026-08-05 23:28:50
Pedestrian,1,EPA,0,7,0.014980830776309,QPSK,MPA,15,0.1037109375,0.195286458333333,1,63.4267145820377,3.95455567772479,5,0,0,0.2503987,10,7,LowMobility,0,2026-08-05 23:28:51
Pedestrian,1,EPA,0,7,0.0154244693262186,QPSK,MPA,20,0.106666666666667,0.192708333333333,1,61.0487807974512,4.28646009817443,5,0,0,0.2555004,10,7,LowMobility,0,2026-08-05 23:28:51
Pedestrian,1,EPA,0,7,0.0153077665612259,QPSK,MPA,25,0.0630338541666667,0.12234375,1,50.1797991275761,5.98942163044007,7,0,0,0.2646046,10,7,LowMobility,0,2026-08-05 23:28:51
Pedestrian,1,EPA,0,7,0.0152384259260942,QPSK,MPA,30,0.0606901041666667,0.117864583333333,1,49.2085608681927,6.1591867192907,7,0,0,0.2407476,10,7,LowMobility,0,2026-08-05 23:28:51
Pedestrian,1,EPA,0,7,0.0155912467649763,16QAM,MRC,0,0.288958333333333,0.72796875,1,82.7093102955596,1.64891201393053,4,0,0,0.5218053,2,7,LowMobility,0,2026-08-05 23:28:52
Pedestrian,1,EPA,0,7,0.0157236231659527,16QAM,MRC,5,0.2764453125,0.693723958333333,1,80.8885143006402,1.84226282609374,4,0,0,0.4749772,2,7,LowMobility,0,2026-08-05 23:28:52
Pedestrian,1,EPA,0,7,0.0154645769267724,16QAM,MRC,10,0.150546875,0.454479166666667,1,49.3761124962006,6.12966212279603,7,0,0,0.4275446,2,7,LowMobility,0,2026-08-05 23:28:53
Pedestrian,1,EPA,0,7,0.0155916530322228,16QAM,MRC,15,0.0549869791666667,0.188671875,0.8,23.6010855351341,12.5413604227365,10,720000,0.75,0.4832105,2,7,LowMobility,0,2026-08-05 23:28:53
Pedestrian,1,EPA,0,7,0.0157103660381951,16QAM,MRC,20,0.00305989583333333,0.0119791666666667,0.6,4.62024535748142,26.7066992136789,15,1440000,1.5,0.5310296,2,7,LowMobility,0,2026-08-05 23:28:54
Pedestrian,1,EPA,0,7,0.0158132197909957,16QAM,MRC,25,0.000149739583333333,0.000598958333333333,0.3,0.673116232490848,43.4381987223312,15,2520000,2.625,0.4829149,2,7,LowMobility,0,2026-08-05 23:28:54
Pedestrian,1,EPA,0,7,0.0157205318663803,16QAM,MRC,30,6.51041666666667e-06,2.60416666666667e-05,0.1,0.101797319711858,59.8452731334379,15,3240000,3.375,0.4583512,2,7,LowMobility,0,2026-08-05 23:28:55
Pedestrian,1,EPA,0,7,0.01574780883789,16QAM,LMMSE,0,0.3901953125,0.90265625,1,87.4024930039794,1.16952359389537,4,0,0,0.1896931,1,7,LowMobility,0,2026-08-05 23:28:55
Pedestrian,1,EPA,0,7,0.0150109228454792,16QAM,LMMSE,5,0.326282552083333,0.853359375,1,75.1651530089438,2.47966908270315,5,0,0,0.2277755,1,7,LowMobility,0,2026-08-05 23:28:55
Pedestrian,1,EPA,0,7,0.0151703397386937,16QAM,LMMSE,10,0.245833333333333,0.719296875,1,62.8062534454597,4.03994225211998,5,0,0,0.2094051,1,7,LowMobility,0,2026-08-05 23:28:55
Pedestrian,1,EPA,0,7,0.0157979657163787,16QAM,LMMSE,15,0.131145833333333,0.369557291666667,1,36.0656129994255,8.85813363603567,8,0,0,0.2095016,1,7,LowMobility,0,2026-08-05 23:28:56
Pedestrian,1,EPA,0,7,0.0146377383494191,16QAM,LMMSE,20,0.0147265625,0.0560677083333333,0.6,9.53989111907971,20.4091316393619,13,1440000,1.5,0.2337009,1,7,LowMobility,0,2026-08-05 23:28:56
Pedestrian,1,EPA,0,7,0.0158123498434619,16QAM,LMMSE,25,0.0168098958333333,0.0587239583333333,0.2,6.82248364736494,23.3211499321212,15,2880000,3,0.1880174,1,7,LowMobility,0,2026-08-05 23:28:56
Pedestrian,1,EPA,0,7,0.0153174258554307,16QAM,LMMSE,30,0,0,0,0,160,15,3600000,3.75,0.2094967,1,7,LowMobility,0,2026-08-05 23:28:56
Pedestrian,1,EPA,0,7,0.0145155969155608,16QAM,MPA,0,0.384166666666667,0.897786458333333,1,86.3298069554051,1.27678460452585,4,0,0,0.3346646,10,7,LowMobility,0,2026-08-05 23:28:57
Pedestrian,1,EPA,0,7,0.0154225128421897,16QAM,MPA,5,0.33958984375,0.871197916666667,1,77.4576744837705,2.21871092004982,4,0,0,0.3374481,10,7,LowMobility,0,2026-08-05 23:28:57
Pedestrian,1,EPA,0,7,0.0158130803861577,16QAM,MPA,10,0.328470052083333,0.864739583333333,1,74.5955902675174,2.54573690338555,5,0,0,0.4056561,10,7,LowMobility,0,2026-08-05 23:28:57
Pedestrian,1,EPA,0,7,0.0121501229175217,16QAM,MPA,15,0.33703125,0.874739583333333,1,76.6759832460591,2.30681292364253,4,0,0,0.3842622,10,7,LowMobility,0,2026-08-05 23:28:58
Pedestrian,1,EPA,0,7,0.0151826590663328,16QAM,MPA,20,0.349244791666667,0.881666666666667,1,79.040297295229,2.04302869800506,4,0,0,0.3865091,10,7,LowMobility,0,2026-08-05 23:28:58
Pedestrian,1,EPA,0,7,0.0155170090133343,16QAM,MPA,25,0.354635416666667,0.883515625,1,80.1620459323897,1.92062414146068,4,0,0,0.374419,10,7,LowMobility,0,2026-08-05 23:28:59
Pedestrian,1,EPA,0,7,0.0150744552602067,16QAM,MPA,30,0.363450520833333,0.889401041666667,1,82.0620522607168,1.7171525223371,4,0,0,0.354902,10,7,LowMobility,0,2026-08-05 23:28:59
Pedestrian,1,EPA,0,7,0.0154360754503855,64QAM,MRC,0,0.372569444444444,0.925703125,1,91.3695865259636,0.783966807860421,4,0,0,0.5492193,2.3,7,LowMobility,0,2026-08-05 23:28:59
Pedestrian,1,EPA,0,7,0.0157806197388412,64QAM,MRC,5,0.300794270833333,0.870026041666667,1,68.2350635212716,3.31984799642961,5,0,0,0.705749,2.3,7,LowMobility,0,2026-08-05 23:29:00
Pedestrian,1,EPA,0,7,0.0156755167437866,64QAM,MRC,10,0.204188368055556,0.66796875,1,45.6974819692949,6.80215459683883,7,0,0,0.7306704,2.2,7,LowMobility,0,2026-08-05 23:29:01
Pedestrian,1,EPA,0,7,0.0139842162128706,64QAM,MRC,15,0.140190972222222,0.555078125,1,30.0896893306433,10.431645924616,9,0,0,0.7614305,2.2,7,LowMobility,0,2026-08-05 23:29:02
Pedestrian,1,EPA,0,7,0.0157748352866166,64QAM,MRC,20,0.0334765625,0.179453125,1,12.1737683228054,18.2914993499756,12,0,0,0.7766683,2.3,7,LowMobility,0,2026-08-05 23:29:02
Pedestrian,1,EPA,0,7,0.0156913872237604,64QAM,MRC,25,0.0385416666666667,0.190364583333333,0.6,10.4671983569058,19.6033909145744,13,2160000,2.25,0.9701902,2.6,7,LowMobility,0,2026-08-05 23:29:03
Pedestrian,1,EPA,0,7,0.0157881430468893,64QAM,MRC,30,1.73611111111111e-05,0.000104166666666667,0.2,0.136232148012537,57.3144079135189,15,4320000,4.5,0.8629797,2.3,7,LowMobility,0,2026-08-05 23:29:04
Pedestrian,1,EPA,0,7,0.0151990242657246,64QAM,LMMSE,0,0.410546875,0.978098958333333,1,88.8695610674426,1.02493929670399,4,0,0,0.286679,1,7,LowMobility,0,2026-08-05 23:29:05
Pedestrian,1,EPA,0,7,0.0158125620634223,64QAM,LMMSE,5,0.379930555555556,0.972604166666667,1,84.8603464898466,1.42590398631118,4,0,0,0.3164066,1,7,LowMobility,0,2026-08-05 23:29:05
Pedestrian,1,EPA,0,7,0.0150890523501824,64QAM,LMMSE,10,0.392868923611111,0.966744791666667,1,78.8396170119828,2.06510988216606,4,0,0,0.3956523,1,7,LowMobility,0,2026-08-05 23:29:05
Pedestrian,1,EPA,0,7,0.0157711222700272,64QAM,LMMSE,15,0.378133680555556,0.957734375,1,69.9851337818219,3.0998840574855,5,0,0,0.2677634,1,7,LowMobility,0,2026-08-05 23:29:06
Pedestrian,1,EPA,0,7,0.0157532614229122,64QAM,LMMSE,20,0.273984375,0.835885416666667,1,48.0234572055982,6.37093156643434,7,0,0,0.2351969,1,7,LowMobility,0,2026-08-05 23:29:06
Pedestrian,1,EPA,0,7,0.0156805284123691,64QAM,LMMSE,25,0.1280078125,0.515494791666667,1,26.8935116371425,11.4070497159954,9,0,0,0.2876269,1,7,LowMobility,0,2026-08-05 23:29:06
Pedestrian,1,EPA,0,7,0.0139706536934322,64QAM,LMMSE,30,0.0372526041666667,0.16515625,0.4,7.5998026685039,22.3839536835749,14,3240000,3.375,0.2692419,1,7,LowMobility,0,2026-08-05 23:29:06
Pedestrian,1,EPA,0,7,0.0152174949555279,64QAM,MPA,0,0.411931423611111,0.97625,1,89.5549733986647,0.958205815590977,4,0,0,0.6277535,10,7,LowMobility,0,2026-08-05 23:29:07
Pedestrian,1,EPA,0,7,0.0158115969421799,64QAM,MPA,5,0.385190972222222,0.974505208333333,1,85.5369810958121,1.35692163210239,4,0,0,0.6983448,10,7,LowMobility,0,2026-08-05 23:29:08
Pedestrian,1,EPA,0,7,0.0156533055351531,64QAM,MPA,10,0.368802083333333,0.971171875,1,83.7058764090126,1.54488104266212,4,0,0,0.8274313,10,7,LowMobility,0,2026-08-05 23:29:08
Pedestrian,1,EPA,0,7,0.0157900893941509,64QAM,MPA,15,0.396263020833333,0.97625,1,86.4879951442191,1.26088340086359,4,0,0,0.9839553,10,7,LowMobility,0,2026-08-05 23:29:09
Pedestrian,1,EPA,0,7,0.0138768788687252,64QAM,MPA,20,0.420230034722222,0.980703125,1,89.6756708767186,0.946507312394904,4,0,0,1.113618,10,7,LowMobility,0,2026-08-05 23:29:11
Pedestrian,1,EPA,0,7,0.0158132617685436,64QAM,MPA,25,0.461540798611111,0.983072916666667,1,96.5303721366241,0.306720390945445,4,0,0,1.3451393,10,7,LowMobility,0,2026-08-05 23:29:12
Pedestrian,1,EPA,0,7,0.0154546066519525,64QAM,MPA,30,0.465868055555556,0.983255208333333,1,97.2609435216121,0.2412304337401,4,0,0,0.9473732,10,7,LowMobility,0,2026-08-05 23:29:13
Pedestrian,2,EPA,0,7,0.0302881742772716,QPSK,MRC,0,0.2581640625,0.443567708333333,1,100.150152584174,-0.0130323060245942,3,0,0,0.7527248,2,8,LowMobility,0,2026-08-05 23:29:14
Pedestrian,2,EPA,0,7,0.0311672842876843,QPSK,MRC,5,0.0776041666666667,0.141614583333333,1,46.6847675449421,6.61649598623765,7,0,0,0.6038391,2,8,LowMobility,0,2026-08-05 23:29:14
Pedestrian,2,EPA,0,7,0.0316228375685752,QPSK,MRC,10,0.0871223958333333,0.15671875,0.8,43.9571707582552,7.13940536210444,7,360000,0.375,0.5505016,2,8,LowMobility,0,2026-08-05 23:29:15
Pedestrian,2,EPA,0,7,0.0315508140493304,QPSK,MRC,15,0.0330989583333333,0.059765625,0.4,19.576735663374,14.1651944647265,11,1080000,1.125,0.5660514,2,8,LowMobility,0,2026-08-05 23:29:15
Pedestrian,2,EPA,0,7,0.0293823637757516,QPSK,MRC,20,0.00141927083333333,0.00283854166666667,0.2,2.5999259774201,31.7007803333192,15,1440000,1.5,0.5866797,2,8,LowMobility,0,2026-08-05 23:29:16
Pedestrian,2,EPA,0,7,0.0275620951044828,QPSK,MRC,25,0.00212239583333333,0.00419270833333333,0.1,2.91368895617451,30.7111362429959,15,1620000,1.6875,0.7635262,2,8,LowMobility,0,2026-08-05 23:29:17
Pedestrian,2,EPA,0,7,0.0313421299343533,QPSK,MRC,30,0,0,0,0,160,15,1800000,1.875,0.7001163,2,8,LowMobility,0,2026-08-05 23:29:17
Pedestrian,2,EPA,0,7,0.0313476214550373,QPSK,LMMSE,0,0.204127604166667,0.355260416666667,1,86.1564452898618,1.29424455605034,4,0,0,0.3221743,1,8,LowMobility,0,2026-08-05 23:29:18
Pedestrian,2,EPA,0,7,0.0303907149819368,QPSK,LMMSE,5,0.1323046875,0.229947916666667,1,61.7030209749809,4.19387144846122,5,0,0,0.3503727,1,8,LowMobility,0,2026-08-05 23:29:18
Pedestrian,2,EPA,0,7,0.0315833906178334,QPSK,LMMSE,10,0.0770572916666667,0.134479166666667,0.8,36.746633170661,8.69564892064967,8,360000,0.375,0.2801781,1,8,LowMobility,0,2026-08-05 23:29:18
Pedestrian,2,EPA,0,7,0.0301634151783892,QPSK,LMMSE,15,0.0279166666666667,0.0500520833333333,0.4,14.874939341975,16.5508959318192,12,1080000,1.125,0.2133272,1,8,LowMobility,0,2026-08-05 23:29:19
Pedestrian,2,EPA,0,7,0.0315226668404314,QPSK,LMMSE,20,5.20833333333333e-05,0.000104166666666667,0.1,0.456435464587638,46.8124123737559,15,1620000,1.6875,0.2149442,1,8,LowMobility,0,2026-08-05 23:29:19
Pedestrian,2,EPA,0,7,0.0301219112884481,QPSK,LMMSE,25,0,0,0,0,160,15,1800000,1.875,0.213353,1,8,LowMobility,0,2026-08-05 23:29:19
Pedestrian,2,EPA,0,7,0.0314424919936867,QPSK,LMMSE,30,0,0,0,0,160,15,1800000,1.875,0.2105088,1,8,LowMobility,0,2026-08-05 23:29:19
Pedestrian,2,EPA,0,7,0.03156458253232,QPSK,MPA,0,0.268880208333333,0.456510416666667,1,101.800472155033,-0.154995845643437,3,0,0,0.2337108,10,8,LowMobility,0,2026-08-05 23:29:19
Pedestrian,2,EPA,0,7,0.0297959577861733,QPSK,MPA,5,0.2394921875,0.412526041666667,1,95.763032901945,0.376042157688588,4,0,0,0.2499912,10,8,LowMobility,0,2026-08-05 23:29:20
Pedestrian,2,EPA,0,7,0.0307167177159667,QPSK,MPA,10,0.154296875,0.279322916666667,1,76.4164279971404,2.33626533593248,4,0,0,0.2320268,10,8,LowMobility,0,2026-08-05 23:29:20
Pedestrian,2,EPA,0,7,0.0315956572433398,QPSK,MPA,15,0.1114453125,0.2065625,1,64.5297985273959,3.80479381658579,5,0,0,0.2360761,10,8,LowMobility,0,2026-08-05 23:29:20
Pedestrian,2,EPA,0,7,0.0307821167476159,QPSK,MPA,20,0.0694270833333333,0.133203125,1,52.5712750745563,5.5850297877166,6,0,0,0.227938,10,8,LowMobility,0,2026-08-05 23:29:20
Pedestrian,2,EPA,0,7,0.0304153806807736,QPSK,MPA,25,0.060546875,0.117526041666667,1,49.1846558239396,6.16340726593491,7,0,0,0.3075869,10,8,LowMobility,0,2026-08-05 23:29:21
Pedestrian,2,EPA,0,7,0.028385670846282,QPSK,MPA,30,0.06078125,0.11703125,1,49.2325269713446,6.15495745007573,7,0,0,0.3018585,10,8,LowMobility,0,2026-08-05 23:29:21
Pedestrian,2,EPA,0,7,0.0316268160213554,16QAM,MRC,0,0.305553385416667,0.744114583333333,1,89.0916666378734,1.00325833283003,4,0,0,0.3973518,2,8,LowMobility,0,2026-08-05 23:29:21
Pedestrian,2,EPA,0,7,0.0307787025628034,16QAM,MRC,5,0.17943359375,0.555182291666667,1,56.0412753773398,5.02983979355028,6,0,0,0.3644196,2,8,LowMobility,0,2026-08-05 23:29:22
Pedestrian,2,EPA,0,7,0.0316095697729239,16QAM,MRC,10,0.0902213541666667,0.275755208333333,1,33.249594872093,9.56427283932963,8,0,0,0.4968984,2,8,LowMobility,0,2026-08-05 23:29:22
Pedestrian,2,EPA,0,7,0.0315958456970318,16QAM,MRC,15,0.0304947916666667,0.110598958333333,0.8,16.1676813203372,15.8270451949305,11,720000,0.75,0.5574807,2,8,LowMobility,0,2026-08-05 23:29:23
Pedestrian,2,EPA,0,7,0.0312856337080766,16QAM,MRC,20,0.00957682291666667,0.0365364583333333,0.5,6.70032328935003,23.4780848433163,15,1800000,1.875,0.5083671,2,8,LowMobility,0,2026-08-05 23:29:23
Pedestrian,2,EPA,0,7,0.0270657938896378,16QAM,MRC,25,0.00171223958333333,0.006640625,0.2,1.90918968310305,34.3830184228802,15,2880000,3,0.4876404,2,8,LowMobility,0,2026-08-05 23:29:24
Pedestrian,2,EPA,0,7,0.0313638214353245,16QAM,MRC,30,0.000345052083333333,0.00138020833333333,0.1,0.746216906937951,42.5426983086195,15,3240000,3.375,0.5126822,2,8,LowMobility,0,2026-08-05 23:29:24
Pedestrian,2,EPA,0,7,0.0315548064372732,16QAM,LMMSE,0,0.376126302083333,0.888333333333333,1,85.5421422049875,1.35639756085564,4,0,0,0.195,1,8,LowMobility,0,2026-08-05 23:29:25
Pedestrian,2,EPA,0,7,0.0296545180652478,16QAM,LMMSE,5,0.3192578125,0.840833333333333,1,73.5115850359131,2.67288426030401,5,0,0,0.1920463,1,8,LowMobility,0,2026-08-05 23:29:25
Pedestrian,2,EPA,0,7,0.030249255304246,16QAM,LMMSE,10,0.260149739583333,0.729296875,1,64.9331044956928,3.75067665435229,5,0,0,0.2068112,1,8,LowMobility,0,2026-08-05 23:29:25
Pedestrian,2,EPA,0,7,0.030343312514423,16QAM,LMMSE,15,0.15109375,0.441666666666667,0.9,40.9524665973918,7.75439870475002,7,360000,0.375,0.2079264,1,8,LowMobility,0,2026-08-05 23:29:25
Pedestrian,2,EPA,0,7,0.0315538472746959,16QAM,LMMSE,20,0.0977213541666667,0.267526041666667,0.6,24.2647418768015,12.3004864851417,10,1440000,1.5,0.2017034,1,8,LowMobility,0,2026-08-05 23:29:25
Pedestrian,2,EPA,0,7,0.0286806788667086,16QAM,LMMSE,25,0.00423828125,0.0164322916666667,0.3,3.1587627383281,30.0096598738224,15,2520000,2.625,0.2082773,1,8,LowMobility,0,2026-08-05 23:29:26
Pedestrian,2,EPA,0,7,0.0315943896584482,16QAM,LMMSE,30,4.55729166666667e-05,0.000182291666666667,0.1,0.269274589667431,51.3960925446842,15,3240000,3.375,0.2086289,1,8,LowMobility,0,2026-08-05 23:29:26
Pedestrian,2,EPA,0,7,0.0312614270844108,16QAM,MPA,0,0.35306640625,0.875078125,1,80.2255988698461,1.91374064578378,4,0,0,0.3527389,10,8,LowMobility,0,2026-08-05 23:29:26
Pedestrian,2,EPA,0,7,0.0313570627793136,16QAM,MPA,5,0.3382421875,0.86609375,1,77.0027444615796,2.26987591647785,4,0,0,0.3683786,10,8,LowMobility,0,2026-08-05 23:29:26
Pedestrian,2,EPA,0,7,0.0314072548543112,16QAM,MPA,10,0.327369791666667,0.866770833333333,1,74.7363405231495,2.5293634252888,5,0,0,0.3496305,10,8,LowMobility,0,2026-08-05 23:29:27
Pedestrian,2,EPA,0,7,0.0316104729151828,16QAM,MPA,15,0.340553385416667,0.877994791666667,1,77.4495313874188,2.21962411238184,4,0,0,0.4208607,10,8,LowMobility,0,2026-08-05 23:29:27
Pedestrian,2,EPA,0,7,0.0316118844981333,16QAM,MPA,20,0.349348958333333,0.881041666666667,1,78.9639782796449,2.05141959243865,4,0,0,0.4567821,10,8,LowMobility,0,2026-08-05 23:29:28
Pedestrian,2,EPA,0,7,0.0310429650292779,16QAM,MPA,25,0.346888020833333,0.881328125,1,78.4028536798347,2.11336259456364,4,0,0,0.5435236,10,8,LowMobility,0,2026-08-05 23:29:28
Pedestrian,2,EPA,0,7,0.0310552972969836,16QAM,MPA,30,0.359720052083333,0.887005208333333,1,81.3589275196375,1.79189569909396,4,0,0,0.3341381,10,8,LowMobility,0,2026-08-05 23:29:29
Pedestrian,2,EPA,0,7,0.0314267427615388,64QAM,MRC,0,0.381267361111111,0.927421875,1,98.4915844271666,0.132017520602521,3,0,0,0.4186829,2,8,LowMobility,0,2026-08-05 23:29:29
Pedestrian,2,EPA,0,7,0.0306966838120257,64QAM,MRC,5,0.291640625,0.8609375,1,61.3863545706322,4.23856312873435,5,0,0,0.5133573,2.4,8,LowMobility,0,2026-08-05 23:29:30
Pedestrian,2,EPA,0,7,0.0268807034998406,64QAM,MRC,10,0.224262152777778,0.757057291666667,1,46.956112264182,6.56615735450504,7,0,0,0.4999962,2,8,LowMobility,0,2026-08-05 23:29:30
Pedestrian,2,EPA,0,7,0.0313907708478526,64QAM,MRC,15,0.118441840277778,0.534817708333333,1,26.7768872876964,11.4447981897565,9,0,0,0.4677795,2.3,8,LowMobility,0,2026-08-05 23:29:31
Pedestrian,2,EPA,0,7,0.0315449290508002,64QAM,MRC,20,0.0496180555555556,0.200833333333333,1,14.4431091098314,16.8067861576275,12,0,0,0.4167461,2.6,8,LowMobility,0,2026-08-05 23:29:31
Pedestrian,2,EPA,0,7,0.0292171780179469,64QAM,MRC,25,0.00661024305555556,0.03796875,0.5,3.60809126438161,28.8544497157502,15,2700000,2.8125,0.3940521,2.4,8,LowMobility,0,2026-08-05 23:29:31
Pedestrian,2,EPA,0,7,0.0316142440198801,64QAM,MRC,30,0.000108506944444444,0.000651041666666667,0.2,0.292914927223371,50.6651699138892,15,4320000,4.5,0.3616301,2,8,LowMobility,0,2026-08-05 23:29:32
Pedestrian,2,EPA,0,7,0.0315500740956149,64QAM,LMMSE,0,0.424431423611111,0.980651041666667,1,90.9072207669381,0.828032387334232,4,0,0,0.1984025,1,8,LowMobility,0,2026-08-05 23:29:32
Pedestrian,2,EPA,0,7,0.0307016821696067,64QAM,LMMSE,5,0.383029513888889,0.97296875,1,85.2939399382568,1.38163647978394,4,0,0,0.194411,1,8,LowMobility,0,2026-08-05 23:29:32
Pedestrian,2,EPA,0,7,0.031598403291728,64QAM,LMMSE,10,0.367517361111111,0.965,1,81.2666558746461,1.8017522222116,4,0,0,0.2166005,1,8,LowMobility,0,2026-08-05 23:29:32
Pedestrian,2,EPA,0,7,0.0306976246127055,64QAM,LMMSE,15,0.310008680555556,0.907447916666667,1,58.2282108723922,4.69733107751822,6,0,0,0.2110558,1,8,LowMobility,0,2026-08-05 23:29:33
Pedestrian,2,EPA,0,7,0.0313479041344797,64QAM,LMMSE,20,0.242669270833333,0.73515625,1,45.4044696908659,6.8580278474702,7,0,0,0.2156598,1,8,LowMobility,0,2026-08-05 23:29:33
Pedestrian,2,EPA,0,7,0.0306561606428641,64QAM,LMMSE,25,0.142703993055556,0.507760416666667,1,28.0965767683896,11.0269318091317,9,0,0,0.2165241,1,8,LowMobility,0,2026-08-05 23:29:33
Pedestrian,2,EPA,0,7,0.0316037550103351,64QAM,LMMSE,30,0.0301953125,0.138020833333333,0.5,7.2750235039496,22.7633119846579,15,2700000,2.8125,0.2154795,1,8,LowMobility,0,2026-08-05 23:29:33
Pedestrian,2,EPA,0,7,0.019169778533159,64QAM,MPA,0,0.424262152777778,0.980208333333333,1,90.9681314415023,0.822214519103042,4,0,0,0.5626852,10,8,LowMobility,0,2026-08-05 23:29:34
Pedestrian,2,EPA,0,7,0.0316181834819744,64QAM,MPA,5,0.392964409722222,0.974348958333333,1,86.8211526137329,1.22748905770007,4,0,0,0.7061719,10,8,LowMobility,0,2026-08-05 23:29:34
Pedestrian,2,EPA,0,7,0.0306223981954831,64QAM,MPA,10,0.381349826388889,0.973541666666667,1,85.1479406424261,1.39651702530088,4,0,0,0.862156,10,8,LowMobility,0,2026-08-05 23:29:35
Pedestrian,2,EPA,0,7,0.0192289876336915,64QAM,MPA,15,0.3969140625,0.976692708333333,1,86.6255533311673,1.24707956525813,4,0,0,0.8241167,10,8,LowMobility,0,2026-08-05 23:29:36
Pedestrian,2,EPA,0,7,0.0315962220689238,64QAM,MPA,20,0.431705729166667,0.980442708333333,1,91.8452788454328,0.738863259471307,4,0,0,0.8398927,10,8,LowMobility,0,2026-08-05 23:29:37
Pedestrian,2,EPA,0,7,0.0315513576908715,64QAM,MPA,25,0.443828125,0.979921875,1,94.1259464733416,0.525812875355718,4,0,0,1.1271911,10,8,LowMobility,0,2026-08-05 23:29:38
Pedestrian,2,EPA,0,7,0.030410036952361,64QAM,MPA,30,0.462265625,0.982473958333333,1,96.6390923273478,0.296943155393352,4,0,0,0.8233858,10,8,LowMobility,0,2026-08-05 23:29:39
Pedestrian,2,EPA,0,7,0.0311568108673138,QPSK,MRC,0,0.186940104166667,0.32953125,1,81.8619594801365,1.73835728244783,4,0,0,0.4563588,2,9,LowMobility,0,2026-08-05 23:29:39
Pedestrian,2,EPA,0,7,0.0299377961578494,QPSK,MRC,5,0.0511588541666667,0.095703125,1,36.876618097396,8.66497828652505,8,0,0,0.4839864,2,9,LowMobility,0,2026-08-05 23:29:40
Pedestrian,2,EPA,0,7,0.0269444548852533,QPSK,MRC,10,0.0846354166666667,0.152552083333333,0.7,42.2852767985311,7.47621644361764,7,540000,0.5625,0.6252181,2,9,LowMobility,0,2026-08-05 23:29:40
Pedestrian,2,EPA,0,7,0.0293274424014538,QPSK,MRC,15,0.0005859375,0.001171875,0.2,2.07184214865534,33.6728667215806,15,1440000,1.5,0.6533552,2,9,LowMobility,0,2026-08-05 23:29:41
Pedestrian,2,EPA,0,7,0.0296376045925682,QPSK,MRC,20,0,0,0,0,160,15,1800000,1.875,0.5403952,2,9,LowMobility,0,2026-08-05 23:29:42
Pedestrian,2,EPA,0,7,0.0315565993999499,QPSK,MRC,25,0,0,0,0,160,15,1800000,1.875,0.4738935,2,9,LowMobility,0,2026-08-05 23:29:42
Pedestrian,2,EPA,0,7,0.0316265269999902,QPSK,MRC,30,6.51041666666667e-05,0.000130208333333333,0.1,0.510310363079829,45.8433122436753,15,1620000,1.6875,0.4339032,2,9,LowMobility,0,2026-08-05 23:29:43
Pedestrian,2,EPA,0,7,0.0316243736293569,QPSK,LMMSE,0,0.296471354166667,0.496276041666667,1,107.277230371157,-0.61015105189504,3,0,0,0.2597796,1,9,LowMobility,0,2026-08-05 23:29:43
Pedestrian,2,EPA,0,7,0.0291227955835381,QPSK,LMMSE,5,0.0994921875,0.172734375,1,52.5472187383439,5.58900531433435,6,0,0,0.2438908,1,9,LowMobility,0,2026-08-05 23:29:43
Pedestrian,2,EPA,0,7,0.0306453754861538,QPSK,LMMSE,10,0.0225520833333333,0.0428125,0.8,19.1281747548852,14.3665293832496,11,360000,0.375,0.1816534,1,9,LowMobility,0,2026-08-05 23:29:43
Pedestrian,2,EPA,0,7,0.0316207301535396,QPSK,LMMSE,15,0.0518619791666667,0.0834114583333333,0.3,20.5368375692763,13.7493286363454,10,1260000,1.3125,0.1974865,1,9,LowMobility,0,2026-08-05 23:29:43
Pedestrian,2,EPA,0,7,0.0316038570672812,QPSK,LMMSE,20,0.0011328125,0.002265625,0.1,2.1286732957408,33.4378197608493,15,1620000,1.6875,0.2048069,1,9,LowMobility,0,2026-08-05 23:29:44
Pedestrian,2,EPA,0,7,0.0314677311457567,QPSK,LMMSE,25,0.006484375,0.0126041666666667,0.1,5.09288719686584,25.8607188594383,15,1620000,1.6875,0.2069285,1,9,LowMobility,0,2026-08-05 23:29:44
Pedestrian,2,EPA,0,7,0.0283875932103464,QPSK,LMMSE,30,0,0,0,0,160,15,1800000,1.875,0.2206414,1,9,LowMobility,0,2026-08-05 23:29:44
Pedestrian,2,EPA,0,7,0.0302390408913168,QPSK,MPA,0,0.291822916666667,0.491484375,1,106.853090747992,-0.575741774809363,3,0,0,0.2596043,10,9,LowMobility,0,2026-08-05 23:29:44
Pedestrian,2,EPA,0,7,0.029393443069512,QPSK,MPA,5,0.179830729166667,0.318932291666667,1,82.5316480907795,1.66758964583571,4,0,0,0.2557255,10,9,LowMobility,0,2026-08-05 23:29:45
Pedestrian,2,EPA,0,7,0.0306750268613679,QPSK,MPA,10,0.126901041666667,0.235963541666667,1,70.0042215731987,3.09751538523981,5,0,0,0.2579118,10,9,LowMobility,0,2026-08-05 23:29:45
Pedestrian,2,EPA,0,7,0.0315706006523357,QPSK,MPA,15,0.101419270833333,0.191302083333333,1,62.5415096991832,4.07663278929662,5,0,0,0.2528613,10,9,LowMobility,0,2026-08-05 23:29:45
Pedestrian,2,EPA,0,7,0.031574258254711,QPSK,MPA,20,0.0930989583333333,0.176536458333333,1,59.619757586011,4.4921958828312,6,0,0,0.2415487,10,9,LowMobility,0,2026-08-05 23:29:45
Pedestrian,2,EPA,0,7,0.0316210554624047,QPSK,MPA,25,0.0826432291666667,0.155286458333333,1,55.2514810740473,5.1531215153313,6,0,0,0.2347387,10,9,LowMobility,0,2026-08-05 23:29:46
Pedestrian,2,EPA,0,7,0.0313471150370372,QPSK,MPA,30,0.0581640625,0.113671875,1,48.2002552498838,6.33901323799374,7,0,0,0.2818285,10,9,LowMobility,0,2026-08-05 23:29:46
Pedestrian,2,EPA,0,7,0.0304683738865457,16QAM,MRC,0,0.349453125,0.799427083333333,1,102.035614276711,-0.175035667442399,3,0,0,0.5258731,2,9,LowMobility,0,2026-08-05 23:29:46
Pedestrian,2,EPA,0,7,0.0291100327330678,16QAM,MRC,5,0.20060546875,0.547942708333333,1,62.5448593191777,4.07616759984652,5,0,0,0.4792934,2,9,LowMobility,0,2026-08-05 23:29:47
Pedestrian,2,EPA,0,7,0.0259300637311716,16QAM,MRC,10,0.135813802083333,0.405755208333333,1,47.1289105649936,6.53425198608467,7,0,0,0.4163268,2,9,LowMobility,0,2026-08-05 23:29:47
Pedestrian,2,EPA,0,7,0.0315993120649423,16QAM,MRC,15,0.07986328125,0.216067708333333,0.8,30.4367749818575,10.3320273282944,9,720000,0.75,0.358548,2,9,LowMobility,0,2026-08-05 23:29:48
Pedestrian,2,EPA,0,7,0.0313802428031704,16QAM,MRC,20,0.0141471354166667,0.049921875,0.6,7.08181622232184,22.9971069530468,15,1440000,1.5,0.3538321,2,9,LowMobility,0,2026-08-05 23:29:48
Pedestrian,2,EPA,0,7,0.0314713398340851,16QAM,MRC,25,0.01326171875,0.0459635416666667,0.3,5.18106315278916,25.7116222799449,15,2520000,2.625,0.3753486,2,9,LowMobility,0,2026-08-05 23:29:48
Pedestrian,2,EPA,0,7,0.0311244860028709,16QAM,MRC,30,0,0,0,0,160,15,3600000,3.75,0.3985609,2,9,LowMobility,0,2026-08-05 23:29:49
Pedestrian,2,EPA,0,7,0.0315633638058112,16QAM,LMMSE,0,0.375768229166667,0.889661458333333,1,84.8677040935746,1.42515093065771,4,0,0,0.2633723,1,9,LowMobility,0,2026-08-05 23:29:49
Pedestrian,2,EPA,0,7,0.0279128143337468,16QAM,LMMSE,5,0.31763671875,0.839609375,1,73.7389120291967,2.64606548843641,5,0,0,0.2659209,1,9,LowMobility,0,2026-08-05 23:29:49
Pedestrian,2,EPA,0,7,0.0316207236160614,16QAM,LMMSE,10,0.240592447916667,0.681458333333333,1,61.9604742181273,4.15770534003591,5,0,0,0.235643,1,9,LowMobility,0,2026-08-05 23:29:50
Pedestrian,2,EPA,0,7,0.0309796118991124,16QAM,LMMSE,15,0.1116015625,0.315598958333333,0.9,31.5829418349835,10.0109483901674,8,360000,0.375,0.2904949,1,9,LowMobility,0,2026-08-05 23:29:50
Pedestrian,2,EPA,0,7,0.0311542568380031,16QAM,LMMSE,20,0.0886263020833333,0.250703125,0.9,23.8706139718876,12.4427282087433,10,360000,0.375,0.2287866,1,9,LowMobility,0,2026-08-05 23:29:50
Pedestrian,2,EPA,0,7,0.0316267047918393,16QAM,LMMSE,25,0.0288997395833333,0.0829947916666667,0.4,7.85958960276516,22.0920026107837,14,2160000,2.25,0.2046975,1,9,LowMobility,0,2026-08-05 23:29:50
Pedestrian,2,EPA,0,7,0.0304438962696107,16QAM,LMMSE,30,0,0,0,0,160,15,3600000,3.75,0.1974932,1,9,LowMobility,0,2026-08-05 23:29:51
Pedestrian,2,EPA,0,7,0.0314817936058134,16QAM,MPA,0,0.371100260416667,0.892057291666667,1,83.6330337828383,1.55244297850997,4,0,0,0.3426237,10,9,LowMobility,0,2026-08-05 23:29:51
Pedestrian,2,EPA,0,7,0.0314162486025715,16QAM,MPA,5,0.339127604166667,0.871328125,1,76.9239667422155,2.27876657139701,4,0,0,0.4225672,10,9,LowMobility,0,2026-08-05 23:29:51
Pedestrian,2,EPA,0,7,0.0309482368414676,16QAM,MPA,10,0.322200520833333,0.859661458333333,1,73.8314004199437,2.63517787768756,5,0,0,0.4307163,10,9,LowMobility,0,2026-08-05 23:29:52
Pedestrian,2,EPA,0,7,0.0315479464106202,16QAM,MPA,15,0.336881510416667,0.875052083333333,1,76.172200035512,2.36407001522048,4,0,0,0.4253943,10,9,LowMobility,0,2026-08-05 23:29:52
Pedestrian,2,EPA,0,7,0.02644187498503,16QAM,MPA,20,0.349342447916667,0.881328125,1,78.9752110098626,2.05018410103708,4,0,0,0.5366778,10,9,LowMobility,0,2026-08-05 23:29:53
Pedestrian,2,EPA,0,7,0.0252429634216826,16QAM,MPA,25,0.352272135416667,0.886927083333333,1,79.3100644127238,2.01343394808325,4,0,0,0.5093442,10,9,LowMobility,0,2026-08-05 23:29:53
Pedestrian,2,EPA,0,7,0.0308649720088415,16QAM,MPA,30,0.348424479166667,0.880755208333333,1,79.1636953534105,2.02947882338644,4,0,0,0.4525002,10,9,LowMobility,0,2026-08-05 23:29:54
Pedestrian,2,EPA,0,7,0.031626325726423,64QAM,MRC,0,0.367560763888889,0.9234375,1,87.9180317795145,1.11844086047749,4,0,0,0.5277939,2.2,9,LowMobility,0,2026-08-05 23:29:54
Pedestrian,2,EPA,0,7,0.0316259699908193,64QAM,MRC,5,0.361822916666667,0.913880208333333,1,89.9733819705953,0.917719094125748,4,0,0,0.3918887,2.5,9,LowMobility,0,2026-08-05 23:29:55
Pedestrian,2,EPA,0,7,0.0274408739175973,64QAM,MRC,10,0.183454861111111,0.690494791666667,1,39.0752280536328,8.161969572819,8,0,0,0.3668839,2.2,9,LowMobility,0,2026-08-05 23:29:55
Pedestrian,2,EPA,0,7,0.0316142185578062,64QAM,MRC,15,0.0944140625,0.378359375,1,23.8015575821826,12.4678924326403,10,0,0,0.3671647,2.4,9,LowMobility,0,2026-08-05 23:29:55
Pedestrian,2,EPA,0,7,0.0313486145966167,64QAM,MRC,20,0.0558463541666667,0.264114583333333,0.9,14.9256709302248,16.5213227520519,12,540000,0.5625,0.3559959,2.2,9,LowMobility,0,2026-08-05 23:29:56
Pedestrian,2,EPA,0,7,0.0316156590674975,64QAM,MRC,25,0.00962673611111111,0.0542708333333333,0.6,4.45331864755216,27.0263245751547,15,2160000,2.25,0.371061,2.2,9,LowMobility,0,2026-08-05 23:29:56
Pedestrian,2,EPA,0,7,0.0315639541437191,64QAM,MRC,30,0.00154079861111111,0.00908854166666667,0.3,1.31805405280076,37.6013355831293,15,3780000,3.9375,0.3989046,2.6,9,LowMobility,0,2026-08-05 23:29:56
Pedestrian,2,EPA,0,7,0.0315995327446305,64QAM,LMMSE,0,0.439136284722222,0.980807291666667,1,93.4331023226309,0.5899846147774,4,0,0,0.1835089,1,9,LowMobility,0,2026-08-05 23:29:57
Pedestrian,2,EPA,0,7,0.0289031585445059,64QAM,LMMSE,5,0.380815972222222,0.974973958333333,1,84.9789820991317,1.41376950620517,4,0,0,0.2054253,1,9,LowMobility,0,2026-08-05 23:29:57
Pedestrian,2,EPA,0,7,0.0293544104641778,64QAM,LMMSE,10,0.383394097222222,0.96953125,1,82.6722013963428,1.65280995639458,4,0,0,0.2014085,1,9,LowMobility,0,2026-08-05 23:29:57
Pedestrian,2,EPA,0,7,0.0310392424352123,64QAM,LMMSE,15,0.3606640625,0.951588541666667,1,71.7123921324963,2.88811580721968,5,0,0,0.2238694,1,9,LowMobility,0,2026-08-05 23:29:57
Pedestrian,2,EPA,0,7,0.0316257557416285,64QAM,LMMSE,20,0.325859375,0.87078125,1,56.9954386756835,4.88319798733839,6,0,0,0.2028589,1,9,LowMobility,0,2026-08-05 23:29:57
Pedestrian,2,EPA,0,7,0.0316260093847174,64QAM,LMMSE,25,0.0689192708333333,0.33859375,0.8,16.5523152187331,15.6228250330561,11,1080000,1.125,0.2209383,1,9,LowMobility,0,2026-08-05 23:29:58
Pedestrian,2,EPA,0,7,0.0316246314708067,64QAM,LMMSE,30,0.0990017361111111,0.305859375,0.7,20.4967274566454,13.7663094725182,10,1620000,1.6875,0.2549941,1,9,LowMobility,0,2026-08-05 23:29:58
Pedestrian,2,EPA,0,7,0.0315574472039686,64QAM,MPA,0,0.420772569444444,0.97953125,1,90.6574767193104,0.851927457615903,4,0,0,0.7264569,10,9,LowMobility,0,2026-08-05 23:29:59
Pedestrian,2,EPA,0,7,0.0315104905687795,64QAM,MPA,5,0.383715277777778,0.973567708333333,1,85.6114801029931,1.34935989078312,4,0,0,0.8108711,10,9,LowMobility,0,2026-08-05 23:29:59
Pedestrian,2,EPA,0,7,0.0298827086882568,64QAM,MPA,10,0.377157118055556,0.9721875,1,84.5032636799808,1.46253034861925,4,0,0,0.7619439,10,9,LowMobility,0,2026-08-05 23:30:00
Pedestrian,2,EPA,0,7,0.0310285601111354,64QAM,MPA,15,0.395789930555556,0.97703125,1,86.358743304614,1.27387372319955,4,0,0,0.5957695,10,9,LowMobility,0,2026-08-05 23:30:01
Pedestrian,2,EPA,0,7,0.0315904672022056,64QAM,MPA,20,0.442365451388889,0.981171875,1,93.4530298653605,0.588132273616107,4,0,0,0.565038,10,9,LowMobility,0,2026-08-05 23:30:01
Pedestrian,2,EPA,0,7,0.031589490318991,64QAM,MPA,25,0.44828125,0.981510416666667,1,94.3949607337512,0.501023797076917,4,0,0,0.6406753,10,9,LowMobility,0,2026-08-05 23:30:02
Pedestrian,2,EPA,0,7,0.0312584964966152,64QAM,MPA,30,0.466883680555556,0.982135416666667,1,97.0949778564064,0.256064659441633,4,0,0,0.8493573,10,9,LowMobility,0,2026-08-05 23:30:03
Pedestrian,3,EPA,0,7,0.0363694571619047,QPSK,MRC,0,0.134817708333333,0.237135416666667,1,66.2463103882423,3.57676609805657,5,0,0,0.5405902,2,10,LowMobility,0,2026-08-05 23:30:03
Pedestrian,3,EPA,0,7,0.0453703107481762,QPSK,MRC,5,0.143385416666667,0.247890625,1,65.7210056651721,3.64591599192965,5,0,0,0.4987289,2,10,LowMobility,0,2026-08-05 23:30:04
Pedestrian,3,EPA,0,7,0.0473480003920538,QPSK,MRC,10,0.0321744791666667,0.058671875,0.6,19.8709586416123,14.0356236112818,10,720000,0.75,0.450454,2,10,LowMobility,0,2026-08-05 23:30:04
Pedestrian,3,EPA,0,7,0.0472025529390539,QPSK,MRC,15,0.000455729166666667,0.000911458333333333,0.1,1.3501543121683,37.3923318435327,15,1620000,1.6875,0.4767955,2,10,LowMobility,0,2026-08-05 23:30:05
Pedestrian,3,EPA,0,7,0.0468080816585328,QPSK,MRC,20,0.0569401041666667,0.0929947916666667,0.4,21.5341324958457,13.3374523826999,10,1080000,1.125,0.3546998,2,10,LowMobility,0,2026-08-05 23:30:05
Pedestrian,3,EPA,0,7,0.0474390995729204,QPSK,MRC,25,0,0,0,0,160,15,1800000,1.875,0.3450178,2,10,LowMobility,0,2026-08-05 23:30:06
Pedestrian,3,EPA,0,7,0.047168401762981,QPSK,MRC,30,0.00959635416666667,0.0180729166666667,0.1,6.19559655454313,24.158337408445,15,1620000,1.6875,0.3520035,2,10,LowMobility,0,2026-08-05 23:30:06
Pedestrian,3,EPA,0,7,0.0469852255658604,QPSK,LMMSE,0,0.176236979166667,0.312916666666667,1,80.352098800223,1.90005549924454,4,0,0,0.1715839,1,10,LowMobility,0,2026-08-05 23:30:06
Pedestrian,3,EPA,0,7,0.044495636461911,QPSK,LMMSE,5,0.182578125,0.306536458333333,1,74.0684327936309,2.60733688887136,5,0,0,0.1882938,1,10,LowMobility,0,2026-08-05 23:30:06
Pedestrian,3,EPA,0,7,0.0473613306534915,QPSK,LMMSE,10,0.0673307291666667,0.121822916666667,0.7,35.9614556926587,8.88325473338498,8,540000,0.5625,0.1908989,1,10,LowMobility,0,2026-08-05 23:30:06
Pedestrian,3,EPA,0,7,0.0440554886633809,QPSK,LMMSE,15,0.0315755208333333,0.0582291666666667,0.6,18.5295053576573,14.6427234790373,11,720000,0.75,0.1992175,1,10,LowMobility,0,2026-08-05 23:30:07
Pedestrian,3,EPA,0,7,0.0474290351473119,QPSK,LMMSE,20,0,0,0,0,160,15,1800000,1.875,0.1847022,1,10,LowMobility,0,2026-08-05 23:30:07
Pedestrian,3,EPA,0,7,0.0425886741922069,QPSK,LMMSE,25,0,0,0,0,160,15,1800000,1.875,0.1910183,1,10,LowMobility,0,2026-08-05 23:30:07
Pedestrian,3,EPA,0,7,0.043200899025048,QPSK,LMMSE,30,0,0,0,0,160,15,1800000,1.875,0.1922968,1,10,LowMobility,0,2026-08-05 23:30:07
Pedestrian,3,EPA,0,7,0.0473753316429138,QPSK,MPA,0,0.241653645833333,0.418697916666667,1,96.7021359360264,0.291278664154799,4,0,0,0.2161166,10,10,LowMobility,0,2026-08-05 23:30:07
Pedestrian,3,EPA,0,7,0.0472794993985583,QPSK,MPA,5,0.184283854166667,0.327552083333333,1,83.9978018775864,1.51464157517319,4,0,0,0.2482147,10,10,LowMobility,0,2026-08-05 23:30:08
Pedestrian,3,EPA,0,7,0.0473346857446435,QPSK,MPA,10,0.163932291666667,0.289427083333333,1,77.5553502196215,2.20776473309778,4,0,0,0.2894064,10,10,LowMobility,0,2026-08-05 23:30:08
Pedestrian,3,EPA,0,7,0.0474255593903131,QPSK,MPA,15,0.09109375,0.173151041666667,1,59.5249871284737,4.50601379667532,6,0,0,0.3970436,10,10,LowMobility,0,2026-08-05 23:30:08
Pedestrian,3,EPA,0,7,0.0470932157325046,QPSK,MPA,20,0.0801822916666667,0.153072916666667,1,55.866885447647,5.05691079352488,6,0,0,0.4915818,10,10,LowMobility,0,2026-08-05 23:30:09
Pedestrian,3,EPA,0,7,0.0474380893499049,QPSK,MPA,25,0.0999609375,0.186041666666667,1,60.6243909908082,4.34705222244429,6,0,0,0.2531506,10,10,LowMobility,0,2026-08-05 23:30:09
Pedestrian,3,EPA,0,7,0.0470448518998461,QPSK,MPA,30,0.0623046875,0.121588541666667,1,49.8738005303495,6.04255072006461,7,0,0,0.2488948,10,10,LowMobility,0,2026-08-05 23:30:09
Pedestrian,3,EPA,0,7,0.0472928470601749,16QAM,MRC,0,0.327584635416667,0.769557291666667,1,95.9055110266646,0.363128724219173,4,0,0,0.3785953,2,10,LowMobility,0,2026-08-05 23:30:10
Pedestrian,3,EPA,0,7,0.0451822628022072,16QAM,MRC,5,0.189329427083333,0.546197916666667,1,59.0025551097656,4.58258361595565,6,0,0,0.39598,2,10,LowMobility,0,2026-08-05 23:30:10
Pedestrian,3,EPA,0,7,0.0473204752505835,16QAM,MRC,10,0.150520833333333,0.419192708333333,1,50.9436520922125,5.85819848362331,6,0,0,0.3853782,2,10,LowMobility,0,2026-08-05 23:30:11
Pedestrian,3,EPA,0,7,0.047366435621177,16QAM,MRC,15,0.0369791666666667,0.12890625,0.9,18.1958368537709,14.8005593153036,11,360000,0.375,0.3543662,2,10,LowMobility,0,2026-08-05 23:30:11
Pedestrian,3,EPA,0,7,0.0474394533590292,16QAM,MRC,20,0.0220247395833333,0.0786979166666667,0.4,10.0386762038188,19.9664710730671,13,2160000,2.25,0.3732741,2,10,LowMobility,0,2026-08-05 23:30:11
Pedestrian,3,EPA,0,7,0.0457523756467571,16QAM,MRC,25,6.51041666666667e-06,2.60416666666667e-05,0.1,0.101776228378427,59.8470729448267,15,3240000,3.375,0.3685823,2,10,LowMobility,0,2026-08-05 23:30:12
Pedestrian,3,EPA,0,7,0.0473391112312419,16QAM,MRC,30,0,0,0,0,160,15,3600000,3.75,0.3933836,2,10,LowMobility,0,2026-08-05 23:30:12
Pedestrian,3,EPA,0,7,0.0457748636750368,16QAM,LMMSE,0,0.399563802083333,0.904010416666667,1,89.8400775262126,0.930597639564254,4,0,0,0.2014927,1,10,LowMobility,0,2026-08-05 23:30:12
Pedestrian,3,EPA,0,7,0.0422194863530239,16QAM,LMMSE,5,0.33189453125,0.846614583333333,1,77.0347409415582,2.26626747146629,4,0,0,0.2123201,1,10,LowMobility,0,2026-08-05 23:30:12
Pedestrian,3,EPA,0,7,0.0473855642876138,16QAM,LMMSE,10,0.231171875,0.701848958333333,1,60.6356527498945,4.34543885675815,6,0,0,0.2490749,1,10,LowMobility,0,2026-08-05 23:30:13
Pedestrian,3,EPA,0,7,0.0474285952936676,16QAM,LMMSE,15,0.23689453125,0.650625,1,59.5038819429296,4.50909401268977,6,0,0,0.2725799,1,10,LowMobility,0,2026-08-05 23:30:13
Pedestrian,3,EPA,0,7,0.0453866042622145,16QAM,LMMSE,20,0.0644010416666667,0.176927083333333,0.8,21.1304372652931,13.5018303145723,10,720000,0.75,0.2797707,1,10,LowMobility,0,2026-08-05 23:30:13
Pedestrian,3,EPA,0,7,0.0426102668868539,16QAM,LMMSE,25,0.0245182291666667,0.07578125,0.4,8.06497399800722,21.8679405693198,14,2160000,2.25,0.2893876,1,10,LowMobility,0,2026-08-05 23:30:14
Pedestrian,3,EPA,0,7,0.0450068151498315,16QAM,LMMSE,30,0,0,0,0,160,15,3600000,3.75,0.2710104,1,10,LowMobility,0,2026-08-05 23:30:14
Pedestrian,3,EPA,0,7,0.0474199677077084,16QAM,MPA,0,0.385794270833333,0.899427083333333,1,87.1952541996051,1.19014303781931,4,0,0,0.3246497,10,10,LowMobility,0,2026-08-05 23:30:14
Pedestrian,3,EPA,0,7,0.0472298980547413,16QAM,MPA,5,0.35056640625,0.876979166666667,1,79.4311929583388,2.00017829670623,4,0,0,0.3330292,10,10,LowMobility,0,2026-08-05 23:30:14
Pedestrian,3,EPA,0,7,0.0474349604243125,16QAM,MPA,10,0.325299479166667,0.862395833333333,1,74.1722297821755,2.59517329868048,5,0,0,0.34685,10,10,LowMobility,0,2026-08-05 23:30:15
Pedestrian,3,EPA,0,7,0.0474390352769569,16QAM,MPA,15,0.339388020833333,0.875234375,1,77.1189485417685,2.25677800679872,4,0,0,0.3288767,10,10,LowMobility,0,2026-08-05 23:30:15
Pedestrian,3,EPA,0,7,0.0474162645366304,16QAM,MPA,20,0.346354166666667,0.881197916666667,1,78.5013146283014,2.10246140495828,4,0,0,0.330466,10,10,LowMobility,0,2026-08-05 23:30:16
Pedestrian,3,EPA,0,7,0.0468318190706436,16QAM,MPA,25,0.351666666666667,0.8846875,1,79.3188052086328,2.01247672524137,4,0,0,0.3945304,10,10,LowMobility,0,2026-08-05 23:30:16
Pedestrian,3,EPA,0,7,0.0474402249197417,16QAM,MPA,30,0.357330729166667,0.885598958333333,1,80.9575225489322,1.83485581042907,4,0,0,0.434686,10,10,LowMobility,0,2026-08-05 23:30:16
Pedestrian,3,EPA,0,7,0.0472251012087532,64QAM,MRC,0,0.380112847222222,0.930182291666667,1,95.4335326857188,0.405979989871045,4,0,0,0.5699994,2.3,10,LowMobility,0,2026-08-05 23:30:17
Pedestrian,3,EPA,0,7,0.0473334539449607,64QAM,MRC,5,0.313893229166667,0.872838541666667,1,70.937945509946,2.98242787257164,5,0,0,0.5217272,2.3,10,LowMobility,0,2026-08-05 23:30:17
Pedestrian,3,EPA,0,7,0.0465990666433979,64QAM,MRC,10,0.208958333333333,0.688255208333333,1,50.484193711111,5.93689151032425,7,0,0,0.4951223,2.2,10,LowMobility,0,2026-08-05 23:30:18
Pedestrian,3,EPA,0,7,0.0473078425696387,64QAM,MRC,15,0.118602430555556,0.470364583333333,1,28.1522923483026,11.0097247241142,9,0,0,0.4828045,2.2,10,LowMobility,0,2026-08-05 23:30:18
Pedestrian,3,EPA,0,7,0.032931123577911,64QAM,MRC,20,0.0174479166666667,0.0996875,0.9,8.26729950203236,21.6527265753172,14,540000,0.5625,0.5264293,2.5,10,LowMobility,0,2026-08-05 23:30:19
Pedestrian,3,EPA,0,7,0.0474120062683059,64QAM,MRC,25,0.0370616319444444,0.151015625,0.7,9.3596496671294,20.574808133101,13,1620000,1.6875,0.4105209,2.4,10,LowMobility,0,2026-08-05 23:30:19
Pedestrian,3,EPA,0,7,0.0433332442044929,64QAM,MRC,30,0.00653645833333333,0.035546875,0.3,2.09811250308302,33.5634245634767,15,3780000,3.9375,0.6457328,2.5,10,LowMobility,0,2026-08-05 23:30:20
Pedestrian,3,EPA,0,7,0.0472272570676972,64QAM,LMMSE,0,0.418576388888889,0.979583333333333,1,90.169967662504,0.898761721504032,4,0,0,0.3231879,1,10,LowMobility,0,2026-08-05 23:30:20
Pedestrian,3,EPA,0,7,0.0472166900961612,64QAM,LMMSE,5,0.377230902777778,0.972109375,1,84.8892193244028,1.4229492069489,4,0,0,0.2938693,1,10,LowMobility,0,2026-08-05 23:30:21
Pedestrian,3,EPA,0,7,0.0459117574549454,64QAM,LMMSE,10,0.376158854166667,0.966067708333333,1,80.232434158575,1.91300063218073,4,0,0,0.3083794,1,10,LowMobility,0,2026-08-05 23:30:21
Pedestrian,3,EPA,0,7,0.0474098541821682,64QAM,LMMSE,15,0.374574652777778,0.95890625,1,70.9355072053588,2.98272643222668,5,0,0,0.3193248,1,10,LowMobility,0,2026-08-05 23:30:21
Pedestrian,3,EPA,0,7,0.0474397672208156,64QAM,LMMSE,20,0.244392361111111,0.851276041666667,1,41.1600764865916,7.71047653743707,7,0,0,0.3899982,1,10,LowMobility,0,2026-08-05 23:30:22
Pedestrian,3,EPA,0,7,0.0443562482430389,64QAM,LMMSE,25,0.123020833333333,0.4240625,0.8,21.9910402953275,13.1550845134355,10,1080000,1.125,0.3693945,1,10,LowMobility,0,2026-08-05 23:30:22
Pedestrian,3,EPA,0,7,0.0447620380250843,64QAM,LMMSE,30,0.142235243055556,0.453723958333333,0.9,26.0687162816385,11.6776070908854,9,540000,0.5625,0.5762126,1,10,LowMobility,0,2026-08-05 23:30:23
Pedestrian,3,EPA,0,7,0.0464026789663302,64QAM,MPA,0,0.423151041666667,0.979869791666667,1,90.9249014933763,0.826343215617612,4,0,0,0.9971013,10,10,LowMobility,0,2026-08-05 23:30:24
Pedestrian,3,EPA,0,7,0.0370184744365539,64QAM,MPA,5,0.394856770833333,0.974348958333333,1,86.8136680343058,1.22823787329695,4,0,0,0.8695395,10,10,LowMobility,0,2026-08-05 23:30:24
Pedestrian,3,EPA,0,7,0.0447788616770646,64QAM,MPA,10,0.387708333333333,0.973046875,1,86.2852487951117,1.28126888626705,4,0,0,0.7522943,10,10,LowMobility,0,2026-08-05 23:30:25
Pedestrian,3,EPA,0,7,0.0473808678894571,64QAM,MPA,15,0.401462673611111,0.977578125,1,87.0843002998435,1.20120266510853,4,0,0,0.6532987,10,10,LowMobility,0,2026-08-05 23:30:26
Pedestrian,3,EPA,0,7,0.0439572588865493,64QAM,MPA,20,0.431892361111111,0.978541666666667,1,91.8253128590247,0.740751665813659,4,0,0,0.6401124,10,10,LowMobility,0,2026-08-05 23:30:27
Pedestrian,3,EPA,0,7,0.0470529896674391,64QAM,MPA,25,0.4467578125,0.98125,1,94.1056763032749,0.527683596738528,4,0,0,0.6593507,10,10,LowMobility,0,2026-08-05 23:30:27
Pedestrian,3,EPA,0,7,0.0470953780400585,64QAM,MPA,30,0.460611979166667,0.981953125,1,96.5045879557664,0.309040784625037,4,0,0,0.827669,10,10,LowMobility,0,2026-08-05 23:30:28
Pedestrian,2,EPA,0,7,0.0316146482192636,QPSK,MRC,0,0.254921875,0.432473958333333,1,97.4533377699653,0.224065634723275,4,0,0,0.7617921,2,11,LowMobility,0,2026-08-05 23:30:29
Pedestrian,2,EPA,0,7,0.0316114225195606,QPSK,MRC,5,0.134153645833333,0.229635416666667,1,63.9007241450443,3.88988440477727,5,0,0,0.5469418,2,11,LowMobility,0,2026-08-05 23:30:29
Pedestrian,2,EPA,0,7,0.0315763763825541,QPSK,MRC,10,0.0227604166666667,0.0428125,0.8,17.7607864468776,15.0107561518046,11,360000,0.375,0.6845323,2,11,LowMobility,0,2026-08-05 23:30:30
Pedestrian,2,EPA,0,7,0.0305764909746334,QPSK,MRC,15,0.00326822916666667,0.00645833333333333,0.5,5.59700101547166,25.0408922859722,15,900000,0.9375,0.5697568,2,11,LowMobility,0,2026-08-05 23:30:31
Pedestrian,2,EPA,0,7,0.0314907168930734,QPSK,MRC,20,9.11458333333333e-05,0.000182291666666667,0.2,0.83305897526378,41.5864850444933,15,1440000,1.5,0.6949656,2,11,LowMobility,0,2026-08-05 23:30:31
Pedestrian,2,EPA,0,7,0.0313390892570762,QPSK,MRC,25,0,0,0,0,160,15,1800000,1.875,0.7674397,2,11,LowMobility,0,2026-08-05 23:30:32
Pedestrian,2,EPA,0,7,0.0316166510235789,QPSK,MRC,30,0,0,0,0,160,15,1800000,1.875,0.4757611,2,11,LowMobility,0,2026-08-05 23:30:33
Pedestrian,2,EPA,0,7,0.0311954056162234,QPSK,LMMSE,0,0.1931640625,0.339427083333333,1,84.5927249274301,1.45333970369471,4,0,0,0.2048335,1,11,LowMobility,0,2026-08-05 23:30:33
Pedestrian,2,EPA,0,7,0.0316219665398994,QPSK,LMMSE,5,0.0856119791666667,0.153984375,1,46.9352207489939,6.57002270378632,7,0,0,0.2177797,1,11,LowMobility,0,2026-08-05 23:30:33
Pedestrian,2,EPA,0,7,0.0252621172781278,QPSK,LMMSE,10,0.0519921875,0.0926041666666667,0.8,28.2169163262668,10.9898089935341,9,360000,0.375,0.2080869,1,11,LowMobility,0,2026-08-05 23:30:33
Pedestrian,2,EPA,0,7,0.0296592817248758,QPSK,LMMSE,15,0.03734375,0.060234375,0.4,13.7331122020147,17.2446206332713,12,1080000,1.125,0.2167908,1,11,LowMobility,0,2026-08-05 23:30:33
Pedestrian,2,EPA,0,7,0.0303234678893712,QPSK,LMMSE,20,0.000221354166666667,0.000442708333333333,0.1,0.940965815886351,40.5285230732528,15,1620000,1.6875,0.2850656,1,11,LowMobility,0,2026-08-05 23:30:34
Pedestrian,2,EPA,0,7,0.03068617703911,QPSK,LMMSE,25,0,0,0,0,160,15,1800000,1.875,0.2435563,1,11,LowMobility,0,2026-08-05 23:30:34
Pedestrian,2,EPA,0,7,0.0316032726062681,QPSK,LMMSE,30,0,0,0,0,160,15,1800000,1.875,0.2956142,1,11,LowMobility,0,2026-08-05 23:30:34
Pedestrian,2,EPA,0,7,0.0311050811507976,QPSK,MPA,0,0.241888020833333,0.420963541666667,1,97.3535057448069,0.232968094340551,4,0,0,0.3181126,10,11,LowMobility,0,2026-08-05 23:30:35
Pedestrian,2,EPA,0,7,0.0305313044553957,QPSK,MPA,5,0.163489583333333,0.294192708333333,1,79.6134313384378,1.9802731517558,4,0,0,0.3337103,10,11,LowMobility,0,2026-08-05 23:30:35
Pedestrian,2,EPA,0,7,0.0313697107825415,QPSK,MPA,10,0.112513020833333,0.211927083333333,1,66.4308482129095,3.55260404590504,5,0,0,0.3485091,10,11,LowMobility,0,2026-08-05 23:30:35
Pedestrian,2,EPA,0,7,0.0314976420968447,QPSK,MPA,15,0.1227734375,0.22515625,1,66.8790704325436,3.49419543770331,5,0,0,0.4022048,10,11,LowMobility,0,2026-08-05 23:30:36
Pedestrian,2,EPA,0,7,0.0308211141071511,QPSK,MPA,20,0.0769791666666667,0.147447916666667,1,55.0177480003897,5.18994380456111,6,0,0,0.302849,10,11,LowMobility,0,2026-08-05 23:30:36
Pedestrian,2,EPA,0,7,0.0313103598478917,QPSK,MPA,25,0.0611588541666667,0.118619791666667,1,49.4421697119934,6.11804957987753,7,0,0,0.3040776,10,11,LowMobility,0,2026-08-05 23:30:36
Pedestrian,2,EPA,0,7,0.0304760149386201,QPSK,MPA,30,0.0716666666666667,0.136822916666667,1,52.5075894343561,5.59555838473989,6,0,0,0.270897,10,11,LowMobility,0,2026-08-05 23:30:36
Pedestrian,2,EPA,0,7,0.031108093664606,16QAM,MRC,0,0.366536458333333,0.813489583333333,1,108.106868262913,-0.677065729931671,3,0,0,0.4551705,2,11,LowMobility,0,2026-08-05 23:30:37
Pedestrian,2,EPA,0,7,0.0314464960520726,16QAM,MRC,5,0.191966145833333,0.529010416666667,1,59.5212674662979,4.50655658695915,6,0,0,0.6147617,2,11,LowMobility,0,2026-08-05 23:30:38
Pedestrian,2,EPA,0,7,0.0316210337844302,16QAM,MRC,10,0.1176171875,0.339739583333333,1,41.8186801008409,7.57259357382345,7,0,0,0.6058014,2,11,LowMobility,0,2026-08-05 23:30:38
Pedestrian,2,EPA,0,7,0.0310677849129555,16QAM,MRC,15,0.0927278645833333,0.277916666666667,0.9,33.3729341333901,9.53211217381342,8,360000,0.375,0.5922178,2,11,LowMobility,0,2026-08-05 23:30:39
Pedestrian,2,EPA,0,7,0.0306273046566778,16QAM,MRC,20,0.0037890625,0.0149479166666667,0.7,5.06617220811931,25.9064010371991,15,1080000,1.125,0.9740778,2,11,LowMobility,0,2026-08-05 23:30:40
Pedestrian,2,EPA,0,7,0.0316211262655132,16QAM,MRC,25,0.00015625,0.000625,0.1,0.500835422470633,46.0060992493273,15,3240000,3.375,0.6349726,2,11,LowMobility,0,2026-08-05 23:30:40
Pedestrian,2,EPA,0,7,0.0315742482903124,16QAM,MRC,30,0.00126953125,0.00502604166666667,0.3,1.75823024233713,35.098485083207,15,2520000,2.625,0.6017338,2,11,LowMobility,0,2026-08-05 23:30:41
Pedestrian,2,EPA,0,7,0.0287387925457029,16QAM,LMMSE,0,0.382428385416667,0.892213541666667,1,86.1261670300793,1.29729760501529,4,0,0,0.2392501,1,11,LowMobility,0,2026-08-05 23:30:41
Pedestrian,2,EPA,0,7,0.0308588664852386,16QAM,LMMSE,5,0.323430989583333,0.852369791666667,1,74.7553712674275,2.52715194555603,5,0,0,0.3068492,1,11,LowMobility,0,2026-08-05 23:30:42
Pedestrian,2,EPA,0,7,0.0316089214424142,16QAM,LMMSE,10,0.2973046875,0.783802083333333,1,71.2507599481808,2.94420998371077,5,0,0,0.2370223,1,11,LowMobility,0,2026-08-05 23:30:42
Pedestrian,2,EPA,0,7,0.0315387835462051,16QAM,LMMSE,15,0.125234375,0.382317708333333,1,37.1414409078648,8.60282503497492,8,0,0,0.2114299,1,11,LowMobility,0,2026-08-05 23:30:42
Pedestrian,2,EPA,0,7,0.0313843400422921,16QAM,LMMSE,20,0.00757161458333333,0.0281510416666667,0.5,5.46986610851727,25.2404660840948,15,1800000,1.875,0.2187323,1,11,LowMobility,0,2026-08-05 23:30:42
Pedestrian,2,EPA,0,7,0.0269564220422527,16QAM,LMMSE,25,0.01513671875,0.0557291666666667,0.3,6.99382627937867,23.1057031878739,15,2520000,2.625,0.1978804,1,11,LowMobility,0,2026-08-05 23:30:42
Pedestrian,2,EPA,0,7,0.0260602510022732,16QAM,LMMSE,30,0.0259114583333333,0.0764322916666667,0.1,6.42495394069223,23.8425996272482,15,3240000,3.375,0.226803,1,11,LowMobility,0,2026-08-05 23:30:43
Pedestrian,2,EPA,0,7,0.0316004829437759,16QAM,MPA,0,0.388489583333333,0.901145833333333,1,87.2321468648386,1.1864687799734,4,0,0,0.3378088,10,11,LowMobility,0,2026-08-05 23:30:43
Pedestrian,2,EPA,0,7,0.0301915128249052,16QAM,MPA,5,0.349986979166667,0.8765625,1,79.0771139770717,2.03898378431047,4,0,0,0.4296791,10,11,LowMobility,0,2026-08-05 23:30:43
Pedestrian,2,EPA,0,7,0.0312056033336146,16QAM,MPA,10,0.327747395833333,0.868489583333333,1,74.4222599220357,2.56594292472891,5,0,0,0.5128248,10,11,LowMobility,0,2026-08-05 23:30:44
Pedestrian,2,EPA,0,7,0.0315284970732662,16QAM,MPA,15,0.346100260416667,0.878125,1,78.4497514994327,2.10816855526838,4,0,0,0.4629901,10,11,LowMobility,0,2026-08-05 23:30:44
Pedestrian,2,EPA,0,7,0.0316004817143416,16QAM,MPA,20,0.343841145833333,0.877109375,1,77.7741756513173,2.18329166789694,4,0,0,0.6227743,10,11,LowMobility,0,2026-08-05 23:30:45
Pedestrian,2,EPA,0,7,0.0302959022589163,16QAM,MPA,25,0.3512890625,0.884739583333333,1,79.3334598713252,2.01087209913499,4,0,0,0.6769519,10,11,LowMobility,0,2026-08-05 23:30:46
Pedestrian,2,EPA,0,7,0.0312997546961973,16QAM,MPA,30,0.353854166666667,0.885286458333333,1,80.1070750852257,1.92658250358894,4,0,0,0.6111533,10,11,LowMobility,0,2026-08-05 23:30:46
Pedestrian,2,EPA,0,7,0.0300988552719513,64QAM,MRC,0,0.339956597222222,0.89453125,1,84.9112761077502,1.42069264360359,4,0,0,1.1536681,2.7,11,LowMobility,0,2026-08-05 23:30:47
Pedestrian,2,EPA,0,7,0.031605872029562,64QAM,MRC,5,0.268068576388889,0.835572916666667,1,56.8591234592425,4.90399679363204,6,0,0,1.1456381,2.4,11,LowMobility,0,2026-08-05 23:30:49
Pedestrian,2,EPA,0,7,0.0284182909190885,64QAM,MRC,10,0.132560763888889,0.560130208333333,1,28.9224412450363,10.7753010501627,9,0,0,0.8577022,2.6,11,LowMobility,0,2026-08-05 23:30:49
Pedestrian,2,EPA,0,7,0.0315985191217704,64QAM,MRC,15,0.100277777777778,0.473463541666667,1,23.9433012668555,12.4163193984465,10,0,0,0.7476959,2.2,11,LowMobility,0,2026-08-05 23:30:50
Pedestrian,2,EPA,0,7,0.0316041330332216,64QAM,MRC,20,0.0373828125,0.161875,1,10.7580784014903,19.3653059008222,13,0,0,0.7961929,2.2,11,LowMobility,0,2026-08-05 23:30:51
Pedestrian,2,EPA,0,7,0.0301854863297144,64QAM,MRC,25,0.0148177083333333,0.0744791666666667,0.7,5.31962697827427,25.4823764028091,15,1620000,1.6875,1.084566,2.3,11,LowMobility,0,2026-08-05 23:30:52
Pedestrian,2,EPA,0,7,0.026222880392288,64QAM,MRC,30,0.00322482638888889,0.0184635416666667,0.6,1.91317535669065,34.3649044368524,15,2160000,2.25,1.1252386,2.4,11,LowMobility,0,2026-08-05 23:30:53
Pedestrian,2,EPA,0,7,0.0310866140632429,64QAM,LMMSE,0,0.4351953125,0.981927083333333,1,92.5347715101866,0.673900861456429,4,0,0,0.4699951,1,11,LowMobility,0,2026-08-05 23:30:54
Pedestrian,2,EPA,0,7,0.0315822935559082,64QAM,LMMSE,5,0.392647569444444,0.973567708333333,1,86.8846779045557,1.22113609086799,4,0,0,0.4392661,1,11,LowMobility,0,2026-08-05 23:30:54
Pedestrian,2,EPA,0,7,0.0300585764384505,64QAM,LMMSE,10,0.374470486111111,0.961979166666667,1,78.0183894058384,2.15606038819457,4,0,0,0.3807234,1,11,LowMobility,0,2026-08-05 23:30:54
Pedestrian,2,EPA,0,7,0.0308487100183066,64QAM,LMMSE,15,0.344036458333333,0.941328125,1,67.0174713032212,3.47623925898413,5,0,0,0.4150039,1,11,LowMobility,0,2026-08-05 23:30:55
Pedestrian,2,EPA,0,7,0.0315261162920369,64QAM,LMMSE,20,0.231280381944444,0.732447916666667,1,44.988282030079,6.93801181888575,7,0,0,0.4468546,1,11,LowMobility,0,2026-08-05 23:30:55
Pedestrian,2,EPA,0,7,0.031337371441472,64QAM,LMMSE,25,0.1843359375,0.625078125,0.9,33.7886821214847,9.42457493841665,8,540000,0.5625,0.474532,1,11,LowMobility,0,2026-08-05 23:30:56
Pedestrian,2,EPA,0,7,0.0311686594760219,64QAM,LMMSE,30,0.0703125,0.234661458333333,0.4,13.5808002345682,17.3414927789927,12,3240000,3.375,0.3998742,1,11,LowMobility,0,2026-08-05 23:30:56
Pedestrian,2,EPA,0,7,0.0218615659737146,64QAM,MPA,0,0.412795138888889,0.978828125,1,89.4863507342636,0.964864042921803,4,0,0,0.7954576,10,11,LowMobility,0,2026-08-05 23:30:57
Pedestrian,2,EPA,0,7,0.0307213713336922,64QAM,MPA,5,0.393953993055556,0.974609375,1,86.7603087795771,1.23357822005688,4,0,0,0.8032984,10,11,LowMobility,0,2026-08-05 23:30:58
Pedestrian,2,EPA,0,7,0.0316144568405354,64QAM,MPA,10,0.372296006944444,0.971640625,1,83.8378381129813,1.53119858328237,4,0,0,0.7388776,10,11,LowMobility,0,2026-08-05 23:30:59
Pedestrian,2,EPA,0,7,0.0310674922581149,64QAM,MPA,15,0.406644965277778,0.977890625,1,87.8888336759966,1.1213259754185,4,0,0,0.7246128,10,11,LowMobility,0,2026-08-05 23:30:59
Pedestrian,2,EPA,0,7,0.0276925450112947,64QAM,MPA,20,0.443077256944444,0.9821875,1,93.4082090893428,0.592299090914614,4,0,0,0.8653065,10,11,LowMobility,0,2026-08-05 23:31:00
Pedestrian,2,EPA,0,7,0.0309042864752584,64QAM,MPA,25,0.454075520833333,0.982890625,1,95.2971957926274,0.418397573740512,4,0,0,0.8193212,10,11,LowMobility,0,2026-08-05 23:31:01
Pedestrian,2,EPA,0,7,0.0293787408215574,64QAM,MPA,30,0.452638888888889,0.98140625,1,95.1989706479916,0.427354949183207,4,0,0,0.8418988,10,11,LowMobility,0,2026-08-05 23:31:02
Pedestrian,3,EPA,0,7,0.0474130199679127,QPSK,MRC,0,0.218606770833333,0.37890625,1,90.7413506580901,0.843895213546859,4,0,0,0.8084537,2,12,LowMobility,0,2026-08-05 23:31:03
Pedestrian,3,EPA,0,7,0.0468476033267837,QPSK,MRC,5,0.0927083333333333,0.164348958333333,1,49.5533789809087,6.09853452378424,7,0,0,0.4487895,2,12,LowMobility,0,2026-08-05 23:31:03
Pedestrian,3,EPA,0,7,0.0471682818443021,QPSK,MRC,10,0.0470572916666667,0.0880729166666667,0.7,31.4620436788296,10.0442614069111,8,540000,0.5625,0.4046682,2,12,LowMobility,0,2026-08-05 23:31:04
Pedestrian,3,EPA,0,7,0.0469189574142882,QPSK,MRC,15,0.0566145833333333,0.0942708333333333,0.4,21.5394038965939,13.3353263995929,10,1080000,1.125,0.3622971,2,12,LowMobility,0,2026-08-05 23:31:04
Pedestrian,3,EPA,0,7,0.0464887698968304,QPSK,MRC,20,0.000989583333333333,0.00197916666666667,0.3,2.41963862948593,32.3249898121195,15,1260000,1.3125,0.4161172,2,12,LowMobility,0,2026-08-05 23:31:04
Pedestrian,3,EPA,0,7,0.0471114163538601,QPSK,MRC,25,0,0,0,0,160,15,1800000,1.875,0.4088734,2,12,LowMobility,0,2026-08-05 23:31:05
Pedestrian,3,EPA,0,7,0.0456067538038279,QPSK,MRC,30,0,0,0,0,160,15,1800000,1.875,0.3754031,2,12,LowMobility,0,2026-08-05 23:31:05
Pedestrian,3,EPA,0,7,0.0469223632806238,QPSK,LMMSE,0,0.221796875,0.385442708333333,1,90.8615893189441,0.832393418574297,4,0,0,0.2112084,1,12,LowMobility,0,2026-08-05 23:31:05
Pedestrian,3,EPA,0,7,0.0442889055084827,QPSK,LMMSE,5,0.140651041666667,0.248125,1,64.4055740437792,3.82153089140689,5,0,0,0.2536135,1,12,LowMobility,0,2026-08-05 23:31:06
Pedestrian,3,EPA,0,7,0.0474392056908501,QPSK,LMMSE,10,0.0135026041666667,0.0262760416666667,0.6,13.8546125396634,17.1681123052338,12,720000,0.75,0.2384346,1,12,LowMobility,0,2026-08-05 23:31:06
Pedestrian,3,EPA,0,7,0.0474353881096112,QPSK,LMMSE,15,0.0309114583333333,0.0552604166666667,0.3,15.2813914916742,16.3167419601791,12,1260000,1.3125,0.2691132,1,12,LowMobility,0,2026-08-05 23:31:06
Pedestrian,3,EPA,0,7,0.0474114806789684,QPSK,LMMSE,20,0.0105338541666667,0.0205729166666667,0.4,10.2475955117583,19.7875605038276,13,1080000,1.125,0.3145826,1,12,LowMobility,0,2026-08-05 23:31:06
Pedestrian,3,EPA,0,7,0.0474332150794576,QPSK,LMMSE,25,0.00479166666666667,0.00932291666666667,0.1,4.37797517885457,27.1745341003003,15,1620000,1.6875,0.3594534,1,12,LowMobility,0,2026-08-05 23:31:07
Pedestrian,3,EPA,0,7,0.0469986569739245,QPSK,LMMSE,30,0,0,0,0,160,15,1800000,1.875,0.367796,1,12,LowMobility,0,2026-08-05 23:31:07
Pedestrian,3,EPA,0,7,0.0468768784507814,QPSK,MPA,0,0.226588541666667,0.392838541666667,1,93.0879896923031,0.622126970455153,4,0,0,0.4256446,10,12,LowMobility,0,2026-08-05 23:31:08
Pedestrian,3,EPA,0,7,0.0439823741924603,QPSK,MPA,5,0.199856770833333,0.356796875,1,88.5670276882621,1.0545586002335,4,0,0,0.5697527,10,12,LowMobility,0,2026-08-05 23:31:08
Pedestrian,3,EPA,0,7,0.0462974583896538,QPSK,MPA,10,0.1305859375,0.242604166666667,1,71.3818127498253,2.92824854558146,5,0,0,0.4665707,10,12,LowMobility,0,2026-08-05 23:31:09
Pedestrian,3,EPA,0,7,0.0474348260509724,QPSK,MPA,15,0.0874609375,0.166901041666667,1,58.8361445188811,4.60711587899731,6,0,0,0.4521444,10,12,LowMobility,0,2026-08-05 23:31:09
Pedestrian,3,EPA,0,7,0.0469141975454612,QPSK,MPA,20,0.0690755208333333,0.133567708333333,1,52.4201915747351,5.61002792429416,6,0,0,0.3523961,10,12,LowMobility,0,2026-08-05 23:31:09
Pedestrian,3,EPA,0,7,0.0468816689396789,QPSK,MPA,25,0.0679166666666667,0.131432291666667,1,51.8842102731341,5.6992957850674,6,0,0,0.3218738,10,12,LowMobility,0,2026-08-05 23:31:10
Pedestrian,3,EPA,0,7,0.0470043154529615,QPSK,MPA,30,0.0591927083333333,0.114713541666667,1,48.6494118881972,6.25844810904497,7,0,0,0.31788,10,12,LowMobility,0,2026-08-05 23:31:10
Pedestrian,3,EPA,0,7,0.0470599636510844,16QAM,MRC,0,0.388548177083333,0.839166666666667,1,113.987673179733,-1.13715777068076,3,0,0,0.5636734,2,12,LowMobility,0,2026-08-05 23:31:11
Pedestrian,3,EPA,0,7,0.0443065860478745,16QAM,MRC,5,0.23232421875,0.62453125,1,71.1835076276006,2.95241231153279,5,0,0,0.4208433,2,12,LowMobility,0,2026-08-05 23:31:11
Pedestrian,3,EPA,0,7,0.0351514195908239,16QAM,MRC,10,0.140546875,0.415729166666667,1,49.4119526985783,6.12335965993266,7,0,0,0.4063636,2,12,LowMobility,0,2026-08-05 23:31:11
Pedestrian,3,EPA,0,7,0.0474388931829999,16QAM,MRC,15,0.0341080729166667,0.12734375,0.9,18.091700833102,14.850412048422,11,360000,0.375,0.3819228,2,12,LowMobility,0,2026-08-05 23:31:12
Pedestrian,3,EPA,0,7,0.04506993889513,16QAM,MRC,20,0.00893229166666667,0.0333072916666667,0.8,6.60799317536995,23.5986082843973,15,720000,0.75,0.4123376,2,12,LowMobility,0,2026-08-05 23:31:12
Pedestrian,3,EPA,0,7,0.0469174776209331,16QAM,MRC,25,0.00779296875,0.0295572916666667,0.2,4.84602579905987,26.2922855622884,15,2880000,3,0.3762648,2,12,LowMobility,0,2026-08-05 23:31:13
Pedestrian,3,EPA,0,7,0.0472820036094356,16QAM,MRC,30,6.51041666666667e-06,2.60416666666667e-05,0.1,0.102858016104415,59.7552371296033,15,3240000,3.375,0.4576757,2,12,LowMobility,0,2026-08-05 23:31:13
Pedestrian,3,EPA,0,7,0.0423252249630317,16QAM,LMMSE,0,0.379791666666667,0.895859375,1,85.2245083128394,1.38870991348313,4,0,0,0.182185,1,12,LowMobility,0,2026-08-05 23:31:13
Pedestrian,3,EPA,0,7,0.0455576206594335,16QAM,LMMSE,5,0.342291666666667,0.868151041666667,1,78.0427047514956,2.15335375062113,4,0,0,0.1959081,1,12,LowMobility,0,2026-08-05 23:31:13
Pedestrian,3,EPA,0,7,0.0402027892466394,16QAM,LMMSE,10,0.235729166666667,0.675651041666667,1,60.7710173630004,4.32606986201573,6,0,0,0.1885659,1,12,LowMobility,0,2026-08-05 23:31:14
Pedestrian,3,EPA,0,7,0.0454401544745941,16QAM,LMMSE,15,0.199427083333333,0.586119791666667,0.9,51.5581035094948,5.75406131842441,6,360000,0.375,0.2018377,1,12,LowMobility,0,2026-08-05 23:31:14
Pedestrian,3,EPA,0,7,0.0456159838169931,16QAM,LMMSE,20,0.00555989583333333,0.021484375,0.5,4.7101554612429,26.5392951701791,15,1800000,1.875,0.1965586,1,12,LowMobility,0,2026-08-05 23:31:14
Pedestrian,3,EPA,0,7,0.047438596988358,16QAM,LMMSE,25,0.0237369791666667,0.073203125,0.3,7.46567676081498,22.5386163504321,14,2520000,2.625,0.1864371,1,12,LowMobility,0,2026-08-05 23:31:14
Pedestrian,3,EPA,0,7,0.0459609599759412,16QAM,LMMSE,30,0,0,0,0,160,15,3600000,3.75,0.1983582,1,12,LowMobility,0,2026-08-05 23:31:14
Pedestrian,3,EPA,0,7,0.0474397471660188,16QAM,MPA,0,0.388795572916667,0.900286458333333,1,87.3025820411411,1.17945823021007,4,0,0,0.3306878,10,12,LowMobility,0,2026-08-05 23:31:15
Pedestrian,3,EPA,0,7,0.0395989618445254,16QAM,MPA,5,0.331829427083333,0.867552083333333,1,75.5760576123142,2.43231533170203,5,0,0,0.3265897,10,12,LowMobility,0,2026-08-05 23:31:15
Pedestrian,3,EPA,0,7,0.0466021376805769,16QAM,MPA,10,0.32525390625,0.86296875,1,74.2374834194824,2.58753517424203,5,0,0,0.4221594,10,12,LowMobility,0,2026-08-05 23:31:15
Pedestrian,3,EPA,0,7,0.0473672166002434,16QAM,MPA,15,0.342825520833333,0.876848958333333,1,78.0570581360937,2.15175641424346,4,0,0,0.4273573,10,12,LowMobility,0,2026-08-05 23:31:16
Pedestrian,3,EPA,0,7,0.0449014231512416,16QAM,MPA,20,0.34580078125,0.879140625,1,77.9532148919091,2.16331938473694,4,0,0,0.4516849,10,12,LowMobility,0,2026-08-05 23:31:16
Pedestrian,3,EPA,0,7,0.0474369693404208,16QAM,MPA,25,0.359231770833333,0.887838541666667,1,81.4509785680832,1.78207387249537,4,0,0,0.5276803,10,12,LowMobility,0,2026-08-05 23:31:17
Pedestrian,3,EPA,0,7,0.0470928270881443,16QAM,MPA,30,0.353268229166667,0.884921875,1,79.9502861281291,1.94359955301529,4,0,0,0.5663196,10,12,LowMobility,0,2026-08-05 23:31:17
Pedestrian,3,EPA,0,7,0.0446391321420044,64QAM,MRC,0,0.407165798611111,0.945651041666667,1,110.364570828866,-0.856593576020946,3,0,0,0.8890363,2.4,12,LowMobility,0,2026-08-05 23:31:18
Pedestrian,3,EPA,0,7,0.0414498713195887,64QAM,MRC,5,0.295655381944444,0.852994791666667,1,70.0596488225313,3.09064087871054,5,0,0,0.484366,2.5,12,LowMobility,0,2026-08-05 23:31:19
Pedestrian,3,EPA,0,7,0.0458898785753788,64QAM,MRC,10,0.162061631944444,0.642552083333333,1,34.7924259233517,9.17030577492227,8,0,0,0.4493736,2.3,12,LowMobility,0,2026-08-05 23:31:19
Pedestrian,3,EPA,0,7,0.0457929624561825,64QAM,MRC,15,0.0611284722222222,0.306588541666667,1,17.413639877078,15.1822088242845,11,0,0,0.6267827,2.5,12,LowMobility,0,2026-08-05 23:31:20
Pedestrian,3,EPA,0,7,0.0450016905057796,64QAM,MRC,20,0.0810069444444445,0.304375,1,22.4969102217913,12.9575424962351,10,0,0,0.5620901,2.2,12,LowMobility,0,2026-08-05 23:31:20
Pedestrian,3,EPA,0,7,0.0440439709673649,64QAM,MRC,25,0.0129644097222222,0.0673697916666667,0.7,4.99226552872591,26.034046468942,15,1620000,1.6875,0.4903123,2.7,12,LowMobility,0,2026-08-05 23:31:21
Pedestrian,3,EPA,0,7,0.0471663611142869,64QAM,MRC,30,8.68055555555556e-05,0.000520833333333333,0.2,0.266133563338935,51.4980070220344,15,4320000,4.5,0.5782995,2.5,12,LowMobility,0,2026-08-05 23:31:22
Pedestrian,3,EPA,0,7,0.045997227825199,64QAM,LMMSE,0,0.43234375,0.979583333333333,1,92.0133969832533,0.722978711280584,4,0,0,0.2540667,1,12,LowMobility,0,2026-08-05 23:31:22
Pedestrian,3,EPA,0,7,0.0474064562552899,64QAM,LMMSE,5,0.3988671875,0.975963541666667,1,87.4774822338132,1.16207450530285,4,0,0,0.3816317,1,12,LowMobility,0,2026-08-05 23:31:22
Pedestrian,3,EPA,0,7,0.0473940290108673,64QAM,LMMSE,10,0.374201388888889,0.967578125,1,81.480175964114,1.77896083542048,4,0,0,0.2848016,1,12,LowMobility,0,2026-08-05 23:31:22
Pedestrian,3,EPA,0,7,0.046997173845675,64QAM,LMMSE,15,0.330065104166667,0.918776041666667,1,65.3699391375675,3.69243838764229,5,0,0,0.2751446,1,12,LowMobility,0,2026-08-05 23:31:23
Pedestrian,3,EPA,0,7,0.047029457018302,64QAM,LMMSE,20,0.181957465277778,0.62046875,1,40.7865396249988,7.789662782855,7,0,0,0.2801913,1,12,LowMobility,0,2026-08-05 23:31:23
Pedestrian,3,EPA,0,7,0.0472885352364377,64QAM,LMMSE,25,0.195672743055556,0.676432291666667,1,37.1653113287833,8.59724449639388,8,0,0,0.3038924,1,12,LowMobility,0,2026-08-05 23:31:23
Pedestrian,3,EPA,0,7,0.0452010330420253,64QAM,LMMSE,30,0.0790798611111111,0.327942708333333,0.7,16.6084754152136,15.5934046407358,11,1620000,1.6875,0.2091804,1,12,LowMobility,0,2026-08-05 23:31:24
Pedestrian,3,EPA,0,7,0.0474251808718889,64QAM,MPA,0,0.406592881944444,0.976276041666667,1,88.3766300905543,1.07325125279961,4,0,0,0.5854321,10,12,LowMobility,0,2026-08-05 23:31:24
Pedestrian,3,EPA,0,7,0.04574357939089,64QAM,MPA,5,0.382469618055556,0.973802083333333,1,85.1955835412296,1.39165836132973,4,0,0,0.6543729,10,12,LowMobility,0,2026-08-05 23:31:25
Pedestrian,3,EPA,0,7,0.0471064125514152,64QAM,MPA,10,0.379535590277778,0.972994791666667,1,85.0918098629953,1.40224478008969,4,0,0,0.7423704,10,12,LowMobility,0,2026-08-05 23:31:26
Pedestrian,3,EPA,0,7,0.0466373538793688,64QAM,MPA,15,0.411857638888889,0.978098958333333,1,88.546679476118,1.05655440652791,4,0,0,0.8265276,10,12,LowMobility,0,2026-08-05 23:31:26
Pedestrian,3,EPA,0,7,0.0447479444169082,64QAM,MPA,20,0.428389756944444,0.979583333333333,1,90.981895270155,0.820900409959305,4,0,0,0.893488,10,12,LowMobility,0,2026-08-05 23:31:27
Pedestrian,3,EPA,0,7,0.0469486205324578,64QAM,MPA,25,0.453072916666667,0.981666666666667,1,95.2395205941566,0.42365598727436,4,0,0,1.2155252,10,12,LowMobility,0,2026-08-05 23:31:28
Pedestrian,3,EPA,0,7,0.0469987864070707,64QAM,MPA,30,0.451944444444444,0.981536458333333,1,95.0921800595293,0.437103919218812,4,0,0,1.0914726,10,12,LowMobility,0,2026-08-05 23:31:30
Pedestrian,1,EPA,0,7,0.0151694797982795,QPSK,MRC,0,0.2547265625,0.423515625,1,95.2688646769901,0.420980205138312,4,0,0,0.4234711,2,13,LowMobility,0,2026-08-05 23:31:30
Pedestrian,1,EPA,0,7,0.0158037560116289,QPSK,MRC,5,0.1251953125,0.222213541666667,1,62.8496791551415,4.03393870053334,5,0,0,0.7565493,2,13,LowMobility,0,2026-08-05 23:31:31
Pedestrian,1,EPA,0,7,0.0158132291260608,QPSK,MRC,10,0.0201822916666667,0.038125,0.3,12.9524176408504,17.7529832106766,12,1260000,1.3125,0.6831573,2,13,LowMobility,0,2026-08-05 23:31:31
Pedestrian,1,EPA,0,7,0.0145792268721365,QPSK,MRC,15,0.0190364583333333,0.0365885416666667,0.5,16.6608197301376,15.5660726930175,11,900000,0.9375,0.6193722,2,13,LowMobility,0,2026-08-05 23:31:32
Pedestrian,1,EPA,0,7,0.014747811145142,QPSK,MRC,20,0.0025390625,0.00497395833333333,0.2,3.40692291942059,29.3527538419913,15,1440000,1.5,0.4662361,2,13,LowMobility,0,2026-08-05 23:31:33
Pedestrian,1,EPA,0,7,0.00856176244432056,QPSK,MRC,25,0.0110807291666667,0.0209114583333333,0.1,6.65754584412805,23.5337166861896,15,1620000,1.6875,0.4291277,2,13,LowMobility,0,2026-08-05 23:31:33
Pedestrian,1,EPA,0,7,0.0154317151998269,QPSK,MRC,30,0,0,0,0,160,15,1800000,1.875,0.3457007,2,13,LowMobility,0,2026-08-05 23:31:33
Pedestrian,1,EPA,0,7,0.0157839842865105,QPSK,LMMSE,0,0.167161458333333,0.298489583333333,1,78.0820432929503,2.14897660681647,4,0,0,0.2014767,1,13,LowMobility,0,2026-08-05 23:31:33
Pedestrian,1,EPA,0,7,0.015786977289283,QPSK,LMMSE,5,0.0397135416666667,0.076796875,1,35.7757214441565,8.92823199214248,8,0,0,0.1995211,1,13,LowMobility,0,2026-08-05 23:31:34
Pedestrian,1,EPA,0,7,0.0154901408629229,QPSK,LMMSE,10,0.061875,0.11546875,0.9,40.1325010770822,7.93007547956766,7,180000,0.1875,0.1855116,1,13,LowMobility,0,2026-08-05 23:31:34
Pedestrian,1,EPA,0,7,0.0144036998012113,QPSK,LMMSE,15,0.00747395833333333,0.0147916666666667,0.4,9.77104413554749,20.2011805002873,13,1080000,1.125,0.1935298,1,13,LowMobility,0,2026-08-05 23:31:34
Pedestrian,1,EPA,0,7,0.0157913167949754,QPSK,LMMSE,20,0.00213541666666667,0.00424479166666667,0.1,2.92261298612503,30.6845738065585,15,1620000,1.6875,0.1926818,1,13,LowMobility,0,2026-08-05 23:31:34
Pedestrian,1,EPA,0,7,0.0158094163828622,QPSK,LMMSE,25,0,0,0,0,160,15,1800000,1.875,0.1994531,1,13,LowMobility,0,2026-08-05 23:31:34
Pedestrian,1,EPA,0,7,0.0157522676650303,QPSK,LMMSE,30,0,0,0,0,160,15,1800000,1.875,0.1976483,1,13,LowMobility,0,2026-08-05 23:31:35
Pedestrian,1,EPA,0,7,0.0152228735372055,QPSK,MPA,0,0.2310546875,0.403697916666667,1,94.9323035145918,0.451719618486476,4,0,0,0.2212348,10,13,LowMobility,0,2026-08-05 23:31:35
Pedestrian,1,EPA,0,7,0.0157932939938506,QPSK,MPA,5,0.189453125,0.341432291666667,1,86.5022188506578,1.25945504787418,4,0,0,0.3403863,10,13,LowMobility,0,2026-08-05 23:31:35
Pedestrian,1,EPA,0,7,0.0157628056452763,QPSK,MPA,10,0.12703125,0.234270833333333,1,69.6215058278944,3.14513175384907,5,0,0,0.3908989,10,13,LowMobility,0,2026-08-05 23:31:36
Pedestrian,1,EPA,0,7,0.0137278926063201,QPSK,MPA,15,0.1165234375,0.214973958333333,1,66.1521090422531,3.58912610411419,5,0,0,0.3299075,10,13,LowMobility,0,2026-08-05 23:31:36
Pedestrian,1,EPA,0,7,0.0157630008318163,QPSK,MPA,20,0.0680208333333333,0.131666666666667,1,52.0905970029173,5.66481330303086,6,0,0,0.4100264,10,13,LowMobility,0,2026-08-05 23:31:36
Pedestrian,1,EPA,0,7,0.0155276452519113,QPSK,MPA,25,0.062890625,0.122213541666667,1,50.1200846012182,5.99976409202096,7,0,0,0.3482259,10,13,LowMobility,0,2026-08-05 23:31:37
Pedestrian,1,EPA,0,7,0.0156972866303623,QPSK,MPA,30,0.060625,0.117630208333333,1,49.2358204212924,6.15437641985548,7,0,0,0.3725394,10,13,LowMobility,0,2026-08-05 23:31:37
Pedestrian,1,EPA,0,7,0.0139928427347836,16QAM,MRC,0,0.30091796875,0.741119791666667,1,86.7337976252547,1.2362327535991,4,0,0,0.6583799,2,13,LowMobility,0,2026-08-05 23:31:38
Pedestrian,1,EPA,0,7,0.0155636902681901,16QAM,MRC,5,0.222486979166667,0.620234375,1,66.2339548676152,3.5783862441016,5,0,0,0.6192229,2,13,LowMobility,0,2026-08-05 23:31:38
Pedestrian,1,EPA,0,7,0.0155080912362666,16QAM,MRC,10,0.167265625,0.520390625,1,53.7460723276153,5.39306535523101,6,0,0,0.5562914,2,13,LowMobility,0,2026-08-05 23:31:39
Pedestrian,1,EPA,0,7,0.0146771509554543,16QAM,MRC,15,0.06123046875,0.197447916666667,1,26.7236530507155,11.4620835052713,9,0,0,0.5141258,2,13,LowMobility,0,2026-08-05 23:31:39
Pedestrian,1,EPA,0,7,0.0157721295642814,16QAM,MRC,20,0.0252083333333333,0.0923697916666667,0.5,12.0851159897076,18.3549835398834,12,1800000,1.875,0.5414243,2,13,LowMobility,0,2026-08-05 23:31:40
Pedestrian,1,EPA,0,7,0.0158133165846385,16QAM,MRC,25,0.000833333333333333,0.00325520833333333,0.2,1.29306734006542,37.7675771488377,15,2880000,3,0.7037436,2,13,LowMobility,0,2026-08-05 23:31:41
Pedestrian,1,EPA,0,7,0.0158133070137278,16QAM,MRC,30,0.000553385416666667,0.0021875,0.1,0.936779181215546,40.5672553899623,15,3240000,3.375,0.7832281,2,13,LowMobility,0,2026-08-05 23:31:41
Pedestrian,1,EPA,0,7,0.0157319651797107,16QAM,LMMSE,0,0.379778645833333,0.89203125,1,85.503387708355,1.36033355715626,4,0,0,0.2019788,1,13,LowMobility,0,2026-08-05 23:31:42
Pedestrian,1,EPA,0,7,0.0157921087513969,16QAM,LMMSE,5,0.31419921875,0.83578125,1,73.2506150245393,2.70377449097404,5,0,0,0.1910957,1,13,LowMobility,0,2026-08-05 23:31:42
Pedestrian,1,EPA,0,7,0.0124465999280605,16QAM,LMMSE,10,0.258834635416667,0.743723958333333,1,64.4324643634395,3.81790515548013,5,0,0,0.2087049,1,13,LowMobility,0,2026-08-05 23:31:42
Pedestrian,1,EPA,0,7,0.015656094697816,16QAM,LMMSE,15,0.124869791666667,0.401380208333333,1,38.8432883799419,8.2136802174997,8,0,0,0.1908788,1,13,LowMobility,0,2026-08-05 23:31:42
Pedestrian,1,EPA,0,7,0.0157985541430335,16QAM,LMMSE,20,0.083203125,0.254973958333333,0.7,24.9123853083709,12.0716937538322,10,1080000,1.125,0.1998491,1,13,LowMobility,0,2026-08-05 23:31:42
Pedestrian,1,EPA,0,7,0.0152559927837595,16QAM,LMMSE,25,0.0370442708333333,0.100911458333333,0.3,10.6262318653676,19.4724142395382,13,2520000,2.625,0.1909187,1,13,LowMobility,0,2026-08-05 23:31:43
Pedestrian,1,EPA,0,7,0.0140813605678034,16QAM,LMMSE,30,0.000286458333333333,0.00114583333333333,0.1,0.679413733598015,43.3573135718823,15,3240000,3.375,0.2129771,1,13,LowMobility,0,2026-08-05 23:31:43
Pedestrian,1,EPA,0,7,0.0142149270061739,16QAM,MPA,0,0.381484375,0.898984375,1,85.6796944316169,1.34244182085811,4,0,0,0.4870479,10,13,LowMobility,0,2026-08-05 23:31:43
Pedestrian,1,EPA,0,7,0.0148707160404935,16QAM,MPA,5,0.364928385416667,0.88703125,1,82.3871193992195,1.68281363283134,4,0,0,0.4780083,10,13,LowMobility,0,2026-08-05 23:31:44
Pedestrian,1,EPA,0,7,0.0158043427250497,16QAM,MPA,10,0.324329427083333,0.86578125,1,73.7226503449698,2.64798120386519,5,0,0,0.5777497,10,13,LowMobility,0,2026-08-05 23:31:44
Pedestrian,1,EPA,0,7,0.0157412198328218,16QAM,MPA,15,0.334817708333333,0.8709375,1,75.6815558967551,2.42019896171586,5,0,0,0.5267383,10,13,LowMobility,0,2026-08-05 23:31:45
Pedestrian,1,EPA,0,7,0.0156986126288751,16QAM,MPA,20,0.340970052083333,0.875755208333333,1,77.5185122579929,2.21189141789306,4,0,0,0.623235,10,13,LowMobility,0,2026-08-05 23:31:46
Pedestrian,1,EPA,0,7,0.0137917503306756,16QAM,MPA,25,0.359290364583333,0.887005208333333,1,81.2716432716402,1.80121917885981,4,0,0,0.5845359,10,13,LowMobility,0,2026-08-05 23:31:46
Pedestrian,1,EPA,0,7,0.0147136413335149,16QAM,MPA,30,0.36673828125,0.894947916666667,1,82.1291050117979,1.71005819596933,4,0,0,0.4847903,10,13,LowMobility,0,2026-08-05 23:31:47
Pedestrian,1,EPA,0,7,0.0157577487907616,64QAM,MRC,0,0.401736111111111,0.94375,1,106.173328056745,-0.52030861502087,3,0,0,0.7351631,2.1,13,LowMobility,0,2026-08-05 23:31:47
Pedestrian,1,EPA,0,7,0.0141736428045069,64QAM,MRC,5,0.342530381944444,0.901666666666667,1,78.7372394379825,2.07639631666327,4,0,0,0.9460385,2.1,13,LowMobility,0,2026-08-05 23:31:48
Pedestrian,1,EPA,0,7,0.0157756183869433,64QAM,MRC,10,0.279123263888889,0.824088541666667,1,60.3162890026744,4.39130773110756,6,0,0,0.782009,2.1,13,LowMobility,0,2026-08-05 23:31:49
Pedestrian,1,EPA,0,7,0.0155395458339668,64QAM,MRC,15,0.147782118055556,0.590859375,1,32.2902690887612,9.81856671608465,8,0,0,1.0973213,2.7,13,LowMobility,0,2026-08-05 23:31:50
Pedestrian,1,EPA,0,7,0.015787569777734,64QAM,MRC,20,0.0687934027777778,0.337213541666667,1,17.5806823276146,15.0992854687861,11,0,0,0.6177391,2.4,13,LowMobility,0,2026-08-05 23:31:51
Pedestrian,1,EPA,0,7,0.0139093539501858,64QAM,MRC,25,0.0146440972222222,0.0819010416666667,0.6,6.16952586038278,24.1949642205725,15,2160000,2.25,0.4441668,2,13,LowMobility,0,2026-08-05 23:31:51
Pedestrian,1,EPA,0,7,0.0156782384777711,64QAM,MRC,30,0.00644097222222222,0.0347395833333333,0.1,1.91072136395732,34.3760528095923,15,4860000,5.0625,0.6347978,2.1,13,LowMobility,0,2026-08-05 23:31:52
Pedestrian,1,EPA,0,7,0.0147578833300688,64QAM,LMMSE,0,0.433546006944444,0.98,1,92.3600929236094,0.690312776207984,4,0,0,0.2536374,1,13,LowMobility,0,2026-08-05 23:31:52
Pedestrian,1,EPA,0,7,0.0156430914291934,64QAM,LMMSE,5,0.398806423611111,0.975208333333333,1,87.5914983256903,1.1507608924874,4,0,0,0.256139,1,13,LowMobility,0,2026-08-05 23:31:52
Pedestrian,1,EPA,0,7,0.0154936170924394,64QAM,LMMSE,10,0.387621527777778,0.966536458333333,1,79.1551298838699,2.03041868285152,4,0,0,0.328026,1,13,LowMobility,0,2026-08-05 23:31:53
Pedestrian,1,EPA,0,7,0.0157881268786198,64QAM,LMMSE,15,0.375342881944444,0.958958333333333,1,75.0368644977149,2.49450643495478,5,0,0,0.3261361,1,13,LowMobility,0,2026-08-05 23:31:53
Pedestrian,1,EPA,0,7,0.0144437823707022,64QAM,LMMSE,20,0.204010416666667,0.709557291666667,1,40.3427953852387,7.88468024922623,7,0,0,0.340039,1,13,LowMobility,0,2026-08-05 23:31:53
Pedestrian,1,EPA,0,7,0.0157448768634732,64QAM,LMMSE,25,0.127061631944444,0.478802083333333,0.9,23.4833189920585,12.5848104499613,10,540000,0.5625,0.3148048,1,13,LowMobility,0,2026-08-05 23:31:54
Pedestrian,1,EPA,0,7,0.0154658734029603,64QAM,LMMSE,30,0.00340711805555556,0.019453125,0.2,1.45186853901179,36.7614541102729,15,4320000,4.5,0.2894497,1,13,LowMobility,0,2026-08-05 23:31:54
Pedestrian,1,EPA,0,7,0.0106867452569497,64QAM,MPA,0,0.430494791666667,0.978619791666667,1,91.8645122341839,0.737044531229485,4,0,0,0.7611418,10,13,LowMobility,0,2026-08-05 23:31:55
Pedestrian,1,EPA,0,7,0.0158088404333271,64QAM,MPA,5,0.369118923611111,0.970963541666667,1,83.7832198110753,1.53685907206867,4,0,0,0.82927,10,13,LowMobility,0,2026-08-05 23:31:56
Pedestrian,1,EPA,0,7,0.0157220006963847,64QAM,MPA,10,0.384470486111111,0.975078125,1,85.4272050526952,1.36807604692971,4,0,0,0.7748311,10,13,LowMobility,0,2026-08-05 23:31:56
Pedestrian,1,EPA,0,7,0.0157999609819807,64QAM,MPA,15,0.408932291666667,0.977161458333333,1,88.1489065774944,1.09566140871252,4,0,0,0.701651,10,13,LowMobility,0,2026-08-05 23:31:57
Pedestrian,1,EPA,0,7,0.0158129712982749,64QAM,MPA,20,0.440238715277778,0.979921875,1,93.1949281195141,0.612154445977137,4,0,0,0.8967168,10,13,LowMobility,0,2026-08-05 23:31:58
Pedestrian,1,EPA,0,7,0.0135148123944292,64QAM,MPA,25,0.458250868055556,0.982916666666667,1,95.776312179376,0.374837785413278,4,0,0,0.7114453,10,13,LowMobility,0,2026-08-05 23:31:59
Pedestrian,1,EPA,0,7,0.0153018581691968,64QAM,MPA,30,0.463285590277778,0.983203125,1,96.8908722220263,0.274342690217873,4,0,0,0.9254857,10,13,LowMobility,0,2026-08-05 23:32:00
Pedestrian,4,EPA,0,7,0.0632440880080915,QPSK,MRC,0,0.174075520833333,0.310651041666667,1,79.5631214786943,1.98576373307894,4,0,0,0.9449154,2,14,LowMobility,0,2026-08-05 23:32:01
Pedestrian,4,EPA,0,7,0.0629061418050277,QPSK,MRC,5,0.122786458333333,0.212942708333333,1,58.5239734215328,4.65332391188306,6,0,0,0.7106098,2,14,LowMobility,0,2026-08-05 23:32:01
Pedestrian,4,EPA,0,7,0.0628004241833194,QPSK,MRC,10,0.0487760416666667,0.090078125,0.6,26.9792181235167,11.3794128127505,9,720000,0.75,0.5499773,2,14,LowMobility,0,2026-08-05 23:32:02
Pedestrian,4,EPA,0,7,0.0631077122754769,QPSK,MRC,15,0.0236588541666667,0.0429947916666667,0.3,14.1060257993486,17.0119065236742,12,1260000,1.3125,0.5743395,2,14,LowMobility,0,2026-08-05 23:32:02
Pedestrian,4,EPA,0,7,0.0631780551628124,QPSK,MRC,20,6.51041666666667e-05,0.000130208333333333,0.1,0.510310363079829,45.8433122436753,15,1620000,1.6875,0.5046795,2,14,LowMobility,0,2026-08-05 23:32:03
Pedestrian,4,EPA,0,7,0.0631994912336271,QPSK,MRC,25,0,0,0,0,160,15,1800000,1.875,0.5062041,2,14,LowMobility,0,2026-08-05 23:32:03
Pedestrian,4,EPA,0,7,0.0630798675852597,QPSK,MRC,30,9.11458333333333e-05,0.000182291666666667,0.1,0.60380736442456,44.3820318868929,15,1620000,1.6875,0.5295789,2,14,LowMobility,0,2026-08-05 23:32:04
Pedestrian,4,EPA,0,7,0.062904499021417,QPSK,LMMSE,0,0.193424479166667,0.329010416666667,1,81.284654433091,1.79982872503844,4,0,0,0.2360473,1,14,LowMobility,0,2026-08-05 23:32:04
Pedestrian,4,EPA,0,7,0.0629812348047314,QPSK,LMMSE,5,0.0372786458333333,0.07125,1,30.2552462627273,10.3839861555015,9,0,0,0.2940006,1,14,LowMobility,0,2026-08-05 23:32:05
Pedestrian,4,EPA,0,7,0.0632220048325471,QPSK,LMMSE,10,0.0346875,0.06359375,0.7,24.0528906789824,12.3766544519231,10,540000,0.5625,0.2676934,1,14,LowMobility,0,2026-08-05 23:32:05
Pedestrian,4,EPA,0,7,0.0621181455895861,QPSK,LMMSE,15,0.013203125,0.025625,0.5,11.7674724873324,18.5863361682474,12,900000,0.9375,0.303657,1,14,LowMobility,0,2026-08-05 23:32:05
Pedestrian,4,EPA,0,7,0.0607107884774232,QPSK,LMMSE,20,1.30208333333333e-05,2.60416666666667e-05,0.1,0.228217732293819,52.8330122870355,15,1620000,1.6875,0.2990877,1,14,LowMobility,0,2026-08-05 23:32:05
Pedestrian,4,EPA,0,7,0.0600563580765717,QPSK,LMMSE,25,0,0,0,0,160,15,1800000,1.875,0.364761,1,14,LowMobility,0,2026-08-05 23:32:06
Pedestrian,4,EPA,0,7,0.0630869066086569,QPSK,LMMSE,30,0,0,0,0,160,15,1800000,1.875,0.3196691,1,14,LowMobility,0,2026-08-05 23:32:06
Pedestrian,4,EPA,0,7,0.061552668616775,QPSK,MPA,0,0.258684895833333,0.440546875,1,99.6389335351151,0.0314185898509899,3,0,0,0.3668181,10,14,LowMobility,0,2026-08-05 23:32:06
Pedestrian,4,EPA,0,7,0.0629166528747165,QPSK,MPA,5,0.193190104166667,0.346328125,1,87.1752366449229,1.19213730038879,4,0,0,0.3543351,10,14,LowMobility,0,2026-08-05 23:32:07
Pedestrian,4,EPA,0,7,0.0595178513195546,QPSK,MPA,10,0.147408854166667,0.270625,1,75.3487342288423,2.45848077861179,5,0,0,0.4988913,10,14,LowMobility,0,2026-08-05 23:32:07
Pedestrian,4,EPA,0,7,0.0628020464196411,QPSK,MPA,15,0.091484375,0.172786458333333,1,59.5251972335441,4.50598313818516,6,0,0,0.4143851,10,14,LowMobility,0,2026-08-05 23:32:08
Pedestrian,4,EPA,0,7,0.0631327909988043,QPSK,MPA,20,0.0681510416666667,0.131119791666667,1,52.0951936652384,5.6640468625903,6,0,0,0.3722751,10,14,LowMobility,0,2026-08-05 23:32:08
Pedestrian,4,EPA,0,7,0.0625352893623148,QPSK,MPA,25,0.0705859375,0.135833333333333,1,52.9872674583216,5.51656952757399,6,0,0,0.2685718,10,14,LowMobility,0,2026-08-05 23:32:08
Pedestrian,4,EPA,0,7,0.0631951628573056,QPSK,MPA,30,0.0654947916666667,0.127057291666667,1,51.0572798313204,5.83884653474671,6,0,0,0.2829762,10,14,LowMobility,0,2026-08-05 23:32:09
Pedestrian,4,EPA,0,7,0.0621701221952395,16QAM,MRC,0,0.353580729166667,0.808203125,1,102.019782546368,-0.173687870079965,3,0,0,0.7010208,2,14,LowMobility,0,2026-08-05 23:32:09
Pedestrian,4,EPA,0,7,0.0631404241502249,16QAM,MRC,5,0.236009114583333,0.62015625,1,72.115454664647,2.83943308110879,5,0,0,0.7340553,2,14,LowMobility,0,2026-08-05 23:32:10
Pedestrian,4,EPA,0,7,0.061395626440233,16QAM,MRC,10,0.174446614583333,0.450911458333333,1,55.6258264055951,5.09447047726339,6,0,0,0.6218624,2,14,LowMobility,0,2026-08-05 23:32:11
Pedestrian,4,EPA,0,7,0.0611332512315658,16QAM,MRC,15,0.0474934895833333,0.140833333333333,0.8,18.5236269403296,14.6454794827226,11,720000,0.75,0.5262509,2,14,LowMobility,0,2026-08-05 23:32:11
Pedestrian,4,EPA,0,7,0.0631571030993786,16QAM,MRC,20,0.00228515625,0.0090625,0.4,3.54238186666859,29.0140924786851,15,2160000,2.25,0.4471503,2,14,LowMobility,0,2026-08-05 23:32:12
Pedestrian,4,EPA,0,7,0.0469756205124553,16QAM,MRC,25,0.0189192708333333,0.0675520833333333,0.5,9.630918509623,20.3266458366613,13,1800000,1.875,0.5903894,2,14,LowMobility,0,2026-08-05 23:32:12
Pedestrian,4,EPA,0,7,0.0573394476449728,16QAM,MRC,30,0.000305989583333333,0.00122395833333333,0.1,0.700578588904494,43.0908627946264,15,3240000,3.375,0.5341258,2,14,LowMobility,0,2026-08-05 23:32:13
Pedestrian,4,EPA,0,7,0.0563940352029738,16QAM,LMMSE,0,0.37115234375,0.893203125,1,83.6076349849792,1.55508122623362,4,0,0,0.2283249,1,14,LowMobility,0,2026-08-05 23:32:13
Pedestrian,4,EPA,0,7,0.0621949574926619,16QAM,LMMSE,5,0.310501302083333,0.81203125,1,72.6601184171181,2.77407797371077,5,0,0,0.2547573,1,14,LowMobility,0,2026-08-05 23:32:13
Pedestrian,4,EPA,0,7,0.0611478483855687,16QAM,LMMSE,10,0.21830078125,0.5953125,1,56.9694550854913,4.8871586912582,6,0,0,0.2636287,1,14,LowMobility,0,2026-08-05 23:32:14
Pedestrian,4,EPA,0,7,0.0632256841733361,16QAM,LMMSE,15,0.09943359375,0.295833333333333,0.8,30.11829344172,10.4233927940755,9,720000,0.75,0.317767,1,14,LowMobility,0,2026-08-05 23:32:14
Pedestrian,4,EPA,0,7,0.0625268587229492,16QAM,LMMSE,20,0.0457486979166667,0.157109375,0.8,18.9484640382499,14.4485197632561,11,720000,0.75,0.2236111,1,14,LowMobility,0,2026-08-05 23:32:14
Pedestrian,4,EPA,0,7,0.0623142942152575,16QAM,LMMSE,25,0.00021484375,0.000859375,0.1,0.582551728035463,44.6933101029341,15,3240000,3.375,0.2057577,1,14,LowMobility,0,2026-08-05 23:32:14
Pedestrian,4,EPA,0,7,0.0632534577097373,16QAM,LMMSE,30,0,0,0,0,160,15,3600000,3.75,0.214076,1,14,LowMobility,0,2026-08-05 23:32:15
Pedestrian,4,EPA,0,7,0.0623450535154689,16QAM,MPA,0,0.355813802083333,0.880677083333333,1,80.2224540706504,1.914081134537,4,0,0,0.3279835,10,14,LowMobility,0,2026-08-05 23:32:15
Pedestrian,4,EPA,0,7,0.0631543871795063,16QAM,MPA,5,0.336868489583333,0.867421875,1,76.8018443382361,2.29256701179135,4,0,0,0.3415597,10,14,LowMobility,0,2026-08-05 23:32:15
Pedestrian,4,EPA,0,7,0.061893890166621,16QAM,MPA,10,0.339700520833333,0.873411458333333,1,77.0992096204108,2.2590014815888,4,0,0,0.3220428,10,14,LowMobility,0,2026-08-05 23:32:16
Pedestrian,4,EPA,0,7,0.0569570262870715,16QAM,MPA,15,0.334602864583333,0.871328125,1,76.2438949234062,2.35589851692878,4,0,0,0.3321528,10,14,LowMobility,0,2026-08-05 23:32:16
Pedestrian,4,EPA,0,7,0.0590877236247268,16QAM,MPA,20,0.335638020833333,0.870885416666667,1,76.4671261220575,2.33050463346104,4,0,0,0.3428764,10,14,LowMobility,0,2026-08-05 23:32:16
Pedestrian,4,EPA,0,7,0.0627003443635848,16QAM,MPA,25,0.344518229166667,0.877447916666667,1,78.2310590654756,2.13241580766324,4,0,0,0.3519445,10,14,LowMobility,0,2026-08-05 23:32:17
Pedestrian,4,EPA,0,7,0.0548690017251965,16QAM,MPA,30,0.352526041666667,0.883567708333333,1,79.5085565198457,1.99172262199261,4,0,0,0.4541254,10,14,LowMobility,0,2026-08-05 23:32:17
Pedestrian,4,EPA,0,7,0.0626124906306779,64QAM,MRC,0,0.329552951388889,0.896041666666667,1,76.1705068541652,2.36426309025002,4,0,0,0.5708673,2.1,14,LowMobility,0,2026-08-05 23:32:18
Pedestrian,4,EPA,0,7,0.0597680684287689,64QAM,MRC,5,0.324049479166667,0.88546875,1,76.9862170345498,2.27174040606643,4,0,0,0.583598,2.4,14,LowMobility,0,2026-08-05 23:32:18
Pedestrian,4,EPA,0,7,0.0625931391318165,64QAM,MRC,10,0.267799479166667,0.826041666666667,1,61.250940401151,4.25774478158846,5,0,0,0.5810196,2.4,14,LowMobility,0,2026-08-05 23:32:19
Pedestrian,4,EPA,0,7,0.0632511249027894,64QAM,MRC,15,0.142178819444444,0.54109375,1,35.6477422059223,8.95935943044184,8,0,0,0.5569738,2.2,14,LowMobility,0,2026-08-05 23:32:19
Pedestrian,4,EPA,0,7,0.0630554427989322,64QAM,MRC,20,0.0242664930555556,0.129895833333333,0.9,9.46437008545808,20.4781657164406,13,540000,0.5625,0.5246162,2.2,14,LowMobility,0,2026-08-05 23:32:20
Pedestrian,4,EPA,0,7,0.0618294447718528,64QAM,MRC,25,0.0415755208333333,0.187291666666667,0.6,10.0361378949267,19.9686676035967,13,2160000,2.25,0.6534668,2.7,14,LowMobility,0,2026-08-05 23:32:20
Pedestrian,4,EPA,0,7,0.0632484551566525,64QAM,MRC,30,0.00438368055555556,0.025078125,0.4,2.38372187180523,32.4548883728199,15,3240000,3.375,0.547877,2.3,14,LowMobility,0,2026-08-05 23:32:21
Pedestrian,4,EPA,0,7,0.0605531133793381,64QAM,LMMSE,0,0.396857638888889,0.976328125,1,86.9652875524021,1.21308125400571,4,0,0,0.2149369,1,14,LowMobility,0,2026-08-05 23:32:21
Pedestrian,4,EPA,0,7,0.0502326756227761,64QAM,LMMSE,5,0.387578125,0.972890625,1,86.3868818612877,1.27104403185692,4,0,0,0.2201405,1,14,LowMobility,0,2026-08-05 23:32:21
Pedestrian,4,EPA,0,7,0.0632343293766099,64QAM,LMMSE,10,0.378702256944444,0.97015625,1,82.4853658163164,1.67246190390423,4,0,0,0.2146012,1,14,LowMobility,0,2026-08-05 23:32:22
Pedestrian,4,EPA,0,7,0.0615059722369164,64QAM,LMMSE,15,0.319045138888889,0.926015625,1,56.6744130919152,4.9322593727761,6,0,0,0.2106748,1,14,LowMobility,0,2026-08-05 23:32:22
Pedestrian,4,EPA,0,7,0.0627419802418342,64QAM,LMMSE,20,0.178138020833333,0.662578125,1,31.4002411563275,10.0613403299624,8,0,0,0.2090966,1,14,LowMobility,0,2026-08-05 23:32:22
Pedestrian,4,EPA,0,7,0.0616651985730381,64QAM,LMMSE,25,0.0879383680555555,0.3821875,1,18.9424610367796,14.4512719477753,11,0,0,0.2164949,1,14,LowMobility,0,2026-08-05 23:32:22
Pedestrian,4,EPA,0,7,0.0611299640643202,64QAM,LMMSE,30,0.0378342013888889,0.165755208333333,0.6,8.5883160422123,21.3218396460027,14,2160000,2.25,0.2145292,1,14,LowMobility,0,2026-08-05 23:32:23
Pedestrian,4,EPA,0,7,0.0621314097726713,64QAM,MPA,0,0.408793402777778,0.978125,1,88.72876446039,1.03871131896656,4,0,0,0.7075699,10,14,LowMobility,0,2026-08-05 23:32:23
Pedestrian,4,EPA,0,7,0.0331609001052838,64QAM,MPA,5,0.385243055555556,0.975260416666667,1,85.505151821969,1.36015435094583,4,0,0,0.8141102,10,14,LowMobility,0,2026-08-05 23:32:24
Pedestrian,4,EPA,0,7,0.0631038488012646,64QAM,MPA,10,0.374587673611111,0.97109375,1,84.3416591998921,1.47915719275232,4,0,0,0.8329651,10,14,LowMobility,0,2026-08-05 23:32:25
Pedestrian,4,EPA,0,7,0.0628367311023465,64QAM,MPA,15,0.400581597222222,0.975729166666667,1,86.7150749435899,1.23810792459205,4,0,0,0.9762674,10,14,LowMobility,0,2026-08-05 23:32:26
Pedestrian,4,EPA,0,7,0.0632042935396766,64QAM,MPA,20,0.422860243055556,0.979609375,1,90.2342678255623,0.89257002492692,4,0,0,1.0174608,10,14,LowMobility,0,2026-08-05 23:32:27
Pedestrian,4,EPA,0,7,0.0623496120602309,64QAM,MPA,25,0.436818576388889,0.980989583333333,1,92.467489286195,0.680218686929969,4,0,0,0.6125322,10,14,LowMobility,0,2026-08-05 23:32:27
Pedestrian,4,EPA,0,7,0.0560682465046993,64QAM,MPA,30,0.4608203125,0.982864583333333,1,96.176571172243,0.338614203700988,4,0,0,0.7090869,10,14,LowMobility,0,2026-08-05 23:32:28
Pedestrian,0,EPA,0,7,0,QPSK,MRC,0,0.2031640625,0.352265625,1,85.6494502805584,1.34550840198721,4,0,0,0.78107,2,15,LowMobility,0,2026-08-05 23:32:29
Pedestrian,0,EPA,0,7,0,QPSK,MRC,5,0.0405208333333333,0.0789583333333333,1,38.2075684341186,8.35701200689494,8,0,0,0.5830885,2,15,LowMobility,0,2026-08-05 23:32:30
Pedestrian,0,EPA,0,7,0,QPSK,MRC,10,0.0583203125,0.107369791666667,0.7,31.8794938181782,9.92977165876648,8,540000,0.5625,0.4759634,2,15,LowMobility,0,2026-08-05 23:32:30
Pedestrian,0,EPA,0,7,0,QPSK,MRC,15,0.0455208333333333,0.0776822916666667,0.4,18.8018647867876,14.5159814972277,11,1080000,1.125,0.4166211,2,15,LowMobility,0,2026-08-05 23:32:30
Pedestrian,0,EPA,0,7,0,QPSK,MRC,20,0.0142708333333333,0.0270052083333333,0.3,10.3327926411131,19.7156457192395,13,1260000,1.3125,0.536294,2,15,LowMobility,0,2026-08-05 23:32:31
Pedestrian,0,EPA,0,7,0,QPSK,MRC,25,0.000260416666666667,0.000520833333333333,0.1,1.02062072615966,39.8227123303957,15,1620000,1.6875,0.3698583,2,15,LowMobility,0,2026-08-05 23:32:31
Pedestrian,0,EPA,0,7,0,QPSK,MRC,30,0,0,0,0,160,15,1800000,1.875,0.3845844,2,15,LowMobility,0,2026-08-05 23:32:32
Pedestrian,0,EPA,0,7,0,QPSK,LMMSE,0,0.237005208333333,0.403255208333333,1,92.4230589836026,0.684393229284274,4,0,0,0.1644062,1,15,LowMobility,0,2026-08-05 23:32:32
Pedestrian,0,EPA,0,7,0,QPSK,LMMSE,5,0.109622395833333,0.193385416666667,1,59.1784695653818,4.5567254093624,6,0,0,0.1744026,1,15,LowMobility,0,2026-08-05 23:32:32
Pedestrian,0,EPA,0,7,0,QPSK,LMMSE,10,0.06875,0.115442708333333,0.8,30.8972791634604,10.2015952634917,8,360000,0.375,0.189591,1,15,LowMobility,0,2026-08-05 23:32:32
Pedestrian,0,EPA,0,7,0,QPSK,LMMSE,15,0.000247395833333333,0.000494791666666667,0.4,1.73572166493076,35.210398314482,15,1080000,1.125,0.1821124,1,15,LowMobility,0,2026-08-05 23:32:32
Pedestrian,0,EPA,0,7,0,QPSK,LMMSE,20,0.000260416666666667,0.000520833333333333,0.3,1.65590971101926,35.6192669388865,15,1260000,1.3125,0.2448513,1,15,LowMobility,0,2026-08-05 23:32:33
Pedestrian,0,EPA,0,7,0,QPSK,LMMSE,25,0,0,0,0,160,15,1800000,1.875,0.2213889,1,15,LowMobility,0,2026-08-05 23:32:33
Pedestrian,0,EPA,0,7,0,QPSK,LMMSE,30,0,0,0,0,160,15,1800000,1.875,0.232409,1,15,LowMobility,0,2026-08-05 23:32:33
Pedestrian,0,EPA,0,7,0,QPSK,MPA,0,0.257513020833333,0.437447916666667,1,99.2958441170925,0.0613785577427018,3,0,0,0.2599876,10,15,LowMobility,0,2026-08-05 23:32:33
Pedestrian,0,EPA,0,7,0,QPSK,MPA,5,0.185390625,0.329036458333333,1,84.0853567646045,1.50559257632238,4,0,0,0.2906079,10,15,LowMobility,0,2026-08-05 23:32:34
Pedestrian,0,EPA,0,7,0,QPSK,MPA,10,0.111471354166667,0.207630208333333,1,65.5808895933034,3.66445392995935,5,0,0,0.2839093,10,15,LowMobility,0,2026-08-05 23:32:34
Pedestrian,0,EPA,0,7,0,QPSK,MPA,15,0.107317708333333,0.196145833333333,1,62.4815699738636,4.08496132959994,5,0,0,0.3785069,10,15,LowMobility,0,2026-08-05 23:32:34
Pedestrian,0,EPA,0,7,0,QPSK,MPA,20,0.0735416666666667,0.141067708333333,1,53.6145802011624,5.4143418032188,6,0,0,0.3685629,10,15,LowMobility,0,2026-08-05 23:32:35
Pedestrian,0,EPA,0,7,0,QPSK,MPA,25,0.0645703125,0.1246875,1,50.6863203318958,5.90218472102755,7,0,0,0.3443185,10,15,LowMobility,0,2026-08-05 23:32:35
Pedestrian,0,EPA,0,7,0,QPSK,MPA,30,0.0659244791666667,0.127317708333333,1,50.9125842184899,5.86349717009725,6,0,0,0.3125215,10,15,LowMobility,0,2026-08-05 23:32:35
Pedestrian,0,EPA,0,7,0,16QAM,MRC,0,0.340651041666667,0.787135416666667,1,99.2041289803722,0.0694050335144672,3,0,0,0.6619664,2,15,LowMobility,0,2026-08-05 23:32:36
Pedestrian,0,EPA,0,7,0,16QAM,MRC,5,0.164459635416667,0.484869791666667,1,53.358120609941,5.4559895125296,6,0,0,0.6896218,2,15,LowMobility,0,2026-08-05 23:32:37
Pedestrian,0,EPA,0,7,0,16QAM,MRC,10,0.0854752604166667,0.298645833333333,1,34.7116344791407,9.19049872135196,8,0,0,0.6111871,2,15,LowMobility,0,2026-08-05 23:32:37
Pedestrian,0,EPA,0,7,0,16QAM,MRC,15,0.01822265625,0.060546875,0.6,8.71184441722359,21.1977977829166,14,1440000,1.5,0.6058387,2,15,LowMobility,0,2026-08-05 23:32:38
Pedestrian,0,EPA,0,7,0,16QAM,MRC,20,0.0391927083333333,0.134739583333333,0.5,15.5309784758694,16.1760236435945,11,1800000,1.875,0.4427077,2,15,LowMobility,0,2026-08-05 23:32:38
Pedestrian,0,EPA,0,7,0,16QAM,MRC,25,3.90625e-05,0.00015625,0.1,0.249921911602031,52.043913319193,15,3240000,3.375,0.4467409,2,15,LowMobility,0,2026-08-05 23:32:39
Pedestrian,0,EPA,0,7,0,16QAM,MRC,30,0.00033203125,0.00130208333333333,0.2,0.860183573405069,41.3081771051492,15,2880000,3,0.398247,2,15,LowMobility,0,2026-08-05 23:32:39
Pedestrian,0,EPA,0,7,0,16QAM,LMMSE,0,0.377962239583333,0.893828125,1,85.1273314334643,1.39861961263798,4,0,0,0.1639052,1,15,LowMobility,0,2026-08-05 23:32:39
Pedestrian,0,EPA,0,7,0,16QAM,LMMSE,5,0.322259114583333,0.850546875,1,74.2075523386444,2.59103785881619,5,0,0,0.2276869,1,15,LowMobility,0,2026-08-05 23:32:40
Pedestrian,0,EPA,0,7,0,16QAM,LMMSE,10,0.21787109375,0.630442708333333,1,57.3992081773423,4.82188197314953,6,0,0,0.2184466,1,15,LowMobility,0,2026-08-05 23:32:40
Pedestrian,0,EPA,0,7,0,16QAM,LMMSE,15,0.0739127604166667,0.226432291666667,0.9,23.7072359773689,12.5023815478095,10,360000,0.375,0.2314181,1,15,LowMobility,0,2026-08-05 23:32:40
Pedestrian,0,EPA,0,7,0,16QAM,LMMSE,20,0.0614583333333333,0.178880208333333,0.6,17.2353606452622,15.2715924933265,11,1440000,1.5,0.2163783,1,15,LowMobility,0,2026-08-05 23:32:40
Pedestrian,0,EPA,0,7,0,16QAM,LMMSE,25,0.01322265625,0.0478125,0.4,6.58427839395239,23.6298362946726,15,2160000,2.25,0.2234048,1,15,LowMobility,0,2026-08-05 23:32:41
Pedestrian,0,EPA,0,7,0,16QAM,LMMSE,30,0,0,0,0,160,15,3600000,3.75,0.2516103,1,15,LowMobility,0,2026-08-05 23:32:41
Pedestrian,0,EPA,0,7,0,16QAM,MPA,0,0.3884375,0.898411458333333,1,87.1166311287671,1.1979785489932,4,0,0,0.3958554,10,15,LowMobility,0,2026-08-05 23:32:41
Pedestrian,0,EPA,0,7,0,16QAM,MPA,5,0.325598958333333,0.860677083333333,1,74.4356489447245,2.56438042026226,5,0,0,0.4541356,10,15,LowMobility,0,2026-08-05 23:32:42
Pedestrian,0,EPA,0,7,0,16QAM,MPA,10,0.324700520833333,0.863463541666667,1,73.9897335862826,2.6165707286618,5,0,0,0.3292776,10,15,LowMobility,0,2026-08-05 23:32:42
Pedestrian,0,EPA,0,7,0,16QAM,MPA,15,0.342239583333333,0.878151041666667,1,77.5947599596047,2.2033521205753,4,0,0,0.3223483,10,15,LowMobility,0,2026-08-05 23:32:42
Pedestrian,0,EPA,0,7,0,16QAM,MPA,20,0.351705729166667,0.885026041666667,1,79.4737036225078,1.99553095160653,4,0,0,0.3627598,10,15,LowMobility,0,2026-08-05 23:32:43
Pedestrian,0,EPA,0,7,0,16QAM,MPA,25,0.36201171875,0.888229166666667,1,81.6477660283458,1.76111387067974,4,0,0,0.3851944,10,15,LowMobility,0,2026-08-05 23:32:43
Pedestrian,0,EPA,0,7,0,16QAM,MPA,30,0.360247395833333,0.88765625,1,81.6017864457975,1.76600666927093,4,0,0,0.4098459,10,15,LowMobility,0,2026-08-05 23:32:44
Pedestrian,0,EPA,0,7,0,64QAM,MRC,0,0.396484375,0.937161458333333,1,104.172131929959,-0.355031045722547,3,0,0,1.0197793,2.3,15,LowMobility,0,2026-08-05 23:32:45
Pedestrian,0,EPA,0,7,0,64QAM,MRC,5,0.277799479166667,0.853333333333333,1,57.1975011385747,4.85245888757794,6,0,0,0.8288494,2.3,15,LowMobility,0,2026-08-05 23:32:45
Pedestrian,0,EPA,0,7,0,64QAM,MRC,10,0.190160590277778,0.671770833333333,1,43.9717764286776,7.13651977671752,7,0,0,0.5331445,2,15,LowMobility,0,2026-08-05 23:32:46
Pedestrian,0,EPA,0,7,0,64QAM,MRC,15,0.196137152777778,0.598411458333333,1,49.6073055021315,6.08908723405394,7,0,0,0.3930866,2.3,15,LowMobility,0,2026-08-05 23:32:46
Pedestrian,0,EPA,0,7,0,64QAM,MRC,20,0.0397743055555556,0.185989583333333,0.9,10.3813132193392,19.6749541092532,13,540000,0.5625,0.5482688,2.2,15,LowMobility,0,2026-08-05 23:32:47
Pedestrian,0,EPA,0,7,0,64QAM,MRC,25,0.00112413194444444,0.00669270833333333,0.6,1.59127433505564,35.9650988340925,15,2160000,2.25,0.5282577,2.3,15,LowMobility,0,2026-08-05 23:32:47
Pedestrian,0,EPA,0,7,0,64QAM,MRC,30,0.0037109375,0.021015625,0.2,1.52250215679638,36.3488416693486,15,4320000,4.5,0.567867,2.5,15,LowMobility,0,2026-08-05 23:32:48
Pedestrian,0,EPA,0,7,0,64QAM,LMMSE,0,0.429683159722222,0.980520833333333,1,91.8735430694791,0.736190697888891,4,0,0,0.1979283,1,15,LowMobility,0,2026-08-05 23:32:48
Pedestrian,0,EPA,0,7,0,64QAM,LMMSE,5,0.399479166666667,0.975859375,1,87.4562493836246,1.16418303168755,4,0,0,0.2101343,1,15,LowMobility,0,2026-08-05 23:32:48
Pedestrian,0,EPA,0,7,0,64QAM,LMMSE,10,0.382595486111111,0.967682291666667,1,80.6248183819036,1.87062501322987,4,0,0,0.2848766,1,15,LowMobility,0,2026-08-05 23:32:49
Pedestrian,0,EPA,0,7,0,64QAM,LMMSE,15,0.297000868055556,0.906744791666667,1,57.4712320233195,4.81098985402203,6,0,0,0.2169967,1,15,LowMobility,0,2026-08-05 23:32:49
Pedestrian,0,EPA,0,7,0,64QAM,LMMSE,20,0.213619791666667,0.744765625,1,40.3206067489091,7.88945882404802,7,0,0,0.1756297,1,15,LowMobility,0,2026-08-05 23:32:49
Pedestrian,0,EPA,0,7,0,64QAM,LMMSE,25,0.0920616319444444,0.278828125,0.8,16.4675164440126,15.6674378842323,11,1080000,1.125,0.1704156,1,15,LowMobility,0,2026-08-05 23:32:49
Pedestrian,0,EPA,0,7,0,64QAM,LMMSE,30,0.0210416666666667,0.103072916666667,0.4,5.12700608178,25.8027233477712,15,3240000,3.375,0.1881928,1,15,LowMobility,0,2026-08-05 23:32:49
Pedestrian,0,EPA,0,7,0,64QAM,MPA,0,0.416831597222222,0.977994791666667,1,89.999927998222,0.915156760099591,4,0,0,0.5527252,10,15,LowMobility,0,2026-08-05 23:32:50
Pedestrian,0,EPA,0,7,0,64QAM,MPA,5,0.391818576388889,0.975390625,1,86.5774095860547,1.25190825017826,4,0,0,0.5669597,10,15,LowMobility,0,2026-08-05 23:32:51
Pedestrian,0,EPA,0,7,0,64QAM,MPA,10,0.398337673611111,0.97625,1,87.5980622464533,1.1501100147618,4,0,0,0.5956707,10,15,LowMobility,0,2026-08-05 23:32:51
Pedestrian,0,EPA,0,7,0,64QAM,MPA,15,0.401284722222222,0.976979166666667,1,87.1952123197267,1.19014720965288,4,0,0,0.6476474,10,15,LowMobility,0,2026-08-05 23:32:52
Pedestrian,0,EPA,0,7,0,64QAM,MPA,20,0.430711805555556,0.979869791666667,1,91.798780926166,0.743261722501198,4,0,0,0.7796878,10,15,LowMobility,0,2026-08-05 23:32:53
Pedestrian,0,EPA,0,7,0,64QAM,MPA,25,0.445759548611111,0.9815625,1,93.9136985022456,0.54542111526722,4,0,0,0.7892954,10,15,LowMobility,0,2026-08-05 23:32:53
Pedestrian,0,EPA,0,7,0,64QAM,MPA,30,0.465681423611111,0.982838541666667,1,97.4085619813757,0.228057359791011,4,0,0,0.8026598,10,15,LowMobility,0,2026-08-05 23:32:54
Pedestrian,3,EPA,0,7,0.0463561305292753,QPSK,MRC,0,0.240690104166667,0.416145833333333,1,96.220083844593,0.334685379924918,4,0,0,0.5787556,2,16,LowMobility,0,2026-08-05 23:32:55
Pedestrian,3,EPA,0,7,0.0305189017521102,QPSK,MRC,5,0.0855208333333333,0.158098958333333,1,52.0603988803216,5.66985017407122,6,0,0,0.5115685,2,16,LowMobility,0,2026-08-05 23:32:55
Pedestrian,3,EPA,0,7,0.0474396225529205,QPSK,MRC,10,0.019609375,0.038125,0.8,20.9423974617752,13.5794720454842,10,360000,0.375,0.5089886,2,16,LowMobility,0,2026-08-05 23:32:56
Pedestrian,3,EPA,0,7,0.0473945336571642,QPSK,MRC,15,0.00692708333333333,0.0136458333333333,0.3,8.110138602398,21.8194344725161,14,1260000,1.3125,0.3962167,2,16,LowMobility,0,2026-08-05 23:32:56
Pedestrian,3,EPA,0,7,0.047014766780939,QPSK,MRC,20,0.0359375,0.0620833333333333,0.2,15.5894532529807,16.1433823189009,11,1440000,1.5,0.3815758,2,16,LowMobility,0,2026-08-05 23:32:57
Pedestrian,3,EPA,0,7,0.0459871586272331,QPSK,MRC,25,0,0,0,0,160,15,1800000,1.875,0.4703155,2,16,LowMobility,0,2026-08-05 23:32:57
Pedestrian,3,EPA,0,7,0.0389515628686735,QPSK,MRC,30,0,0,0,0,160,15,1800000,1.875,0.8548757,2,16,LowMobility,0,2026-08-05 23:32:58
Pedestrian,3,EPA,0,7,0.0450334732806266,QPSK,LMMSE,0,0.231041666666667,0.400494791666667,1,94.0864731654155,0.52945621411073,4,0,0,0.4741414,1,16,LowMobility,0,2026-08-05 23:32:58
Pedestrian,3,EPA,0,7,0.0473062037528485,QPSK,LMMSE,5,0.0919010416666667,0.164192708333333,1,49.0701575473344,6.1836509529441,7,0,0,0.4757813,1,16,LowMobility,0,2026-08-05 23:32:59
Pedestrian,3,EPA,0,7,0.045429118382929,QPSK,LMMSE,10,0.02,0.0390364583333333,0.9,22.1723965802431,13.0837472425162,10,180000,0.1875,0.4191826,1,16,LowMobility,0,2026-08-05 23:32:59
Pedestrian,3,EPA,0,7,0.04616866425933,QPSK,LMMSE,15,0.00123697916666667,0.00247395833333333,0.4,3.54070082563547,29.0182153550651,15,1080000,1.125,0.3669389,1,16,LowMobility,0,2026-08-05 23:33:00
Pedestrian,3,EPA,0,7,0.0412625470994926,QPSK,LMMSE,20,6.51041666666667e-05,0.000130208333333333,0.1,0.510310363079829,45.8433122436753,15,1620000,1.6875,0.4105353,1,16,LowMobility,0,2026-08-05 23:33:00
Pedestrian,3,EPA,0,7,0.047352952802631,QPSK,LMMSE,25,0,0,0,0,160,15,1800000,1.875,0.3373503,1,16,LowMobility,0,2026-08-05 23:33:00
Pedestrian,3,EPA,0,7,0.0470072368068176,QPSK,LMMSE,30,0,0,0,0,160,15,1800000,1.875,0.3553727,1,16,LowMobility,0,2026-08-05 23:33:01
Pedestrian,3,EPA,0,7,0.0460785978993727,QPSK,MPA,0,0.241875,0.421692708333333,1,97.505926940209,0.219379694399773,4,0,0,0.3487431,10,16,LowMobility,0,2026-08-05 23:33:01
Pedestrian,3,EPA,0,7,0.0472069697091478,QPSK,MPA,5,0.16171875,0.293958333333333,1,79.1228137182292,2.03396554030738,4,0,0,0.3637297,10,16,LowMobility,0,2026-08-05 23:33:01
Pedestrian,3,EPA,0,7,0.047050032227347,QPSK,MPA,10,0.154791666666667,0.275416666666667,1,75.6216968890903,2.42707163301634,5,0,0,0.3824532,10,16,LowMobility,0,2026-08-05 23:33:02
Pedestrian,3,EPA,0,7,0.0456837021187588,QPSK,MPA,15,0.1023046875,0.1934375,1,63.3344305533861,3.9672025977093,5,0,0,0.4306757,10,16,LowMobility,0,2026-08-05 23:33:02
Pedestrian,3,EPA,0,7,0.0474051270002303,QPSK,MPA,20,0.0691145833333333,0.133958333333333,1,52.2718360194401,5.63464490559897,6,0,0,0.3771395,10,16,LowMobility,0,2026-08-05 23:33:03
Pedestrian,3,EPA,0,7,0.0459179295002956,QPSK,MPA,25,0.0686588541666667,0.132291666666667,1,52.3043609303051,5.62924199741123,6,0,0,0.4791924,10,16,LowMobility,0,2026-08-05 23:33:03
Pedestrian,3,EPA,0,7,0.0466473453479607,QPSK,MPA,30,0.0602994791666667,0.117135416666667,1,49.0922105094468,6.17974824354303,7,0,0,0.4624734,10,16,LowMobility,0,2026-08-05 23:33:04
Pedestrian,3,EPA,0,7,0.0474388897091272,16QAM,MRC,0,0.321458333333333,0.772109375,1,91.6008848443724,0.762006622456918,4,0,0,0.9714608,2,16,LowMobility,0,2026-08-05 23:33:05
Pedestrian,3,EPA,0,7,0.0464774935785463,16QAM,MRC,5,0.214615885416667,0.552734375,1,68.5468579640702,3.28024895028009,5,0,0,0.5721224,2,16,LowMobility,0,2026-08-05 23:33:05
Pedestrian,3,EPA,0,7,0.0473811649445991,16QAM,MRC,10,0.0719140625,0.250911458333333,1,29.4446453088779,10.6198734567554,9,0,0,0.5323936,2,16,LowMobility,0,2026-08-05 23:33:06
Pedestrian,3,EPA,0,7,0.046418285351117,16QAM,MRC,15,0.06146484375,0.208854166666667,1,26.3570580511961,11.5820613378846,9,0,0,0.5965711,2,16,LowMobility,0,2026-08-05 23:33:06
Pedestrian,3,EPA,0,7,0.0474397873336923,16QAM,MRC,20,0.0278125,0.0884895833333333,0.5,11.1504179667849,19.0541770608076,13,1800000,1.875,0.6119097,2,16,LowMobility,0,2026-08-05 23:33:07
Pedestrian,3,EPA,0,7,0.0447736479679772,16QAM,MRC,25,0.00235026041666667,0.00908854166666667,0.1,1.91538486654559,34.3548789652568,15,3240000,3.375,0.4466934,2,16,LowMobility,0,2026-08-05 23:33:07
Pedestrian,3,EPA,0,7,0.04740503192965,16QAM,MRC,30,6.51041666666667e-06,2.60416666666667e-05,0.1,0.102695171499514,59.7689995098294,15,3240000,3.375,0.632224,2,16,LowMobility,0,2026-08-05 23:33:08
Pedestrian,3,EPA,0,7,0.0459591713646416,16QAM,LMMSE,0,0.3819921875,0.893723958333333,1,86.1230467507585,1.29761229326528,4,0,0,0.3259887,1,16,LowMobility,0,2026-08-05 23:33:08
Pedestrian,3,EPA,0,7,0.0450382622356063,16QAM,LMMSE,5,0.301373697916667,0.819192708333333,1,70.9057430863876,2.98637174493819,5,0,0,0.3507339,1,16,LowMobility,0,2026-08-05 23:33:09
Pedestrian,3,EPA,0,7,0.0474160452400225,16QAM,LMMSE,10,0.235865885416667,0.678072916666667,1,60.6748369726712,4.33982763802172,6,0,0,0.218859,1,16,LowMobility,0,2026-08-05 23:33:09
Pedestrian,3,EPA,0,7,0.0474365701352394,16QAM,LMMSE,15,0.151490885416667,0.475546875,1,45.0911986344753,6.91816439858382,7,0,0,0.2080511,1,16,LowMobility,0,2026-08-05 23:33:09
Pedestrian,3,EPA,0,7,0.0471806109735696,16QAM,LMMSE,20,0.0246419270833333,0.0827083333333333,0.6,9.68764461147641,20.2756360308792,13,1440000,1.5,0.245611,1,16,LowMobility,0,2026-08-05 23:33:09
Pedestrian,3,EPA,0,7,0.0465699502158434,16QAM,LMMSE,25,0.0121614583333333,0.0452604166666667,0.3,6.25969119410506,24.0689418214277,15,2520000,2.625,0.223897,1,16,LowMobility,0,2026-08-05 23:33:09
Pedestrian,3,EPA,0,7,0.0472963553859892,16QAM,LMMSE,30,6.51041666666667e-06,2.60416666666667e-05,0.1,0.1027385210884,59.7653338039194,15,3240000,3.375,0.2884289,1,16,LowMobility,0,2026-08-05 23:33:10
Pedestrian,3,EPA,0,7,0.0471074985259337,16QAM,MPA,0,0.375696614583333,0.891197916666667,1,84.3630187317112,1.4769577690094,4,0,0,0.3169713,10,16,LowMobility,0,2026-08-05 23:33:10
Pedestrian,3,EPA,0,7,0.046219425543229,16QAM,MPA,5,0.340364583333333,0.8740625,1,77.4378919663954,2.22092956022856,4,0,0,0.4787302,10,16,LowMobility,0,2026-08-05 23:33:11
Pedestrian,3,EPA,0,7,0.0464574433841367,16QAM,MPA,10,0.342571614583333,0.872864583333333,1,77.886015984857,2.17081021131952,4,0,0,0.4805066,10,16,LowMobility,0,2026-08-05 23:33:11
Pedestrian,3,EPA,0,7,0.0464450820828977,16QAM,MPA,15,0.344453125,0.873307291666667,1,78.3024298880292,2.12449521335233,4,0,0,0.4705368,10,16,LowMobility,0,2026-08-05 23:33:12
Pedestrian,3,EPA,0,7,0.0338174835446703,16QAM,MPA,20,0.35091796875,0.881484375,1,79.4232540240744,2.00104647141877,4,0,0,0.4796819,10,16,LowMobility,0,2026-08-05 23:33:12
Pedestrian,3,EPA,0,7,0.0461221239826914,16QAM,MPA,25,0.34859375,0.88125,1,78.888842788917,2.05968829014367,4,0,0,0.4815748,10,16,LowMobility,0,2026-08-05 23:33:13
Pedestrian,3,EPA,0,7,0.0473769763431238,16QAM,MPA,30,0.35306640625,0.884947916666667,1,79.6912598374594,1.97178614736199,4,0,0,0.4848886,10,16,LowMobility,0,2026-08-05 23:33:13
Pedestrian,3,EPA,0,7,0.0473273504167255,64QAM,MRC,0,0.394631076388889,0.940104166666667,1,103.265911840521,-0.279139684458857,3,0,0,0.6154909,2.2,16,LowMobility,0,2026-08-05 23:33:14
Pedestrian,3,EPA,0,7,0.0467470485127267,64QAM,MRC,5,0.314344618055556,0.882890625,1,68.9840954760708,3.22502051660664,5,0,0,0.7096554,2.3,16,LowMobility,0,2026-08-05 23:33:14
Pedestrian,3,EPA,0,7,0.0473094163281996,64QAM,MRC,10,0.180308159722222,0.673098958333333,1,38.887471730212,8.2038058319907,8,0,0,0.5243572,2.4,16,LowMobility,0,2026-08-05 23:33:15
Pedestrian,3,EPA,0,7,0.0473415367766454,64QAM,MRC,15,0.149496527777778,0.548880208333333,1,35.0551445377665,9.10496475770564,8,0,0,0.5116279,2.4,16,LowMobility,0,2026-08-05 23:33:15
Pedestrian,3,EPA,0,7,0.0465736155566486,64QAM,MRC,20,0.0268402777777778,0.143619791666667,1,10.6539357032062,19.4497985704475,13,0,0,0.5373234,2.3,16,LowMobility,0,2026-08-05 23:33:16
Pedestrian,3,EPA,0,7,0.0443927461995866,64QAM,MRC,25,0.00389756944444444,0.022890625,0.7,2.99552179315427,30.4705503292693,15,1620000,1.6875,0.7198859,2.2,16,LowMobility,0,2026-08-05 23:33:17
Pedestrian,3,EPA,0,7,0.0468515329431079,64QAM,MRC,30,0.000850694444444444,0.005078125,0.3,1.09491349472861,39.2124038310174,15,3780000,3.9375,0.6088275,2.3,16,LowMobility,0,2026-08-05 23:33:17
Pedestrian,3,EPA,0,7,0.0451455378492574,64QAM,LMMSE,0,0.420208333333333,0.980208333333333,1,90.3355735938643,0.882823870103105,4,0,0,0.2637075,1,16,LowMobility,0,2026-08-05 23:33:17
Pedestrian,3,EPA,0,7,0.0474381499649462,64QAM,LMMSE,5,0.397751736111111,0.975286458333333,1,87.2694776042594,1.18275247430978,4,0,0,0.2706268,1,16,LowMobility,0,2026-08-05 23:33:18
Pedestrian,3,EPA,0,7,0.0438780522866541,64QAM,LMMSE,10,0.377816840277778,0.967161458333333,1,83.9092016897162,1.52380821514447,4,0,0,0.2500088,1,16,LowMobility,0,2026-08-05 23:33:18
Pedestrian,3,EPA,0,7,0.0457009337983926,64QAM,LMMSE,15,0.345355902777778,0.951640625,1,67.5868201356239,3.40275972034991,5,0,0,0.2958056,1,16,LowMobility,0,2026-08-05 23:33:18
Pedestrian,3,EPA,0,7,0.0468160140662708,64QAM,LMMSE,20,0.232430555555556,0.79703125,1,42.8360212322846,7.36381749681791,7,0,0,0.3004159,1,16,LowMobility,0,2026-08-05 23:33:19
Pedestrian,3,EPA,0,7,0.0470090081299574,64QAM,LMMSE,25,0.145021701388889,0.499505208333333,0.8,26.09037144897,11.6703947559874,9,1080000,1.125,0.3499688,1,16,LowMobility,0,2026-08-05 23:33:19
Pedestrian,3,EPA,0,7,0.0461874433009001,64QAM,LMMSE,30,0.0224913194444444,0.11546875,0.5,6.51707559373336,23.7189448289729,15,2700000,2.8125,0.3147968,1,16,LowMobility,0,2026-08-05 23:33:19
Pedestrian,3,EPA,0,7,0.0465392627825229,64QAM,MPA,0,0.421223958333333,0.979322916666667,1,90.49018736463,0.867970251132498,4,0,0,0.6569032,10,16,LowMobility,0,2026-08-05 23:33:20
Pedestrian,3,EPA,0,7,0.0472117877831246,64QAM,MPA,5,0.399071180555556,0.9740625,1,87.8213954618961,1.12799332673551,4,0,0,0.6039994,10,16,LowMobility,0,2026-08-05 23:33:21
Pedestrian,3,EPA,0,7,0.0434348561192294,64QAM,MPA,10,0.379418402777778,0.971640625,1,84.9532239149147,1.41640270626003,4,0,0,0.603342,10,16,LowMobility,0,2026-08-05 23:33:21
Pedestrian,3,EPA,0,7,0.0473131703246307,64QAM,MPA,15,0.401002604166667,0.977552083333333,1,86.7668506513811,1.23292331419973,4,0,0,0.6402252,10,16,LowMobility,0,2026-08-05 23:33:22
Pedestrian,3,EPA,0,7,0.0463578810836278,64QAM,MPA,20,0.443736979166667,0.98109375,1,93.615526881566,0.573042281702775,4,0,0,0.8069977,10,16,LowMobility,0,2026-08-05 23:33:23
Pedestrian,3,EPA,0,7,0.0442907745265219,64QAM,MPA,25,0.458454861111111,0.981171875,1,96.336790531138,0.324156526807973,4,0,0,0.9055001,10,16,LowMobility,0,2026-08-05 23:33:24
Pedestrian,3,EPA,0,7,0.0445999364375886,64QAM,MPA,30,0.462803819444444,0.9828125,1,96.8657719309409,0.276593125142823,4,0,0,0.8809366,10,16,LowMobility,0,2026-08-05 23:33:24
Pedestrian,2,EPA,0,7,0.0263098059413189,QPSK,MRC,0,0.2217578125,0.37875,1,90.5087911097107,0.866184715340451,4,0,0,0.6151581,2,17,LowMobility,0,2026-08-05 23:33:25
Pedestrian,2,EPA,0,7,0.0302809732610101,QPSK,MRC,5,0.130221354166667,0.235208333333333,1,66.3093640062548,3.56850275043081,5,0,0,0.5273198,2,17,LowMobility,0,2026-08-05 23:33:26
Pedestrian,2,EPA,0,7,0.031483711294669,QPSK,MRC,10,0.0131770833333333,0.0256510416666667,0.9,15.6431715600151,16.1135038345065,11,180000,0.1875,0.3727229,2,17,LowMobility,0,2026-08-05 23:33:26
Pedestrian,2,EPA,0,7,0.0315692402617065,QPSK,MRC,15,0.0193359375,0.0370833333333333,0.4,15.3135013137052,16.2985099974372,11,1080000,1.125,0.4202101,2,17,LowMobility,0,2026-08-05 23:33:26
Pedestrian,2,EPA,0,7,0.0316017417038037,QPSK,MRC,20,1.30208333333333e-05,2.60416666666667e-05,0.1,0.228217732293819,52.8330122870355,15,1620000,1.6875,0.5024229,2,17,LowMobility,0,2026-08-05 23:33:27
Pedestrian,2,EPA,0,7,0.0304565669948024,QPSK,MRC,25,0,0,0,0,160,15,1800000,1.875,0.4513249,2,17,LowMobility,0,2026-08-05 23:33:27
Pedestrian,2,EPA,0,7,0.0291528928561361,QPSK,MRC,30,0,0,0,0,160,15,1800000,1.875,0.4816561,2,17,LowMobility,0,2026-08-05 23:33:28
Pedestrian,2,EPA,0,7,0.0315766632258002,QPSK,LMMSE,0,0.252903645833333,0.43515625,1,98.8668086209493,0.0989896892208212,3,0,0,0.2405986,1,17,LowMobility,0,2026-08-05 23:33:28
Pedestrian,2,EPA,0,7,0.0298736652426824,QPSK,LMMSE,5,0.114192708333333,0.204609375,1,60.8321071872897,4.31734279158252,6,0,0,0.3472778,1,17,LowMobility,0,2026-08-05 23:33:28
Pedestrian,2,EPA,0,7,0.0315624572765507,QPSK,LMMSE,10,0.0384244791666667,0.0696875,0.8,22.8683817911085,12.8152913156976,10,360000,0.375,0.2692296,1,17,LowMobility,0,2026-08-05 23:33:29
Pedestrian,2,EPA,0,7,0.0315899043499379,QPSK,LMMSE,15,0.0196614583333333,0.0355989583333333,0.3,11.0531659961032,19.130266154149,13,1260000,1.3125,0.2828495,1,17,LowMobility,0,2026-08-05 23:33:29
Pedestrian,2,EPA,0,7,0.0315674626461238,QPSK,LMMSE,20,0.00188802083333333,0.00369791666666667,0.1,2.74810540797352,31.2193322646857,15,1620000,1.6875,0.2864471,1,17,LowMobility,0,2026-08-05 23:33:29
Pedestrian,2,EPA,0,7,0.0315384137257732,QPSK,LMMSE,25,2.60416666666667e-05,5.20833333333333e-05,0.1,0.322748612183951,49.8227123303957,15,1620000,1.6875,0.2419874,1,17,LowMobility,0,2026-08-05 23:33:29
Pedestrian,2,EPA,0,7,0.0279275827418952,QPSK,LMMSE,30,0,0,0,0,160,15,1800000,1.875,0.1871793,1,17,LowMobility,0,2026-08-05 23:33:30
Pedestrian,2,EPA,0,7,0.0275557840389764,QPSK,MPA,0,0.267096354166667,0.455260416666667,1,101.738176880608,-0.149679018612419,3,0,0,0.2513692,10,17,LowMobility,0,2026-08-05 23:33:30
Pedestrian,2,EPA,0,7,0.0316267979158122,QPSK,MPA,5,0.1641015625,0.298802083333333,1,79.9976406779025,1.93845642408047,4,0,0,0.2712921,10,17,LowMobility,0,2026-08-05 23:33:30
Pedestrian,2,EPA,0,7,0.030026833759748,QPSK,MPA,10,0.152825520833333,0.278645833333333,1,76.9324455745408,2.27780923460742,4,0,0,0.3397498,10,17,LowMobility,0,2026-08-05 23:33:30
Pedestrian,2,EPA,0,7,0.0285481058196944,QPSK,MPA,15,0.100052083333333,0.185026041666667,1,60.603435076344,4.35005517594133,6,0,0,0.3129366,10,17,LowMobility,0,2026-08-05 23:33:31
Pedestrian,2,EPA,0,7,0.031248742132608,QPSK,MPA,20,0.0780729166666667,0.149583333333333,1,55.0590344059232,5.18342818571772,6,0,0,0.3404453,10,17,LowMobility,0,2026-08-05 23:33:31
Pedestrian,2,EPA,0,7,0.0316094156711934,QPSK,MPA,25,0.0663020833333333,0.128333333333333,1,51.2947665935119,5.79853884025877,6,0,0,0.3342693,10,17,LowMobility,0,2026-08-05 23:33:31
Pedestrian,2,EPA,0,7,0.0311408947891013,QPSK,MPA,30,0.0615104166666667,0.118958333333333,1,49.5324894942925,6.10219687808006,7,0,0,0.3495917,10,17,LowMobility,0,2026-08-05 23:33:32
Pedestrian,2,EPA,0,7,0.0314055239667495,16QAM,MRC,0,0.35341796875,0.787265625,1,107.066242909012,-0.593051259911096,3,0,0,0.5992285,2,17,LowMobility,0,2026-08-05 23:33:32
Pedestrian,2,EPA,0,7,0.0312680065696615,16QAM,MRC,5,0.223541666666667,0.608619791666667,1,69.1089816129114,3.20931013458726,5,0,0,0.8121233,2,17,LowMobility,0,2026-08-05 23:33:33
Pedestrian,2,EPA,0,7,0.0316164604774758,16QAM,MRC,10,0.117610677083333,0.353255208333333,1,41.6230984592355,7.61331187332796,7,0,0,0.6155447,2,17,LowMobility,0,2026-08-05 23:33:34
Pedestrian,2,EPA,0,7,0.0315955019019133,16QAM,MRC,15,0.03025390625,0.113645833333333,0.9,18.7486046548425,14.5406209728605,11,360000,0.375,0.6434895,2,17,LowMobility,0,2026-08-05 23:33:35
Pedestrian,2,EPA,0,7,0.0316126491014871,16QAM,MRC,20,0.0625716145833333,0.195520833333333,0.6,21.183923209653,13.4798721305371,10,1440000,1.5,0.4563195,2,17,LowMobility,0,2026-08-05 23:33:35
Pedestrian,2,EPA,0,7,0.0315624615455884,16QAM,MRC,25,1.953125e-05,7.8125e-05,0.1,0.177517900624182,55.0151569366481,15,3240000,3.375,0.4739841,2,17,LowMobility,0,2026-08-05 23:33:35
Pedestrian,2,EPA,0,7,0.031468664800105,16QAM,MRC,30,0.000735677083333333,0.00291666666666667,0.2,1.24770216416654,38.0777814324305,15,2880000,3,0.4410363,2,17,LowMobility,0,2026-08-05 23:33:36
Pedestrian,2,EPA,0,7,0.031203134435209,16QAM,LMMSE,0,0.36689453125,0.889375,1,82.2203710387487,1.70041135390649,4,0,0,0.2285451,1,17,LowMobility,0,2026-08-05 23:33:36
Pedestrian,2,EPA,0,7,0.030948063592599,16QAM,LMMSE,5,0.333053385416667,0.859791666666667,1,76.4526645477546,2.33214747691788,4,0,0,0.2839606,1,17,LowMobility,0,2026-08-05 23:33:36
Pedestrian,2,EPA,0,7,0.0302957357296859,16QAM,LMMSE,10,0.267604166666667,0.761328125,1,65.6866025175657,3.65046400789723,5,0,0,0.2455065,1,17,LowMobility,0,2026-08-05 23:33:37
Pedestrian,2,EPA,0,7,0.030712292170135,16QAM,LMMSE,15,0.0703450520833333,0.216927083333333,1,22.711296141755,12.8751615946463,10,0,0,0.2430656,1,17,LowMobility,0,2026-08-05 23:33:37
Pedestrian,2,EPA,0,7,0.0314656261680281,16QAM,LMMSE,20,0.09390625,0.264479166666667,0.8,26.9530835943168,11.3878308348601,9,720000,0.75,0.2889852,1,17,LowMobility,0,2026-08-05 23:33:37
Pedestrian,2,EPA,0,7,0.0315783960223922,16QAM,LMMSE,25,0,0,0,0,160,15,3600000,3.75,0.2682993,1,17,LowMobility,0,2026-08-05 23:33:37
Pedestrian,2,EPA,0,7,0.0304071386575726,16QAM,LMMSE,30,0.00435546875,0.0168229166666667,0.1,2.63572390406172,31.5820016935671,15,3240000,3.375,0.2420574,1,17,LowMobility,0,2026-08-05 23:33:38
Pedestrian,2,EPA,0,7,0.0296730576438951,16QAM,MPA,0,0.36716796875,0.887578125,1,82.8229148256931,1.63698978470508,4,0,0,0.4393819,10,17,LowMobility,0,2026-08-05 23:33:38
Pedestrian,2,EPA,0,7,0.031420324211564,16QAM,MPA,5,0.313170572916667,0.853984375,1,71.9719484865986,2.85673479117914,5,0,0,0.4546232,10,17,LowMobility,0,2026-08-05 23:33:39
Pedestrian,2,EPA,0,7,0.0314247634294433,16QAM,MPA,10,0.32724609375,0.867734375,1,74.3202949998312,2.5778515032849,5,0,0,0.4935466,10,17,LowMobility,0,2026-08-05 23:33:39
Pedestrian,2,EPA,0,7,0.0308556748182927,16QAM,MPA,15,0.338626302083333,0.874296875,1,77.0068037709601,2.26941803949946,4,0,0,0.4156312,10,17,LowMobility,0,2026-08-05 23:33:40
Pedestrian,2,EPA,0,7,0.0315954168491464,16QAM,MPA,20,0.341842447916667,0.877213541666667,1,77.3945109874073,2.22579678954947,4,0,0,0.3615621,10,17,LowMobility,0,2026-08-05 23:33:40
Pedestrian,2,EPA,0,7,0.0315876698308775,16QAM,MPA,25,0.354837239583333,0.88375,1,80.1719425405576,1.91955186917124,4,0,0,0.3822793,10,17,LowMobility,0,2026-08-05 23:33:40
Pedestrian,2,EPA,0,7,0.0285758514630679,16QAM,MPA,30,0.362265625,0.890104166666667,1,81.9585761038087,1.72811190723003,4,0,0,0.4434375,10,17,LowMobility,0,2026-08-05 23:33:41
Pedestrian,2,EPA,0,7,0.031582659135855,64QAM,MRC,0,0.369982638888889,0.921770833333333,1,90.680184187216,0.84975212834086,4,0,0,0.671467,2.6,17,LowMobility,0,2026-08-05 23:33:41
Pedestrian,2,EPA,0,7,0.0227586138137641,64QAM,MRC,5,0.266545138888889,0.834895833333333,1,54.9542165624801,5.19997958271262,6,0,0,0.4493252,2.4,17,LowMobility,0,2026-08-05 23:33:42
Pedestrian,2,EPA,0,7,0.0316175121369172,64QAM,MRC,10,0.198767361111111,0.718776041666667,1,40.3464080366743,7.88390247251358,7,0,0,0.4351499,2.5,17,LowMobility,0,2026-08-05 23:33:42
Pedestrian,2,EPA,0,7,0.0316258679333055,64QAM,MRC,15,0.0890711805555556,0.406380208333333,1,21.978360387302,13.1600941921244,10,0,0,0.4660162,2.2,17,LowMobility,0,2026-08-05 23:33:43
Pedestrian,2,EPA,0,7,0.0310073158805441,64QAM,MRC,20,0.0233810763888889,0.127786458333333,0.9,9.33574704159049,20.5970184861469,13,540000,0.5625,0.5283921,2.3,17,LowMobility,0,2026-08-05 23:33:43
Pedestrian,2,EPA,0,7,0.0292193705241053,64QAM,MRC,25,0.0193012152777778,0.0977604166666667,0.6,5.42939823648517,25.3049660493141,15,2160000,2.25,0.5687121,2.2,17,LowMobility,0,2026-08-05 23:33:44
Pedestrian,2,EPA,0,7,0.0316263402521523,64QAM,MRC,30,0.00544270833333333,0.0302864583333333,0.3,2.50640990672362,32.0189580310006,15,3780000,3.9375,0.552179,2.2,17,LowMobility,0,2026-08-05 23:33:44
Pedestrian,2,EPA,0,7,0.0296671124990402,64QAM,LMMSE,0,0.432417534722222,0.980364583333333,1,92.4943127932219,0.677699398939089,4,0,0,0.2942608,1,17,LowMobility,0,2026-08-05 23:33:45
Pedestrian,2,EPA,0,7,0.0258254827361801,64QAM,LMMSE,5,0.382955729166667,0.974088541666667,1,85.6269546065386,1.34779003491993,4,0,0,0.393971,1,17,LowMobility,0,2026-08-05 23:33:45
Pedestrian,2,EPA,0,7,0.031624077162282,64QAM,LMMSE,10,0.384700520833333,0.960729166666667,1,75.2492629376722,2.46995499206961,5,0,0,0.3443597,1,17,LowMobility,0,2026-08-05 23:33:45
Pedestrian,2,EPA,0,7,0.0313337211060329,64QAM,LMMSE,15,0.346653645833333,0.944661458333333,1,64.7380544454638,3.77680712934411,5,0,0,0.3247527,1,17,LowMobility,0,2026-08-05 23:33:46
Pedestrian,2,EPA,0,7,0.0316211263576874,64QAM,LMMSE,20,0.273194444444444,0.821901041666667,1,48.7477739425543,6.24090422968357,7,0,0,0.3241667,1,17,LowMobility,0,2026-08-05 23:33:46
Pedestrian,2,EPA,0,7,0.0306792431579515,64QAM,LMMSE,25,0.0515407986111111,0.228828125,0.8,11.734756616779,18.6105182680244,12,1080000,1.125,0.317587,1,17,LowMobility,0,2026-08-05 23:33:46
Pedestrian,2,EPA,0,7,0.0316220897319427,64QAM,LMMSE,30,0.0427994791666667,0.134713541666667,0.4,11.094216377519,19.0980673610922,13,3240000,3.375,0.325924,1,17,LowMobility,0,2026-08-05 23:33:47
Pedestrian,2,EPA,0,7,0.0308713352377575,64QAM,MPA,0,0.417573784722222,0.980026041666667,1,90.0334634509816,0.911920857663301,4,0,0,0.7193684,10,17,LowMobility,0,2026-08-05 23:33:47
Pedestrian,2,EPA,0,7,0.0315414714740332,64QAM,MPA,5,0.381935763888889,0.970364583333333,1,85.6325694231636,1.34722049371821,4,0,0,0.6781642,10,17,LowMobility,0,2026-08-05 23:33:48
Pedestrian,2,EPA,0,7,0.0310500550920072,64QAM,MPA,10,0.384878472222222,0.973307291666667,1,85.7599717422523,1.33430741500976,4,0,0,0.8574613,10,17,LowMobility,0,2026-08-05 23:33:49
Pedestrian,2,EPA,0,7,0.0311440494178121,64QAM,MPA,15,0.397630208333333,0.976875,1,86.4359164895032,1.26611517542575,4,0,0,0.8728804,10,17,LowMobility,0,2026-08-05 23:33:50
Pedestrian,2,EPA,0,7,0.0315893309865524,64QAM,MPA,20,0.427743055555556,0.980052083333333,1,91.1111771423283,0.808566846164701,4,0,0,0.9438044,10,17,LowMobility,0,2026-08-05 23:33:51
Pedestrian,2,EPA,0,7,0.0297451289417906,64QAM,MPA,25,0.433415798611111,0.980104166666667,1,92.0427241321088,0.720210725310108,4,0,0,0.8739167,10,17,LowMobility,0,2026-08-05 23:33:52
Pedestrian,2,EPA,0,7,0.0293597121807785,64QAM,MPA,30,0.465212673611111,0.982057291666667,1,97.0405649525671,0.260933675008521,4,0,0,0.8647343,10,17,LowMobility,0,2026-08-05 23:33:53
Pedestrian,3,EPA,0,7,0.0474174948547489,QPSK,MRC,0,0.240169270833333,0.412265625,1,94.6429698572758,0.478232803699279,4,0,0,0.6073706,2,18,LowMobility,0,2026-08-05 23:33:53
Pedestrian,3,EPA,0,7,0.0474395434654392,QPSK,MRC,5,0.101393229166667,0.174739583333333,1,52.0405779349924,5.67315778080073,6,0,0,0.6139185,2,18,LowMobility,0,2026-08-05 23:33:54
Pedestrian,3,EPA,0,7,0.0474303223610954,QPSK,MRC,10,0.06921875,0.11296875,0.7,30.2308185491519,10.3910018685065,9,540000,0.5625,0.5366107,2,18,LowMobility,0,2026-08-05 23:33:54
Pedestrian,3,EPA,0,7,0.0474149788405912,QPSK,MRC,15,0.0442057291666667,0.077265625,0.7,23.4120207320621,12.6112219995322,10,540000,0.5625,0.4746972,2,18,LowMobility,0,2026-08-05 23:33:55
Pedestrian,3,EPA,0,7,0.0472329353138705,QPSK,MRC,20,0.00108072916666667,0.00213541666666667,0.1,2.07916249164577,33.6422313632748,15,1620000,1.6875,0.4236779,2,18,LowMobility,0,2026-08-05 23:33:55
Pedestrian,3,EPA,0,7,0.0473264878785451,QPSK,MRC,25,0,0,0,0,160,15,1800000,1.875,0.4268915,2,18,LowMobility,0,2026-08-05 23:33:56
Pedestrian,3,EPA,0,7,0.0469287737235922,QPSK,MRC,30,0,0,0,0,160,15,1800000,1.875,0.4121197,2,18,LowMobility,0,2026-08-05 23:33:56
Pedestrian,3,EPA,0,7,0.04554399970236,QPSK,LMMSE,0,0.186705729166667,0.32640625,1,83.192935690895,1.59827100320425,4,0,0,0.1889551,1,18,LowMobility,0,2026-08-05 23:33:56
Pedestrian,3,EPA,0,7,0.04561319909795,QPSK,LMMSE,5,0.1855078125,0.327604166666667,1,79.9403506738747,1.94467901909279,4,0,0,0.1999992,1,18,LowMobility,0,2026-08-05 23:33:56
Pedestrian,3,EPA,0,7,0.0416760772335102,QPSK,LMMSE,10,0.0591145833333333,0.104036458333333,0.5,29.5525503077139,10.5881006937763,9,900000,0.9375,0.1937368,1,18,LowMobility,0,2026-08-05 23:33:57
Pedestrian,3,EPA,0,7,0.0472406584286009,QPSK,LMMSE,15,0.00484375,0.00958333333333333,0.2,5.99221828039045,24.4482474968179,15,1440000,1.5,0.2161077,1,18,LowMobility,0,2026-08-05 23:33:57
Pedestrian,3,EPA,0,7,0.0473000740944973,QPSK,LMMSE,20,0,0,0,0,160,15,1800000,1.875,0.2639832,1,18,LowMobility,0,2026-08-05 23:33:57
Pedestrian,3,EPA,0,7,0.0338109367011613,QPSK,LMMSE,25,0,0,0,0,160,15,1800000,1.875,0.2451611,1,18,LowMobility,0,2026-08-05 23:33:57
Pedestrian,3,EPA,0,7,0.0472185023380915,QPSK,LMMSE,30,0,0,0,0,160,15,1800000,1.875,0.292919,1,18,LowMobility,0,2026-08-05 23:33:58
Pedestrian,3,EPA,0,7,0.0471257645341124,QPSK,MPA,0,0.215442708333333,0.3771875,1,91.4201822438303,0.779158345814316,4,0,0,0.3427588,10,18,LowMobility,0,2026-08-05 23:33:58
Pedestrian,3,EPA,0,7,0.0469712570249756,QPSK,MPA,5,0.1955078125,0.344401041666667,1,85.674025819479,1.34301650274277,4,0,0,0.3095453,10,18,LowMobility,0,2026-08-05 23:33:58
Pedestrian,3,EPA,0,7,0.0448051930807739,QPSK,MPA,10,0.1439453125,0.262109375,1,74.0981684171811,2.60385053842757,5,0,0,0.2576559,10,18,LowMobility,0,2026-08-05 23:33:59
Pedestrian,3,EPA,0,7,0.046212469188055,QPSK,MPA,15,0.0945572916666667,0.18046875,1,60.8497353397669,4.31482612706083,6,0,0,0.3202431,10,18,LowMobility,0,2026-08-05 23:33:59
Pedestrian,3,EPA,0,7,0.046227620531539,QPSK,MPA,20,0.0643359375,0.124609375,1,50.6891262960622,5.90170388871766,7,0,0,0.2765165,10,18,LowMobility,0,2026-08-05 23:33:59
Pedestrian,3,EPA,0,7,0.0448222676122186,QPSK,MPA,25,0.0751432291666667,0.143515625,1,53.7133543760284,5.39835450545572,6,0,0,0.2435937,10,18,LowMobility,0,2026-08-05 23:33:59
Pedestrian,3,EPA,0,7,0.0454609278756991,QPSK,MPA,30,0.0609765625,0.118255208333333,1,49.3329162195809,6.13726422607524,7,0,0,0.2598427,10,18,LowMobility,0,2026-08-05 23:34:00
Pedestrian,3,EPA,0,7,0.0473855824296969,16QAM,MRC,0,0.31798828125,0.763359375,1,92.5443336771622,0.673003343316385,4,0,0,0.5514109,2,18,LowMobility,0,2026-08-05 23:34:00
Pedestrian,3,EPA,0,7,0.0451483379548073,16QAM,MRC,5,0.231888020833333,0.636458333333333,1,69.0033444735788,3.22259718490132,5,0,0,0.5161343,2,18,LowMobility,0,2026-08-05 23:34:01
Pedestrian,3,EPA,0,7,0.0451568906331117,16QAM,MRC,10,0.10896484375,0.328177083333333,1,39.5679499021853,8.05312901703639,7,0,0,0.5358185,2,18,LowMobility,0,2026-08-05 23:34:01
Pedestrian,3,EPA,0,7,0.0473913061337601,16QAM,MRC,15,0.0517708333333333,0.184635416666667,1,24.0932408434666,12.362095560209,10,0,0,0.5260251,2,18,LowMobility,0,2026-08-05 23:34:02
Pedestrian,3,EPA,0,7,0.0472327677696976,16QAM,MRC,20,0.00495442708333333,0.0190625,0.5,3.84597400234978,28.2998731158051,15,1800000,1.875,0.617353,2,18,LowMobility,0,2026-08-05 23:34:02
Pedestrian,3,EPA,0,7,0.0467310292634669,16QAM,MRC,25,0.000201822916666667,0.000807291666666667,0.2,0.692227202701867,43.1950267615954,15,2880000,3,0.5720958,2,18,LowMobility,0,2026-08-05 23:34:03
Pedestrian,3,EPA,0,7,0.0474255568231111,16QAM,MRC,30,0.00775390625,0.0284635416666667,0.1,3.51934615265289,29.0707603024341,15,3240000,3.375,0.4748668,2,18,LowMobility,0,2026-08-05 23:34:03
Pedestrian,3,EPA,0,7,0.0472211917176698,16QAM,LMMSE,0,0.340149739583333,0.877239583333333,1,77.0481921915447,2.26475093656139,4,0,0,0.2026502,1,18,LowMobility,0,2026-08-05 23:34:04
Pedestrian,3,EPA,0,7,0.0468130202005811,16QAM,LMMSE,5,0.367180989583333,0.881953125,1,82.6823359800856,1.65174523960573,4,0,0,0.2086805,1,18,LowMobility,0,2026-08-05 23:34:04
Pedestrian,3,EPA,0,7,0.0472117726064949,16QAM,LMMSE,10,0.2319921875,0.639869791666667,1,59.3371468670072,4.53346679762806,6,0,0,0.2024717,1,18,LowMobility,0,2026-08-05 23:34:04
Pedestrian,3,EPA,0,7,0.0473532929031565,16QAM,LMMSE,15,0.152623697916667,0.417161458333333,1,41.6237589952136,7.61317403406812,7,0,0,0.2119802,1,18,LowMobility,0,2026-08-05 23:34:04
Pedestrian,3,EPA,0,7,0.044741210537761,16QAM,LMMSE,20,0.01677734375,0.061875,0.6,9.28638154504159,20.6430695331427,13,1440000,1.5,0.1787147,1,18,LowMobility,0,2026-08-05 23:34:04
Pedestrian,3,EPA,0,7,0.0463146753950237,16QAM,LMMSE,25,0.00415364583333333,0.0162760416666667,0.4,3.89191477490721,28.1967335694754,15,2160000,2.25,0.2280514,1,18,LowMobility,0,2026-08-05 23:34:05
Pedestrian,3,EPA,0,7,0.0469915742821817,16QAM,LMMSE,30,0,0,0,0,160,15,3600000,3.75,0.237742,1,18,LowMobility,0,2026-08-05 23:34:05
Pedestrian,3,EPA,0,7,0.0473704570022346,16QAM,MPA,0,0.366725260416667,0.882786458333333,1,82.4799307803585,1.67303424394787,4,0,0,0.4157546,10,18,LowMobility,0,2026-08-05 23:34:05
Pedestrian,3,EPA,0,7,0.0459757950065818,16QAM,MPA,5,0.337513020833333,0.871354166666667,1,76.721973309622,2.30160471047603,4,0,0,0.4352878,10,18,LowMobility,0,2026-08-05 23:34:06
Pedestrian,3,EPA,0,7,0.046546777100727,16QAM,MPA,10,0.3233984375,0.861666666666667,1,74.0420743307032,2.61042845484978,5,0,0,0.625013,10,18,LowMobility,0,2026-08-05 23:34:06
Pedestrian,3,EPA,0,7,0.0432211243796421,16QAM,MPA,15,0.339205729166667,0.872734375,1,76.988253051993,2.27151069755951,4,0,0,0.4864242,10,18,LowMobility,0,2026-08-05 23:34:07
Pedestrian,3,EPA,0,7,0.0460698129162356,16QAM,MPA,20,0.350787760416667,0.881223958333333,1,79.3569175794588,2.00830419213562,4,0,0,0.4745932,10,18,LowMobility,0,2026-08-05 23:34:07
Pedestrian,3,EPA,0,7,0.0473856472364497,16QAM,MPA,25,0.356985677083333,0.886432291666667,1,80.3394310194188,1.90142496714838,4,0,0,0.5320822,10,18,LowMobility,0,2026-08-05 23:34:08
Pedestrian,3,EPA,0,7,0.0472378576282446,16QAM,MPA,30,0.362565104166667,0.890546875,1,81.7623264438568,1.74893519463856,4,0,0,0.4824799,10,18,LowMobility,0,2026-08-05 23:34:08
Pedestrian,3,EPA,0,7,0.046078142569628,64QAM,MRC,0,0.378259548611111,0.929140625,1,92.5186251946916,0.675416587374514,4,0,0,0.6699491,2.5,18,LowMobility,0,2026-08-05 23:34:09
Pedestrian,3,EPA,0,7,0.0458461605146114,64QAM,MRC,5,0.267443576388889,0.829375,1,57.1326499170765,4.86231264195573,6,0,0,0.5695157,2.2,18,LowMobility,0,2026-08-05 23:34:10
Pedestrian,3,EPA,0,7,0.0474307143211051,64QAM,MRC,10,0.2223828125,0.769557291666667,1,47.1360098129981,6.53294368847936,7,0,0,0.5772216,2.3,18,LowMobility,0,2026-08-05 23:34:10
Pedestrian,3,EPA,0,7,0.0469740938335196,64QAM,MRC,15,0.0880859375,0.341796875,1,22.3103800781078,13.0298606208415,10,0,0,0.4809399,2.4,18,LowMobility,0,2026-08-05 23:34:11
Pedestrian,3,EPA,0,7,0.0442465464462601,64QAM,MRC,20,0.0934331597222222,0.38078125,1,21.7582324144833,13.2475277712202,10,0,0,0.4379738,2.2,18,LowMobility,0,2026-08-05 23:34:11
Pedestrian,3,EPA,0,7,0.0471570895167459,64QAM,MRC,25,0.00421006944444444,0.0245572916666667,0.7,3.50574812602729,29.1043857888371,15,1620000,1.6875,0.4084516,2.2,18,LowMobility,0,2026-08-05 23:34:12
Pedestrian,3,EPA,0,7,0.0473815384720533,64QAM,MRC,30,0.00488715277777778,0.0282291666666667,0.3,2.48708225101593,32.0861970362847,15,3780000,3.9375,0.4581862,2.1,18,LowMobility,0,2026-08-05 23:34:12
Pedestrian,3,EPA,0,7,0.046763320267726,64QAM,LMMSE,0,0.419722222222222,0.979479166666667,1,90.2306029822305,0.892922807433379,4,0,0,0.1900262,1,18,LowMobility,0,2026-08-05 23:34:12
Pedestrian,3,EPA,0,7,0.0420375039803022,64QAM,LMMSE,5,0.390772569444444,0.974244791666667,1,86.3920734841788,1.27052204857027,4,0,0,0.2188606,1,18,LowMobility,0,2026-08-05 23:34:12
Pedestrian,3,EPA,0,7,0.0474353527383077,64QAM,LMMSE,10,0.379739583333333,0.97078125,1,82.677412550587,1.65226246783882,4,0,0,0.2033228,1,18,LowMobility,0,2026-08-05 23:34:13
Pedestrian,3,EPA,0,7,0.0472110746380517,64QAM,LMMSE,15,0.343233506944444,0.946666666666667,1,64.7283264098208,3.77811243568837,5,0,0,0.2474964,1,18,LowMobility,0,2026-08-05 23:34:13
Pedestrian,3,EPA,0,7,0.0453528826415754,64QAM,LMMSE,20,0.203932291666667,0.708802083333333,1,35.533648556317,8.98720394673875,8,0,0,0.2842053,1,18,LowMobility,0,2026-08-05 23:34:13
Pedestrian,3,EPA,0,7,0.0472258032982715,64QAM,LMMSE,25,0.151154513888889,0.552526041666667,0.8,27.0739045773418,11.3489821220417,9,1080000,1.125,0.291827,1,18,LowMobility,0,2026-08-05 23:34:13
Pedestrian,3,EPA,0,7,0.0464615725159421,64QAM,LMMSE,30,0.0260069444444444,0.126640625,0.5,6.30227239394615,24.0100565975624,15,2700000,2.8125,0.28162,1,18,LowMobility,0,2026-08-05 23:34:14
Pedestrian,3,EPA,0,7,0.0461299365807387,64QAM,MPA,0,0.409010416666667,0.976536458333333,1,88.7430073653179,1.03731715583489,4,0,0,0.7788713,10,18,LowMobility,0,2026-08-05 23:34:15
Pedestrian,3,EPA,0,7,0.047358066561139,64QAM,MPA,5,0.378519965277778,0.972994791666667,1,84.8561600110582,1.4263325043556,4,0,0,0.8748846,10,18,LowMobility,0,2026-08-05 23:34:15
Pedestrian,3,EPA,0,7,0.0459681015203796,64QAM,MPA,10,0.385729166666667,0.973411458333333,1,85.9878244421193,1.31126077790746,4,0,0,0.8659004,10,18,LowMobility,0,2026-08-05 23:34:16
Pedestrian,3,EPA,0,7,0.0472465701658402,64QAM,MPA,15,0.412899305555556,0.978541666666667,1,88.7259578630778,1.03898606842596,4,0,0,0.8569729,10,18,LowMobility,0,2026-08-05 23:34:17
Pedestrian,3,EPA,0,7,0.0399709491881219,64QAM,MPA,20,0.442473958333333,0.982057291666667,1,93.2317724911719,0.608721180794388,4,0,0,0.9056745,10,18,LowMobility,0,2026-08-05 23:34:18
Pedestrian,3,EPA,0,7,0.0443658170358723,64QAM,MPA,25,0.448671875,0.982708333333333,1,94.2192183692043,0.517210058705757,4,0,0,0.9108572,10,18,LowMobility,0,2026-08-05 23:34:19
Pedestrian,3,EPA,0,7,0.0424702404305112,64QAM,MPA,30,0.461310763888889,0.982083333333333,1,96.4404674735485,0.3148138628866,4,0,0,1.0294955,10,18,LowMobility,0,2026-08-05 23:34:20
Pedestrian,1,EPA,0,7,0.0156521636145369,QPSK,MRC,0,0.2362109375,0.405859375,1,94.8225619672213,0.461766297110736,4,0,0,0.61493,2,19,LowMobility,0,2026-08-05 23:34:21
Pedestrian,1,EPA,0,7,0.0156094398020184,QPSK,MRC,5,0.0930078125,0.169609375,1,54.4414018550023,5.28141400660647,6,0,0,0.5154465,2,19,LowMobility,0,2026-08-05 23:34:21
Pedestrian,1,EPA,0,7,0.0157655075739071,QPSK,MRC,10,0.0294401041666667,0.0558854166666667,0.9,24.4859580723185,12.221657969831,10,180000,0.1875,0.5612857,2,19,LowMobility,0,2026-08-05 23:34:22
Pedestrian,1,EPA,0,7,0.0157594735797216,QPSK,MRC,15,0.0157291666666667,0.0300260416666667,0.5,12.9001812835085,17.7880837321945,12,900000,0.9375,0.6708977,2,19,LowMobility,0,2026-08-05 23:34:22
Pedestrian,1,EPA,0,7,0.0158060662677613,QPSK,MRC,20,0.00484375,0.009375,0.1,4.40170421541475,27.1275828882165,15,1620000,1.6875,0.5227529,2,19,LowMobility,0,2026-08-05 23:34:23
Pedestrian,1,EPA,0,7,0.0150914319103656,QPSK,MRC,25,1.30208333333333e-05,2.60416666666667e-05,0.1,0.228217732293819,52.8330122870355,15,1620000,1.6875,0.55695,2,19,LowMobility,0,2026-08-05 23:34:23
Pedestrian,1,EPA,0,7,0.0148402354848206,QPSK,MRC,30,0.000559895833333333,0.00111979166666667,0.1,1.49652374967233,36.4983277312396,15,1620000,1.6875,0.581595,2,19,LowMobility,0,2026-08-05 23:34:24
Pedestrian,1,EPA,0,7,0.0157972780249632,QPSK,LMMSE,0,0.203190104166667,0.362447916666667,1,89.1184748664497,1.00064508854891,4,0,0,0.232239,1,19,LowMobility,0,2026-08-05 23:34:24
Pedestrian,1,EPA,0,7,0.0157976312922171,QPSK,LMMSE,5,0.0943359375,0.16921875,1,49.6325595872977,6.08466654683916,7,0,0,0.2358956,1,19,LowMobility,0,2026-08-05 23:34:24
Pedestrian,1,EPA,0,7,0.0152467593310717,QPSK,LMMSE,10,0.0241536458333333,0.0459635416666667,0.7,20.5988593750008,13.7231365449061,10,540000,0.5625,0.2174167,1,19,LowMobility,0,2026-08-05 23:34:25
Pedestrian,1,EPA,0,7,0.0157771102053167,QPSK,LMMSE,15,0.0260286458333333,0.04890625,0.5,17.7199194152824,15.0307651496315,11,900000,0.9375,0.2776218,1,19,LowMobility,0,2026-08-05 23:34:25
Pedestrian,1,EPA,0,7,0.0156730334748885,QPSK,LMMSE,20,0.000247395833333333,0.000494791666666667,0.1,0.994778032192777,40.0454762775072,15,1620000,1.6875,0.3084431,1,19,LowMobility,0,2026-08-05 23:34:25
Pedestrian,1,EPA,0,7,0.0151450880552075,QPSK,LMMSE,25,0,0,0,0,160,15,1800000,1.875,0.3735002,1,19,LowMobility,0,2026-08-05 23:34:26
Pedestrian,1,EPA,0,7,0.010240192179424,QPSK,LMMSE,30,0.0009375,0.00182291666666667,0.1,1.93649167310371,34.2596873227228,15,1620000,1.6875,0.3640195,1,19,LowMobility,0,2026-08-05 23:34:26
Pedestrian,1,EPA,0,7,0.0150960534619657,QPSK,MPA,0,0.263359375,0.453229166666667,1,101.925232004861,-0.165634173554036,3,0,0,0.4326483,10,19,LowMobility,0,2026-08-05 23:34:26
Pedestrian,1,EPA,0,7,0.0156791634616228,QPSK,MPA,5,0.187721354166667,0.335703125,1,85.5963362111708,1.3508964815327,4,0,0,0.4356745,10,19,LowMobility,0,2026-08-05 23:34:27
Pedestrian,1,EPA,0,7,0.0157964026690483,QPSK,MPA,10,0.101510416666667,0.191770833333333,1,62.8745037818627,4.03050858922506,5,0,0,0.4319265,10,19,LowMobility,0,2026-08-05 23:34:27
Pedestrian,1,EPA,0,7,0.0157511858893055,QPSK,MPA,15,0.100013020833333,0.187604166666667,1,61.6686809473465,4.19870681497163,5,0,0,0.430403,10,19,LowMobility,0,2026-08-05 23:34:28
Pedestrian,1,EPA,0,7,0.0157878278232,QPSK,MPA,20,0.0693489583333333,0.133541666666667,1,52.5873501839379,5.5823742446881,6,0,0,0.4950889,10,19,LowMobility,0,2026-08-05 23:34:28
Pedestrian,1,EPA,0,7,0.0154720372456332,QPSK,MPA,25,0.069921875,0.135208333333333,1,52.2632623141645,5.63606969515131,6,0,0,0.6459751,10,19,LowMobility,0,2026-08-05 23:34:29
Pedestrian,1,EPA,0,7,0.0157130127271326,QPSK,MPA,30,0.0598046875,0.116223958333333,1,48.8466600599196,6.22330252514202,7,0,0,0.4036827,10,19,LowMobility,0,2026-08-05 23:34:29
Pedestrian,1,EPA,0,7,0.0158094974894907,16QAM,MRC,0,0.374166666666667,0.82734375,1,109.498297899484,-0.788147366425567,3,0,0,0.6737752,2,19,LowMobility,0,2026-08-05 23:34:30
Pedestrian,1,EPA,0,7,0.0158083513534277,16QAM,MRC,5,0.201510416666667,0.531875,1,64.6108326585187,3.7938932408992,5,0,0,0.5848951,2,19,LowMobility,0,2026-08-05 23:34:31
Pedestrian,1,EPA,0,7,0.0157909011333297,16QAM,MRC,10,0.117786458333333,0.337838541666667,1,44.8360355856042,6.96745589630108,7,0,0,0.9412285,2,19,LowMobility,0,2026-08-05 23:34:32
Pedestrian,1,EPA,0,7,0.0157767091706478,16QAM,MRC,15,0.0341731770833333,0.1146875,1,17.8546812316597,14.9649579814677,11,0,0,0.9103717,2,19,LowMobility,0,2026-08-05 23:34:32
Pedestrian,1,EPA,0,7,0.0143343854342108,16QAM,MRC,20,0.0444921875,0.100390625,0.4,15.860280234169,15.9937828686431,11,2160000,2.25,1.0067766,2,19,LowMobility,0,2026-08-05 23:34:33
Pedestrian,1,EPA,0,7,0.0157190092789138,16QAM,MRC,25,0.00013671875,0.000546875,0.1,0.466735817836442,46.6185773916891,15,3240000,3.375,0.8395945,2,19,LowMobility,0,2026-08-05 23:34:34
Pedestrian,1,EPA,0,7,0.0150645771378735,16QAM,MRC,30,0,0,0,0,160,15,3600000,3.75,0.7222128,2,19,LowMobility,0,2026-08-05 23:34:35
Pedestrian,1,EPA,0,7,0.0157033744331251,16QAM,LMMSE,0,0.376158854166667,0.892838541666667,1,84.7890188193567,1.43320780745301,4,0,0,0.2362712,1,19,LowMobility,0,2026-08-05 23:34:35
Pedestrian,1,EPA,0,7,0.0157237762473231,16QAM,LMMSE,5,0.29748046875,0.796848958333333,1,70.2400495314556,3.06830381697351,5,0,0,0.249552,1,19,LowMobility,0,2026-08-05 23:34:35
Pedestrian,1,EPA,0,7,0.0158122548110933,16QAM,LMMSE,10,0.249309895833333,0.708385416666667,1,62.4131951539677,4.09447167534362,5,0,0,0.2827568,1,19,LowMobility,0,2026-08-05 23:34:36
Pedestrian,1,EPA,0,7,0.0158018438857119,16QAM,LMMSE,15,0.16115234375,0.476901041666667,0.8,42.8631158019144,7.35832524899418,7,720000,0.75,0.2540737,1,19,LowMobility,0,2026-08-05 23:34:36
Pedestrian,1,EPA,0,7,0.0157040737937263,16QAM,LMMSE,20,0.00874348958333333,0.032265625,0.4,5.02069448264363,25.9847241068247,15,2160000,2.25,0.3051168,1,19,LowMobility,0,2026-08-05 23:34:36
Pedestrian,1,EPA,0,7,0.0154867207438759,16QAM,LMMSE,25,0.0345768229166667,0.0997916666666667,0.2,9.63914359285862,20.3192310012334,13,2880000,3,0.3345507,1,19,LowMobility,0,2026-08-05 23:34:37
Pedestrian,1,EPA,0,7,0.0156446070497625,16QAM,LMMSE,30,0.0261783854166667,0.0809895833333333,0.3,8.01140470901529,21.9258265724786,14,2520000,2.625,0.3154751,1,19,LowMobility,0,2026-08-05 23:34:37
Pedestrian,1,EPA,0,7,0.0155485873850192,16QAM,MPA,0,0.365299479166667,0.884895833333333,1,82.5113858456824,1.66972236990675,4,0,0,0.4817747,10,19,LowMobility,0,2026-08-05 23:34:37
Pedestrian,1,EPA,0,7,0.0158091541306292,16QAM,MPA,5,0.332884114583333,0.870182291666667,1,75.7839953163854,2.40845005086405,5,0,0,0.5013006,10,19,LowMobility,0,2026-08-05 23:34:38
Pedestrian,1,EPA,0,7,0.0152346920017291,16QAM,MPA,10,0.329934895833333,0.867552083333333,1,74.8925823360575,2.51122388901369,5,0,0,0.47823,10,19,LowMobility,0,2026-08-05 23:34:38
Pedestrian,1,EPA,0,7,0.0156070022446436,16QAM,MPA,15,0.340162760416667,0.876666666666667,1,76.9446796875798,2.27642807862704,4,0,0,0.5122765,10,19,LowMobility,0,2026-08-05 23:34:39
Pedestrian,1,EPA,0,7,0.0151662800529489,16QAM,MPA,20,0.356809895833333,0.885989583333333,1,80.4633103520539,1.88804208057078,4,0,0,0.3328944,10,19,LowMobility,0,2026-08-05 23:34:39
Pedestrian,1,EPA,0,7,0.0146163027905298,16QAM,MPA,25,0.354791666666667,0.886692708333333,1,80.0069513588743,1.9374455587492,4,0,0,0.3343628,10,19,LowMobility,0,2026-08-05 23:34:40
Pedestrian,1,EPA,0,7,0.0153151574627673,16QAM,MPA,30,0.359850260416667,0.888854166666667,1,81.383746944121,1.78924637820348,4,0,0,0.4662172,10,19,LowMobility,0,2026-08-05 23:34:40
Pedestrian,1,EPA,0,7,0.0158131316116738,64QAM,MRC,0,0.333532986111111,0.894296875,1,78.6916103152227,2.08143134723477,4,0,0,0.9333829,2.2,19,LowMobility,0,2026-08-05 23:34:41
Pedestrian,1,EPA,0,7,0.0157885730780151,64QAM,MRC,5,0.348637152777778,0.909609375,1,83.260445657748,1.59122537698801,4,0,0,0.5211463,2.3,19,LowMobility,0,2026-08-05 23:34:42
Pedestrian,1,EPA,0,7,0.0152234091798854,64QAM,MRC,10,0.170625,0.654661458333333,1,36.1792538741354,8.83080787704599,8,0,0,0.5294284,2.2,19,LowMobility,0,2026-08-05 23:34:42
Pedestrian,1,EPA,0,7,0.0153565096463333,64QAM,MRC,15,0.115659722222222,0.519453125,1,26.037083543994,11.688153268194,9,0,0,0.4159891,2.3,19,LowMobility,0,2026-08-05 23:34:43
Pedestrian,1,EPA,0,7,0.0129011365823995,64QAM,MRC,20,0.0709592013888889,0.325364583333333,1,18.4111888099223,14.6983633641724,11,0,0,0.5294659,2.4,19,LowMobility,0,2026-08-05 23:34:43
Pedestrian,1,EPA,0,7,0.0158130551759831,64QAM,MRC,25,0.00704861111111111,0.0405729166666667,0.6,3.84787163881224,28.2955884805294,15,2160000,2.25,0.5534427,2.4,19,LowMobility,0,2026-08-05 23:34:44
Pedestrian,1,EPA,0,7,0.0155099580497104,64QAM,MRC,30,0.0101649305555556,0.0523697916666667,0.1,2.43977463109323,32.2530057764469,15,4860000,5.0625,0.4860075,2.6,19,LowMobility,0,2026-08-05 23:34:44
Pedestrian,1,EPA,0,7,0.0152989362458502,64QAM,LMMSE,0,0.444322916666667,0.980729166666667,1,93.9567984015659,0.541435806433262,4,0,0,0.2251552,1,19,LowMobility,0,2026-08-05 23:34:44
Pedestrian,1,EPA,0,7,0.0146765369682998,64QAM,LMMSE,5,0.3887890625,0.975026041666667,1,86.2240124665801,1.28743541912352,4,0,0,0.2389491,1,19,LowMobility,0,2026-08-05 23:34:45
Pedestrian,1,EPA,0,7,0.0157679964080999,64QAM,LMMSE,10,0.370629340277778,0.96375,1,77.1474950563672,2.25356341427422,4,0,0,0.2935101,1,19,LowMobility,0,2026-08-05 23:34:45
Pedestrian,1,EPA,0,7,0.0158133880047676,64QAM,LMMSE,15,0.337860243055556,0.935963541666667,1,63.9435858068675,3.88406026323528,5,0,0,0.2640433,1,19,LowMobility,0,2026-08-05 23:34:45
Pedestrian,1,EPA,0,7,0.0158128052103144,64QAM,LMMSE,20,0.271953125,0.896380208333333,1,44.8796263331498,6.95901535327618,7,0,0,0.2617644,1,19,LowMobility,0,2026-08-05 23:34:45
Pedestrian,1,EPA,0,7,0.0157033245411747,64QAM,LMMSE,25,0.0758420138888889,0.339270833333333,0.9,15.8614906006712,15.9931200361727,11,540000,0.5625,0.2406708,1,19,LowMobility,0,2026-08-05 23:34:46
Pedestrian,1,EPA,0,7,0.015353967455902,64QAM,LMMSE,30,0.0501302083333333,0.21125,0.8,10.862395285459,19.2814879432781,13,1080000,1.125,0.2669677,1,19,LowMobility,0,2026-08-05 23:34:46
Pedestrian,1,EPA,0,7,0.0157561347896138,64QAM,MPA,0,0.443055555555556,0.98078125,1,93.8117086882062,0.554859074351937,4,0,0,0.7150789,10,19,LowMobility,0,2026-08-05 23:34:47
Pedestrian,1,EPA,0,7,0.0157658341023343,64QAM,MPA,5,0.387717013888889,0.973359375,1,86.3605528249494,1.2736917250756,4,0,0,0.8636995,10,19,LowMobility,0,2026-08-05 23:34:47
Pedestrian,1,EPA,0,7,0.0155082376974256,64QAM,MPA,10,0.370755208333333,0.973515625,1,83.65581177264,1.55007764319834,4,0,0,0.9596076,10,19,LowMobility,0,2026-08-05 23:34:48
Pedestrian,1,EPA,0,7,0.0157644915417426,64QAM,MPA,15,0.405451388888889,0.978020833333333,1,87.520103488181,1.15784354957318,4,0,0,0.8548337,10,19,LowMobility,0,2026-08-05 23:34:49
Pedestrian,1,EPA,0,7,0.0152664940107962,64QAM,MPA,20,0.430021701388889,0.978802083333333,1,91.4493869051855,0.776384035481709,4,0,0,0.8907336,10,19,LowMobility,0,2026-08-05 23:34:50
Pedestrian,1,EPA,0,7,0.0158084182230224,64QAM,MPA,25,0.460842013888889,0.984296875,1,96.4915084234863,0.310218086925015,4,0,0,0.8489136,10,19,LowMobility,0,2026-08-05 23:34:51
Pedestrian,1,EPA,0,7,0.0155496482601744,64QAM,MPA,30,0.459301215277778,0.982135416666667,1,96.2438739909949,0.332538083470078,4,0,0,0.8294064,10,19,LowMobility,0,2026-08-05 23:34:52
Pedestrian,1,EPA,0,7,0.015739726636927,QPSK,MRC,0,0.2123046875,0.36609375,1,87.0548167382809,1.20414388783519,4,0,0,0.5749202,2,20,LowMobility,0,2026-08-05 23:34:52
Pedestrian,1,EPA,0,7,0.0152397665726876,QPSK,MRC,5,0.0864453125,0.152109375,1,47.6499513481752,6.43875076902508,7,0,0,0.4909034,2,20,LowMobility,0,2026-08-05 23:34:53
Pedestrian,1,EPA,0,7,0.0154339642446994,QPSK,MRC,10,0.0390755208333333,0.071640625,0.8,26.5603823104236,11.5153135603934,9,360000,0.375,0.4803694,2,20,LowMobility,0,2026-08-05 23:34:53
Pedestrian,1,EPA,0,7,0.0153348047961505,QPSK,MRC,15,0.00514322916666667,0.0101041666666667,0.6,8.40100226858475,21.5133779603111,14,720000,0.75,0.7531595,2,20,LowMobility,0,2026-08-05 23:34:54
Pedestrian,1,EPA,0,7,0.0157866420720495,QPSK,MRC,20,0.0045703125,0.00901041666666667,0.3,4.96312852868834,26.0848895571966,15,1260000,1.3125,0.4881189,2,20,LowMobility,0,2026-08-05 23:34:55
Pedestrian,1,EPA,0,7,0.0157975322667356,QPSK,MRC,25,2.60416666666667e-05,5.20833333333333e-05,0.1,0.322748612183951,49.8227123303957,15,1620000,1.6875,0.6091117,2,20,LowMobility,0,2026-08-05 23:34:55
Pedestrian,1,EPA,0,7,0.0158036240257696,QPSK,MRC,30,0,0,0,0,160,15,1800000,1.875,0.7416534,2,20,LowMobility,0,2026-08-05 23:34:56
Pedestrian,1,EPA,0,7,0.015810938885631,QPSK,LMMSE,0,0.2619140625,0.439583333333333,1,98.9847004055666,0.088638540961725,3,0,0,0.2799764,1,20,LowMobility,0,2026-08-05 23:34:56
Pedestrian,1,EPA,0,7,0.0155358209370772,QPSK,LMMSE,5,0.110807291666667,0.196380208333333,1,56.0899769262399,5.02229477292742,6,0,0,0.2678148,1,20,LowMobility,0,2026-08-05 23:34:57
Pedestrian,1,EPA,0,7,0.0158125198492713,QPSK,LMMSE,10,0.0366276041666667,0.0684375,0.7,23.9376199014667,12.4183806667675,10,540000,0.5625,0.2619334,1,20,LowMobility,0,2026-08-05 23:34:57
Pedestrian,1,EPA,0,7,0.0143512676290939,QPSK,LMMSE,15,0.00256510416666667,0.005078125,0.4,4.58244267050929,26.7780591930529,15,1080000,1.125,0.2509651,1,20,LowMobility,0,2026-08-05 23:34:57
Pedestrian,1,EPA,0,7,0.0157632348056849,QPSK,LMMSE,20,1.30208333333333e-05,2.60416666666667e-05,0.1,0.228217732293819,52.8330122870355,15,1620000,1.6875,0.2497753,1,20,LowMobility,0,2026-08-05 23:34:57
Pedestrian,1,EPA,0,7,0.0156196488120714,QPSK,LMMSE,25,0,0,0,0,160,15,1800000,1.875,0.2847557,1,20,LowMobility,0,2026-08-05 23:34:58
Pedestrian,1,EPA,0,7,0.0148107095415431,QPSK,LMMSE,30,1.30208333333333e-05,2.60416666666667e-05,0.1,0.228217732293819,52.8330122870355,15,1620000,1.6875,0.2192946,1,20,LowMobility,0,2026-08-05 23:34:58
Pedestrian,1,EPA,0,7,0.0157031477491793,QPSK,MPA,0,0.2666796875,0.455130208333333,1,101.622794059863,-0.139822628273395,3,0,0,0.2655272,10,20,LowMobility,0,2026-08-05 23:34:58
Pedestrian,1,EPA,0,7,0.0156762945350496,QPSK,MPA,5,0.130638020833333,0.243333333333333,1,71.9454630352306,2.85993175960375,5,0,0,0.234188,10,20,LowMobility,0,2026-08-05 23:34:58
Pedestrian,1,EPA,0,7,0.0158081754708999,QPSK,MPA,10,0.155221354166667,0.279661458333333,1,76.4076079344659,2.33726792810471,4,0,0,0.2432089,10,20,LowMobility,0,2026-08-05 23:34:59
Pedestrian,1,EPA,0,7,0.0156762129916386,QPSK,MPA,15,0.1233203125,0.226536458333333,1,67.7616226652226,3.38032405292293,5,0,0,0.251289,10,20,LowMobility,0,2026-08-05 23:34:59
Pedestrian,1,EPA,0,7,0.0152028455426835,QPSK,MPA,20,0.0669140625,0.129479166666667,1,51.5550788226775,5.75457089625526,6,0,0,0.2651334,10,20,LowMobility,0,2026-08-05 23:34:59
Pedestrian,1,EPA,0,7,0.0157773573938923,QPSK,MPA,25,0.0750130208333333,0.143229166666667,1,53.5118335942734,5.43100335157385,6,0,0,0.280834,10,20,LowMobility,0,2026-08-05 23:34:59
Pedestrian,1,EPA,0,7,0.015796729382179,QPSK,MPA,30,0.0621614583333333,0.120364583333333,1,49.5346919837583,6.101810663793,7,0,0,0.3387841,10,20,LowMobility,0,2026-08-05 23:35:00
Pedestrian,1,EPA,0,7,0.0140573449023559,16QAM,MRC,0,0.358294270833333,0.806510416666667,1,104.494740178876,-0.381888609174891,3,0,0,0.9163542,2,20,LowMobility,0,2026-08-05 23:35:01
Pedestrian,1,EPA,0,7,0.0149203459542154,16QAM,MRC,5,0.28287109375,0.669583333333333,1,86.7571937459544,1.23389008298569,4,0,0,0.7765354,2,20,LowMobility,0,2026-08-05 23:35:01
Pedestrian,1,EPA,0,7,0.0157574165139696,16QAM,MRC,10,0.158776041666667,0.449114583333333,1,52.3515568455743,5.62140797239102,6,0,0,0.6884911,2,20,LowMobility,0,2026-08-05 23:35:02
Pedestrian,1,EPA,0,7,0.0139545853898381,16QAM,MRC,15,0.0656966145833333,0.215026041666667,0.7,24.5274242157579,12.2069611497077,10,1080000,1.125,0.5568914,2,20,LowMobility,0,2026-08-05 23:35:03
Pedestrian,1,EPA,0,7,0.0154644816076443,16QAM,MRC,20,0.01357421875,0.0507552083333333,0.6,8.31003208796683,21.6079459849675,14,1440000,1.5,0.5631407,2,20,LowMobility,0,2026-08-05 23:35:03
Pedestrian,1,EPA,0,7,0.0126678615946657,16QAM,MRC,25,0.00610026041666667,0.0236197916666667,0.2,4.37563309095441,27.1791820390433,15,2880000,3,0.6650642,2,20,LowMobility,0,2026-08-05 23:35:04
Pedestrian,1,EPA,0,7,0.0156169543867945,16QAM,MRC,30,0.000319010416666667,0.00125,0.1,0.714211352126928,42.9234650227443,15,3240000,3.375,0.6529575,2,20,LowMobility,0,2026-08-05 23:35:05
Pedestrian,1,EPA,0,7,0.0146680811096513,16QAM,LMMSE,0,0.381940104166667,0.89640625,1,85.9855250461297,1.31149304994101,4,0,0,0.2193241,1,20,LowMobility,0,2026-08-05 23:35:05
Pedestrian,1,EPA,0,7,0.0156332368359888,16QAM,LMMSE,5,0.318033854166667,0.844010416666667,1,74.159356805923,2.5966809108337,5,0,0,0.2303868,1,20,LowMobility,0,2026-08-05 23:35:05
Pedestrian,1,EPA,0,7,0.0149474326438808,16QAM,LMMSE,10,0.2280859375,0.660442708333333,1,58.3881214466698,4.67350994641095,6,0,0,0.1904511,1,20,LowMobility,0,2026-08-05 23:35:05
Pedestrian,1,EPA,0,7,0.0154708728244734,16QAM,LMMSE,15,0.13595703125,0.383489583333333,0.9,39.1311743355111,8.14954237253606,8,360000,0.375,0.2252624,1,20,LowMobility,0,2026-08-05 23:35:05
Pedestrian,1,EPA,0,7,0.0157075869512118,16QAM,LMMSE,20,0.0946419270833333,0.261197916666667,0.7,25.3379011762491,11.9245872407675,10,1080000,1.125,0.2621112,1,20,LowMobility,0,2026-08-05 23:35:06
Pedestrian,1,EPA,0,7,0.0152960155695744,16QAM,LMMSE,25,0.0211588541666667,0.0677864583333333,0.3,6.98514738978984,23.1164885128368,15,2520000,2.625,0.2454763,1,20,LowMobility,0,2026-08-05 23:35:06
Pedestrian,1,EPA,0,7,0.0144544625387734,16QAM,LMMSE,30,0.0297786458333333,0.0836458333333333,0.1,6.95866686767468,23.1494790798242,15,3240000,3.375,0.2725006,1,20,LowMobility,0,2026-08-05 23:35:06
Pedestrian,1,EPA,0,7,0.0156689663429475,16QAM,MPA,0,0.39306640625,0.901875,1,88.0091375433205,1.10944469821789,4,0,0,0.4369433,10,20,LowMobility,0,2026-08-05 23:35:07
Pedestrian,1,EPA,0,7,0.0158116667554619,16QAM,MPA,5,0.3499609375,0.879010416666667,1,78.830906087741,2.06606963196837,4,0,0,0.4077184,10,20,LowMobility,0,2026-08-05 23:35:07
Pedestrian,1,EPA,0,7,0.0157551727489907,16QAM,MPA,10,0.33197265625,0.871848958333333,1,75.3316131073885,2.46045465476347,5,0,0,0.3528275,10,20,LowMobility,0,2026-08-05 23:35:07
Pedestrian,1,EPA,0,7,0.0158133180113318,16QAM,MPA,15,0.33837890625,0.874609375,1,76.5534727070891,2.32070207101455,4,0,0,0.4549146,10,20,LowMobility,0,2026-08-05 23:35:08
Pedestrian,1,EPA,0,7,0.0135248155120835,16QAM,MPA,20,0.344134114583333,0.878072916666667,1,77.6189822820433,2.20064111808094,4,0,0,0.4966595,10,20,LowMobility,0,2026-08-05 23:35:08
Pedestrian,1,EPA,0,7,0.015759307196683,16QAM,MPA,25,0.353639322916667,0.885052083333333,1,80.2188128355878,1.91447538928848,4,0,0,0.4541255,10,20,LowMobility,0,2026-08-05 23:35:09
Pedestrian,1,EPA,0,7,0.0156711394513163,16QAM,MPA,30,0.357864583333333,0.888385416666667,1,80.6845572423427,1.86419159706182,4,0,0,0.4598844,10,20,LowMobility,0,2026-08-05 23:35:09
Pedestrian,1,EPA,0,7,0.0151351903444622,64QAM,MRC,0,0.383059895833333,0.930755208333333,1,99.9094269390701,0.0078706409927147,3,0,0,0.6671016,2.4,20,LowMobility,0,2026-08-05 23:35:10
Pedestrian,1,EPA,0,7,0.0156834485529368,64QAM,MRC,5,0.273511284722222,0.827552083333333,1,59.0070704509369,4.58191892856383,6,0,0,0.4830456,2.3,20,LowMobility,0,2026-08-05 23:35:10
Pedestrian,1,EPA,0,7,0.0157530281268411,64QAM,MRC,10,0.119244791666667,0.55234375,1,26.6448631600478,11.4877301164469,9,0,0,0.5684324,2.4,20,LowMobility,0,2026-08-05 23:35:11
Pedestrian,1,EPA,0,7,0.0157870293850445,64QAM,MRC,15,0.101944444444444,0.445963541666667,1,23.496610252345,12.5798957374475,10,0,0,0.6184988,2.2,20,LowMobility,0,2026-08-05 23:35:12
Pedestrian,1,EPA,0,7,0.0158128040620105,64QAM,MRC,20,0.0954340277777778,0.343255208333333,0.9,22.695927570086,12.8810412636327,10,540000,0.5625,0.5715279,2.4,20,LowMobility,0,2026-08-05 23:35:12
Pedestrian,1,EPA,0,7,0.0147228532572942,64QAM,MRC,25,0.00686197916666667,0.03703125,0.4,2.73127730771896,31.2726840704524,15,3240000,3.375,0.5319106,2.9,20,LowMobility,0,2026-08-05 23:35:13
Pedestrian,1,EPA,0,7,0.0157082992620193,64QAM,MRC,30,0.000355902777777778,0.00213541666666667,0.1,0.45126005939362,46.9114620755563,15,4860000,5.0625,0.4113826,2.4,20,LowMobility,0,2026-08-05 23:35:13
Pedestrian,1,EPA,0,7,0.0156819186162645,64QAM,LMMSE,0,0.410737847222222,0.979401041666667,1,89.1110518733892,1.00136859715855,4,0,0,0.18176,1,20,LowMobility,0,2026-08-05 23:35:13
Pedestrian,1,EPA,0,7,0.0158115134088767,64QAM,LMMSE,5,0.387955729166667,0.974244791666667,1,85.9529258128708,1.31478670932145,4,0,0,0.2150514,1,20,LowMobility,0,2026-08-05 23:35:14
Pedestrian,1,EPA,0,7,0.0157606753673969,64QAM,LMMSE,10,0.396497395833333,0.974973958333333,1,85.6468130607797,1.34577585207053,4,0,0,0.2222494,1,20,LowMobility,0,2026-08-05 23:35:14
Pedestrian,1,EPA,0,7,0.0112361735252829,64QAM,LMMSE,15,0.369075520833333,0.955494791666667,1,70.3540396306149,3.05421921862402,5,0,0,0.2246074,1,20,LowMobility,0,2026-08-05 23:35:14
Pedestrian,1,EPA,0,7,0.0144166028339176,64QAM,LMMSE,20,0.239756944444444,0.832395833333333,1,40.521887761911,7.84620661397253,7,0,0,0.2060323,1,20,LowMobility,0,2026-08-05 23:35:14
Pedestrian,1,EPA,0,7,0.0150264864879771,64QAM,LMMSE,25,0.0791145833333333,0.321588541666667,0.9,16.7464892987259,15.5215244746264,11,540000,0.5625,0.2385624,1,20,LowMobility,0,2026-08-05 23:35:14
Pedestrian,1,EPA,0,7,0.0158002964687594,64QAM,LMMSE,30,0.0207204861111111,0.0844791666666667,0.3,3.71378637515798,28.6036616282865,15,3780000,3.9375,0.2704956,1,20,LowMobility,0,2026-08-05 23:35:15
Pedestrian,1,EPA,0,7,0.0158005437263324,64QAM,MPA,0,0.404796006944444,0.977994791666667,1,88.135704222154,1.09696242076507,4,0,0,0.7493921,10,20,LowMobility,0,2026-08-05 23:35:15
Pedestrian,1,EPA,0,7,0.015463710170221,64QAM,MPA,5,0.431150173611111,0.980026041666667,1,92.0320153778087,0.721221348042643,4,0,0,0.8487614,10,20,LowMobility,0,2026-08-05 23:35:16
Pedestrian,1,EPA,0,7,0.015580665206229,64QAM,MPA,10,0.385772569444444,0.974244791666667,1,85.8215665119777,1.32807124997077,4,0,0,1.0439004,10,20,LowMobility,0,2026-08-05 23:35:17
Pedestrian,1,EPA,0,7,0.0158091485156936,64QAM,MPA,15,0.3959375,0.975364583333333,1,86.5263090687862,1.25703642962794,4,0,0,1.0656808,10,20,LowMobility,0,2026-08-05 23:35:18
Pedestrian,1,EPA,0,7,0.0158131773942005,64QAM,MPA,20,0.426514756944444,0.979739583333333,1,90.8765013915847,0.830968019891884,4,0,0,0.777315,10,20,LowMobility,0,2026-08-05 23:35:19
Pedestrian,1,EPA,0,7,0.015797129162493,64QAM,MPA,25,0.457960069444444,0.980677083333333,1,96.20685865733,0.335879313744129,4,0,0,0.8169474,10,20,LowMobility,0,2026-08-05 23:35:20
Pedestrian,1,EPA,0,7,0.015243165041863,64QAM,MPA,30,0.465672743055556,0.982473958333333,1,97.4112949269572,0.22781366734522,4,0,0,0.8376858,10,20,LowMobility,0,2026-08-05 23:35:21
Urban,42,EVA,2,9,0.646461765042226,QPSK,MRC,0,0.270885416666667,0.463489583333333,1,103.325593291777,-0.28415815327871,3,0,0,1.3642139,3.1,1,MediumMobility,0,2026-08-05 23:35:22
Urban,42,EVA,2,9,0.662898474632678,QPSK,MRC,5,0.156184895833333,0.280338541666667,1,74.1817090727339,2.5940633035919,5,0,0,0.9134822,3.6,1,MediumMobility,0,2026-08-05 23:35:23
Urban,42,EVA,2,9,0.663433277058528,QPSK,MRC,10,0.0155208333333333,0.030546875,0.8,19.39137973847,14.2478257766664,11,360000,0.375,0.6617249,2.6,1,MediumMobility,0,2026-08-05 23:35:24
Urban,42,EVA,2,9,0.663245042350993,QPSK,MRC,15,0.00567708333333333,0.0109375,0.5,8.11045454236593,21.8190961100814,14,900000,0.9375,0.5684808,2.6,1,MediumMobility,0,2026-08-05 23:35:24
Urban,42,EVA,2,9,0.641175340515589,QPSK,MRC,20,0,0,0,0,160,15,1800000,1.875,0.4843703,2,1,MediumMobility,0,2026-08-05 23:35:25
Urban,42,EVA,2,9,0.664110061339324,QPSK,MRC,25,0,0,0,0,160,15,1800000,1.875,0.4485299,2,1,MediumMobility,0,2026-08-05 23:35:25
Urban,42,EVA,2,9,0.663278098775454,QPSK,MRC,30,0,0,0,0,160,15,1800000,1.875,0.4784248,2,1,MediumMobility,0,2026-08-05 23:35:26
Urban,42,EVA,2,9,0.664141397395984,QPSK,LMMSE,0,0.219479166666667,0.384114583333333,1,92.0356113754553,0.720881968008773,4,0,0,0.3164574,1,1,MediumMobility,0,2026-08-05 23:35:26
Urban,42,EVA,2,9,0.663572003392555,QPSK,LMMSE,5,0.0989583333333333,0.1859375,1,60.6260690698409,4.34681180093536,6,0,0,0.3170062,1,1,MediumMobility,0,2026-08-05 23:35:26
Urban,42,EVA,2,9,0.664103852670877,QPSK,LMMSE,10,0.013046875,0.025546875,1,18.4767490929937,14.6674887739756,11,0,0,0.3418696,1,1,MediumMobility,0,2026-08-05 23:35:27
Urban,42,EVA,2,9,0.658368034299327,QPSK,LMMSE,15,0.00720052083333333,0.014296875,0.8,13.2252075901234,17.5719500462903,12,360000,0.375,0.3456901,1,1,MediumMobility,0,2026-08-05 23:35:27
Urban,42,EVA,2,9,0.664155052240705,QPSK,LMMSE,20,5.20833333333333e-05,0.000104166666666667,0.2,0.623502439814867,44.1032368550621,15,1440000,1.5,0.3643345,1,1,MediumMobility,0,2026-08-05 23:35:27
Urban,42,EVA,2,9,0.655121675733543,QPSK,LMMSE,25,0,0,0,0,160,15,1800000,1.875,0.3638318,1,1,MediumMobility,0,2026-08-05 23:35:28
Urban,42,EVA,2,9,0.662189820589698,QPSK,LMMSE,30,0,0,0,0,160,15,1800000,1.875,0.3535193,1,1,MediumMobility,0,2026-08-05 23:35:28
Urban,42,EVA,2,9,0.656717523226392,QPSK,MPA,0,0.297552083333333,0.504427083333333,1,108.585739075996,-0.715455833364766,3,0,0,0.4081146,10,1,MediumMobility,0,2026-08-05 23:35:29
Urban,42,EVA,2,9,0.624921301483473,QPSK,MPA,5,0.2188671875,0.386744791666667,1,92.5998846608913,0.667791085188447,4,0,0,0.4190331,10,1,MediumMobility,0,2026-08-05 23:35:29
Urban,42,EVA,2,9,0.656059091842593,QPSK,MPA,10,0.1470703125,0.272447916666667,1,76.4575798368309,2.33158906229181,4,0,0,0.3885503,10,1,MediumMobility,0,2026-08-05 23:35:29
Urban,42,EVA,2,9,0.664093262983183,QPSK,MPA,15,0.124921875,0.234296875,1,70.4892821526147,3.03753824338664,5,0,0,0.4398162,10,1,MediumMobility,0,2026-08-05 23:35:30
Urban,42,EVA,2,9,0.651452192394913,QPSK,MPA,20,0.1286328125,0.239583333333333,1,71.466884150886,2.91790304150119,5,0,0,0.422273,10,1,MediumMobility,0,2026-08-05 23:35:30
Urban,42,EVA,2,9,0.661301030459415,QPSK,MPA,25,0.128971354166667,0.24171875,1,71.6449365967208,2.89628994645146,5,0,0,0.371333,10,1,MediumMobility,0,2026-08-05 23:35:31
Urban,42,EVA,2,9,0.663927917840497,QPSK,MPA,30,0.0992057291666667,0.188984375,1,62.6998556256311,4.05466918372504,5,0,0,0.4177219,10,1,MediumMobility,0,2026-08-05 23:35:31
Urban,42,EVA,2,9,0.614956738936753,16QAM,MRC,0,0.349778645833333,0.801901041666667,1,100.034909076147,-0.00303163470072655,3,0,0,0.9109686,3.9,1,MediumMobility,0,2026-08-05 23:35:32
Urban,42,EVA,2,9,0.661141040446002,16QAM,MRC,5,0.213151041666667,0.610260416666667,1,63.1139074633086,3.9974986252414,5,0,0,1.042076,4.4,1,MediumMobility,0,2026-08-05 23:35:33
Urban,42,EVA,2,9,0.662853936164445,16QAM,MRC,10,0.143444010416667,0.451380208333333,1,48.3157563561965,6.31822434867432,7,0,0,0.9574041,4.6,1,MediumMobility,0,2026-08-05 23:35:34
Urban,42,EVA,2,9,0.631988915900361,16QAM,MRC,15,0.0315104166666667,0.114765625,1,17.899099378806,14.9433764135362,11,0,0,0.9268633,4.1,1,MediumMobility,0,2026-08-05 23:35:35
Urban,42,EVA,2,9,0.66279972115849,16QAM,MRC,20,0.0202669270833333,0.074375,0.7,12.2194934971076,18.258935908007,12,1080000,1.125,1.0291729,4.2,1,MediumMobility,0,2026-08-05 23:35:36
Urban,42,EVA,2,9,0.664014689041303,16QAM,MRC,25,0.00354817708333333,0.0129947916666667,0.4,3.49932591943214,29.1203121282263,15,2160000,2.25,0.8446259,3.4,1,MediumMobility,0,2026-08-05 23:35:37
Urban,42,EVA,2,9,0.562454868987247,16QAM,MRC,30,0.0144010416666667,0.0494010416666667,0.3,6.0339396127796,24.3879808105253,15,2520000,2.625,0.5625041,3.2,1,MediumMobility,0,2026-08-05 23:35:37
Urban,42,EVA,2,9,0.60345304016896,16QAM,LMMSE,0,0.371217447916667,0.895625,1,83.5268742468595,1.56347541025004,4,0,0,0.2523406,1,1,MediumMobility,0,2026-08-05 23:35:38
Urban,42,EVA,2,9,0.664162980476749,16QAM,LMMSE,5,0.341725260416667,0.874166666666667,1,77.3936561528586,2.22589272709671,4,0,0,0.2724927,1,1,MediumMobility,0,2026-08-05 23:35:38
Urban,42,EVA,2,9,0.664066296123973,16QAM,LMMSE,10,0.28099609375,0.793255208333333,1,67.8947282138001,3.36327891690548,5,0,0,0.2725564,1,1,MediumMobility,0,2026-08-05 23:35:38
Urban,42,EVA,2,9,0.645828921882122,16QAM,LMMSE,15,0.161712239583333,0.517786458333333,1,48.9630148060239,6.2026369833814,7,0,0,0.343142,1,1,MediumMobility,0,2026-08-05 23:35:38
Urban,42,EVA,2,9,0.664162355637513,16QAM,LMMSE,20,0.0587760416666667,0.207083333333333,0.9,25.1382334430109,11.9933049012661,10,360000,0.375,0.3390913,1,1,MediumMobility,0,2026-08-05 23:35:39
Urban,42,EVA,2,9,0.663903244432507,16QAM,LMMSE,25,0.0183268229166667,0.0681770833333333,0.6,10.3196564221949,19.7266952333017,13,1440000,1.5,0.4836153,1,1,MediumMobility,0,2026-08-05 23:35:39
Urban,42,EVA,2,9,0.651023160588255,16QAM,LMMSE,30,1.30208333333333e-05,5.20833333333333e-05,0.1,0.143473351940936,56.8645751046911,15,3240000,3.375,0.3555215,1,1,MediumMobility,0,2026-08-05 23:35:40
Urban,42,EVA,2,9,0.657591863615866,16QAM,MPA,0,0.373268229166667,0.895182291666667,1,84.0935172249387,1.50474965406667,4,0,0,0.5083638,10,1,MediumMobility,0,2026-08-05 23:35:40
Urban,42,EVA,2,9,0.659446521873528,16QAM,MPA,5,0.33224609375,0.870390625,1,75.1666952708953,2.47949086475057,5,0,0,0.5618315,10,1,MediumMobility,0,2026-08-05 23:35:41
Urban,42,EVA,2,9,0.662458583018592,16QAM,MPA,10,0.332649739583333,0.871276041666667,1,75.2461207958833,2.47031769152434,5,0,0,0.5912461,10,1,MediumMobility,0,2026-08-05 23:35:41
Urban,42,EVA,2,9,0.647135396015098,16QAM,MPA,15,0.33072265625,0.868385416666667,1,75.0964125985994,2.48761618024822,5,0,0,0.4875398,10,1,MediumMobility,0,2026-08-05 23:35:42
Urban,42,EVA,2,9,0.66216195372778,16QAM,MPA,20,0.3277734375,0.86828125,1,74.6152806406546,2.54344446439697,5,0,0,0.4086025,10,1,MediumMobility,0,2026-08-05 23:35:42
Urban,42,EVA,2,9,0.662259731746383,16QAM,MPA,25,0.330904947916667,0.868489583333333,1,75.1225457984843,2.48459405714469,5,0,0,0.4437619,10,1,MediumMobility,0,2026-08-05 23:35:43
Urban,42,EVA,2,9,0.661729388042083,16QAM,MPA,30,0.338990885416667,0.875234375,1,77.0332266830464,2.26643821016715,4,0,0,0.5629513,10,1,MediumMobility,0,2026-08-05 23:35:43
Urban,42,EVA,2,9,0.652524015951584,64QAM,MRC,0,0.420989583333333,0.953229166666667,1,114.129352049337,-1.14794703274854,3,0,0,2.7237362,10.3,1,MediumMobility,0,2026-08-05 23:35:46
Urban,42,EVA,2,9,0.664027409393948,64QAM,MRC,5,0.307942708333333,0.885260416666667,1,64.2283987601785,3.84545809974197,5,0,0,1.7134995,8.5,1,MediumMobility,0,2026-08-05 23:35:48
Urban,42,EVA,2,9,0.652663754893723,64QAM,MRC,10,0.208337673611111,0.750651041666667,1,41.7707196566313,7.58256084652354,7,0,0,1.4622976,8.5,1,MediumMobility,0,2026-08-05 23:35:49
Urban,42,EVA,2,9,0.659790003816649,64QAM,MRC,15,0.149288194444444,0.617395833333333,1,31.3934978311081,10.0632058592275,8,0,0,1.7435054,10.1,1,MediumMobility,0,2026-08-05 23:35:51
Urban,42,EVA,2,9,0.661545597585519,64QAM,MRC,20,0.07125,0.352916666666667,1,19.0927328600646,14.3826380784335,11,0,0,1.8204635,9.1,1,MediumMobility,0,2026-08-05 23:35:53
Urban,42,EVA,2,9,0.656519554231161,64QAM,MRC,25,0.0431987847222222,0.204192708333333,0.8,11.2562314745724,18.9721396918929,13,1080000,1.125,2.1483641,11.3,1,MediumMobility,0,2026-08-05 23:35:55
Urban,42,EVA,2,9,0.660093545326309,64QAM,MRC,30,0.00596354166666667,0.0321875,0.4,2.59860456772801,31.7051960499913,15,3240000,3.375,1.7333791,11.5,1,MediumMobility,0,2026-08-05 23:35:57
Urban,42,EVA,2,9,0.659430058252512,64QAM,LMMSE,0,0.417990451388889,0.979088541666667,1,89.9408687356294,0.920858438259474,4,0,0,0.2994594,1,1,MediumMobility,0,2026-08-05 23:35:57
Urban,42,EVA,2,9,0.658231453933276,64QAM,LMMSE,5,0.397630208333333,0.977942708333333,1,87.0073027252285,1.20888589011757,4,0,0,0.3424563,1,1,MediumMobility,0,2026-08-05 23:35:57
Urban,42,EVA,2,9,0.65549634470063,64QAM,LMMSE,10,0.3944140625,0.97546875,1,84.2361066873763,1.49003428072082,4,0,0,0.3604448,1,1,MediumMobility,0,2026-08-05 23:35:58
Urban,42,EVA,2,9,0.650187468305076,64QAM,LMMSE,15,0.370881076388889,0.959036458333333,1,70.5466801800728,3.03046837338721,5,0,0,0.3451537,1,1,MediumMobility,0,2026-08-05 23:35:58
Urban,42,EVA,2,9,0.66400999485009,64QAM,LMMSE,20,0.2443359375,0.831276041666667,1,42.2049544483654,7.49273128252605,7,0,0,0.389964,1,1,MediumMobility,0,2026-08-05 23:35:58
Urban,42,EVA,2,9,0.617306128426254,64QAM,LMMSE,25,0.185138888888889,0.660859375,1,35.418955957157,9.01528489269205,8,0,0,0.3951968,1,1,MediumMobility,0,2026-08-05 23:35:59
Urban,42,EVA,2,9,0.635174565571296,64QAM,LMMSE,30,0.0832682291666667,0.3965625,0.8,18.4797886327953,14.6660600087854,11,1080000,1.125,0.3492742,1,1,MediumMobility,0,2026-08-05 23:35:59
Urban,42,EVA,2,9,0.656863015343309,64QAM,MPA,0,0.428576388888889,0.98,1,91.4333585917596,0.777906542829028,4,0,0,0.8089126,10,1,MediumMobility,0,2026-08-05 23:36:00
Urban,42,EVA,2,9,0.654254307482359,64QAM,MPA,5,0.401371527777778,0.977578125,1,87.5778147706094,1.15211790927796,4,0,0,0.9577221,10,1,MediumMobility,0,2026-08-05 23:36:01
Urban,42,EVA,2,9,0.642811197596078,64QAM,MPA,10,0.389305555555556,0.9765625,1,86.0011626513307,1.30991354963,4,0,0,0.9657178,10,1,MediumMobility,0,2026-08-05 23:36:02
Urban,42,EVA,2,9,0.653350556517596,64QAM,MPA,15,0.408185763888889,0.978671875,1,87.8915064914133,1.12106183006854,4,0,0,0.8603167,10,1,MediumMobility,0,2026-08-05 23:36:03
Urban,42,EVA,2,9,0.647635897627507,64QAM,MPA,20,0.42421875,0.978958333333333,1,90.3766427422567,0.87887591236301,4,0,0,1.0154733,10,1,MediumMobility,0,2026-08-05 23:36:04
Urban,42,EVA,2,9,0.664080861933949,64QAM,MPA,25,0.432217881944444,0.981510416666667,1,91.8489343771286,0.738517559469931,4,0,0,0.9575946,10,1,MediumMobility,0,2026-08-05 23:36:05
Urban,42,EVA,2,9,0.592874583295321,64QAM,MPA,30,0.42375,0.978828125,1,90.6067220270627,0.856791624616864,4,0,0,0.9690088,10,1,MediumMobility,0,2026-08-05 23:36:06
Urban,49,EVA,2,9,0.760458632723275,QPSK,MRC,0,0.226119791666667,0.385911458333333,1,91.1703172137443,0.802930682676522,4,0,0,0.9276774,3.2,2,MediumMobility,0,2026-08-05 23:36:07
Urban,49,EVA,2,9,0.764053062727376,QPSK,MRC,5,0.129010416666667,0.233984375,1,65.7892446182017,3.63690200150761,5,0,0,0.576358,2.8,2,MediumMobility,0,2026-08-05 23:36:07
Urban,49,EVA,2,9,0.770500677105506,QPSK,MRC,10,0.029296875,0.0562760416666667,0.7,23.9224303534248,12.4238940225484,10,540000,0.5625,0.6978253,2.7,2,MediumMobility,0,2026-08-05 23:36:08
Urban,49,EVA,2,9,0.770766814260304,QPSK,MRC,15,0.00272135416666667,0.00544270833333333,0.3,5.36414480527149,25.4099901373576,15,1260000,1.3125,0.6763051,2.6,2,MediumMobility,0,2026-08-05 23:36:08
Urban,49,EVA,2,9,0.774578472385731,QPSK,MRC,20,3.90625e-05,7.8125e-05,0.1,0.395284707521047,48.0617997398389,15,1620000,1.6875,0.6138828,2,2,MediumMobility,0,2026-08-05 23:36:09
Urban,49,EVA,2,9,0.733766537254369,QPSK,MRC,25,0,0,0,0,160,15,1800000,1.875,0.837546,2,2,MediumMobility,0,2026-08-05 23:36:10
Urban,49,EVA,2,9,0.750990727483459,QPSK,MRC,30,0,0,0,0,160,15,1800000,1.875,0.7011398,2,2,MediumMobility,0,2026-08-05 23:36:11
Urban,49,EVA,2,9,0.771973107608803,QPSK,LMMSE,0,0.206067708333333,0.364010416666667,1,89.1605369097504,0.996546498712666,4,0,0,0.392287,1,2,MediumMobility,0,2026-08-05 23:36:11
Urban,49,EVA,2,9,0.770969321019394,QPSK,LMMSE,5,0.104361979166667,0.193255208333333,1,60.3055138678391,4.39285955059685,6,0,0,0.2909077,1,2,MediumMobility,0,2026-08-05 23:36:11
Urban,49,EVA,2,9,0.76935272974413,QPSK,LMMSE,10,0.0514322916666667,0.098125,1,39.2915941556409,8.1140070089239,8,0,0,0.274212,1,2,MediumMobility,0,2026-08-05 23:36:12
Urban,49,EVA,2,9,0.702702556735014,QPSK,LMMSE,15,0.00533854166666667,0.0104947916666667,0.7,8.62500997479181,21.284807879889,14,540000,0.5625,0.2672346,1,2,MediumMobility,0,2026-08-05 23:36:12
Urban,49,EVA,2,9,0.741869353769016,QPSK,LMMSE,20,0.000442708333333333,0.000885416666666667,0.4,2.37597545441695,32.483161005015,15,1080000,1.125,0.3778414,1,2,MediumMobility,0,2026-08-05 23:36:12
Urban,49,EVA,2,9,0.774634068326359,QPSK,LMMSE,25,0,0,0,0,160,15,1800000,1.875,0.4677075,1,2,MediumMobility,0,2026-08-05 23:36:13
Urban,49,EVA,2,9,0.771187760433055,QPSK,LMMSE,30,0,0,0,0,160,15,1800000,1.875,0.3410021,1,2,MediumMobility,0,2026-08-05 23:36:13
Urban,49,EVA,2,9,0.773171578504289,QPSK,MPA,0,0.2780859375,0.475885416666667,1,104.99496643684,-0.423369581188378,3,0,0,0.4123013,10,2,MediumMobility,0,2026-08-05 23:36:13
Urban,49,EVA,2,9,0.769822588319787,QPSK,MPA,5,0.245559895833333,0.430520833333333,1,98.8946214493189,0.0965465519594532,3,0,0,0.4076914,10,2,MediumMobility,0,2026-08-05 23:36:14
Urban,49,EVA,2,9,0.747717569559998,QPSK,MPA,10,0.16046875,0.29234375,1,79.3606259838927,2.00789830390261,4,0,0,0.3828298,10,2,MediumMobility,0,2026-08-05 23:36:14
Urban,49,EVA,2,9,0.773759335162334,QPSK,MPA,15,0.133346354166667,0.25,1,72.6896120182576,2.77055298378096,5,0,0,0.3831028,10,2,MediumMobility,0,2026-08-05 23:36:15
Urban,49,EVA,2,9,0.763040645304923,QPSK,MPA,20,0.1188671875,0.222864583333333,1,68.4317977522826,3.29484101254182,5,0,0,0.4016728,10,2,MediumMobility,0,2026-08-05 23:36:15
Urban,49,EVA,2,9,0.765083604755333,QPSK,MPA,25,0.1027734375,0.194322916666667,1,63.9804526898291,3.87905382833324,5,0,0,0.430473,10,2,MediumMobility,0,2026-08-05 23:36:15
Urban,49,EVA,2,9,0.682510057966899,QPSK,MPA,30,0.111171875,0.209296875,1,66.34898265054,3.56331463840056,5,0,0,0.4350734,10,2,MediumMobility,0,2026-08-05 23:36:16
Urban,49,EVA,2,9,0.768565369853686,16QAM,MRC,0,0.323072916666667,0.764661458333333,1,93.0119848842398,0.629221752848408,4,0,0,0.7740404,3.4,2,MediumMobility,0,2026-08-05 23:36:17
Urban,49,EVA,2,9,0.773280138202127,16QAM,MRC,5,0.278821614583333,0.707552083333333,1,80.1076948325002,1.92651530558425,4,0,0,0.9198576,5,2,MediumMobility,0,2026-08-05 23:36:18
Urban,49,EVA,2,9,0.730942709653368,16QAM,MRC,10,0.16095703125,0.496197916666667,1,51.7851868868169,5.71588904190659,6,0,0,1.0183637,4.4,2,MediumMobility,0,2026-08-05 23:36:19
Urban,49,EVA,2,9,0.760699163765136,16QAM,MRC,15,0.0693294270833333,0.224921875,1,27.927761875702,11.0792773432513,9,0,0,0.9374567,5.2,2,MediumMobility,0,2026-08-05 23:36:20
Urban,49,EVA,2,9,0.746505015290124,16QAM,MRC,20,0.0155989583333333,0.0580989583333333,0.5,9.51860046859037,20.4285380353561,13,1800000,1.875,1.0166648,4.5,2,MediumMobility,0,2026-08-05 23:36:21
Urban,49,EVA,2,9,0.773802593776414,16QAM,MRC,25,0.00186197916666667,0.006875,0.1,1.71994553992931,35.2897060860657,15,3240000,3.375,0.6633704,2.7,2,MediumMobility,0,2026-08-05 23:36:21
Urban,49,EVA,2,9,0.774856635396931,16QAM,MRC,30,0,0,0,0,160,15,3600000,3.75,0.6251817,2.1,2,MediumMobility,0,2026-08-05 23:36:22
Urban,49,EVA,2,9,0.774057803415782,16QAM,LMMSE,0,0.37755859375,0.897265625,1,84.4313122858226,1.46992921179666,4,0,0,0.3020661,1,2,MediumMobility,0,2026-08-05 23:36:22
Urban,49,EVA,2,9,0.704208662302662,16QAM,LMMSE,5,0.336907552083333,0.872239583333333,1,76.49148120691,2.32773858342127,4,0,0,0.2730006,1,2,MediumMobility,0,2026-08-05 23:36:22
Urban,49,EVA,2,9,0.774851688788906,16QAM,LMMSE,10,0.293131510416667,0.819947916666667,1,69.3648197571548,3.17721475780739,5,0,0,0.2530983,1,2,MediumMobility,0,2026-08-05 23:36:23
Urban,49,EVA,2,9,0.773376575027917,16QAM,LMMSE,15,0.17501953125,0.553958333333333,1,51.5355794928818,5.75785672314606,6,0,0,0.2726131,1,2,MediumMobility,0,2026-08-05 23:36:23
Urban,49,EVA,2,9,0.774783809215802,16QAM,LMMSE,20,0.07349609375,0.247369791666667,0.9,27.8924040621266,11.0902810406597,9,360000,0.375,0.2440946,1,2,MediumMobility,0,2026-08-05 23:36:23
Urban,49,EVA,2,9,0.772051156037743,16QAM,LMMSE,25,0.00571614583333333,0.0226302083333333,0.9,7.53651395651999,22.4565898453081,14,360000,0.375,0.2603616,1,2,MediumMobility,0,2026-08-05 23:36:24
Urban,49,EVA,2,9,0.774642231102781,16QAM,LMMSE,30,0.000123697916666667,0.000494791666666667,0.3,0.652668249737903,43.7061502770753,15,2520000,2.625,0.2650789,1,2,MediumMobility,0,2026-08-05 23:36:24
Urban,49,EVA,2,9,0.774619360575279,16QAM,MPA,0,0.393587239583333,0.905078125,1,88.1341349779987,1.09711707321849,4,0,0,0.4709031,10,2,MediumMobility,0,2026-08-05 23:36:24
Urban,49,EVA,2,9,0.773370021272724,16QAM,MPA,5,0.339973958333333,0.873828125,1,77.1276420781406,2.25579891095914,4,0,0,0.5481944,10,2,MediumMobility,0,2026-08-05 23:36:25
Urban,49,EVA,2,9,0.768876367585897,16QAM,MPA,10,0.33869140625,0.875208333333333,1,76.9849029709743,2.27188866518405,4,0,0,0.633703,10,2,MediumMobility,0,2026-08-05 23:36:25
Urban,49,EVA,2,9,0.774801369389359,16QAM,MPA,15,0.332037760416667,0.871354166666667,1,75.7180811527446,2.41600800914999,5,0,0,0.5339277,10,2,MediumMobility,0,2026-08-05 23:36:26
Urban,49,EVA,2,9,0.753646069308652,16QAM,MPA,20,0.334264322916667,0.873645833333333,1,75.7585896698233,2.41136237606043,5,0,0,0.529863,10,2,MediumMobility,0,2026-08-05 23:36:26
Urban,49,EVA,2,9,0.774259852193432,16QAM,MPA,25,0.3345703125,0.872291666666667,1,75.9757216314505,2.38650332438295,4,0,0,0.5540646,10,2,MediumMobility,0,2026-08-05 23:36:27
Urban,49,EVA,2,9,0.771913363380431,16QAM,MPA,30,0.329270833333333,0.867135416666667,1,75.1164371760838,2.48530038274661,5,0,0,0.3987642,10,2,MediumMobility,0,2026-08-05 23:36:27
Urban,49,EVA,2,9,0.77460956260159,64QAM,MRC,0,0.399600694444444,0.943541666666667,1,102.084727049417,-0.179215438346258,3,0,0,1.7715243,9.4,2,MediumMobility,0,2026-08-05 23:36:29
Urban,49,EVA,2,9,0.769915492464597,64QAM,MRC,5,0.3405859375,0.900885416666667,1,79.411658539951,2.0023146698765,4,0,0,1.452334,8.3,2,MediumMobility,0,2026-08-05 23:36:31
Urban,49,EVA,2,9,0.749391770430894,64QAM,MRC,10,0.209171006944444,0.725963541666667,1,43.4739503048809,7.23541790809282,7,0,0,1.1833668,9.2,2,MediumMobility,0,2026-08-05 23:36:32
Urban,49,EVA,2,9,0.769269837106986,64QAM,MRC,15,0.1679296875,0.652864583333333,1,35.1019384485178,9.09337799304866,8,0,0,1.4307135,8.5,2,MediumMobility,0,2026-08-05 23:36:33
Urban,49,EVA,2,9,0.771632016558801,64QAM,MRC,20,0.0865538194444444,0.432291666666667,1,21.960359808426,13.1672109697451,10,0,0,1.7753045,12.7,2,MediumMobility,0,2026-08-05 23:36:35
Urban,49,EVA,2,9,0.771327690449222,64QAM,MRC,25,0.0327039930555556,0.167890625,0.9,10.8950027363964,19.2554531268002,13,540000,0.5625,1.7522689,11.3,2,MediumMobility,0,2026-08-05 23:36:37
Urban,49,EVA,2,9,0.771762701847103,64QAM,MRC,30,0.0132248263888889,0.0684114583333333,0.6,5.1752217602882,25.7214207156586,15,2160000,2.25,2.1716557,14.6,2,MediumMobility,0,2026-08-05 23:36:39
Urban,49,EVA,2,9,0.730595081648262,64QAM,LMMSE,0,0.432213541666667,0.979270833333333,1,92.1831507181124,0.70696904505752,4,0,0,0.3098922,1,2,MediumMobility,0,2026-08-05 23:36:39
Urban,49,EVA,2,9,0.774709938279967,64QAM,LMMSE,5,0.399175347222222,0.976953125,1,87.2216262758064,1.18751640048315,4,0,0,0.3588787,1,2,MediumMobility,0,2026-08-05 23:36:40
Urban,49,EVA,2,9,0.761650980754266,64QAM,LMMSE,10,0.387052951388889,0.974270833333333,1,83.9548615731362,1.51908300225083,4,0,0,0.3598011,1,2,MediumMobility,0,2026-08-05 23:36:40
Urban,49,EVA,2,9,0.754498591208446,64QAM,LMMSE,15,0.35828125,0.951328125,1,65.8976853606503,3.62259679241457,5,0,0,0.2672496,1,2,MediumMobility,0,2026-08-05 23:36:40
Urban,49,EVA,2,9,0.765258447712442,64QAM,LMMSE,20,0.295763888888889,0.902552083333333,1,51.3055838885348,5.79670730984668,6,0,0,0.2679606,1,2,MediumMobility,0,2026-08-05 23:36:41
Urban,49,EVA,2,9,0.763817830706678,64QAM,LMMSE,25,0.180885416666667,0.715364583333333,1,34.4130254360104,9.26554289026923,8,0,0,0.288898,1,2,MediumMobility,0,2026-08-05 23:36:41
Urban,49,EVA,2,9,0.769182551364934,64QAM,LMMSE,30,0.0949652777777778,0.429140625,0.9,21.2615154401348,13.4481156769388,10,540000,0.5625,0.2963149,1,2,MediumMobility,0,2026-08-05 23:36:41
Urban,49,EVA,2,9,0.620427535705636,64QAM,MPA,0,0.426840277777778,0.980364583333333,1,91.184569436207,0.801572964943429,4,0,0,0.6785729,10,2,MediumMobility,0,2026-08-05 23:36:42
Urban,49,EVA,2,9,0.774831543002027,64QAM,MPA,5,0.400243055555556,0.977005208333333,1,87.4323147406666,1.16656047322696,4,0,0,0.8522356,10,2,MediumMobility,0,2026-08-05 23:36:43
Urban,49,EVA,2,9,0.743256932305838,64QAM,MPA,10,0.387300347222222,0.9753125,1,85.725017559227,1.33784834511202,4,0,0,0.9151606,10,2,MediumMobility,0,2026-08-05 23:36:44
Urban,49,EVA,2,9,0.774791349138212,64QAM,MPA,15,0.4040234375,0.979010416666667,1,87.2953923811946,1.18017357176053,4,0,0,0.9759098,10,2,MediumMobility,0,2026-08-05 23:36:45
Urban,49,EVA,2,9,0.773522336470144,64QAM,MPA,20,0.418546006944444,0.97953125,1,89.6387906078848,0.95008023057202,4,0,0,0.9912846,10,2,MediumMobility,0,2026-08-05 23:36:46
Urban,49,EVA,2,9,0.736439040765018,64QAM,MPA,25,0.428572048611111,0.98109375,1,91.2382707151109,0.79645909438787,4,0,0,0.9185061,10,2,MediumMobility,0,2026-08-05 23:36:46
Urban,49,EVA,2,9,0.685456302286867,64QAM,MPA,30,0.427374131944444,0.98,1,90.8607363230454,0.832474960874744,4,0,0,0.9001031,10,2,MediumMobility,0,2026-08-05 23:36:47
Urban,23,EVA,2,9,0.362947043619167,QPSK,MRC,0,0.210950520833333,0.371979166666667,1,90.1923060584658,0.896610175739999,4,0,0,1.0775393,2.4,3,MediumMobility,0,2026-08-05 23:36:48
Urban,23,EVA,2,9,0.338581484378463,QPSK,MRC,5,0.122330729166667,0.220911458333333,1,62.7213044271371,4.0516983624619,5,0,0,0.8097851,3,3,MediumMobility,0,2026-08-05 23:36:49
Urban,23,EVA,2,9,0.363056358010056,QPSK,MRC,10,0.02765625,0.0521354166666667,0.9,21.9447302831774,13.1733950516753,10,180000,0.1875,0.4961201,2.3,3,MediumMobility,0,2026-08-05 23:36:50
Urban,23,EVA,2,9,0.342384712002347,QPSK,MRC,15,0.00381510416666667,0.00755208333333333,0.3,6.7140991812398,23.4602449521176,15,1260000,1.3125,0.5296976,2.5,3,MediumMobility,0,2026-08-05 23:36:50
Urban,23,EVA,2,9,0.359097098256122,QPSK,MRC,20,0.000442708333333333,0.000859375,0.2,1.53922879250651,36.253936428088,15,1440000,1.5,0.5588258,2.2,3,MediumMobility,0,2026-08-05 23:36:51
Urban,23,EVA,2,9,0.345614218716184,QPSK,MRC,25,0,0,0,0,160,15,1800000,1.875,0.460763,2,3,MediumMobility,0,2026-08-05 23:36:51
Urban,23,EVA,2,9,0.292193894858707,QPSK,MRC,30,0,0,0,0,160,15,1800000,1.875,0.469048,2,3,MediumMobility,0,2026-08-05 23:36:52
Urban,23,EVA,2,9,0.361483152576746,QPSK,LMMSE,0,0.1923046875,0.340416666666667,1,85.2739807113519,1.38366926112159,4,0,0,0.2355009,1,3,MediumMobility,0,2026-08-05 23:36:52
Urban,23,EVA,2,9,0.360220670541993,QPSK,LMMSE,5,0.0671875,0.126796875,1,47.8588585232776,6.40075327824336,7,0,0,0.2992049,1,3,MediumMobility,0,2026-08-05 23:36:52
Urban,23,EVA,2,9,0.362913435879522,QPSK,LMMSE,10,0.0348177083333333,0.0679427083333333,0.9,32.3945533387359,9.79056007597804,8,180000,0.1875,0.3173591,1,3,MediumMobility,0,2026-08-05 23:36:53
Urban,23,EVA,2,9,0.350681936196068,QPSK,LMMSE,15,0.00015625,0.0003125,0.2,1.10193268895554,39.1568986669986,15,1440000,1.5,0.3269253,1,3,MediumMobility,0,2026-08-05 23:36:53
Urban,23,EVA,2,9,0.363369803294989,QPSK,LMMSE,20,0.000364583333333333,0.000729166666666667,0.2,1.41407185485696,36.9905704334839,15,1440000,1.5,0.305604,1,3,MediumMobility,0,2026-08-05 23:36:53
Urban,23,EVA,2,9,0.355784577095713,QPSK,LMMSE,25,0,0,0,0,160,15,1800000,1.875,0.3170357,1,3,MediumMobility,0,2026-08-05 23:36:54
Urban,23,EVA,2,9,0.358468957436504,QPSK,LMMSE,30,0,0,0,0,160,15,1800000,1.875,0.3192895,1,3,MediumMobility,0,2026-08-05 23:36:54
Urban,23,EVA,2,9,0.357015097338128,QPSK,MPA,0,0.321692708333333,0.535729166666667,1,112.73790224284,-1.0413989895246,3,0,0,0.3548738,10,3,MediumMobility,0,2026-08-05 23:36:54
Urban,23,EVA,2,9,0.362940112799181,QPSK,MPA,5,0.213736979166667,0.379296875,1,91.8237996682409,0.740894801905843,4,0,0,0.374949,10,3,MediumMobility,0,2026-08-05 23:36:55
Urban,23,EVA,2,9,0.36279865734437,QPSK,MPA,10,0.1410546875,0.261432291666667,1,74.8435873762299,2.5169080844875,5,0,0,0.3758642,10,3,MediumMobility,0,2026-08-05 23:36:55
Urban,23,EVA,2,9,0.343921041725725,QPSK,MPA,15,0.1106640625,0.207395833333333,1,65.9625031947323,3.6140574356166,5,0,0,0.3876019,10,3,MediumMobility,0,2026-08-05 23:36:55
Urban,23,EVA,2,9,0.359216671139312,QPSK,MPA,20,0.131171875,0.244088541666667,1,71.8085751886641,2.87647380742564,5,0,0,0.39667,10,3,MediumMobility,0,2026-08-05 23:36:56
Urban,23,EVA,2,9,0.355202549214323,QPSK,MPA,25,0.1117578125,0.21015625,1,66.5497192018037,3.53707545273111,5,0,0,0.2884394,10,3,MediumMobility,0,2026-08-05 23:36:56
Urban,23,EVA,2,9,0.363646973145544,QPSK,MPA,30,0.106510416666667,0.20203125,1,64.6972709627905,3.78228076399774,5,0,0,0.2877914,10,3,MediumMobility,0,2026-08-05 23:36:56
Urban,23,EVA,2,9,0.361934820870696,16QAM,MRC,0,0.308359375,0.755807291666667,1,86.9015975720642,1.21944479085304,4,0,0,0.7209329,4.5,3,MediumMobility,0,2026-08-05 23:36:57
Urban,23,EVA,2,9,0.347606910584917,16QAM,MRC,5,0.206985677083333,0.58359375,1,62.7219254466108,4.05161236170097,5,0,0,0.814658,4,3,MediumMobility,0,2026-08-05 23:36:58
Urban,23,EVA,2,9,0.361910907119168,16QAM,MRC,10,0.169407552083333,0.512864583333333,1,54.1970731218717,5.32048333245842,6,0,0,1.0047093,5.2,3,MediumMobility,0,2026-08-05 23:36:59
Urban,23,EVA,2,9,0.283068827966573,16QAM,MRC,15,0.0559505208333333,0.188072916666667,0.8,22.8350138444409,12.8279744150459,10,720000,0.75,0.8460357,4.5,3,MediumMobility,0,2026-08-05 23:37:00
Urban,23,EVA,2,9,0.359518675080702,16QAM,MRC,20,0.0053125,0.019140625,0.7,5.031467850189,25.9661059599506,15,1080000,1.125,0.8719913,3.7,3,MediumMobility,0,2026-08-05 23:37:01
Urban,23,EVA,2,9,0.356492202133581,16QAM,MRC,25,0.00951822916666667,0.0347395833333333,0.4,5.93401025489581,24.5330341497977,15,2160000,2.25,0.7090789,3.9,3,MediumMobility,0,2026-08-05 23:37:01
Urban,23,EVA,2,9,0.356077334548355,16QAM,MRC,30,0.00015625,0.000572916666666667,0.3,0.800167182746674,41.936385286191,15,2520000,2.625,0.5684506,3,3,MediumMobility,0,2026-08-05 23:37:02
Urban,23,EVA,2,9,0.363703018983229,16QAM,LMMSE,0,0.38251953125,0.899661458333333,1,85.8139773531535,1.32883937287296,4,0,0,0.2427682,1,3,MediumMobility,0,2026-08-05 23:37:02
Urban,23,EVA,2,9,0.363647951746207,16QAM,LMMSE,5,0.323333333333333,0.853125,1,74.3895320008325,2.56976347029944,5,0,0,0.2495744,1,3,MediumMobility,0,2026-08-05 23:37:02
Urban,23,EVA,2,9,0.360972061186013,16QAM,LMMSE,10,0.274459635416667,0.776588541666667,1,67.1542466056201,3.45853037648804,5,0,0,0.2795551,1,3,MediumMobility,0,2026-08-05 23:37:03
Urban,23,EVA,2,9,0.349837733814596,16QAM,LMMSE,15,0.1916796875,0.575651041666667,1,53.0961104993634,5.49874583092512,6,0,0,0.270018,1,3,MediumMobility,0,2026-08-05 23:37:03
Urban,23,EVA,2,9,0.362935021874894,16QAM,LMMSE,20,0.09142578125,0.313046875,1,33.9119524646036,9.39294410405903,8,0,0,0.2592713,1,3,MediumMobility,0,2026-08-05 23:37:03
Urban,23,EVA,2,9,0.362233517513206,16QAM,LMMSE,25,0.0138411458333333,0.0516666666666667,0.5,8.13302002063713,21.7949631723629,14,1800000,1.875,0.2530855,1,3,MediumMobility,0,2026-08-05 23:37:04
Urban,23,EVA,2,9,0.363395467207207,16QAM,LMMSE,30,0.01826171875,0.0694010416666667,0.4,10.5246076217633,19.5558817309947,13,2160000,2.25,0.3227674,1,3,MediumMobility,0,2026-08-05 23:37:04
Urban,23,EVA,2,9,0.339806659112789,16QAM,MPA,0,0.380911458333333,0.897369791666667,1,85.6851440612467,1.34188937518764,4,0,0,0.4905415,10,3,MediumMobility,0,2026-08-05 23:37:04
Urban,23,EVA,2,9,0.363704788120055,16QAM,MPA,5,0.344388020833333,0.879661458333333,1,77.8168169860067,2.17853075044116,4,0,0,0.5080992,10,3,MediumMobility,0,2026-08-05 23:37:05
Urban,23,EVA,2,9,0.323763300185147,16QAM,MPA,10,0.336119791666667,0.871484375,1,76.410861482538,2.33689807805191,4,0,0,0.510032,10,3,MediumMobility,0,2026-08-05 23:37:05
Urban,23,EVA,2,9,0.363707565357946,16QAM,MPA,15,0.3244921875,0.863515625,1,73.8919495865385,2.6280574947806,5,0,0,0.5332435,10,3,MediumMobility,0,2026-08-05 23:37:06
Urban,23,EVA,2,9,0.363293427400764,16QAM,MPA,20,0.343483072916667,0.879140625,1,77.8600512387249,2.17370629628004,4,0,0,0.5008516,10,3,MediumMobility,0,2026-08-05 23:37:06
Urban,23,EVA,2,9,0.362304668691418,16QAM,MPA,25,0.348151041666667,0.879713541666667,1,78.702752621547,2.08020155931348,4,0,0,0.5101826,10,3,MediumMobility,0,2026-08-05 23:37:07
Urban,23,EVA,2,9,0.352247088027907,16QAM,MPA,30,0.348307291666667,0.877447916666667,1,79.0638504323184,2.04044078422997,4,0,0,0.5137249,10,3,MediumMobility,0,2026-08-05 23:37:07
Urban,23,EVA,2,9,0.357185057398543,64QAM,MRC,0,0.375099826388889,0.927838541666667,1,92.9367327448897,0.636251990232571,4,0,0,1.7113164,9.7,3,MediumMobility,0,2026-08-05 23:37:09
Urban,23,EVA,2,9,0.353534056103064,64QAM,MRC,5,0.358771701388889,0.921614583333333,1,83.3643497139935,1.58039266412001,4,0,0,1.6115351,10.5,3,MediumMobility,0,2026-08-05 23:37:11
Urban,23,EVA,2,9,0.34978209284082,64QAM,MRC,10,0.214175347222222,0.750130208333333,1,43.3827575511703,7.25365692509273,7,0,0,1.0055388,7.4,3,MediumMobility,0,2026-08-05 23:37:12
Urban,23,EVA,2,9,0.363439873011406,64QAM,MRC,15,0.111228298611111,0.487161458333333,1,25.4030961531837,11.9022669587065,10,0,0,1.3398359,7.9,3,MediumMobility,0,2026-08-05 23:37:13
Urban,23,EVA,2,9,0.363499073725807,64QAM,MRC,20,0.06046875,0.268802083333333,1,15.3699717310961,16.266538625334,11,0,0,1.2713344,7.3,3,MediumMobility,0,2026-08-05 23:37:14
Urban,23,EVA,2,9,0.351898567408168,64QAM,MRC,25,0.0460416666666667,0.237578125,0.9,13.3019464123985,17.5216961215372,12,540000,0.5625,1.7766098,11.5,3,MediumMobility,0,2026-08-05 23:37:16
Urban,23,EVA,2,9,0.335029957092766,64QAM,MRC,30,0.00971788194444444,0.0511197916666667,0.4,4.06958992420848,27.808987012675,15,3240000,3.375,2.0559312,14.2,3,MediumMobility,0,2026-08-05 23:37:18
Urban,23,EVA,2,9,0.363529428117992,64QAM,LMMSE,0,0.424852430555556,0.980546875,1,90.9461909541868,0.824309710397951,4,0,0,0.2688149,1,3,MediumMobility,0,2026-08-05 23:37:18
Urban,23,EVA,2,9,0.36088880436196,64QAM,LMMSE,5,0.409409722222222,0.977369791666667,1,88.8002663491695,1.03171463177008,4,0,0,0.3573969,1,3,MediumMobility,0,2026-08-05 23:37:19
Urban,23,EVA,2,9,0.358177729973584,64QAM,LMMSE,10,0.389609375,0.972526041666667,1,79.6534059704409,1.97591298167822,4,0,0,0.4785989,1,3,MediumMobility,0,2026-08-05 23:37:19
Urban,23,EVA,2,9,0.363661918017237,64QAM,LMMSE,15,0.389409722222222,0.97078125,1,76.7574120016699,2.29759353238991,4,0,0,0.5210328,1,3,MediumMobility,0,2026-08-05 23:37:20
Urban,23,EVA,2,9,0.363620447032929,64QAM,LMMSE,20,0.256640625,0.851953125,1,45.181667244392,6.90075494521451,7,0,0,0.5153874,1,3,MediumMobility,0,2026-08-05 23:37:20
Urban,23,EVA,2,9,0.3630656064462,64QAM,LMMSE,25,0.197048611111111,0.648723958333333,1,36.1765435275219,8.8314585995153,8,0,0,0.6282079,1,3,MediumMobility,0,2026-08-05 23:37:21
Urban,23,EVA,2,9,0.363708010847204,64QAM,LMMSE,30,0.0978168402777778,0.433203125,1,20.431700500082,13.7939097235739,10,0,0,0.4989369,1,3,MediumMobility,0,2026-08-05 23:37:21
Urban,23,EVA,2,9,0.361873570537092,64QAM,MPA,0,0.426901041666667,0.980104166666667,1,91.5647952414617,0.765429428649361,4,0,0,0.9652868,10,3,MediumMobility,0,2026-08-05 23:37:22
Urban,23,EVA,2,9,0.338768146226331,64QAM,MPA,5,0.385060763888889,0.975546875,1,85.4704093760819,1.36368431806827,4,0,0,1.0861252,10,3,MediumMobility,0,2026-08-05 23:37:24
Urban,23,EVA,2,9,0.363640954689698,64QAM,MPA,10,0.392313368055556,0.977239583333333,1,86.1498482655225,1.29490966263695,4,0,0,0.9074728,10,3,MediumMobility,0,2026-08-05 23:37:24
Urban,23,EVA,2,9,0.363462557490345,64QAM,MPA,15,0.403776041666667,0.977291666666667,1,87.2129307130475,1.18838238369005,4,0,0,0.8215241,10,3,MediumMobility,0,2026-08-05 23:37:25
Urban,23,EVA,2,9,0.360645448013255,64QAM,MPA,20,0.419040798611111,0.978697916666667,1,89.7369301457448,0.940575830796445,4,0,0,1.2418768,10,3,MediumMobility,0,2026-08-05 23:37:26
Urban,23,EVA,2,9,0.3519841793211,64QAM,MPA,25,0.4241796875,0.97890625,1,90.450020123691,0.871826643610823,4,0,0,1.7352633,10,3,MediumMobility,0,2026-08-05 23:37:28
Urban,23,EVA,2,9,0.362172323545898,64QAM,MPA,30,0.432105034722222,0.979921875,1,91.8566678492055,0.737786258037593,4,0,0,1.5358098,10,3,MediumMobility,0,2026-08-05 23:37:30
Urban,38,EVA,2,9,0.567900796492773,QPSK,MRC,0,0.2630859375,0.449869791666667,1,100.535047200195,-0.0463497231509341,3,0,0,1.1533847,2.4,4,MediumMobility,0,2026-08-05 23:37:31
Urban,38,EVA,2,9,0.568469735342779,QPSK,MRC,5,0.131223958333333,0.241927083333333,1,70.7983974390491,2.99953145390372,5,0,0,0.9825674,2.4,4,MediumMobility,0,2026-08-05 23:37:32
Urban,38,EVA,2,9,0.600768354597401,QPSK,MRC,10,0.0154296875,0.0301822916666667,1,20.6774766323846,13.6900492259685,10,0,0,0.9528593,3,4,MediumMobility,0,2026-08-05 23:37:33
Urban,38,EVA,2,9,0.600714931826605,QPSK,MRC,15,3.90625e-05,7.8125e-05,0.2,0.550966344477771,45.1774985802782,15,1440000,1.5,0.4866746,2,4,MediumMobility,0,2026-08-05 23:37:33
Urban,38,EVA,2,9,0.599641412115504,QPSK,MRC,20,0,0,0,0,160,15,1800000,1.875,0.4536195,2,4,MediumMobility,0,2026-08-05 23:37:34
Urban,38,EVA,2,9,0.590074506945689,QPSK,MRC,25,3.90625e-05,7.8125e-05,0.1,0.395284707521047,48.0617997398389,15,1620000,1.6875,0.4730735,2,4,MediumMobility,0,2026-08-05 23:37:34
Urban,38,EVA,2,9,0.600413971820845,QPSK,MRC,30,0,0,0,0,160,15,1800000,1.875,0.6533813,2,4,MediumMobility,0,2026-08-05 23:37:35
Urban,38,EVA,2,9,0.599121085819526,QPSK,LMMSE,0,0.1926171875,0.342942708333333,1,86.0175206223235,1.30826159498797,4,0,0,0.2586289,1,4,MediumMobility,0,2026-08-05 23:37:35
Urban,38,EVA,2,9,0.59944303359904,QPSK,LMMSE,5,0.0979036458333333,0.184427083333333,1,60.951120461249,4.30036612719093,6,0,0,0.3631456,1,4,MediumMobility,0,2026-08-05 23:37:36
Urban,38,EVA,2,9,0.60032468296967,QPSK,LMMSE,10,0.0449479166666667,0.0862239583333333,0.9,35.4445512216808,9.00901036123208,8,180000,0.1875,0.3873846,1,4,MediumMobility,0,2026-08-05 23:37:36
Urban,38,EVA,2,9,0.582756392706827,QPSK,LMMSE,15,0.00377604166666667,0.00755208333333333,0.5,8.0939453877317,21.8367946049844,14,900000,0.9375,0.3686368,1,4,MediumMobility,0,2026-08-05 23:37:36
Urban,38,EVA,2,9,0.576646891475627,QPSK,LMMSE,20,1.30208333333333e-05,2.60416666666667e-05,0.1,0.228217732293819,52.8330122870355,15,1620000,1.6875,0.4665487,1,4,MediumMobility,0,2026-08-05 23:37:37
Urban,38,EVA,2,9,0.582467587387069,QPSK,LMMSE,25,0,0,0,0,160,15,1800000,1.875,0.3990835,1,4,MediumMobility,0,2026-08-05 23:37:37
Urban,38,EVA,2,9,0.593434367326082,QPSK,LMMSE,30,0,0,0,0,160,15,1800000,1.875,0.3767067,1,4,MediumMobility,0,2026-08-05 23:37:38
Urban,38,EVA,2,9,0.596842685133663,QPSK,MPA,0,0.235390625,0.410338541666667,1,96.1125273573077,0.344400049423416,4,0,0,0.3933222,10,4,MediumMobility,0,2026-08-05 23:37:38
Urban,38,EVA,2,9,0.596576514797454,QPSK,MPA,5,0.256822916666667,0.442005208333333,1,100.090694946985,-0.00787409283976472,3,0,0,0.4030892,10,4,MediumMobility,0,2026-08-05 23:37:38
Urban,38,EVA,2,9,0.576668952469399,QPSK,MPA,10,0.152200520833333,0.27984375,1,77.4371967063076,2.22100754504128,4,0,0,0.3400034,10,4,MediumMobility,0,2026-08-05 23:37:39
Urban,38,EVA,2,9,0.598179890068284,QPSK,MPA,15,0.130104166666667,0.242239583333333,1,71.8268686846254,2.87426132722453,5,0,0,0.2886594,10,4,MediumMobility,0,2026-08-05 23:37:39
Urban,38,EVA,2,9,0.600333838949018,QPSK,MPA,20,0.114127604166667,0.214427083333333,1,66.9122103636397,3.48989246985237,5,0,0,0.287807,10,4,MediumMobility,0,2026-08-05 23:37:39
Urban,38,EVA,2,9,0.59386197853702,QPSK,MPA,25,0.117604166666667,0.22109375,1,68.2517099569302,3.31772926946391,5,0,0,0.3658618,10,4,MediumMobility,0,2026-08-05 23:37:40
Urban,38,EVA,2,9,0.60058656747297,QPSK,MPA,30,0.103424479166667,0.195078125,1,63.8851019077581,3.892008161908,5,0,0,0.4461219,10,4,MediumMobility,0,2026-08-05 23:37:40
Urban,38,EVA,2,9,0.572262651650503,16QAM,MRC,0,0.354166666666667,0.809322916666667,1,100.580378165873,-0.0502652832927487,3,0,0,1.385671,4.4,4,MediumMobility,0,2026-08-05 23:37:41
Urban,38,EVA,2,9,0.599386775238145,16QAM,MRC,5,0.249498697916667,0.660989583333333,1,72.4626802123764,2.79771213086585,5,0,0,1.2667319,4.4,4,MediumMobility,0,2026-08-05 23:37:43
Urban,38,EVA,2,9,0.588366089178014,16QAM,MRC,10,0.137936197916667,0.456666666666667,1,47.2795366872766,6.50653575892564,7,0,0,1.3895695,4.9,4,MediumMobility,0,2026-08-05 23:37:44
Urban,38,EVA,2,9,0.58226581333639,16QAM,MRC,15,0.0824348958333333,0.281458333333333,1,32.7898164723814,9.68522028219982,8,0,0,1.2108566,5.5,4,MediumMobility,0,2026-08-05 23:37:45
Urban,38,EVA,2,9,0.600288745319046,16QAM,MRC,20,0.00559895833333333,0.0214583333333333,0.8,5.87044900843363,24.6265735988045,15,720000,0.75,1.4475303,4.8,4,MediumMobility,0,2026-08-05 23:37:47
Urban,38,EVA,2,9,0.598842822635504,16QAM,MRC,25,0.000677083333333333,0.002109375,0.2,1.21705787720222,38.293775367989,15,2880000,3,0.8814888,3.1,4,MediumMobility,0,2026-08-05 23:37:48
Urban,38,EVA,2,9,0.600872813897544,16QAM,MRC,30,0,0,0,0,160,15,3600000,3.75,0.5840878,2,4,MediumMobility,0,2026-08-05 23:37:48
Urban,38,EVA,2,9,0.600115781062837,16QAM,LMMSE,0,0.374270833333333,0.89796875,1,84.1714081214359,1.49670814716656,4,0,0,0.2952802,1,4,MediumMobility,0,2026-08-05 23:37:49
Urban,38,EVA,2,9,0.600863561207888,16QAM,LMMSE,5,0.341490885416667,0.874895833333333,1,77.3020478782551,2.23618001285084,4,0,0,0.2873126,1,4,MediumMobility,0,2026-08-05 23:37:49
Urban,38,EVA,2,9,0.600909527219112,16QAM,LMMSE,10,0.276295572916667,0.783541666666667,1,66.9123949115202,3.48986851368198,5,0,0,0.3064458,1,4,MediumMobility,0,2026-08-05 23:37:49
Urban,38,EVA,2,9,0.600296205140759,16QAM,LMMSE,15,0.201744791666667,0.62015625,1,55.9238278091867,5.0480622032184,6,0,0,0.4768613,1,4,MediumMobility,0,2026-08-05 23:37:50
Urban,38,EVA,2,9,0.600818716374213,16QAM,LMMSE,20,0.1108984375,0.372630208333333,1,37.8516013950421,8.43831483988684,8,0,0,0.3440987,1,4,MediumMobility,0,2026-08-05 23:37:50
Urban,38,EVA,2,9,0.600816369903293,16QAM,LMMSE,25,0.00686848958333333,0.0265364583333333,0.5,5.26853421735169,25.566203900154,15,1800000,1.875,0.3302037,1,4,MediumMobility,0,2026-08-05 23:37:50
Urban,38,EVA,2,9,0.598518286848435,16QAM,LMMSE,30,0.00129557291666667,0.00513020833333333,0.5,2.89932736201902,30.7540549168264,15,1800000,1.875,0.3456193,1,4,MediumMobility,0,2026-08-05 23:37:51
Urban,38,EVA,2,9,0.591213031525705,16QAM,MPA,0,0.372669270833333,0.895182291666667,1,83.6632010508859,1.54931045656118,4,0,0,0.4920259,10,4,MediumMobility,0,2026-08-05 23:37:51
Urban,38,EVA,2,9,0.595816592451116,16QAM,MPA,5,0.337389322916667,0.873203125,1,76.2352348799674,2.35688514613827,4,0,0,0.5124281,10,4,MediumMobility,0,2026-08-05 23:37:52
Urban,38,EVA,2,9,0.597660910213278,16QAM,MPA,10,0.326588541666667,0.863515625,1,74.6071317876091,2.54439311597213,5,0,0,0.5158854,10,4,MediumMobility,0,2026-08-05 23:37:52
Urban,38,EVA,2,9,0.585351083680906,16QAM,MPA,15,0.334811197916667,0.873932291666667,1,75.9494793808748,2.38950397592862,4,0,0,0.6706472,10,4,MediumMobility,0,2026-08-05 23:37:53
Urban,38,EVA,2,9,0.593775024761005,16QAM,MPA,20,0.3376953125,0.875546875,1,76.2220091893127,2.35839215081231,4,0,0,0.5552866,10,4,MediumMobility,0,2026-08-05 23:37:53
Urban,38,EVA,2,9,0.598588682197079,16QAM,MPA,25,0.331634114583333,0.868984375,1,75.1653978151723,2.479640793578,5,0,0,0.588267,10,4,MediumMobility,0,2026-08-05 23:37:54
Urban,38,EVA,2,9,0.575359230403199,16QAM,MPA,30,0.331497395833333,0.871354166666667,1,75.0105162170636,2.49755691486522,5,0,0,0.5107493,10,4,MediumMobility,0,2026-08-05 23:37:55
Urban,38,EVA,2,9,0.60085392637172,64QAM,MRC,0,0.429001736111111,0.95625,1,120.879221591702,-1.64703309354242,3,0,0,1.1014905,9.4,4,MediumMobility,0,2026-08-05 23:37:56
Urban,38,EVA,2,9,0.593844812027973,64QAM,MRC,5,0.329735243055556,0.892291666666667,1,75.0250663321953,2.49587223857039,5,0,0,1.5406118,9,4,MediumMobility,0,2026-08-05 23:37:57
Urban,38,EVA,2,9,0.595420560753906,64QAM,MRC,10,0.234518229166667,0.79390625,1,46.7489270637485,6.60456704369694,7,0,0,1.4888317,8.6,4,MediumMobility,0,2026-08-05 23:37:59
Urban,38,EVA,2,9,0.596211073990769,64QAM,MRC,15,0.100182291666667,0.464635416666667,1,23.7209048638586,12.4973749656114,10,0,0,1.8779762,8.5,4,MediumMobility,0,2026-08-05 23:38:01
Urban,38,EVA,2,9,0.594832180498805,64QAM,MRC,20,0.0467751736111111,0.242447916666667,1,14.7415327639518,16.629147159501,12,0,0,1.8510838,8.7,4,MediumMobility,0,2026-08-05 23:38:02
Urban,38,EVA,2,9,0.531354454997007,64QAM,MRC,25,0.0271050347222222,0.14453125,0.8,8.87429910281827,21.037318754863,14,1080000,1.125,2.0676162,9.1,4,MediumMobility,0,2026-08-05 23:38:04
Urban,38,EVA,2,9,0.599732447549797,64QAM,MRC,30,0.0114019097222222,0.056640625,0.3,3.30968981011113,29.6042541430336,15,3780000,3.9375,2.5361991,10.8,4,MediumMobility,0,2026-08-05 23:38:07
Urban,38,EVA,2,9,0.594346182247961,64QAM,LMMSE,0,0.434140625,0.979791666666667,1,92.4257825650968,0.684137271734505,4,0,0,0.3073172,1,4,MediumMobility,0,2026-08-05 23:38:07
Urban,38,EVA,2,9,0.573194507303243,64QAM,LMMSE,5,0.391753472222222,0.975677083333333,1,86.3853858576018,1.27119445093848,4,0,0,0.2787819,1,4,MediumMobility,0,2026-08-05 23:38:08
Urban,38,EVA,2,9,0.599955555714557,64QAM,LMMSE,10,0.389544270833333,0.973958333333333,1,82.9379221968665,1.62493698005219,4,0,0,0.2577116,1,4,MediumMobility,0,2026-08-05 23:38:08
Urban,38,EVA,2,9,0.582784800345242,64QAM,LMMSE,15,0.364157986111111,0.953515625,1,68.8424124986664,3.24287837511154,5,0,0,0.2748091,1,4,MediumMobility,0,2026-08-05 23:38:08
Urban,38,EVA,2,9,0.590407421416201,64QAM,LMMSE,20,0.299253472222222,0.905625,1,53.6775133486739,5.40415222785559,6,0,0,0.2618933,1,4,MediumMobility,0,2026-08-05 23:38:08
Urban,38,EVA,2,9,0.600614323177999,64QAM,LMMSE,25,0.125225694444444,0.531276041666667,1,26.2427686862504,11.619806951683,9,0,0,0.2636889,1,4,MediumMobility,0,2026-08-05 23:38:09
Urban,38,EVA,2,9,0.586934277521029,64QAM,LMMSE,30,0.0618142361111111,0.288515625,0.7,14.4169485428422,16.8225330326136,12,1620000,1.6875,0.253487,1,4,MediumMobility,0,2026-08-05 23:38:09
Urban,38,EVA,2,9,0.56750424834608,64QAM,MPA,0,0.415438368055556,0.978828125,1,89.7117982015149,0.943008763003979,4,0,0,0.7871325,10,4,MediumMobility,0,2026-08-05 23:38:10
Urban,38,EVA,2,9,0.569046821415292,64QAM,MPA,5,0.401158854166667,0.977838541666667,1,87.5146457321481,1.15838521877658,4,0,0,0.9037195,10,4,MediumMobility,0,2026-08-05 23:38:11
Urban,38,EVA,2,9,0.600753119179015,64QAM,MPA,10,0.392395833333333,0.977005208333333,1,86.484465918397,1.26123784417572,4,0,0,1.1821407,10,4,MediumMobility,0,2026-08-05 23:38:12
Urban,38,EVA,2,9,0.573435874542752,64QAM,MPA,15,0.406853298611111,0.978255208333333,1,87.7592165450855,1.13414525006731,4,0,0,1.0820938,10,4,MediumMobility,0,2026-08-05 23:38:13
Urban,38,EVA,2,9,0.600466713319316,64QAM,MPA,20,0.428220486111111,0.98078125,1,91.0775863181655,0.811769746160228,4,0,0,1.0422845,10,4,MediumMobility,0,2026-08-05 23:38:14
Urban,38,EVA,2,9,0.497900643522912,64QAM,MPA,25,0.426006944444444,0.979505208333333,1,90.7478710862638,0.843271091420048,4,0,0,0.8069687,10,4,MediumMobility,0,2026-08-05 23:38:15
Urban,38,EVA,2,9,0.589719483353924,64QAM,MPA,30,0.435173611111111,0.981041666666667,1,92.2256765824811,0.702963000698098,4,0,0,0.7099026,10,4,MediumMobility,0,2026-08-05 23:38:15
Urban,45,EVA,2,9,0.711560776995576,QPSK,MRC,0,0.248190104166667,0.427838541666667,1,98.0864237404395,0.167821993611217,3,0,0,0.6144415,3.6,5,MediumMobility,0,2026-08-05 23:38:16
Urban,45,EVA,2,9,0.675395346629891,QPSK,MRC,5,0.1093359375,0.201458333333333,1,61.8249605375153,4.17672304348043,5,0,0,0.7502061,3.1,5,MediumMobility,0,2026-08-05 23:38:17
Urban,45,EVA,2,9,0.706812950167361,QPSK,MRC,10,0.0343098958333333,0.066796875,1,34.5021228756163,9.24308364937395,8,0,0,0.6479799,2.8,5,MediumMobility,0,2026-08-05 23:38:17
Urban,45,EVA,2,9,0.711300882333116,QPSK,MRC,15,0.0027734375,0.00549479166666667,0.4,5.28285021835772,25.5426340488502,15,1080000,1.125,0.5162886,2.2,5,MediumMobility,0,2026-08-05 23:38:18
Urban,45,EVA,2,9,0.688129410798043,QPSK,MRC,20,5.20833333333333e-05,0.000104166666666667,0.1,0.456435464587638,46.8124123737559,15,1620000,1.6875,0.7301292,2,5,MediumMobility,0,2026-08-05 23:38:19
Urban,45,EVA,2,9,0.672760639063285,QPSK,MRC,25,0,0,0,0,160,15,1800000,1.875,0.5558063,2,5,MediumMobility,0,2026-08-05 23:38:19
Urban,45,EVA,2,9,0.710210300623686,QPSK,MRC,30,0,0,0,0,160,15,1800000,1.875,0.6202569,2,5,MediumMobility,0,2026-08-05 23:38:20
Urban,45,EVA,2,9,0.690257342361938,QPSK,LMMSE,0,0.185872395833333,0.333854166666667,1,84.9746657308124,1.41421070295906,4,0,0,0.307397,1,5,MediumMobility,0,2026-08-05 23:38:20
Urban,45,EVA,2,9,0.647495055597975,QPSK,LMMSE,5,0.1119140625,0.207786458333333,1,62.9044059085175,4.02637869848901,5,0,0,0.3264601,1,5,MediumMobility,0,2026-08-05 23:38:20
Urban,45,EVA,2,9,0.711517493821923,QPSK,LMMSE,10,0.0370833333333333,0.0698697916666667,1,27.2687383004965,11.2866991200149,9,0,0,0.3042978,1,5,MediumMobility,0,2026-08-05 23:38:21
Urban,45,EVA,2,9,0.709037413205995,QPSK,LMMSE,15,0.00522135416666667,0.0103645833333333,0.9,9.13199213219336,20.7886894270931,13,180000,0.1875,0.3664363,1,5,MediumMobility,0,2026-08-05 23:38:21
Urban,45,EVA,2,9,0.512982692762967,QPSK,LMMSE,20,7.8125e-05,0.00015625,0.4,1.0799379044025,39.3320243078655,15,1080000,1.125,0.2571984,1,5,MediumMobility,0,2026-08-05 23:38:21
Urban,45,EVA,2,9,0.692971222529383,QPSK,LMMSE,25,0,0,0,0,160,15,1800000,1.875,0.270339,1,5,MediumMobility,0,2026-08-05 23:38:22
Urban,45,EVA,2,9,0.710519327669787,QPSK,LMMSE,30,0,0,0,0,160,15,1800000,1.875,0.265095,1,5,MediumMobility,0,2026-08-05 23:38:22
Urban,45,EVA,2,9,0.693647337057592,QPSK,MPA,0,0.262955729166667,0.455572916666667,1,102.238649099275,-0.192302048562266,3,0,0,0.354055,10,5,MediumMobility,0,2026-08-05 23:38:22
Urban,45,EVA,2,9,0.70930796401892,QPSK,MPA,5,0.202916666666667,0.36390625,1,89.7154236881914,0.942657750745875,4,0,0,0.3867335,10,5,MediumMobility,0,2026-08-05 23:38:23
Urban,45,EVA,2,9,0.700104701689701,QPSK,MPA,10,0.1591015625,0.29203125,1,79.2633910427072,2.01854703276117,4,0,0,0.3615722,10,5,MediumMobility,0,2026-08-05 23:38:23
Urban,45,EVA,2,9,0.686372343232776,QPSK,MPA,15,0.133502604166667,0.247526041666667,1,72.736673123297,2.76493133734354,5,0,0,0.3693132,10,5,MediumMobility,0,2026-08-05 23:38:23
Urban,45,EVA,2,9,0.690811025530248,QPSK,MPA,20,0.106315104166667,0.201041666666667,1,64.908535011744,3.75396385604507,5,0,0,0.4347988,10,5,MediumMobility,0,2026-08-05 23:38:24
Urban,45,EVA,2,9,0.710425549068405,QPSK,MPA,25,0.1119921875,0.211901041666667,1,66.7319182735027,3.51332781510122,5,0,0,0.378493,10,5,MediumMobility,0,2026-08-05 23:38:24
Urban,45,EVA,2,9,0.710421405866679,QPSK,MPA,30,0.114713541666667,0.216484375,1,67.2718031184927,3.44333863114644,5,0,0,0.2834081,10,5,MediumMobility,0,2026-08-05 23:38:25
Urban,45,EVA,2,9,0.710955208227095,16QAM,MRC,0,0.33734375,0.790989583333333,1,95.6854610637776,0.383080922509975,4,0,0,0.6257747,3.8,5,MediumMobility,0,2026-08-05 23:38:25
Urban,45,EVA,2,9,0.698376710716267,16QAM,MRC,5,0.216744791666667,0.603802083333333,1,65.1741277471243,3.718495449344,5,0,0,0.7584037,3.6,5,MediumMobility,0,2026-08-05 23:38:26
Urban,45,EVA,2,9,0.704804227242346,16QAM,MRC,10,0.138678385416667,0.417552083333333,1,46.4030052067109,6.6690778447524,7,0,0,0.8109141,4,5,MediumMobility,0,2026-08-05 23:38:27
Urban,45,EVA,2,9,0.66663188704359,16QAM,MRC,15,0.0588802083333333,0.206901041666667,1,26.5347781815969,11.5236907703856,9,0,0,1.3062179,5.6,5,MediumMobility,0,2026-08-05 23:38:28
Urban,45,EVA,2,9,0.628183930573306,16QAM,MRC,20,0.00690104166666667,0.0267708333333333,0.6,7.01305620808116,23.0818536062774,15,1440000,1.5,0.8069162,4.4,5,MediumMobility,0,2026-08-05 23:38:29
Urban,45,EVA,2,9,0.710947387745775,16QAM,MRC,25,5.20833333333333e-05,0.000208333333333333,0.2,0.408731022448426,47.7712479667438,15,2880000,3,0.6393382,2.7,5,MediumMobility,0,2026-08-05 23:38:29
Urban,45,EVA,2,9,0.711345673681142,16QAM,MRC,30,2.60416666666667e-05,0.000104166666666667,0.1,0.204315781148241,53.7939617519416,15,3240000,3.375,0.6615768,2.6,5,MediumMobility,0,2026-08-05 23:38:30
Urban,45,EVA,2,9,0.703493535792448,16QAM,LMMSE,0,0.379231770833333,0.901666666666667,1,85.0097456536583,1.41062566430527,4,0,0,0.344848,1,5,MediumMobility,0,2026-08-05 23:38:30
Urban,45,EVA,2,9,0.710769244952049,16QAM,LMMSE,5,0.334498697916667,0.872526041666667,1,75.9392785952683,2.39067065737777,4,0,0,0.3423452,1,5,MediumMobility,0,2026-08-05 23:38:31
Urban,45,EVA,2,9,0.694733913484043,16QAM,LMMSE,10,0.283170572916667,0.796015625,1,67.8379029401292,3.37055171609017,5,0,0,0.3226875,1,5,MediumMobility,0,2026-08-05 23:38:31
Urban,45,EVA,2,9,0.701212743600894,16QAM,LMMSE,15,0.20244140625,0.63375,1,56.6107837837002,4.9420166441984,6,0,0,0.3354117,1,5,MediumMobility,0,2026-08-05 23:38:31
Urban,45,EVA,2,9,0.708363183703989,16QAM,LMMSE,20,0.078359375,0.267760416666667,0.8,29.195266522644,10.6937511146863,9,720000,0.75,0.332829,1,5,MediumMobility,0,2026-08-05 23:38:32
Urban,45,EVA,2,9,0.700829760427081,16QAM,LMMSE,25,0.02158203125,0.0813541666666667,0.6,13.1257258338365,17.6375334279044,12,1440000,1.5,0.341063,1,5,MediumMobility,0,2026-08-05 23:38:32
Urban,45,EVA,2,9,0.709871253485467,16QAM,LMMSE,30,0.00348307291666667,0.0135677083333333,0.4,3.37896761561451,29.4243194105945,15,2160000,2.25,0.266358,1,5,MediumMobility,0,2026-08-05 23:38:32
Urban,45,EVA,2,9,0.698622324043104,16QAM,MPA,0,0.369153645833333,0.89015625,1,83.1677181005464,1.60090428461294,4,0,0,0.3676049,10,5,MediumMobility,0,2026-08-05 23:38:33
Urban,45,EVA,2,9,0.698982399325216,16QAM,MPA,5,0.346529947916667,0.87546875,1,78.6889725924918,2.0817225009224,4,0,0,0.4021512,10,5,MediumMobility,0,2026-08-05 23:38:33
Urban,45,EVA,2,9,0.70480142495546,16QAM,MPA,10,0.327135416666667,0.867291666666667,1,74.2636567892917,2.58447339298359,5,0,0,0.4042404,10,5,MediumMobility,0,2026-08-05 23:38:34
Urban,45,EVA,2,9,0.707464888420324,16QAM,MPA,15,0.32603515625,0.863776041666667,1,74.4271751801361,2.56536927942902,5,0,0,0.4744476,10,5,MediumMobility,0,2026-08-05 23:38:34
Urban,45,EVA,2,9,0.707923174562358,16QAM,MPA,20,0.335345052083333,0.871848958333333,1,76.1654005236443,2.36484539581592,4,0,0,0.5041285,10,5,MediumMobility,0,2026-08-05 23:38:35
Urban,45,EVA,2,9,0.693764492728041,16QAM,MPA,25,0.33685546875,0.871953125,1,76.5586022018104,2.32012008915464,4,0,0,0.5041374,10,5,MediumMobility,0,2026-08-05 23:38:35
Urban,45,EVA,2,9,0.708288729576939,16QAM,MPA,30,0.334290364583333,0.873880208333333,1,75.6477574753989,2.42407883609287,5,0,0,0.5284512,10,5,MediumMobility,0,2026-08-05 23:38:36
Urban,45,EVA,2,9,0.711596168332506,64QAM,MRC,0,0.402886284722222,0.941770833333333,1,104.709990743452,-0.399762423977793,3,0,0,1.4971985,8.3,5,MediumMobility,0,2026-08-05 23:38:37
Urban,45,EVA,2,9,0.70855215994384,64QAM,MRC,5,0.343732638888889,0.910442708333333,1,76.770571269843,2.29610455365244,4,0,0,1.5499792,9.4,5,MediumMobility,0,2026-08-05 23:38:39
Urban,45,EVA,2,9,0.706026980030476,64QAM,MRC,10,0.241527777777778,0.800625,1,49.088105883289,6.1804745058152,7,0,0,1.120166,7.9,5,MediumMobility,0,2026-08-05 23:38:40
Urban,45,EVA,2,9,0.710943053969769,64QAM,MRC,15,0.173988715277778,0.695625,1,35.4839555272315,8.99935947472179,8,0,0,1.4477445,10.8,5,MediumMobility,0,2026-08-05 23:38:41
Urban,45,EVA,2,9,0.69500849017589,64QAM,MRC,20,0.0593098958333333,0.298932291666667,1,16.8607480104897,15.4624632447332,11,0,0,1.1020459,8.2,5,MediumMobility,0,2026-08-05 23:38:42
Urban,45,EVA,2,9,0.707571287564911,64QAM,MRC,25,0.0312543402777778,0.163932291666667,1,10.4108555328945,19.6502716000905,13,0,0,1.4021429,8.8,5,MediumMobility,0,2026-08-05 23:38:44
Urban,45,EVA,2,9,0.696882035957069,64QAM,MRC,30,0.00881510416666667,0.0477864583333333,0.6,3.94346163255579,28.0824476046854,15,2160000,2.25,2.1071558,11.5,5,MediumMobility,0,2026-08-05 23:38:46
Urban,45,EVA,2,9,0.676502959255558,64QAM,LMMSE,0,0.422573784722222,0.979661458333333,1,90.7266001486803,0.845307267813757,4,0,0,0.3197908,1,5,MediumMobility,0,2026-08-05 23:38:46
Urban,45,EVA,2,9,0.702629281017162,64QAM,LMMSE,5,0.403272569444444,0.978098958333333,1,87.6379179199002,1.14615897700516,4,0,0,0.292393,1,5,MediumMobility,0,2026-08-05 23:38:46
Urban,45,EVA,2,9,0.703764109335635,64QAM,LMMSE,10,0.395755208333333,0.973255208333333,1,83.0115303245453,1.61723159620551,4,0,0,0.3174833,1,5,MediumMobility,0,2026-08-05 23:38:47
Urban,45,EVA,2,9,0.711591064037943,64QAM,LMMSE,15,0.382795138888889,0.964791666666667,1,74.1907730924482,2.59300206806003,5,0,0,0.3478944,1,5,MediumMobility,0,2026-08-05 23:38:47
Urban,45,EVA,2,9,0.705702056053752,64QAM,LMMSE,20,0.277760416666667,0.888177083333333,1,47.7455088466714,6.42134947630234,7,0,0,0.3472103,1,5,MediumMobility,0,2026-08-05 23:38:47
Urban,45,EVA,2,9,0.692801333040915,64QAM,LMMSE,25,0.222608506944444,0.799166666666667,1,40.2157998433171,7.9120657857365,7,0,0,0.3585416,1,5,MediumMobility,0,2026-08-05 23:38:48
Urban,45,EVA,2,9,0.705923728295208,64QAM,LMMSE,30,0.0693315972222222,0.350546875,0.9,18.5370043299546,14.6392089724268,11,540000,0.5625,0.395634,1,5,MediumMobility,0,2026-08-05 23:38:48
Urban,45,EVA,2,9,0.711004368976131,64QAM,MPA,0,0.426432291666667,0.980963541666667,1,91.0882379167734,0.810753983621107,4,0,0,0.801067,10,5,MediumMobility,0,2026-08-05 23:38:49
Urban,45,EVA,2,9,0.710136441503895,64QAM,MPA,5,0.394943576388889,0.977786458333333,1,86.5970588674566,1.2499371571877,4,0,0,0.9149655,10,5,MediumMobility,0,2026-08-05 23:38:50
Urban,45,EVA,2,9,0.711057890299762,64QAM,MPA,10,0.388098958333333,0.975182291666667,1,85.8235340157076,1.32787212374802,4,0,0,1.11706,10,5,MediumMobility,0,2026-08-05 23:38:51
Urban,45,EVA,2,9,0.649599099485002,64QAM,MPA,15,0.398806423611111,0.978072916666667,1,86.6843612917065,1.24118492875334,4,0,0,0.665948,10,5,MediumMobility,0,2026-08-05 23:38:52
Urban,45,EVA,2,9,0.710791879138604,64QAM,MPA,20,0.422725694444444,0.979296875,1,90.3535272202185,0.881097775757338,4,0,0,0.6790102,10,5,MediumMobility,0,2026-08-05 23:38:52
Urban,45,EVA,2,9,0.711517341822856,64QAM,MPA,25,0.445555555555556,0.980833333333333,1,93.9416464770281,0.542836647666515,4,0,0,1.0086367,10,5,MediumMobility,0,2026-08-05 23:38:53
Urban,45,EVA,2,9,0.706116044697432,64QAM,MPA,30,0.434188368055556,0.979817708333333,1,92.3098032483392,0.695043493982604,4,0,0,0.9412159,10,5,MediumMobility,0,2026-08-05 23:38:54
Urban,46,EVA,2,9,0.725069774945815,QPSK,MRC,0,0.2523046875,0.4346875,1,98.9347175584401,0.0930256345337773,3,0,0,0.8991104,3.1,6,MediumMobility,0,2026-08-05 23:38:55
Urban,46,EVA,2,9,0.726980700727449,QPSK,MRC,5,0.0873567708333333,0.162005208333333,1,53.6362215102663,5.41083648629712,6,0,0,0.7032347,2.7,6,MediumMobility,0,2026-08-05 23:38:56
Urban,46,EVA,2,9,0.686564880231136,QPSK,MRC,10,0.0512630208333333,0.0928385416666667,1,35.8435163130021,8.91178783710416,8,0,0,0.6393989,2.9,6,MediumMobility,0,2026-08-05 23:38:57
Urban,46,EVA,2,9,0.727412630312569,QPSK,MRC,15,0.0019921875,0.00395833333333333,0.4,4.66811238810882,26.6171739310769,15,1080000,1.125,0.4855592,2.3,6,MediumMobility,0,2026-08-05 23:38:57
Urban,46,EVA,2,9,0.720434639002734,QPSK,MRC,20,0,0,0,0,160,15,1800000,1.875,0.4341729,2,6,MediumMobility,0,2026-08-05 23:38:58
Urban,46,EVA,2,9,0.659342635160172,QPSK,MRC,25,0,0,0,0,160,15,1800000,1.875,0.5879437,2,6,MediumMobility,0,2026-08-05 23:38:58
Urban,46,EVA,2,9,0.676179962621543,QPSK,MRC,30,0,0,0,0,160,15,1800000,1.875,0.6100569,2,6,MediumMobility,0,2026-08-05 23:38:59
Urban,46,EVA,2,9,0.613753663288786,QPSK,LMMSE,0,0.2021484375,0.360104166666667,1,89.1959358187382,0.993098672949917,4,0,0,0.3046092,1,6,MediumMobility,0,2026-08-05 23:38:59
Urban,46,EVA,2,9,0.673677270111687,QPSK,LMMSE,5,0.0790494791666667,0.146536458333333,1,50.106069764257,6.00219322498938,7,0,0,0.3209264,1,6,MediumMobility,0,2026-08-05 23:38:59
Urban,46,EVA,2,9,0.612667897378142,QPSK,LMMSE,10,0.0233333333333333,0.0450260416666667,0.9,23.5070150121046,12.5760503065493,10,180000,0.1875,0.356224,1,6,MediumMobility,0,2026-08-05 23:39:00
Urban,46,EVA,2,9,0.727399058509742,QPSK,LMMSE,15,0.00899739583333333,0.0177864583333333,0.7,12.4250760550882,18.1140188845622,12,540000,0.5625,0.3562121,1,6,MediumMobility,0,2026-08-05 23:39:00
Urban,46,EVA,2,9,0.727415118461186,QPSK,LMMSE,20,0.00100260416666667,0.00200520833333333,0.1,2.00260247344965,33.9681050353107,15,1620000,1.6875,0.3348659,1,6,MediumMobility,0,2026-08-05 23:39:00
Urban,46,EVA,2,9,0.72203037346998,QPSK,LMMSE,25,0,0,0,0,160,15,1800000,1.875,0.3998468,1,6,MediumMobility,0,2026-08-05 23:39:01
Urban,46,EVA,2,9,0.726570043548339,QPSK,LMMSE,30,0,0,0,0,160,15,1800000,1.875,0.2766475,1,6,MediumMobility,0,2026-08-05 23:39:01
Urban,46,EVA,2,9,0.716926598343419,QPSK,MPA,0,0.298997395833333,0.508098958333333,1,109.103134323499,-0.756744544277786,3,0,0,0.2888919,10,6,MediumMobility,0,2026-08-05 23:39:01
Urban,46,EVA,2,9,0.727259225915071,QPSK,MPA,5,0.221080729166667,0.388567708333333,1,93.1818873138935,0.61336995122475,4,0,0,0.2950036,10,6,MediumMobility,0,2026-08-05 23:39:02
Urban,46,EVA,2,9,0.7247504977689,QPSK,MPA,10,0.151770833333333,0.279192708333333,1,77.4963127105334,2.21437921634209,4,0,0,0.3017008,10,6,MediumMobility,0,2026-08-05 23:39:02
Urban,46,EVA,2,9,0.725031909942611,QPSK,MPA,15,0.130104166666667,0.2425,1,71.801126528061,2.87737483630091,5,0,0,0.3069588,10,6,MediumMobility,0,2026-08-05 23:39:02
Urban,46,EVA,2,9,0.724538368628024,QPSK,MPA,20,0.118385416666667,0.221770833333333,1,68.596234727762,3.27399444441727,5,0,0,0.320907,10,6,MediumMobility,0,2026-08-05 23:39:03
Urban,46,EVA,2,9,0.727398936135944,QPSK,MPA,25,0.112018229166667,0.211276041666667,1,66.7034486540467,3.51703423839931,5,0,0,0.5376845,10,6,MediumMobility,0,2026-08-05 23:39:03
Urban,46,EVA,2,9,0.724380988032812,QPSK,MPA,30,0.10765625,0.203307291666667,1,65.3793400620432,3.69118934989413,5,0,0,0.5121475,10,6,MediumMobility,0,2026-08-05 23:39:04
Urban,46,EVA,2,9,0.563581359103372,16QAM,MRC,0,0.340768229166667,0.79390625,1,96.5555734451639,0.304453050510127,4,0,0,1.0574197,2.7,6,MediumMobility,0,2026-08-05 23:39:05
Urban,46,EVA,2,9,0.727401383755394,16QAM,MRC,5,0.208912760416667,0.588984375,1,63.0533068543213,4.00584263513318,5,0,0,1.1608161,3.9,6,MediumMobility,0,2026-08-05 23:39:06
Urban,46,EVA,2,9,0.72598143498235,16QAM,MRC,10,0.152298177083333,0.477057291666667,1,50.4496058138569,5.94284445515612,7,0,0,1.0574656,4,6,MediumMobility,0,2026-08-05 23:39:07
Urban,46,EVA,2,9,0.727384780031443,16QAM,MRC,15,0.0762434895833333,0.255833333333333,1,28.9803531486188,10.7579265321886,9,0,0,1.0417469,4.3,6,MediumMobility,0,2026-08-05 23:39:08
Urban,46,EVA,2,9,0.727050512367631,16QAM,MRC,20,0.0349348958333333,0.12515625,0.8,17.3703801282675,15.2038135495352,11,720000,0.75,2.1132373,5.5,6,MediumMobility,0,2026-08-05 23:39:10
Urban,46,EVA,2,9,0.726462068783621,16QAM,MRC,25,0.0139192708333333,0.0448177083333333,0.3,5.26854048106345,25.566193573586,15,2520000,2.625,1.8292763,3.5,6,MediumMobility,0,2026-08-05 23:39:12
Urban,46,EVA,2,9,0.718936896982853,16QAM,MRC,30,0,0,0,0,160,15,3600000,3.75,1.0354178,2.1,6,MediumMobility,0,2026-08-05 23:39:13
Urban,46,EVA,2,9,0.683761471701086,16QAM,LMMSE,0,0.361595052083333,0.889479166666667,1,81.2280592073045,1.80587846593666,4,0,0,0.3819334,1,6,MediumMobility,0,2026-08-05 23:39:13
Urban,46,EVA,2,9,0.720170870661494,16QAM,LMMSE,5,0.330423177083333,0.867239583333333,1,75.2445377583817,2.47050042830236,5,0,0,0.3871128,1,6,MediumMobility,0,2026-08-05 23:39:14
Urban,46,EVA,2,9,0.71893055886623,16QAM,LMMSE,10,0.290598958333333,0.801276041666667,1,69.8346001656029,3.11858698082223,5,0,0,0.3883159,1,6,MediumMobility,0,2026-08-05 23:39:14
Urban,46,EVA,2,9,0.674190086258143,16QAM,LMMSE,15,0.16767578125,0.522578125,1,49.0591311199527,6.18560295591983,7,0,0,0.3983425,1,6,MediumMobility,0,2026-08-05 23:39:15
Urban,46,EVA,2,9,0.708868636753646,16QAM,LMMSE,20,0.0530598958333333,0.190807291666667,0.8,24.0031225612508,12.3946451466773,10,720000,0.75,0.5847444,1,6,MediumMobility,0,2026-08-05 23:39:15
Urban,46,EVA,2,9,0.72476164554304,16QAM,LMMSE,25,0.0198502604166667,0.07515625,1,13.7254893106424,17.2494432820033,12,0,0,0.5868192,1,6,MediumMobility,0,2026-08-05 23:39:16
Urban,46,EVA,2,9,0.699704952064723,16QAM,LMMSE,30,0.0024609375,0.00979166666666667,0.3,3.44432102381685,29.257927548695,15,2520000,2.625,0.4576714,1,6,MediumMobility,0,2026-08-05 23:39:16
Urban,46,EVA,2,9,0.710079449126889,16QAM,MPA,0,0.382506510416667,0.898619791666667,1,85.8345769890547,1.32675457623057,4,0,0,0.6057801,10,6,MediumMobility,0,2026-08-05 23:39:17
Urban,46,EVA,2,9,0.725797747715224,16QAM,MPA,5,0.347662760416667,0.880885416666667,1,78.6637156751386,2.0845108714425,4,0,0,0.5984289,10,6,MediumMobility,0,2026-08-05 23:39:17
Urban,46,EVA,2,9,0.718930479969895,16QAM,MPA,10,0.33533203125,0.871510416666667,1,76.3102340457487,2.34834428898926,4,0,0,0.5831847,10,6,MediumMobility,0,2026-08-05 23:39:18
Urban,46,EVA,2,9,0.721043650889531,16QAM,MPA,15,0.340364583333333,0.87796875,1,77.0240926618483,2.26746817875946,4,0,0,0.4346883,10,6,MediumMobility,0,2026-08-05 23:39:18
Urban,46,EVA,2,9,0.624780088773698,16QAM,MPA,20,0.341184895833333,0.876432291666667,1,77.1261325800439,2.25596890788669,4,0,0,0.4839688,10,6,MediumMobility,0,2026-08-05 23:39:19
Urban,46,EVA,2,9,0.726078853969668,16QAM,MPA,25,0.341328125,0.876119791666667,1,77.2370696151952,2.24348423542213,4,0,0,0.4669541,10,6,MediumMobility,0,2026-08-05 23:39:19
Urban,46,EVA,2,9,0.721101815482171,16QAM,MPA,30,0.340208333333333,0.877552083333333,1,76.9700548253227,2.2735640818995,4,0,0,0.5760781,10,6,MediumMobility,0,2026-08-05 23:39:20
Urban,46,EVA,2,9,0.727410840438308,64QAM,MRC,0,0.406215277777778,0.947708333333333,1,105.669633862199,-0.479004052527207,3,0,0,2.0329268,8.8,6,MediumMobility,0,2026-08-05 23:39:22
Urban,46,EVA,2,9,0.546014855539436,64QAM,MRC,5,0.337508680555556,0.905989583333333,1,74.9587560978173,2.50355257910147,5,0,0,1.5001904,7.3,6,MediumMobility,0,2026-08-05 23:39:23
Urban,46,EVA,2,9,0.707864216922989,64QAM,MRC,10,0.2346875,0.808645833333333,1,46.2939429180403,6.68951656381138,7,0,0,1.4182681,7.2,6,MediumMobility,0,2026-08-05 23:39:25
Urban,46,EVA,2,9,0.726790033702922,64QAM,MRC,15,0.1814453125,0.6909375,1,37.1240394939425,8.6068954796236,8,0,0,1.6337127,8.8,6,MediumMobility,0,2026-08-05 23:39:27
Urban,46,EVA,2,9,0.725919521425247,64QAM,MRC,20,0.0488368055555556,0.255338541666667,1,14.7155496751677,16.6444702180987,12,0,0,1.498227,7.6,6,MediumMobility,0,2026-08-05 23:39:28
Urban,46,EVA,2,9,0.726684367569556,64QAM,MRC,25,0.0492100694444444,0.246744791666667,0.9,13.6358843053534,17.3063338446092,12,540000,0.5625,1.554434,11.5,6,MediumMobility,0,2026-08-05 23:39:30
Urban,46,EVA,2,9,0.725255985947302,64QAM,MRC,30,0.000642361111111111,0.00346354166666667,0.1,0.606339062590832,44.345689040342,15,4860000,5.0625,1.3758954,9,6,MediumMobility,0,2026-08-05 23:39:31
Urban,46,EVA,2,9,0.679981657261064,64QAM,LMMSE,0,0.4248046875,0.979270833333333,1,90.9007445114942,0.828651194546461,4,0,0,0.2859402,1,6,MediumMobility,0,2026-08-05 23:39:31
Urban,46,EVA,2,9,0.727294547278821,64QAM,LMMSE,5,0.396762152777778,0.976927083333333,1,86.9316592280345,1.21644062199024,4,0,0,0.2708727,1,6,MediumMobility,0,2026-08-05 23:39:32
Urban,46,EVA,2,9,0.679911378047145,64QAM,LMMSE,10,0.393823784722222,0.973776041666667,1,82.072269968035,1.716071092481,4,0,0,0.2565511,1,6,MediumMobility,0,2026-08-05 23:39:32
Urban,46,EVA,2,9,0.727377619550193,64QAM,LMMSE,15,0.366666666666667,0.955260416666667,1,67.5896196391506,3.40239995087058,5,0,0,0.2806736,1,6,MediumMobility,0,2026-08-05 23:39:32
Urban,46,EVA,2,9,0.686929981009065,64QAM,LMMSE,20,0.269457465277778,0.833203125,1,47.4743021800116,6.47082820389795,7,0,0,0.2674632,1,6,MediumMobility,0,2026-08-05 23:39:32
Urban,46,EVA,2,9,0.727412485620856,64QAM,LMMSE,25,0.15265625,0.549036458333333,1,29.9924590497268,10.4597585087869,9,0,0,0.2731888,1,6,MediumMobility,0,2026-08-05 23:39:33
Urban,46,EVA,2,9,0.718824214973634,64QAM,LMMSE,30,0.0632465277777778,0.275885416666667,0.9,15.1895491832356,16.3691023109451,12,540000,0.5625,0.2772884,1,6,MediumMobility,0,2026-08-05 23:39:33
Urban,46,EVA,2,9,0.685904731927256,64QAM,MPA,0,0.422439236111111,0.979817708333333,1,90.7127933947218,0.846629185166246,4,0,0,0.6774227,10,6,MediumMobility,0,2026-08-05 23:39:34
Urban,46,EVA,2,9,0.711649227124642,64QAM,MPA,5,0.394309895833333,0.977005208333333,1,86.7588361020609,1.23372565640331,4,0,0,0.8708583,10,6,MediumMobility,0,2026-08-05 23:39:34
Urban,46,EVA,2,9,0.690448719036651,64QAM,MPA,10,0.3830078125,0.97421875,1,85.0936443065578,1.40205752819546,4,0,0,0.9352274,10,6,MediumMobility,0,2026-08-05 23:39:35
Urban,46,EVA,2,9,0.725516096682926,64QAM,MPA,15,0.406206597222222,0.978177083333333,1,87.5593279171847,1.15395161247459,4,0,0,0.9051081,10,6,MediumMobility,0,2026-08-05 23:39:36
Urban,46,EVA,2,9,0.727285189315605,64QAM,MPA,20,0.421467013888889,0.979713541666667,1,89.9884679160577,0.916262842617309,4,0,0,0.9282114,10,6,MediumMobility,0,2026-08-05 23:39:37
Urban,46,EVA,2,9,0.645387419617898,64QAM,MPA,25,0.4328515625,0.981328125,1,91.8122750884491,0.741985015018496,4,0,0,0.8877471,10,6,MediumMobility,0,2026-08-05 23:39:38
Urban,46,EVA,2,9,0.715508669990314,64QAM,MPA,30,0.417881944444444,0.97984375,1,89.4308970787136,0.970248256612162,4,0,0,0.8109322,10,6,MediumMobility,0,2026-08-05 23:39:39
Urban,13,EVA,2,9,0.204101909622977,QPSK,MRC,0,0.2057421875,0.351875,1,84.4890089004763,1.46399568712254,4,0,0,0.4907392,2.6,7,MediumMobility,0,2026-08-05 23:39:39
Urban,13,EVA,2,9,0.204136523902791,QPSK,MRC,5,0.0877473958333333,0.163177083333333,1,55.5200138074714,5.11100869093871,6,0,0,0.650627,2.8,7,MediumMobility,0,2026-08-05 23:39:40
Urban,13,EVA,2,9,0.203914339860247,QPSK,MRC,10,0.0352994791666667,0.0672395833333333,0.9,31.3855506706598,10.0654049419026,8,180000,0.1875,0.6990654,3.2,7,MediumMobility,0,2026-08-05 23:39:41
Urban,13,EVA,2,9,0.205567602163849,QPSK,MRC,15,0.00315104166666667,0.006171875,0.2,4.10231895270512,27.7394115306705,15,1440000,1.5,0.4763065,2.4,7,MediumMobility,0,2026-08-05 23:39:41
Urban,13,EVA,2,9,0.204907986528684,QPSK,MRC,20,0.000377604166666667,0.000755208333333333,0.2,1.59752412605673,35.9310514867504,15,1440000,1.5,0.7509685,2.2,7,MediumMobility,0,2026-08-05 23:39:42
Urban,13,EVA,2,9,0.193159496578475,QPSK,MRC,25,0,0,0,0,160,15,1800000,1.875,0.4891926,2,7,MediumMobility,0,2026-08-05 23:39:42
Urban,13,EVA,2,9,0.184922389372855,QPSK,MRC,30,0,0,0,0,160,15,1800000,1.875,0.619129,2,7,MediumMobility,0,2026-08-05 23:39:43
Urban,13,EVA,2,9,0.204672008483922,QPSK,LMMSE,0,0.235755208333333,0.411536458333333,1,96.0651502165102,0.348682676103743,4,0,0,0.2846324,1,7,MediumMobility,0,2026-08-05 23:39:43
Urban,13,EVA,2,9,0.20421716725603,QPSK,LMMSE,5,0.11640625,0.212083333333333,1,61.8380882590745,4.17487890422945,5,0,0,0.3058147,1,7,MediumMobility,0,2026-08-05 23:39:44
Urban,13,EVA,2,9,0.204548738977004,QPSK,LMMSE,10,0.0563541666666667,0.106770833333333,0.9,38.5126757460455,8.28792613682956,8,180000,0.1875,0.2446574,1,7,MediumMobility,0,2026-08-05 23:39:44
Urban,13,EVA,2,9,0.205015840427951,QPSK,LMMSE,15,0.00544270833333333,0.01078125,0.5,9.46912123532241,20.4738064608187,13,900000,0.9375,0.2332692,1,7,MediumMobility,0,2026-08-05 23:39:44
Urban,13,EVA,2,9,0.20512853989419,QPSK,LMMSE,20,0.000338541666666667,0.000677083333333333,0.2,1.64570147151096,35.6729788506875,15,1440000,1.5,0.2184482,1,7,MediumMobility,0,2026-08-05 23:39:44
Urban,13,EVA,2,9,0.205455486593282,QPSK,LMMSE,25,0.00111979166666667,0.00223958333333333,0.3,2.98756014115301,30.4936668676009,15,1260000,1.3125,0.2356239,1,7,MediumMobility,0,2026-08-05 23:39:45
Urban,13,EVA,2,9,0.202793964134684,QPSK,LMMSE,30,0,0,0,0,160,15,1800000,1.875,0.2319793,1,7,MediumMobility,0,2026-08-05 23:39:45
Urban,13,EVA,2,9,0.204712780528299,QPSK,MPA,0,0.3023046875,0.509505208333333,1,109.516170204299,-0.789564961061082,3,0,0,0.29362,10,7,MediumMobility,0,2026-08-05 23:39:45
Urban,13,EVA,2,9,0.197068294263051,QPSK,MPA,5,0.171041666666667,0.311640625,1,81.4853187013101,1.77841263044212,4,0,0,0.4009887,10,7,MediumMobility,0,2026-08-05 23:39:46
Urban,13,EVA,2,9,0.187640912974181,QPSK,MPA,10,0.1698046875,0.309479166666667,1,81.8711160327545,1.73738578899315,4,0,0,0.4004476,10,7,MediumMobility,0,2026-08-05 23:39:46
Urban,13,EVA,2,9,0.183026673593361,QPSK,MPA,15,0.123997395833333,0.231067708333333,1,69.0840967942322,3.21243832007293,5,0,0,0.4083256,10,7,MediumMobility,0,2026-08-05 23:39:46
Urban,13,EVA,2,9,0.202917808111288,QPSK,MPA,20,0.120260416666667,0.224713541666667,1,68.3347561006398,3.30716702638323,5,0,0,0.3994344,10,7,MediumMobility,0,2026-08-05 23:39:47
Urban,13,EVA,2,9,0.187802517601839,QPSK,MPA,25,0.107356770833333,0.203541666666667,1,64.9792346732292,3.74450816180618,5,0,0,0.4158005,10,7,MediumMobility,0,2026-08-05 23:39:47
Urban,13,EVA,2,9,0.205236916742625,QPSK,MPA,30,0.1137109375,0.214244791666667,1,66.8487857276151,3.49812954113965,5,0,0,0.4355084,10,7,MediumMobility,0,2026-08-05 23:39:48
Urban,13,EVA,2,9,0.184589570312974,16QAM,MRC,0,0.359759114583333,0.814479166666667,1,105.131230702997,-0.434634968936087,3,0,0,1.1882138,3.7,7,MediumMobility,0,2026-08-05 23:39:49
Urban,13,EVA,2,9,0.204721615970286,16QAM,MRC,5,0.263541666666667,0.68109375,1,77.1249386590117,2.25610336745626,4,0,0,1.2584557,5.1,7,MediumMobility,0,2026-08-05 23:39:50
Urban,13,EVA,2,9,0.202695112210858,16QAM,MRC,10,0.13330078125,0.420703125,1,45.6301597538941,6.81496021467906,7,0,0,1.0699595,4.5,7,MediumMobility,0,2026-08-05 23:39:51
Urban,13,EVA,2,9,0.20551163863857,16QAM,MRC,15,0.04841796875,0.170885416666667,1,23.6898068053683,12.5087696202468,10,0,0,1.3062833,5.1,7,MediumMobility,0,2026-08-05 23:39:52
Urban,13,EVA,2,9,0.204363032404043,16QAM,MRC,20,0.0312955729166667,0.108984375,0.7,16.3314591371689,15.7395002282169,11,1080000,1.125,1.2603391,5,7,MediumMobility,0,2026-08-05 23:39:54
Urban,13,EVA,2,9,0.182512179511738,16QAM,MRC,25,0.00377604166666667,0.0135677083333333,0.4,4.38628401979332,27.1580650079561,15,2160000,2.25,0.8736503,3.4,7,MediumMobility,0,2026-08-05 23:39:55
Urban,13,EVA,2,9,0.202789467997325,16QAM,MRC,30,0.00289713541666667,0.0108072916666667,0.2,2.92171223434947,30.6872512176473,15,2880000,3,0.7050303,2.5,7,MediumMobility,0,2026-08-05 23:39:55
Urban,13,EVA,2,9,0.20008906392418,16QAM,LMMSE,0,0.392486979166667,0.903333333333333,1,88.2549188163973,1.08522160429002,4,0,0,0.4162229,1,7,MediumMobility,0,2026-08-05 23:39:56
Urban,13,EVA,2,9,0.183653981168007,16QAM,LMMSE,5,0.33767578125,0.872682291666667,1,76.6006849230303,2.3153469423446,4,0,0,0.3517494,1,7,MediumMobility,0,2026-08-05 23:39:56
Urban,13,EVA,2,9,0.205509412717336,16QAM,LMMSE,10,0.231165364583333,0.666380208333333,1,60.0616343033882,4.42805709266197,6,0,0,0.4874525,1,7,MediumMobility,0,2026-08-05 23:39:57
Urban,13,EVA,2,9,0.205568438049884,16QAM,LMMSE,15,0.158873697916667,0.470182291666667,0.9,42.6747099142412,7.39658844729798,7,360000,0.375,0.5741604,1,7,MediumMobility,0,2026-08-05 23:39:57
Urban,13,EVA,2,9,0.204637047908664,16QAM,LMMSE,20,0.0278841145833333,0.103229166666667,0.8,14.9493286199545,16.5075662246457,12,720000,0.75,0.4678367,1,7,MediumMobility,0,2026-08-05 23:39:58
Urban,13,EVA,2,9,0.191698303820217,16QAM,LMMSE,25,0.0217903645833333,0.0794270833333333,0.4,9.9821101812421,20.0155528151415,13,2160000,2.25,0.3767146,1,7,MediumMobility,0,2026-08-05 23:39:58
Urban,13,EVA,2,9,0.20256272568421,16QAM,LMMSE,30,0.0113151041666667,0.04,0.2,4.35934536750362,27.2115744560336,15,2880000,3,0.4115523,1,7,MediumMobility,0,2026-08-05 23:39:58
Urban,13,EVA,2,9,0.205059886439536,16QAM,MPA,0,0.373841145833333,0.895520833333333,1,84.2017576923634,1.49357685216217,4,0,0,0.5018182,10,7,MediumMobility,0,2026-08-05 23:39:59
Urban,13,EVA,2,9,0.184571790065022,16QAM,MPA,5,0.3489453125,0.881953125,1,79.1340151046741,2.03273596926971,4,0,0,0.5780786,10,7,MediumMobility,0,2026-08-05 23:39:59
Urban,13,EVA,2,9,0.205571042354381,16QAM,MPA,10,0.334713541666667,0.872916666666667,1,75.9350975081938,2.39114890080286,4,0,0,0.5641883,10,7,MediumMobility,0,2026-08-05 23:40:00
Urban,13,EVA,2,9,0.194377609863929,16QAM,MPA,15,0.329420572916667,0.866354166666667,1,74.8229362027863,2.5193050642566,5,0,0,0.4976402,10,7,MediumMobility,0,2026-08-05 23:40:01
Urban,13,EVA,2,9,0.199317903801515,16QAM,MPA,20,0.332903645833333,0.871171875,1,75.5760122218908,2.43232054838491,5,0,0,0.3813138,10,7,MediumMobility,0,2026-08-05 23:40:01
Urban,13,EVA,2,9,0.203990641381038,16QAM,MPA,25,0.344440104166667,0.877083333333333,1,78.2434153623742,2.13104401291125,4,0,0,0.4106939,10,7,MediumMobility,0,2026-08-05 23:40:01
Urban,13,EVA,2,9,0.204485681372484,16QAM,MPA,30,0.343815104166667,0.876822916666667,1,78.0695044405465,2.15037154769259,4,0,0,0.3701842,10,7,MediumMobility,0,2026-08-05 23:40:02
Urban,13,EVA,2,9,0.205006905071062,64QAM,MRC,0,0.408133680555556,0.946875,1,106.704309867286,-0.563639225186479,3,0,0,1.6347232,10.9,7,MediumMobility,0,2026-08-05 23:40:03
Urban,13,EVA,2,9,0.1939357575238,64QAM,MRC,5,0.344561631944444,0.885442708333333,1,83.0196561659818,1.61638139253616,4,0,0,1.2683339,10.5,7,MediumMobility,0,2026-08-05 23:40:05
Urban,13,EVA,2,9,0.1995982894107,64QAM,MRC,10,0.199691840277778,0.676067708333333,1,44.6915530645449,6.99549106045481,7,0,0,0.9466096,8,7,MediumMobility,0,2026-08-05 23:40:06
Urban,13,EVA,2,9,0.205369522656083,64QAM,MRC,15,0.101866319444444,0.464088541666667,1,24.0647026420848,12.3723900071371,10,0,0,1.3947588,9,7,MediumMobility,0,2026-08-05 23:40:07
Urban,13,EVA,2,9,0.205138143096753,64QAM,MRC,20,0.0722309027777778,0.306614583333333,1,16.7286847947005,15.5307640365283,11,0,0,1.2497283,7.8,7,MediumMobility,0,2026-08-05 23:40:08
Urban,13,EVA,2,9,0.197408339692658,64QAM,MRC,25,0.0231727430555556,0.117786458333333,0.6,7.19132832370404,22.8638176572299,15,2160000,2.25,2.060947,10.6,7,MediumMobility,0,2026-08-05 23:40:10
Urban,13,EVA,2,9,0.20361034529053,64QAM,MRC,30,0.0182595486111111,0.0951822916666667,0.3,5.45217397686569,25.2686058887824,15,3780000,3.9375,2.554496,14.3,7,MediumMobility,0,2026-08-05 23:40:13
Urban,13,EVA,2,9,0.205122361179864,64QAM,LMMSE,0,0.432400173611111,0.98046875,1,92.28210596444,0.697650060587331,4,0,0,0.2394598,1,7,MediumMobility,0,2026-08-05 23:40:13
Urban,13,EVA,2,9,0.20550134196402,64QAM,LMMSE,5,0.399487847222222,0.976328125,1,87.3364950462338,1.17608481999574,4,0,0,0.268178,1,7,MediumMobility,0,2026-08-05 23:40:13
Urban,13,EVA,2,9,0.187548736735003,64QAM,LMMSE,10,0.394032118055556,0.975286458333333,1,85.5860754889291,1.35193775090401,4,0,0,0.2790481,1,7,MediumMobility,0,2026-08-05 23:40:14
Urban,13,EVA,2,9,0.197932932022353,64QAM,LMMSE,15,0.343663194444444,0.941354166666667,1,62.2744665982122,4.11379967308167,5,0,0,0.3583205,1,7,MediumMobility,0,2026-08-05 23:40:14
Urban,13,EVA,2,9,0.201904291745544,64QAM,LMMSE,20,0.265386284722222,0.880286458333333,1,47.0534151700334,6.54817699386372,7,0,0,0.3632518,1,7,MediumMobility,0,2026-08-05 23:40:14
Urban,13,EVA,2,9,0.195103247683058,64QAM,LMMSE,25,0.0967447916666667,0.376041666666667,0.7,19.0962349419027,14.3810450164481,11,1620000,1.6875,0.4265085,1,7,MediumMobility,0,2026-08-05 23:40:15
Urban,13,EVA,2,9,0.201549298192934,64QAM,LMMSE,30,0.063359375,0.27609375,0.5,12.5550855545448,18.0236064702675,12,2700000,2.8125,0.3536063,1,7,MediumMobility,0,2026-08-05 23:40:15
Urban,13,EVA,2,9,0.194704383710924,64QAM,MPA,0,0.417712673611111,0.979765625,1,90.1095153033348,0.904586927247326,4,0,0,0.8463061,10,7,MediumMobility,0,2026-08-05 23:40:16
Urban,13,EVA,2,9,0.180009973102639,64QAM,MPA,5,0.390694444444444,0.97703125,1,86.113201522404,1.29860528478593,4,0,0,0.8841006,10,7,MediumMobility,0,2026-08-05 23:40:17
Urban,13,EVA,2,9,0.204178082691494,64QAM,MPA,10,0.375985243055556,0.974010416666667,1,84.3139090195569,1.48201550343305,4,0,0,0.9386362,10,7,MediumMobility,0,2026-08-05 23:40:18
Urban,13,EVA,2,9,0.204874265626978,64QAM,MPA,15,0.399913194444444,0.977786458333333,1,86.5458211557052,1.25507794175258,4,0,0,0.8432972,10,7,MediumMobility,0,2026-08-05 23:40:19
Urban,13,EVA,2,9,0.205331664396059,64QAM,MPA,20,0.427977430555556,0.98,1,91.0394713270398,0.815405458438778,4,0,0,0.8132472,10,7,MediumMobility,0,2026-08-05 23:40:19
Urban,13,EVA,2,9,0.205109442576776,64QAM,MPA,25,0.446571180555556,0.981744791666667,1,93.9500991028237,0.542055148994116,4,0,0,1.0666355,10,7,MediumMobility,0,2026-08-05 23:40:21
Urban,13,EVA,2,9,0.201402104170586,64QAM,MPA,30,0.437521701388889,0.980026041666667,1,92.2851609591791,0.697362519382512,4,0,0,1.0510955,10,7,MediumMobility,0,2026-08-05 23:40:22
Urban,12,EVA,2,9,0.187709126980292,QPSK,MRC,0,0.275533854166667,0.468958333333333,1,103.97179310122,-0.338310677893033,3,0,0,0.6335777,2.5,8,MediumMobility,0,2026-08-05 23:40:22
Urban,12,EVA,2,9,0.168605189441014,QPSK,MRC,5,0.109986979166667,0.197265625,1,58.4578131165389,4.6631487091592,6,0,0,0.5986728,2.8,8,MediumMobility,0,2026-08-05 23:40:23
Urban,12,EVA,2,9,0.189182412951958,QPSK,MRC,10,0.0619661458333333,0.114895833333333,0.8,37.006011072997,8.6345545112023,8,360000,0.375,0.5335461,2.5,8,MediumMobility,0,2026-08-05 23:40:23
Urban,12,EVA,2,9,0.184294225167477,QPSK,MRC,15,0.0132552083333333,0.025703125,0.4,12.7580652862939,17.8843035956713,12,1080000,1.125,0.4154171,2.5,8,MediumMobility,0,2026-08-05 23:40:24
Urban,12,EVA,2,9,0.189749445373646,QPSK,MRC,20,0,0,0,0,160,15,1800000,1.875,0.3751021,2,8,MediumMobility,0,2026-08-05 23:40:24
Urban,12,EVA,2,9,0.189450413777585,QPSK,MRC,25,0,0,0,0,160,15,1800000,1.875,0.3977465,2.1,8,MediumMobility,0,2026-08-05 23:40:25
Urban,12,EVA,2,9,0.189685862756735,QPSK,MRC,30,0,0,0,0,160,15,1800000,1.875,0.3587876,2,8,MediumMobility,0,2026-08-05 23:40:25
Urban,12,EVA,2,9,0.187421358478261,QPSK,LMMSE,0,0.174296875,0.313802083333333,1,82.0145732444271,1.72217941152205,4,0,0,0.2236165,1,8,MediumMobility,0,2026-08-05 23:40:25
Urban,12,EVA,2,9,0.181868215700308,QPSK,LMMSE,5,0.128359375,0.23453125,1,65.4407483753129,3.68303485500779,5,0,0,0.2299502,1,8,MediumMobility,0,2026-08-05 23:40:25
Urban,12,EVA,2,9,0.182513306081541,QPSK,LMMSE,10,0.049921875,0.0947395833333333,0.9,35.8596568199151,8.90787741981043,8,180000,0.1875,0.2413166,1,8,MediumMobility,0,2026-08-05 23:40:26
Urban,12,EVA,2,9,0.18883867605058,QPSK,LMMSE,15,0.000533854166666667,0.00106770833333333,0.4,2.89500606030342,30.7670104559773,15,1080000,1.125,0.2367932,1,8,MediumMobility,0,2026-08-05 23:40:26
Urban,12,EVA,2,9,0.175581150385496,QPSK,LMMSE,20,7.8125e-05,0.00015625,0.1,0.559016994374947,45.0514997831991,15,1620000,1.6875,0.2115472,1,8,MediumMobility,0,2026-08-05 23:40:26
Urban,12,EVA,2,9,0.186784767003383,QPSK,LMMSE,25,0,0,0,0,160,15,1800000,1.875,0.2248159,1,8,MediumMobility,0,2026-08-05 23:40:26
Urban,12,EVA,2,9,0.189033578734176,QPSK,LMMSE,30,0,0,0,0,160,15,1800000,1.875,0.2373281,1,8,MediumMobility,0,2026-08-05 23:40:26
Urban,12,EVA,2,9,0.189447016225356,QPSK,MPA,0,0.271236979166667,0.465286458333333,1,103.224549853692,-0.275659953195156,3,0,0,0.2661054,10,8,MediumMobility,0,2026-08-05 23:40:27
Urban,12,EVA,2,9,0.188902344968574,QPSK,MPA,5,0.1915234375,0.3415625,1,86.6895534997787,1.24066467809903,4,0,0,0.28036,10,8,MediumMobility,0,2026-08-05 23:40:27
Urban,12,EVA,2,9,0.189401898426671,QPSK,MPA,10,0.1447265625,0.264088541666667,1,74.8176453831144,2.51991927565965,5,0,0,0.3193578,10,8,MediumMobility,0,2026-08-05 23:40:27
Urban,12,EVA,2,9,0.173174656315197,QPSK,MPA,15,0.132955729166667,0.246770833333333,1,71.7860628260827,2.87919730603505,5,0,0,0.3619489,10,8,MediumMobility,0,2026-08-05 23:40:28
Urban,12,EVA,2,9,0.189567293096805,QPSK,MPA,20,0.134283854166667,0.249140625,1,72.5575875734884,2.78634330642865,5,0,0,0.3287699,10,8,MediumMobility,0,2026-08-05 23:40:28
Urban,12,EVA,2,9,0.188949226629177,QPSK,MPA,25,0.112903645833333,0.212890625,1,66.7687707224877,3.50853238946987,5,0,0,0.3549394,10,8,MediumMobility,0,2026-08-05 23:40:28
Urban,12,EVA,2,9,0.189310916648234,QPSK,MPA,30,0.118020833333333,0.221067708333333,1,68.3312103705616,3.30761772849946,5,0,0,0.3555365,10,8,MediumMobility,0,2026-08-05 23:40:29
Urban,12,EVA,2,9,0.189489531273715,16QAM,MRC,0,0.31865234375,0.771197916666667,1,89.9197913725861,0.922894188044709,4,0,0,0.7481681,4.4,8,MediumMobility,0,2026-08-05 23:40:30
Urban,12,EVA,2,9,0.189760660798133,16QAM,MRC,5,0.274654947916667,0.701276041666667,1,78.5063699788027,2.10190206652002,4,0,0,0.6280342,3.8,8,MediumMobility,0,2026-08-05 23:40:30
Urban,12,EVA,2,9,0.188278312864974,16QAM,MRC,10,0.13806640625,0.423072916666667,1,45.9340049140012,6.75731374950128,7,0,0,0.762707,5.5,8,MediumMobility,0,2026-08-05 23:40:31
Urban,12,EVA,2,9,0.189750665518764,16QAM,MRC,15,0.04951171875,0.175625,0.9,23.027907691996,12.7549104018968,10,360000,0.375,0.5902274,3.9,8,MediumMobility,0,2026-08-05 23:40:31
Urban,12,EVA,2,9,0.189526050246956,16QAM,MRC,20,0.0138216145833333,0.0467447916666667,0.6,6.52816026778494,23.7041838419459,15,1440000,1.5,0.4895577,3.3,8,MediumMobility,0,2026-08-05 23:40:32
Urban,12,EVA,2,9,0.183907035097103,16QAM,MRC,25,0.00530598958333333,0.0199739583333333,0.2,4.08257795138799,27.7813102847495,15,2880000,3,0.4261974,2.7,8,MediumMobility,0,2026-08-05 23:40:32
Urban,12,EVA,2,9,0.188256590113335,16QAM,MRC,30,0.000455729166666667,0.00182291666666667,0.1,0.852847170322356,41.3825757431753,15,3240000,3.375,0.4154901,2.5,8,MediumMobility,0,2026-08-05 23:40:33
Urban,12,EVA,2,9,0.186351085976999,16QAM,LMMSE,0,0.365462239583333,0.891432291666667,1,82.30950768514,1.69099991867035,4,0,0,0.2578407,1,8,MediumMobility,0,2026-08-05 23:40:33
Urban,12,EVA,2,9,0.18958069207833,16QAM,LMMSE,5,0.32509765625,0.859427083333333,1,74.4205382021477,2.56614387054723,5,0,0,0.2841083,1,8,MediumMobility,0,2026-08-05 23:40:33
Urban,12,EVA,2,9,0.188787507879107,16QAM,LMMSE,10,0.312194010416667,0.834244791666667,1,72.7813776779665,2.75959455832189,5,0,0,0.3432017,1,8,MediumMobility,0,2026-08-05 23:40:34
Urban,12,EVA,2,9,0.169221115539692,16QAM,LMMSE,15,0.16333984375,0.509661458333333,1,48.479002833071,6.28892643547757,7,0,0,0.3095105,1,8,MediumMobility,0,2026-08-05 23:40:34
Urban,12,EVA,2,9,0.171104606394087,16QAM,LMMSE,20,0.07990234375,0.265052083333333,0.9,27.4689624196559,11.2231548959924,9,360000,0.375,0.2980611,1,8,MediumMobility,0,2026-08-05 23:40:34
Urban,12,EVA,2,9,0.188922172225577,16QAM,LMMSE,25,0.03591796875,0.123567708333333,0.6,14.1946864790538,16.9574839076665,12,1440000,1.5,0.2882594,1,8,MediumMobility,0,2026-08-05 23:40:35
Urban,12,EVA,2,9,0.189471796862194,16QAM,LMMSE,30,0.00514322916666667,0.0197395833333333,0.4,4.32921979940993,27.2718072800521,15,2160000,2.25,0.3007727,1,8,MediumMobility,0,2026-08-05 23:40:35
Urban,12,EVA,2,9,0.189714680321423,16QAM,MPA,0,0.38025390625,0.894114583333333,1,85.6814158476379,1.34226731183963,4,0,0,0.4318131,10,8,MediumMobility,0,2026-08-05 23:40:35
Urban,12,EVA,2,9,0.185263801858172,16QAM,MPA,5,0.355377604166667,0.885416666666667,1,80.4705976053159,1.88725546849574,4,0,0,0.3728266,10,8,MediumMobility,0,2026-08-05 23:40:36
Urban,12,EVA,2,9,0.189435214014426,16QAM,MPA,10,0.335611979166667,0.871041666666667,1,76.2121790038872,2.35951242319817,4,0,0,0.4359366,10,8,MediumMobility,0,2026-08-05 23:40:36
Urban,12,EVA,2,9,0.181229256459881,16QAM,MPA,15,0.346171875,0.881145833333333,1,77.918504703097,2.16718780775947,4,0,0,0.4724604,10,8,MediumMobility,0,2026-08-05 23:40:37
Urban,12,EVA,2,9,0.189562738219658,16QAM,MPA,20,0.34005859375,0.875494791666667,1,77.1067800447773,2.25814864998666,4,0,0,0.4856986,10,8,MediumMobility,0,2026-08-05 23:40:37
Urban,12,EVA,2,9,0.189734163027615,16QAM,MPA,25,0.344446614583333,0.87515625,1,78.3816211848523,2.11571516307457,4,0,0,0.5072272,10,8,MediumMobility,0,2026-08-05 23:40:38
Urban,12,EVA,2,9,0.184406270669998,16QAM,MPA,30,0.339602864583333,0.876770833333333,1,76.8303048129605,2.28934887617721,4,0,0,0.5026377,10,8,MediumMobility,0,2026-08-05 23:40:38
Urban,12,EVA,2,9,0.189721833940062,64QAM,MRC,0,0.365338541666667,0.919765625,1,87.9974367585071,1.11059956105321,4,0,0,1.1843066,9.3,8,MediumMobility,0,2026-08-05 23:40:39
Urban,12,EVA,2,9,0.188444867425063,64QAM,MRC,5,0.284487847222222,0.850026041666667,1,59.3723488415768,4.5283153904337,6,0,0,1.0473838,9.4,8,MediumMobility,0,2026-08-05 23:40:40
Urban,12,EVA,2,9,0.189715065391483,64QAM,MRC,10,0.1426953125,0.616979166666667,1,30.5146238716972,10.3098395772008,9,0,0,0.7522421,7.6,8,MediumMobility,0,2026-08-05 23:40:41
Urban,12,EVA,2,9,0.189312208401395,64QAM,MRC,15,0.172248263888889,0.596640625,1,38.7089892363523,8.24376337538054,8,0,0,0.8404833,8.3,8,MediumMobility,0,2026-08-05 23:40:42
Urban,12,EVA,2,9,0.17814532255334,64QAM,MRC,20,0.055,0.263046875,1,14.9649192895025,16.4985124220731,12,0,0,0.9032092,9.8,8,MediumMobility,0,2026-08-05 23:40:43
Urban,12,EVA,2,9,0.183857058805059,64QAM,MRC,25,0.0258723958333333,0.1215625,0.4,6.34717636693659,23.9483886783619,15,3240000,3.375,1.1790135,13.1,8,MediumMobility,0,2026-08-05 23:40:44
Urban,12,EVA,2,9,0.187707008998888,64QAM,MRC,30,0.0127517361111111,0.0692447916666667,0.3,4.6341491886977,26.6805997787015,15,3780000,3.9375,1.153153,8.3,8,MediumMobility,0,2026-08-05 23:40:45
Urban,12,EVA,2,9,0.179615168778753,64QAM,LMMSE,0,0.42375,0.980182291666667,1,90.7760607413756,0.840573350877094,4,0,0,0.2837318,1,8,MediumMobility,0,2026-08-05 23:40:45
Urban,12,EVA,2,9,0.18975961769293,64QAM,LMMSE,5,0.393854166666667,0.976380208333333,1,86.517683088502,1.2579023864508,4,0,0,0.293042,1,8,MediumMobility,0,2026-08-05 23:40:46
Urban,12,EVA,2,9,0.187534168133912,64QAM,LMMSE,10,0.389162326388889,0.9721875,1,82.4385833300408,1.67738959967899,4,0,0,0.303935,1,8,MediumMobility,0,2026-08-05 23:40:46
Urban,12,EVA,2,9,0.189675410045943,64QAM,LMMSE,15,0.372717013888889,0.960234375,1,72.0729968847167,2.84454838122399,5,0,0,0.2493774,1,8,MediumMobility,0,2026-08-05 23:40:46
Urban,12,EVA,2,9,0.184500457998357,64QAM,LMMSE,20,0.254752604166667,0.810234375,1,44.5995931669704,7.01338205721262,7,0,0,0.2408122,1,8,MediumMobility,0,2026-08-05 23:40:47
Urban,12,EVA,2,9,0.188802382513604,64QAM,LMMSE,25,0.0948524305555556,0.37546875,0.9,19.3245458783272,14.2778140618837,11,540000,0.5625,0.2541407,1,8,MediumMobility,0,2026-08-05 23:40:47
Urban,12,EVA,2,9,0.18971353265457,64QAM,LMMSE,30,0.0442578125,0.206979166666667,0.6,9.98407979302148,20.0138391351031,13,2160000,2.25,0.3188978,1,8,MediumMobility,0,2026-08-05 23:40:47
Urban,12,EVA,2,9,0.164490133366488,64QAM,MPA,0,0.4169140625,0.980364583333333,1,90.0146552375918,0.9137355510639,4,0,0,0.8486626,10,8,MediumMobility,0,2026-08-05 23:40:48
Urban,12,EVA,2,9,0.12699225474178,64QAM,MPA,5,0.390967881944444,0.974765625,1,86.2270978256577,1.28712461696748,4,0,0,0.9603069,10,8,MediumMobility,0,2026-08-05 23:40:49
Urban,12,EVA,2,9,0.186672075710705,64QAM,MPA,10,0.377547743055556,0.974635416666667,1,84.5300600761338,1.4597764473593,4,0,0,1.0046478,10,8,MediumMobility,0,2026-08-05 23:40:50
Urban,12,EVA,2,9,0.188325102331113,64QAM,MPA,15,0.404787326388889,0.978697916666667,1,87.2382733481628,1.18585877447242,4,0,0,0.9496644,10,8,MediumMobility,0,2026-08-05 23:40:51
Urban,12,EVA,2,9,0.187674362226263,64QAM,MPA,20,0.427469618055556,0.979375,1,90.7810456640768,0.840096382618399,4,0,0,1.2811398,10,8,MediumMobility,0,2026-08-05 23:40:52
Urban,12,EVA,2,9,0.189743575962744,64QAM,MPA,25,0.449926215277778,0.981979166666667,1,94.4214044318007,0.498590882491575,4,0,0,1.815243,10,8,MediumMobility,0,2026-08-05 23:40:54
Urban,12,EVA,2,9,0.185249293230724,64QAM,MPA,30,0.452426215277778,0.981692708333333,1,94.8204554453002,0.461959259838051,4,0,0,1.921817,10,8,MediumMobility,0,2026-08-05 23:40:56
Urban,17,EVA,2,9,0.26882783291674,QPSK,MRC,0,0.24046875,0.418255208333333,1,96.7409374476832,0.287794169758944,4,0,0,1.7652115,3.2,9,MediumMobility,0,2026-08-05 23:40:58
Urban,17,EVA,2,9,0.260273969562697,QPSK,MRC,5,0.114466145833333,0.205572916666667,1,57.2304902447103,4.84745067691852,6,0,0,2.3279762,3.4,9,MediumMobility,0,2026-08-05 23:41:00
Urban,17,EVA,2,9,0.261866018233981,QPSK,MRC,10,0.0273697916666667,0.051484375,0.8,20.0523393107252,13.956699103792,10,360000,0.375,1.4661851,2.7,9,MediumMobility,0,2026-08-05 23:41:02
Urban,17,EVA,2,9,0.263128933450384,QPSK,MRC,15,0.0122786458333333,0.023515625,0.4,11.4848724599404,18.7974764660646,13,1080000,1.125,1.346255,2.4,9,MediumMobility,0,2026-08-05 23:41:03
Urban,17,EVA,2,9,0.268306266741739,QPSK,MRC,20,2.60416666666667e-05,5.20833333333333e-05,0.1,0.322748612183951,49.8227123303957,15,1620000,1.6875,1.1190134,2.3,9,MediumMobility,0,2026-08-05 23:41:04
Urban,17,EVA,2,9,0.268594283028684,QPSK,MRC,25,0,0,0,0,160,15,1800000,1.875,1.040272,2,9,MediumMobility,0,2026-08-05 23:41:05
Urban,17,EVA,2,9,0.266934100189977,QPSK,MRC,30,0,0,0,0,160,15,1800000,1.875,1.2736225,2,9,MediumMobility,0,2026-08-05 23:41:06
Urban,17,EVA,2,9,0.266730129147493,QPSK,LMMSE,0,0.221354166666667,0.380078125,1,89.5500653032938,0.958681862217519,4,0,0,0.5952522,1,9,MediumMobility,0,2026-08-05 23:41:07
Urban,17,EVA,2,9,0.266444415520021,QPSK,LMMSE,5,0.09703125,0.178072916666667,1,52.777042345746,5.55109903067597,6,0,0,0.4298467,1,9,MediumMobility,0,2026-08-05 23:41:07
Urban,17,EVA,2,9,0.268644152260106,QPSK,LMMSE,10,0.065,0.119739583333333,0.8,39.1563688956122,8.14395177237056,8,360000,0.375,0.4359242,1,9,MediumMobility,0,2026-08-05 23:41:08
Urban,17,EVA,2,9,0.268593106988036,QPSK,LMMSE,15,0.005546875,0.0109114583333333,0.5,8.95287992892417,20.9607447997103,13,900000,0.9375,0.4576123,1,9,MediumMobility,0,2026-08-05 23:41:08
Urban,17,EVA,2,9,0.264166082371629,QPSK,LMMSE,20,0.000911458333333333,0.00182291666666667,0.5,3.69326675768467,28.6517864589138,15,900000,0.9375,0.4375415,1,9,MediumMobility,0,2026-08-05 23:41:09
Urban,17,EVA,2,9,0.266045095659213,QPSK,LMMSE,25,0,0,0,0,160,15,1800000,1.875,0.5750197,1,9,MediumMobility,0,2026-08-05 23:41:09
Urban,17,EVA,2,9,0.264863176831811,QPSK,LMMSE,30,0,0,0,0,160,15,1800000,1.875,0.7077745,1,9,MediumMobility,0,2026-08-05 23:41:10
Urban,17,EVA,2,9,0.251508358649313,QPSK,MPA,0,0.266770833333333,0.45546875,1,102.115261009417,-0.181813035057909,3,0,0,0.7593293,10,9,MediumMobility,0,2026-08-05 23:41:11
Urban,17,EVA,2,9,0.267850454977691,QPSK,MPA,5,0.21375,0.375651041666667,1,91.2441247932644,0.795901803624016,4,0,0,0.9235459,10,9,MediumMobility,0,2026-08-05 23:41:12
Urban,17,EVA,2,9,0.260952827507486,QPSK,MPA,10,0.171106770833333,0.312109375,1,82.1401023384201,1.70889520788365,4,0,0,0.5581408,10,9,MediumMobility,0,2026-08-05 23:41:12
Urban,17,EVA,2,9,0.268801038970995,QPSK,MPA,15,0.121432291666667,0.226171875,1,68.6416629887811,3.26824406667702,5,0,0,0.4199746,10,9,MediumMobility,0,2026-08-05 23:41:13
Urban,17,EVA,2,9,0.267636036549799,QPSK,MPA,20,0.1397265625,0.260338541666667,1,74.3485869831196,2.57454561917286,5,0,0,0.417069,10,9,MediumMobility,0,2026-08-05 23:41:13
Urban,17,EVA,2,9,0.268798378755894,QPSK,MPA,25,0.1017578125,0.192317708333333,1,62.9249192150917,4.02354666679181,5,0,0,0.403185,10,9,MediumMobility,0,2026-08-05 23:41:13
Urban,17,EVA,2,9,0.260447336749139,QPSK,MPA,30,0.126549479166667,0.237083333333333,1,70.4442060591718,3.04309442440903,5,0,0,0.3828826,10,9,MediumMobility,0,2026-08-05 23:41:14
Urban,17,EVA,2,9,0.257590540963707,16QAM,MRC,0,0.356673177083333,0.807395833333333,1,102.364476172831,-0.202985367409087,3,0,0,3.0341206,5.3,9,MediumMobility,0,2026-08-05 23:41:17
Urban,17,EVA,2,9,0.267267076828583,16QAM,MRC,5,0.229700520833333,0.642213541666667,1,67.5504491118781,3.40743518416039,5,0,0,2.1819912,4.8,9,MediumMobility,0,2026-08-05 23:41:19
Urban,17,EVA,2,9,0.267363909426414,16QAM,MRC,10,0.0877734375,0.284739583333333,1,33.7175335631669,9.44288403034288,8,0,0,2.384922,4.5,9,MediumMobility,0,2026-08-05 23:41:21
Urban,17,EVA,2,9,0.268755663250922,16QAM,MRC,15,0.05576171875,0.184322916666667,1,24.1939504126935,12.3258642761188,10,0,0,1.8389944,4.5,9,MediumMobility,0,2026-08-05 23:41:23
Urban,17,EVA,2,9,0.265361315660358,16QAM,MRC,20,0.01478515625,0.0540364583333333,0.6,8.99505151883937,20.9199268981005,13,1440000,1.5,0.6172473,4,9,MediumMobility,0,2026-08-05 23:41:24
Urban,17,EVA,2,9,0.268669644268977,16QAM,MRC,25,0.00451171875,0.0167447916666667,0.4,4.64723759575727,26.6561024622432,15,2160000,2.25,0.60083,3.9,9,MediumMobility,0,2026-08-05 23:41:24
Urban,17,EVA,2,9,0.268167820473734,16QAM,MRC,30,0.000182291666666667,0.000729166666666667,0.1,0.541473653354886,45.3284534024153,15,3240000,3.375,0.4969002,2.6,9,MediumMobility,0,2026-08-05 23:41:25
Urban,17,EVA,2,9,0.263408793967956,16QAM,LMMSE,0,0.357662760416667,0.884166666666667,1,80.6641358378532,1.86639028938725,4,0,0,0.2561178,1,9,MediumMobility,0,2026-08-05 23:41:25
Urban,17,EVA,2,9,0.237461711751849,16QAM,LMMSE,5,0.350442708333333,0.88203125,1,79.2558364360529,2.01937492576509,4,0,0,0.2421021,1,9,MediumMobility,0,2026-08-05 23:41:25
Urban,17,EVA,2,9,0.268763066721322,16QAM,LMMSE,10,0.225885416666667,0.651119791666667,1,57.913535799731,4.74439838482918,6,0,0,0.2360539,1,9,MediumMobility,0,2026-08-05 23:41:26
Urban,17,EVA,2,9,0.246208119163152,16QAM,LMMSE,15,0.169694010416667,0.506067708333333,1,45.5651532436964,6.82734329557233,7,0,0,0.244016,1,9,MediumMobility,0,2026-08-05 23:41:26
Urban,17,EVA,2,9,0.268350588487387,16QAM,LMMSE,20,0.0717447916666667,0.240390625,0.7,25.4693771995998,11.8796334934125,10,1080000,1.125,0.2249707,1,9,MediumMobility,0,2026-08-05 23:41:26
Urban,17,EVA,2,9,0.266730642262318,16QAM,LMMSE,25,0.00798828125,0.0308854166666667,0.3,5.99073109550086,24.4504034808721,15,2520000,2.625,0.2532218,1,9,MediumMobility,0,2026-08-05 23:41:26
Urban,17,EVA,2,9,0.197093536404266,16QAM,LMMSE,30,0.01431640625,0.0513020833333333,0.6,8.11682431678189,21.8122770788786,14,1440000,1.5,0.2860403,1,9,MediumMobility,0,2026-08-05 23:41:27
Urban,17,EVA,2,9,0.262077609551069,16QAM,MPA,0,0.384010416666667,0.898932291666667,1,86.2015601319201,1.28969747920123,4,0,0,0.5029344,10,9,MediumMobility,0,2026-08-05 23:41:27
Urban,17,EVA,2,9,0.236259395043736,16QAM,MPA,5,0.328697916666667,0.865182291666667,1,75.1702148023791,2.47908417470969,5,0,0,0.5586048,10,9,MediumMobility,0,2026-08-05 23:41:28
Urban,17,EVA,2,9,0.268792706744346,16QAM,MPA,10,0.32986328125,0.865130208333333,1,75.3282533893693,2.46084204578689,5,0,0,0.5844743,10,9,MediumMobility,0,2026-08-05 23:41:28
Urban,17,EVA,2,9,0.265925199052395,16QAM,MPA,15,0.327747395833333,0.866145833333333,1,74.8592968654504,2.5150851284258,5,0,0,0.581958,10,9,MediumMobility,0,2026-08-05 23:41:29
Urban,17,EVA,2,9,0.267588309659859,16QAM,MPA,20,0.32357421875,0.862005208333333,1,73.8660870863022,2.63109812566836,5,0,0,0.4247314,10,9,MediumMobility,0,2026-08-05 23:41:29
Urban,17,EVA,2,9,0.260555704603835,16QAM,MPA,25,0.342044270833333,0.87703125,1,77.5615850510604,2.20706648493133,4,0,0,0.4152879,10,9,MediumMobility,0,2026-08-05 23:41:30
Urban,17,EVA,2,9,0.263689257127431,16QAM,MPA,30,0.336744791666667,0.872395833333333,1,76.685093812578,2.30578093590569,4,0,0,0.3888726,10,9,MediumMobility,0,2026-08-05 23:41:30
Urban,17,EVA,2,9,0.264311645301873,64QAM,MRC,0,0.408120659722222,0.945494791666667,1,109.852101608222,-0.816167398662355,3,0,0,1.2261109,8.8,9,MediumMobility,0,2026-08-05 23:41:31
Urban,17,EVA,2,9,0.267125720284349,64QAM,MRC,5,0.351393229166667,0.910598958333333,1,82.659294963336,1.65416606645726,4,0,0,1.388037,9.5,9,MediumMobility,0,2026-08-05 23:41:33
Urban,17,EVA,2,9,0.268825073529648,64QAM,MRC,10,0.209422743055556,0.735442708333333,1,43.9671828243061,7.13742721389864,7,0,0,1.6391128,8,9,MediumMobility,0,2026-08-05 23:41:34
Urban,17,EVA,2,9,0.267835805675852,64QAM,MRC,15,0.168693576388889,0.656979166666667,1,34.0353257224091,9.36140177571799,8,0,0,2.0178959,10.1,9,MediumMobility,0,2026-08-05 23:41:36
Urban,17,EVA,2,9,0.268118911395589,64QAM,MRC,20,0.0733420138888889,0.330520833333333,1,18.1107578395194,14.8412675275286,11,0,0,1.4023381,9.9,9,MediumMobility,0,2026-08-05 23:41:38
Urban,17,EVA,2,9,0.267214740448107,64QAM,MRC,25,0.0204861111111111,0.105598958333333,0.6,6.34026166080363,23.9578563707621,15,2160000,2.25,1.2882067,9.4,9,MediumMobility,0,2026-08-05 23:41:39
Urban,17,EVA,2,9,0.257976670248575,64QAM,MRC,30,0.00306423611111111,0.0167708333333333,0.4,2.06005154604001,33.7224382539697,15,3240000,3.375,1.7735813,13.9,9,MediumMobility,0,2026-08-05 23:41:41
Urban,17,EVA,2,9,0.268182363129848,64QAM,LMMSE,0,0.422899305555556,0.978958333333333,1,90.5511967906494,0.862116107188348,4,0,0,0.3108595,1,9,MediumMobility,0,2026-08-05 23:41:41
Urban,17,EVA,2,9,0.260412290940702,64QAM,LMMSE,5,0.408949652777778,0.978098958333333,1,88.5110042028543,1.06005463858937,4,0,0,0.4744619,1,9,MediumMobility,0,2026-08-05 23:41:42
Urban,17,EVA,2,9,0.268819139223929,64QAM,LMMSE,10,0.384105902777778,0.970442708333333,1,82.4723568937821,1.67383187996623,4,0,0,0.3019694,1,9,MediumMobility,0,2026-08-05 23:41:42
Urban,17,EVA,2,9,0.264088173530216,64QAM,LMMSE,15,0.374670138888889,0.962135416666667,1,75.8002319012633,2.40658931393282,5,0,0,0.3453761,1,9,MediumMobility,0,2026-08-05 23:41:42
Urban,17,EVA,2,9,0.268826991103713,64QAM,LMMSE,20,0.214357638888889,0.789192708333333,1,38.0233981059517,8.39898146707721,8,0,0,0.3563936,1,9,MediumMobility,0,2026-08-05 23:41:43
Urban,17,EVA,2,9,0.268582342986834,64QAM,LMMSE,25,0.163619791666667,0.608984375,1,31.4630864475825,10.0439735291018,8,0,0,0.3262153,1,9,MediumMobility,0,2026-08-05 23:41:43
Urban,17,EVA,2,9,0.265868014861756,64QAM,LMMSE,30,0.0779774305555556,0.284739583333333,0.6,15.9140572357678,15.9643816861706,11,2160000,2.25,0.3200645,1,9,MediumMobility,0,2026-08-05 23:41:43
Urban,17,EVA,2,9,0.266400673865367,64QAM,MPA,0,0.415321180555556,0.978333333333333,1,89.5086912197291,0.9626958600481,4,0,0,1.2393696,10,9,MediumMobility,0,2026-08-05 23:41:45
Urban,17,EVA,2,9,0.259041885322326,64QAM,MPA,5,0.400538194444444,0.978098958333333,1,87.5924279390132,1.1506687091587,4,0,0,1.1506218,10,9,MediumMobility,0,2026-08-05 23:41:46
Urban,17,EVA,2,9,0.265992760458425,64QAM,MPA,10,0.383307291666667,0.975651041666667,1,85.1606574520727,1.39521988814421,4,0,0,1.1279713,10,9,MediumMobility,0,2026-08-05 23:41:47
Urban,17,EVA,2,9,0.267431921986934,64QAM,MPA,15,0.398120659722222,0.978958333333333,1,86.312640937615,1.27851189857619,4,0,0,1.1624512,10,9,MediumMobility,0,2026-08-05 23:41:48
Urban,17,EVA,2,9,0.259453046297225,64QAM,MPA,20,0.431484375,0.980859375,1,91.436022640162,0.777653470059168,4,0,0,0.9534939,10,9,MediumMobility,0,2026-08-05 23:41:49
Urban,17,EVA,2,9,0.255442113264603,64QAM,MPA,25,0.445499131944444,0.981770833333333,1,93.8277573711756,0.553373277228596,4,0,0,0.7251078,10,9,MediumMobility,0,2026-08-05 23:41:50
Urban,17,EVA,2,9,0.268821458040799,64QAM,MPA,30,0.437651909722222,0.98171875,1,92.5939147866944,0.668351078758431,4,0,0,0.8431114,10,9,MediumMobility,0,2026-08-05 23:41:51
Urban,45,EVA,2,9,0.708440696808192,QPSK,MRC,0,0.207682291666667,0.364713541666667,1,89.1340761189684,0.999124652996202,4,0,0,1.0874094,3.3,10,MediumMobility,0,2026-08-05 23:41:52
Urban,45,EVA,2,9,0.707770913277327,QPSK,MRC,5,0.0918359375,0.17109375,1,56.0895436536716,5.02236186819922,6,0,0,1.2606595,2.5,10,MediumMobility,0,2026-08-05 23:41:53
Urban,45,EVA,2,9,0.637851065702555,QPSK,MRC,10,0.0442578125,0.084140625,0.9,34.3095736943816,9.29169356270508,8,180000,0.1875,2.022795,2.8,10,MediumMobility,0,2026-08-05 23:41:55
Urban,45,EVA,2,9,0.641526789218749,QPSK,MRC,15,0.00178385416666667,0.00356770833333333,0.5,4.54792115649357,26.843741458387,15,900000,0.9375,1.1533613,2.3,10,MediumMobility,0,2026-08-05 23:41:56
Urban,45,EVA,2,9,0.70413764333172,QPSK,MRC,20,0,0,0,0,160,15,1800000,1.875,0.659536,2,10,MediumMobility,0,2026-08-05 23:41:57
Urban,45,EVA,2,9,0.711579800703651,QPSK,MRC,25,0,0,0,0,160,15,1800000,1.875,0.7336483,2,10,MediumMobility,0,2026-08-05 23:41:58
Urban,45,EVA,2,9,0.70754251095326,QPSK,MRC,30,0,0,0,0,160,15,1800000,1.875,0.7390121,2,10,MediumMobility,0,2026-08-05 23:41:58
Urban,45,EVA,2,9,0.584152092109181,QPSK,LMMSE,0,0.186875,0.334765625,1,85.5375138145512,1.35686753711671,4,0,0,0.3369725,1,10,MediumMobility,0,2026-08-05 23:41:59
Urban,45,EVA,2,9,0.707283208847001,QPSK,LMMSE,5,0.06234375,0.119192708333333,1,46.8834669162477,6.57960561602618,7,0,0,0.3425773,1,10,MediumMobility,0,2026-08-05 23:41:59
Urban,45,EVA,2,9,0.710233069815313,QPSK,LMMSE,10,0.0286197916666667,0.0539322916666667,1,27.2303516755408,11.2989349956315,9,0,0,0.3338209,1,10,MediumMobility,0,2026-08-05 23:41:59
Urban,45,EVA,2,9,0.708349632540298,QPSK,LMMSE,15,0.000403645833333333,0.000807291666666667,0.3,1.95109296401367,34.1944407443875,15,1260000,1.3125,0.3488277,1,10,MediumMobility,0,2026-08-05 23:42:00
Urban,45,EVA,2,9,0.710147748038474,QPSK,LMMSE,20,0.00208333333333333,0.00411458333333333,0.3,3.99790215049327,27.9633567907556,15,1260000,1.3125,0.261057,1,10,MediumMobility,0,2026-08-05 23:42:00
Urban,45,EVA,2,9,0.704739145325609,QPSK,LMMSE,25,0,0,0,0,160,15,1800000,1.875,0.314972,1,10,MediumMobility,0,2026-08-05 23:42:00
Urban,45,EVA,2,9,0.706535301531594,QPSK,LMMSE,30,0,0,0,0,160,15,1800000,1.875,0.2740311,1,10,MediumMobility,0,2026-08-05 23:42:00
Urban,45,EVA,2,9,0.655722260857337,QPSK,MPA,0,0.2940234375,0.499114583333333,1,108.042842286934,-0.671920013324661,3,0,0,0.2914161,10,10,MediumMobility,0,2026-08-05 23:42:01
Urban,45,EVA,2,9,0.711451693391781,QPSK,MPA,5,0.206770833333333,0.3678125,1,90.4902502821586,0.867964211864198,4,0,0,0.3110092,10,10,MediumMobility,0,2026-08-05 23:42:01
Urban,45,EVA,2,9,0.711200461619427,QPSK,MPA,10,0.1474609375,0.2715625,1,76.1134921009791,2.37076704182015,4,0,0,0.3401673,10,10,MediumMobility,0,2026-08-05 23:42:01
Urban,45,EVA,2,9,0.71157662980787,QPSK,MPA,15,0.12375,0.230911458333333,1,69.8347640361409,3.11856659895228,5,0,0,0.4126787,10,10,MediumMobility,0,2026-08-05 23:42:02
Urban,45,EVA,2,9,0.702800254195469,QPSK,MPA,20,0.107122395833333,0.202135416666667,1,65.0024828670621,3.74140109025964,5,0,0,0.4321727,10,10,MediumMobility,0,2026-08-05 23:42:02
Urban,45,EVA,2,9,0.711083726315003,QPSK,MPA,25,0.104635416666667,0.197630208333333,1,64.375456791359,3.82559352600138,5,0,0,0.3762131,10,10,MediumMobility,0,2026-08-05 23:42:03
Urban,45,EVA,2,9,0.710740652580352,QPSK,MPA,30,0.1083984375,0.204583333333333,1,65.6003727400728,3.66187385928652,5,0,0,0.4138234,10,10,MediumMobility,0,2026-08-05 23:42:03
Urban,45,EVA,2,9,0.699031561937772,16QAM,MRC,0,0.3310546875,0.780598958333333,1,94.533580580252,0.488277846718783,4,0,0,1.1028448,3.7,10,MediumMobility,0,2026-08-05 23:42:04
Urban,45,EVA,2,9,0.704310662365646,16QAM,MRC,5,0.234186197916667,0.638046875,1,68.9405019276663,3.23051117991266,5,0,0,0.8573192,4.3,10,MediumMobility,0,2026-08-05 23:42:05
Urban,45,EVA,2,9,0.711373258547394,16QAM,MRC,10,0.175677083333333,0.5415625,1,54.9003733044893,5.20849404960342,6,0,0,0.8031054,4.7,10,MediumMobility,0,2026-08-05 23:42:06
Urban,45,EVA,2,9,0.692206695807727,16QAM,MRC,15,0.0588411458333333,0.202864583333333,0.9,25.7184033165086,11.7951199469582,10,360000,0.375,0.8645063,4.9,10,MediumMobility,0,2026-08-05 23:42:07
Urban,45,EVA,2,9,0.701705608716185,16QAM,MRC,20,0.01212890625,0.0459114583333333,0.9,10.2318730857221,19.8008971081025,13,360000,0.375,0.9271992,4.9,10,MediumMobility,0,2026-08-05 23:42:08
Urban,45,EVA,2,9,0.709396388271573,16QAM,MRC,25,5.859375e-05,0.000234375,0.1,0.304760983339312,50.3208126761144,15,3240000,3.375,0.5586943,2.7,10,MediumMobility,0,2026-08-05 23:42:08
Urban,45,EVA,2,9,0.574264959162748,16QAM,MRC,30,3.25520833333333e-05,0.000130208333333333,0.1,0.227554995310228,52.8582725275327,15,3240000,3.375,0.6404376,2.3,10,MediumMobility,0,2026-08-05 23:42:09
Urban,45,EVA,2,9,0.71156625416676,16QAM,LMMSE,0,0.379375,0.898098958333333,1,85.3020157125811,1.38081412400995,4,0,0,0.2896315,1,10,MediumMobility,0,2026-08-05 23:42:09
Urban,45,EVA,2,9,0.708078162346726,16QAM,LMMSE,5,0.335970052083333,0.869244791666667,1,75.9652324718947,2.38770257553917,4,0,0,0.3203771,1,10,MediumMobility,0,2026-08-05 23:42:09
Urban,45,EVA,2,9,0.689629691865533,16QAM,LMMSE,10,0.280423177083333,0.764609375,1,67.2808135381198,3.44217531656312,5,0,0,0.3090689,1,10,MediumMobility,0,2026-08-05 23:42:10
Urban,45,EVA,2,9,0.709399304934868,16QAM,LMMSE,15,0.166106770833333,0.53015625,1,49.5089222907542,6.10633054558711,7,0,0,0.3143665,1,10,MediumMobility,0,2026-08-05 23:42:10
Urban,45,EVA,2,9,0.708178146378714,16QAM,LMMSE,20,0.0404361979166667,0.145598958333333,0.8,19.1958264711152,14.3358636942524,11,720000,0.75,0.3430904,1,10,MediumMobility,0,2026-08-05 23:42:10
Urban,45,EVA,2,9,0.711517486138263,16QAM,LMMSE,25,0.0228190104166667,0.0833072916666667,0.7,13.1654938893768,17.6112568832164,12,1080000,1.125,0.2816275,1,10,MediumMobility,0,2026-08-05 23:42:11
Urban,45,EVA,2,9,0.704260752997578,16QAM,LMMSE,30,0.00046875,0.001875,0.2,1.10557229466187,39.1282570626796,15,2880000,3,0.2742199,1,10,MediumMobility,0,2026-08-05 23:42:11
Urban,45,EVA,2,9,0.711322700724083,16QAM,MPA,0,0.359583333333333,0.887421875,1,81.1820615691473,1.81079848468202,4,0,0,0.3748683,10,10,MediumMobility,0,2026-08-05 23:42:11
Urban,45,EVA,2,9,0.699505531272115,16QAM,MPA,5,0.345423177083333,0.878177083333333,1,78.239997426612,2.13142345009627,4,0,0,0.4044998,10,10,MediumMobility,0,2026-08-05 23:42:12
Urban,45,EVA,2,9,0.701342651549704,16QAM,MPA,10,0.330319010416667,0.869453125,1,75.1717795457634,2.47890337109048,5,0,0,0.4533494,10,10,MediumMobility,0,2026-08-05 23:42:12
Urban,45,EVA,2,9,0.672485261038636,16QAM,MPA,15,0.337552083333333,0.874739583333333,1,76.7113356418778,2.30280911138235,4,0,0,0.5632556,10,10,MediumMobility,0,2026-08-05 23:42:13
Urban,45,EVA,2,9,0.703450743668157,16QAM,MPA,20,0.332024739583333,0.867630208333333,1,75.4913532686025,2.44205578669701,5,0,0,0.6952492,10,10,MediumMobility,0,2026-08-05 23:42:13
Urban,45,EVA,2,9,0.711547895483681,16QAM,MPA,25,0.337154947916667,0.874635416666667,1,76.3863580428976,2.33968391636697,4,0,0,0.5048906,10,10,MediumMobility,0,2026-08-05 23:42:14
Urban,45,EVA,2,9,0.695779429337586,16QAM,MPA,30,0.33080078125,0.868958333333333,1,75.2749506838186,2.46699040683942,5,0,0,0.4973673,10,10,MediumMobility,0,2026-08-05 23:42:14
Urban,45,EVA,2,9,0.707648207449085,64QAM,MRC,0,0.435959201388889,0.95921875,1,125.116202216414,-1.94627106637957,3,0,0,1.8100041,9.3,10,MediumMobility,0,2026-08-05 23:42:16
Urban,45,EVA,2,9,0.707272204611526,64QAM,MRC,5,0.363598090277778,0.916276041666667,1,87.0441395353897,1.20520927051246,4,0,0,1.3330575,7.8,10,MediumMobility,0,2026-08-05 23:42:18
Urban,45,EVA,2,9,0.711558648530927,64QAM,MRC,10,0.248311631944444,0.798541666666667,1,53.5326035254165,5.42763268913089,6,0,0,1.2187669,10.3,10,MediumMobility,0,2026-08-05 23:42:19
Urban,45,EVA,2,9,0.68916254643455,64QAM,MRC,15,0.136883680555556,0.572682291666667,1,29.5636165243148,10.5848487935811,9,0,0,1.5836197,10.2,10,MediumMobility,0,2026-08-05 23:42:20
Urban,45,EVA,2,9,0.711602786580257,64QAM,MRC,20,0.0744227430555556,0.364296875,1,19.8176270243734,14.0589669888599,10,0,0,1.1951592,7.6,10,MediumMobility,0,2026-08-05 23:42:22
Urban,45,EVA,2,9,0.709599327383258,64QAM,MRC,25,0.0223914930555556,0.119010416666667,0.7,8.16801253873124,21.7576720846873,14,1620000,1.6875,1.0844771,8.6,10,MediumMobility,0,2026-08-05 23:42:23
Urban,45,EVA,2,9,0.697568062494639,64QAM,MRC,30,0.0131640625,0.0651041666666667,0.7,4.55018157019176,26.8394254586862,15,1620000,1.6875,1.5152759,14.8,10,MediumMobility,0,2026-08-05 23:42:24
Urban,45,EVA,2,9,0.522035624935214,64QAM,LMMSE,0,0.419066840277778,0.979375,1,90.2433794726056,0.891692988220256,4,0,0,0.2868671,1,10,MediumMobility,0,2026-08-05 23:42:25
Urban,45,EVA,2,9,0.681024084347657,64QAM,LMMSE,5,0.406440972222222,0.977526041666667,1,88.1406980516063,1.09647028624285,4,0,0,0.2576374,1,10,MediumMobility,0,2026-08-05 23:42:25
Urban,45,EVA,2,9,0.680170032293552,64QAM,LMMSE,10,0.393771701388889,0.97515625,1,83.3617425253771,1.58066431629257,4,0,0,0.2845287,1,10,MediumMobility,0,2026-08-05 23:42:25
Urban,45,EVA,2,9,0.689667324321089,64QAM,LMMSE,15,0.366710069444444,0.954557291666667,1,65.8874239816304,3.62394943697853,5,0,0,0.2824013,1,10,MediumMobility,0,2026-08-05 23:42:25
Urban,45,EVA,2,9,0.710126400488742,64QAM,LMMSE,20,0.288038194444444,0.8775,1,50.8426066757568,5.87544382960032,6,0,0,0.3196161,1,10,MediumMobility,0,2026-08-05 23:42:26
Urban,45,EVA,2,9,0.703379778669136,64QAM,LMMSE,25,0.199314236111111,0.747317708333333,1,36.7407581310762,8.69703772884268,8,0,0,0.3563702,1,10,MediumMobility,0,2026-08-05 23:42:26
Urban,45,EVA,2,9,0.707014563124413,64QAM,LMMSE,30,0.0931163194444444,0.406380208333333,0.9,21.3016035749913,13.4317540368063,10,540000,0.5625,0.3359761,1,10,MediumMobility,0,2026-08-05 23:42:26
Urban,45,EVA,2,9,0.674062782262241,64QAM,MPA,0,0.422170138888889,0.978828125,1,90.7434473134132,0.843694521070688,4,0,0,0.7965194,10,10,MediumMobility,0,2026-08-05 23:42:27
Urban,45,EVA,2,9,0.630716990260716,64QAM,MPA,5,0.399014756944444,0.975989583333333,1,87.2485502771632,1.18483561101096,4,0,0,0.8974613,10,10,MediumMobility,0,2026-08-05 23:42:28
Urban,45,EVA,2,9,0.711367717781997,64QAM,MPA,10,0.384296875,0.975338541666667,1,85.2517513227061,1.38593381105537,4,0,0,0.8371651,10,10,MediumMobility,0,2026-08-05 23:42:29
Urban,45,EVA,2,9,0.706979557300599,64QAM,MPA,15,0.401983506944444,0.977369791666667,1,87.0462369167366,1.20499998125386,4,0,0,0.7402891,10,10,MediumMobility,0,2026-08-05 23:42:30
Urban,45,EVA,2,9,0.696926677900654,64QAM,MPA,20,0.422213541666667,0.978151041666667,1,89.9773812445598,0.917333019049729,4,0,0,0.7261923,10,10,MediumMobility,0,2026-08-05 23:42:30
Urban,45,EVA,2,9,0.706699395064061,64QAM,MPA,25,0.426553819444444,0.979869791666667,1,91.0568778389476,0.813744897504222,4,0,0,1.3654408,10,10,MediumMobility,0,2026-08-05 23:42:32
Urban,45,EVA,2,9,0.699589710428103,64QAM,MPA,30,0.446657986111111,0.982317708333333,1,94.1466062402479,0.523906612829077,4,0,0,1.2060118,10,10,MediumMobility,0,2026-08-05 23:42:33
Urban,14,EVA,2,9,0.220996445864586,QPSK,MRC,0,0.217799479166667,0.37859375,1,90.4028664560544,0.876355977592138,4,0,0,1.0141706,3,11,MediumMobility,0,2026-08-05 23:42:34
Urban,14,EVA,2,9,0.219905430986078,QPSK,MRC,5,0.0964453125,0.175859375,1,56.5753648665491,4.94745273013619,6,0,0,0.7844008,3,11,MediumMobility,0,2026-08-05 23:42:35
Urban,14,EVA,2,9,0.216994206190658,QPSK,MRC,10,0.0422526041666667,0.0787239583333333,0.9,30.2659770518536,10.3809060310112,9,180000,0.1875,0.5591388,2.6,11,MediumMobility,0,2026-08-05 23:42:35
Urban,14,EVA,2,9,0.218631334762503,QPSK,MRC,15,0.0154296875,0.0291145833333333,0.6,13.2041635381427,17.5857821084142,12,720000,0.75,0.4106383,2.5,11,MediumMobility,0,2026-08-05 23:42:36
Urban,14,EVA,2,9,0.216123916103201,QPSK,MRC,20,0,0,0,0,160,15,1800000,1.875,0.4310433,2,11,MediumMobility,0,2026-08-05 23:42:36
Urban,14,EVA,2,9,0.216802139467108,QPSK,MRC,25,0,0,0,0,160,15,1800000,1.875,0.4078167,2,11,MediumMobility,0,2026-08-05 23:42:37
Urban,14,EVA,2,9,0.214002986255365,QPSK,MRC,30,0,0,0,0,160,15,1800000,1.875,0.5422249,2,11,MediumMobility,0,2026-08-05 23:42:37
Urban,14,EVA,2,9,0.220202704417668,QPSK,LMMSE,0,0.179479166666667,0.314661458333333,1,80.6210068436256,1.87103564836779,4,0,0,0.2576339,1,11,MediumMobility,0,2026-08-05 23:42:37
Urban,14,EVA,2,9,0.177069934632132,QPSK,LMMSE,5,0.147096354166667,0.26453125,1,70.9260905178129,2.9838795604899,5,0,0,0.2549124,1,11,MediumMobility,0,2026-08-05 23:42:38
Urban,14,EVA,2,9,0.216319477845329,QPSK,LMMSE,10,0.0551302083333333,0.10484375,0.9,39.2597640943542,8.12104628668563,8,180000,0.1875,0.2486711,1,11,MediumMobility,0,2026-08-05 23:42:38
Urban,14,EVA,2,9,0.221386804835634,QPSK,LMMSE,15,0.0132682291666667,0.0257291666666667,0.6,14.3558151129642,16.8594428707165,12,720000,0.75,0.2697864,1,11,MediumMobility,0,2026-08-05 23:42:38
Urban,14,EVA,2,9,0.217152735173444,QPSK,LMMSE,20,0,0,0,0,160,15,1800000,1.875,0.2839684,1,11,MediumMobility,0,2026-08-05 23:42:38
Urban,14,EVA,2,9,0.220533172714107,QPSK,LMMSE,25,1.30208333333333e-05,2.60416666666667e-05,0.1,0.228217732293819,52.8330122870355,15,1620000,1.6875,0.2445077,1,11,MediumMobility,0,2026-08-05 23:42:39
Urban,14,EVA,2,9,0.216419490110936,QPSK,LMMSE,30,0,0,0,0,160,15,1800000,1.875,0.2354164,1,11,MediumMobility,0,2026-08-05 23:42:39
Urban,14,EVA,2,9,0.221285412227557,QPSK,MPA,0,0.217330729166667,0.37609375,1,90.5948694579919,0.857927929283725,4,0,0,0.3683392,10,11,MediumMobility,0,2026-08-05 23:42:39
Urban,14,EVA,2,9,0.221354173850705,QPSK,MPA,5,0.1901171875,0.341796875,1,86.3635777381866,1.27338749355382,4,0,0,0.4352443,10,11,MediumMobility,0,2026-08-05 23:42:40
Urban,14,EVA,2,9,0.218034884617224,QPSK,MPA,10,0.159192708333333,0.289479166666667,1,78.6762110058856,2.08313127166288,4,0,0,0.4531419,10,11,MediumMobility,0,2026-08-05 23:42:40
Urban,14,EVA,2,9,0.221222152655403,QPSK,MPA,15,0.120481770833333,0.225208333333333,1,68.7695118664494,3.25208116633967,5,0,0,0.4473941,10,11,MediumMobility,0,2026-08-05 23:42:41
Urban,14,EVA,2,9,0.217842019915607,QPSK,MPA,20,0.0995052083333333,0.18828125,1,62.3843954736582,4.09848058045088,5,0,0,0.4400958,10,11,MediumMobility,0,2026-08-05 23:42:41
Urban,14,EVA,2,9,0.221003076774943,QPSK,MPA,25,0.0983333333333333,0.186119791666667,1,61.9232948383843,4.16291887206541,5,0,0,0.4114372,10,11,MediumMobility,0,2026-08-05 23:42:41
Urban,14,EVA,2,9,0.203722985167803,QPSK,MPA,30,0.118723958333333,0.22234375,1,68.1706447227135,3.32805197298884,5,0,0,0.3177539,10,11,MediumMobility,0,2026-08-05 23:42:42
Urban,14,EVA,2,9,0.209024840604561,16QAM,MRC,0,0.336158854166667,0.785052083333333,1,96.3808750854344,0.320182697228673,4,0,0,0.9050768,3.4,11,MediumMobility,0,2026-08-05 23:42:43
Urban,14,EVA,2,9,0.216498586954442,16QAM,MRC,5,0.2178125,0.629114583333333,1,63.9157275515521,3.88784526299246,5,0,0,1.0308998,4,11,MediumMobility,0,2026-08-05 23:42:44
Urban,14,EVA,2,9,0.221325104989493,16QAM,MRC,10,0.157701822916667,0.462239583333333,1,50.8653131090045,5.87156555587381,6,0,0,0.8482493,4.3,11,MediumMobility,0,2026-08-05 23:42:45
Urban,14,EVA,2,9,0.215390547389334,16QAM,MRC,15,0.0850716145833333,0.29359375,1,32.5441535753949,9.75054038646141,8,0,0,0.7763802,4.4,11,MediumMobility,0,2026-08-05 23:42:45
Urban,14,EVA,2,9,0.211453032391255,16QAM,MRC,20,0.0182747395833333,0.065234375,0.5,11.3215624294362,18.9218726861732,13,1800000,1.875,0.7548767,3.5,11,MediumMobility,0,2026-08-05 23:42:46
Urban,14,EVA,2,9,0.21948885093589,16QAM,MRC,25,0.000110677083333333,0.000416666666666667,0.2,0.50834584283992,45.8768144734781,15,2880000,3,0.5679233,2.6,11,MediumMobility,0,2026-08-05 23:42:47
Urban,14,EVA,2,9,0.201818074328282,16QAM,MRC,30,0,0,0,0,160,15,3600000,3.75,0.5881727,2.3,11,MediumMobility,0,2026-08-05 23:42:47
Urban,14,EVA,2,9,0.206900609641253,16QAM,LMMSE,0,0.385690104166667,0.8975,1,86.8993233397327,1.21967210531076,4,0,0,0.2598175,1,11,MediumMobility,0,2026-08-05 23:42:48
Urban,14,EVA,2,9,0.211060746760911,16QAM,LMMSE,5,0.337727864583333,0.86796875,1,77.1011634279473,2.25878137114029,4,0,0,0.2243679,1,11,MediumMobility,0,2026-08-05 23:42:48
Urban,14,EVA,2,9,0.221210554281886,16QAM,LMMSE,10,0.27955078125,0.785052083333333,1,67.6514597945289,3.39445655372377,5,0,0,0.252295,1,11,MediumMobility,0,2026-08-05 23:42:48
Urban,14,EVA,2,9,0.221045863062576,16QAM,LMMSE,15,0.171790364583333,0.530625,1,47.3618605937791,6.49142489692772,7,0,0,0.2636074,1,11,MediumMobility,0,2026-08-05 23:42:48
Urban,14,EVA,2,9,0.220260201218774,16QAM,LMMSE,20,0.051171875,0.177994791666667,0.7,20.2243644724936,13.8825023341661,10,1080000,1.125,0.2720219,1,11,MediumMobility,0,2026-08-05 23:42:49
Urban,14,EVA,2,9,0.220962877480002,16QAM,LMMSE,25,0.0195833333333333,0.0733072916666667,0.7,10.7394450453212,19.3803631995109,13,1080000,1.125,0.2616104,1,11,MediumMobility,0,2026-08-05 23:42:49
Urban,14,EVA,2,9,0.221301360798651,16QAM,LMMSE,30,0.0113932291666667,0.0433072916666667,0.4,7.59074281505294,22.3943144565475,14,2160000,2.25,0.2478079,1,11,MediumMobility,0,2026-08-05 23:42:49
Urban,14,EVA,2,9,0.219028237108696,16QAM,MPA,0,0.376959635416667,0.893463541666667,1,84.6370104991659,1.44879369886327,4,0,0,0.4231775,10,11,MediumMobility,0,2026-08-05 23:42:49
Urban,14,EVA,2,9,0.217694108581956,16QAM,MPA,5,0.334290364583333,0.871666666666667,1,76.1097191356922,2.3711976142648,4,0,0,0.5406329,10,11,MediumMobility,0,2026-08-05 23:42:50
Urban,14,EVA,2,9,0.221356840204968,16QAM,MPA,10,0.336549479166667,0.871848958333333,1,76.2505760538332,2.35513741967442,4,0,0,0.5821659,10,11,MediumMobility,0,2026-08-05 23:42:51
Urban,14,EVA,2,9,0.221213621976474,16QAM,MPA,15,0.32876953125,0.8678125,1,74.9658362846743,2.50273219705841,5,0,0,0.6360835,10,11,MediumMobility,0,2026-08-05 23:42:51
Urban,14,EVA,2,9,0.221383004589336,16QAM,MPA,20,0.345983072916667,0.878932291666667,1,78.2227767261885,2.13333543337514,4,0,0,1.0489104,10,11,MediumMobility,0,2026-08-05 23:42:52
Urban,14,EVA,2,9,0.220971026854538,16QAM,MPA,25,0.337532552083333,0.871848958333333,1,76.8688158860026,2.28499617805159,4,0,0,0.8001534,10,11,MediumMobility,0,2026-08-05 23:42:53
Urban,14,EVA,2,9,0.213028383218671,16QAM,MPA,30,0.3345703125,0.869479166666667,1,75.8698161608007,2.39861936536332,4,0,0,0.5020121,10,11,MediumMobility,0,2026-08-05 23:42:54
Urban,14,EVA,2,9,0.22105461277227,64QAM,MRC,0,0.389461805555556,0.935494791666667,1,99.1754573813787,0.0719157590473244,3,0,0,1.3259776,8.1,11,MediumMobility,0,2026-08-05 23:42:55
Urban,14,EVA,2,9,0.220097942753234,64QAM,MRC,5,0.346922743055556,0.908255208333333,1,80.3462355922725,1.90068932258065,4,0,0,1.4461689,9.3,11,MediumMobility,0,2026-08-05 23:42:56
Urban,14,EVA,2,9,0.209028993446368,64QAM,MRC,10,0.194075520833333,0.65625,1,42.4687787319002,7.43860455537961,7,0,0,0.9515019,7.1,11,MediumMobility,0,2026-08-05 23:42:57
Urban,14,EVA,2,9,0.200622725208959,64QAM,MRC,15,0.176384548611111,0.6496875,1,35.8101434330668,8.91987878944378,8,0,0,1.3554238,12.8,11,MediumMobility,0,2026-08-05 23:42:59
Urban,14,EVA,2,9,0.219265025038908,64QAM,MRC,20,0.0312109375,0.167369791666667,0.9,11.1807429063271,19.0305867744315,13,540000,0.5625,0.7113504,5.6,11,MediumMobility,0,2026-08-05 23:42:59
Urban,14,EVA,2,9,0.173150443696465,64QAM,MRC,25,0.0489539930555556,0.213802083333333,0.8,12.4543312050386,18.0935917804697,12,1080000,1.125,2.4224226,12.4,11,MediumMobility,0,2026-08-05 23:43:02
Urban,14,EVA,2,9,0.209120227992713,64QAM,MRC,30,0.00624565972222222,0.0337760416666667,0.1,1.87633819010987,34.5337776383128,15,4860000,5.0625,1.1493455,7.4,11,MediumMobility,0,2026-08-05 23:43:03
Urban,14,EVA,2,9,0.221153357793906,64QAM,LMMSE,0,0.416883680555556,0.97875,1,89.986203544395,0.916481407620963,4,0,0,0.2659397,1,11,MediumMobility,0,2026-08-05 23:43:03
Urban,14,EVA,2,9,0.216072823672576,64QAM,LMMSE,5,0.392296006944444,0.97625,1,86.3763056282194,1.27210749907661,4,0,0,0.2990008,1,11,MediumMobility,0,2026-08-05 23:43:04
Urban,14,EVA,2,9,0.220727290385664,64QAM,LMMSE,10,0.394865451388889,0.974479166666667,1,82.4688008847881,1.67420640263959,4,0,0,0.2840663,1,11,MediumMobility,0,2026-08-05 23:43:04
Urban,14,EVA,2,9,0.204397174319996,64QAM,LMMSE,15,0.360598958333333,0.950859375,1,68.6509004367058,3.26707524221443,5,0,0,0.2697696,1,11,MediumMobility,0,2026-08-05 23:43:04
Urban,14,EVA,2,9,0.221386554585632,64QAM,LMMSE,20,0.218532986111111,0.744635416666667,1,38.7594806732513,8.23244101129658,8,0,0,0.2879754,1,11,MediumMobility,0,2026-08-05 23:43:04
Urban,14,EVA,2,9,0.21871911726064,64QAM,LMMSE,25,0.0963151041666667,0.425989583333333,1,21.4870386843329,13.3564686856783,10,0,0,0.296935,1,11,MediumMobility,0,2026-08-05 23:43:05
Urban,14,EVA,2,9,0.21946431673721,64QAM,LMMSE,30,0.0650260416666667,0.295807291666667,0.7,15.4052230335135,16.2466401935841,11,1620000,1.6875,0.2890523,1,11,MediumMobility,0,2026-08-05 23:43:05
Urban,14,EVA,2,9,0.210397031577347,64QAM,MPA,0,0.4316015625,0.979765625,1,92.0977259559704,0.715021862288068,4,0,0,0.7714544,10,11,MediumMobility,0,2026-08-05 23:43:06
Urban,14,EVA,2,9,0.2081513524273,64QAM,MPA,5,0.409539930555556,0.978411458333333,1,88.7485597165032,1.03677372596455,4,0,0,1.0990023,10,11,MediumMobility,0,2026-08-05 23:43:07
Urban,14,EVA,2,9,0.195857797178208,64QAM,MPA,10,0.388797743055556,0.975442708333333,1,85.6022822428297,1.35029312882739,4,0,0,1.2703117,10,11,MediumMobility,0,2026-08-05 23:43:08
Urban,14,EVA,2,9,0.220251252553861,64QAM,MPA,15,0.413246527777778,0.978567708333333,1,88.2809282060281,1.08266218428177,4,0,0,0.8423952,10,11,MediumMobility,0,2026-08-05 23:43:09
Urban,14,EVA,2,9,0.219719509129335,64QAM,MPA,20,0.432204861111111,0.981171875,1,91.6779988627953,0.754697500101463,4,0,0,0.7703867,10,11,MediumMobility,0,2026-08-05 23:43:10
Urban,14,EVA,2,9,0.219899134283989,64QAM,MPA,25,0.428376736111111,0.978828125,1,91.2793259439741,0.792551512877777,4,0,0,0.7641011,10,11,MediumMobility,0,2026-08-05 23:43:10
Urban,14,EVA,2,9,0.21458084324152,64QAM,MPA,30,0.445833333333333,0.981510416666667,1,94.0304236500311,0.534632143838941,4,0,0,0.9509411,10,11,MediumMobility,0,2026-08-05 23:43:11
Urban,27,EVA,2,9,0.42558754592247,QPSK,MRC,0,0.244557291666667,0.421197916666667,1,96.7466597072618,0.287280411606741,4,0,0,1.0728682,3.3,12,MediumMobility,0,2026-08-05 23:43:13
Urban,27,EVA,2,9,0.425289781816313,QPSK,MRC,5,0.105690104166667,0.193359375,1,58.9624995347965,4.58848228345494,6,0,0,0.8571933,2.6,12,MediumMobility,0,2026-08-05 23:43:13
Urban,27,EVA,2,9,0.41934147747924,QPSK,MRC,10,0.0393098958333333,0.0751302083333333,0.9,31.5167318685507,10.029176461366,8,180000,0.1875,0.7656274,3.5,12,MediumMobility,0,2026-08-05 23:43:14
Urban,27,EVA,2,9,0.425240264422697,QPSK,MRC,15,0.00212239583333333,0.00421875,0.3,4.53623542327337,26.8660882869971,15,1260000,1.3125,0.6522511,2.4,12,MediumMobility,0,2026-08-05 23:43:15
Urban,27,EVA,2,9,0.423972001894472,QPSK,MRC,20,0,0,0,0,160,15,1800000,1.875,0.5280638,2.1,12,MediumMobility,0,2026-08-05 23:43:15
Urban,27,EVA,2,9,0.426438951258172,QPSK,MRC,25,0,0,0,0,160,15,1800000,1.875,0.5056859,2,12,MediumMobility,0,2026-08-05 23:43:16
Urban,27,EVA,2,9,0.422488081332951,QPSK,MRC,30,0,0,0,0,160,15,1800000,1.875,0.4632157,2,12,MediumMobility,0,2026-08-05 23:43:16
Urban,27,EVA,2,9,0.422533855784979,QPSK,LMMSE,0,0.212942708333333,0.372708333333333,1,88.6002161086151,1.05130437610445,4,0,0,0.2655246,1,12,MediumMobility,0,2026-08-05 23:43:17
Urban,27,EVA,2,9,0.425176551042451,QPSK,LMMSE,5,0.115247395833333,0.212265625,1,64.9716904281833,3.74551667297905,5,0,0,0.3074916,1,12,MediumMobility,0,2026-08-05 23:43:17
Urban,27,EVA,2,9,0.413036196536138,QPSK,LMMSE,10,0.0183984375,0.0361197916666667,1,24.2412424503227,12.3089024958155,10,0,0,0.3594438,1,12,MediumMobility,0,2026-08-05 23:43:17
Urban,27,EVA,2,9,0.424629012646383,QPSK,LMMSE,15,0.0170703125,0.033203125,0.7,17.7871692640199,14.9978632427452,11,540000,0.5625,0.3032395,1,12,MediumMobility,0,2026-08-05 23:43:18
Urban,27,EVA,2,9,0.42203479342945,QPSK,LMMSE,20,0.000260416666666667,0.000520833333333333,0.2,1.29099444873581,37.7815125038364,15,1440000,1.5,0.2741104,1,12,MediumMobility,0,2026-08-05 23:43:18
Urban,27,EVA,2,9,0.420194035087613,QPSK,LMMSE,25,0,0,0,0,160,15,1800000,1.875,0.3920717,1,12,MediumMobility,0,2026-08-05 23:43:18
Urban,27,EVA,2,9,0.419324378644804,QPSK,LMMSE,30,0,0,0,0,160,15,1800000,1.875,0.4625768,1,12,MediumMobility,0,2026-08-05 23:43:19
Urban,27,EVA,2,9,0.416844549540507,QPSK,MPA,0,0.286666666666667,0.487786458333333,1,106.635272203744,-0.558017637841932,3,0,0,0.5194435,10,12,MediumMobility,0,2026-08-05 23:43:19
Urban,27,EVA,2,9,0.426177467053934,QPSK,MPA,5,0.2106640625,0.374921875,1,91.3587884726076,0.784993366542021,4,0,0,0.4311102,10,12,MediumMobility,0,2026-08-05 23:43:20
Urban,27,EVA,2,9,0.410737577024786,QPSK,MPA,10,0.160833333333333,0.295416666666667,1,79.2780282489174,2.01694319751508,4,0,0,0.4581432,10,12,MediumMobility,0,2026-08-05 23:43:20
Urban,27,EVA,2,9,0.417894497805952,QPSK,MPA,15,0.118671875,0.2221875,1,68.2966947841093,3.31200626948977,5,0,0,0.4576087,10,12,MediumMobility,0,2026-08-05 23:43:21
Urban,27,EVA,2,9,0.426908463163372,QPSK,MPA,20,0.119127604166667,0.223307291666667,1,68.5326944746093,3.28204385702725,5,0,0,0.3957437,10,12,MediumMobility,0,2026-08-05 23:43:21
Urban,27,EVA,2,9,0.42555235662053,QPSK,MPA,25,0.0909114583333333,0.173255208333333,1,59.8870679901449,4.45333898021649,6,0,0,0.3825467,10,12,MediumMobility,0,2026-08-05 23:43:21
Urban,27,EVA,2,9,0.42694159528195,QPSK,MPA,30,0.108697916666667,0.204635416666667,1,65.5342136999652,3.67063814009589,5,0,0,0.4351846,10,12,MediumMobility,0,2026-08-05 23:43:22
Urban,27,EVA,2,9,0.426493260345048,16QAM,MRC,0,0.351627604166667,0.799713541666667,1,100.781410288873,-0.0676086276047612,3,0,0,1.7793306,3.7,12,MediumMobility,0,2026-08-05 23:43:24
Urban,27,EVA,2,9,0.314160409758411,16QAM,MRC,5,0.206959635416667,0.598203125,1,61.4618422458106,4.22788852845286,5,0,0,1.0615417,3.8,12,MediumMobility,0,2026-08-05 23:43:25
Urban,27,EVA,2,9,0.426941120309532,16QAM,MRC,10,0.13115234375,0.428359375,1,45.6576496345391,6.80972897781922,7,0,0,0.7480242,4.7,12,MediumMobility,0,2026-08-05 23:43:25
Urban,27,EVA,2,9,0.426921449329612,16QAM,MRC,15,0.051171875,0.187317708333333,1,26.0176204634678,11.6946485189334,9,0,0,0.6919188,4,12,MediumMobility,0,2026-08-05 23:43:26
Urban,27,EVA,2,9,0.425707501498004,16QAM,MRC,20,0.00381510416666667,0.0147135416666667,0.5,3.90927168388834,28.158082924364,15,1800000,1.875,0.69374,3.5,12,MediumMobility,0,2026-08-05 23:43:27
Urban,27,EVA,2,9,0.424892103419368,16QAM,MRC,25,0.00181640625,0.00611979166666667,0.4,2.51832378612936,31.9777686498602,15,2160000,2.25,0.5913591,3.2,12,MediumMobility,0,2026-08-05 23:43:27
Urban,27,EVA,2,9,0.41188040228366,16QAM,MRC,30,0,0,0,0,160,15,3600000,3.75,0.5199452,2.1,12,MediumMobility,0,2026-08-05 23:43:28
Urban,27,EVA,2,9,0.422024887498651,16QAM,LMMSE,0,0.383990885416667,0.9003125,1,85.9818234275036,1.31186697965684,4,0,0,0.276554,1,12,MediumMobility,0,2026-08-05 23:43:28
Urban,27,EVA,2,9,0.426801351458193,16QAM,LMMSE,5,0.349739583333333,0.878489583333333,1,79.4578180040406,1.99726730608028,4,0,0,0.2670605,1,12,MediumMobility,0,2026-08-05 23:43:28
Urban,27,EVA,2,9,0.423412262177892,16QAM,LMMSE,10,0.26982421875,0.761484375,1,65.9882216748329,3.61067150677289,5,0,0,0.2959304,1,12,MediumMobility,0,2026-08-05 23:43:29
Urban,27,EVA,2,9,0.410233339741745,16QAM,LMMSE,15,0.186354166666667,0.569270833333333,1,52.1055997278169,5.66231202145367,6,0,0,0.345785,1,12,MediumMobility,0,2026-08-05 23:43:29
Urban,27,EVA,2,9,0.41697192705414,16QAM,LMMSE,20,0.0658333333333333,0.217734375,0.6,22.0130654765574,13.1463894925486,10,1440000,1.5,0.3658398,1,12,MediumMobility,0,2026-08-05 23:43:29
Urban,27,EVA,2,9,0.418935098468048,16QAM,LMMSE,25,0.01337890625,0.0523958333333333,0.7,11.5554785763409,18.7442412654716,13,1080000,1.125,0.3902417,1,12,MediumMobility,0,2026-08-05 23:43:30
Urban,27,EVA,2,9,0.426745357650873,16QAM,LMMSE,30,0.0008984375,0.00359375,0.4,2.21259635619144,33.1019561432149,15,2160000,2.25,0.3015096,1,12,MediumMobility,0,2026-08-05 23:43:30
Urban,27,EVA,2,9,0.426736473252776,16QAM,MPA,0,0.38326171875,0.899140625,1,86.0787468390932,1.30208128448968,4,0,0,0.3987735,10,12,MediumMobility,0,2026-08-05 23:43:30
Urban,27,EVA,2,9,0.395922587029474,16QAM,MPA,5,0.346106770833333,0.880859375,1,77.8166085800285,2.17855401268473,4,0,0,0.401478,10,12,MediumMobility,0,2026-08-05 23:43:31
Urban,27,EVA,2,9,0.316533302666548,16QAM,MPA,10,0.329908854166667,0.866875,1,75.1877215096626,2.47706151688654,5,0,0,0.4111125,10,12,MediumMobility,0,2026-08-05 23:43:31
Urban,27,EVA,2,9,0.386605853630193,16QAM,MPA,15,0.32734375,0.865442708333333,1,74.5312837504169,2.55322796559473,5,0,0,0.4175498,10,12,MediumMobility,0,2026-08-05 23:43:32
Urban,27,EVA,2,9,0.425385019909439,16QAM,MPA,20,0.32646484375,0.863958333333333,1,74.6871873940203,2.53507790247097,5,0,0,0.4452573,10,12,MediumMobility,0,2026-08-05 23:43:32
Urban,27,EVA,2,9,0.426692840434354,16QAM,MPA,25,0.337376302083333,0.87171875,1,76.6360288066154,2.31134016002498,4,0,0,0.4265483,10,12,MediumMobility,0,2026-08-05 23:43:33
Urban,27,EVA,2,9,0.423236938471171,16QAM,MPA,30,0.3371484375,0.874739583333333,1,76.4266716129093,2.33510107118747,4,0,0,0.4334883,10,12,MediumMobility,0,2026-08-05 23:43:33
Urban,27,EVA,2,9,0.42044282705542,64QAM,MRC,0,0.414848090277778,0.949869791666667,1,111.052169559634,-0.910540950363993,3,0,0,1.5014888,9.2,12,MediumMobility,0,2026-08-05 23:43:35
Urban,27,EVA,2,9,0.411748993205549,64QAM,MRC,5,0.362378472222222,0.908567708333333,1,91.6492914818628,0.757417762252793,4,0,0,1.5465415,9.7,12,MediumMobility,0,2026-08-05 23:43:36
Urban,27,EVA,2,9,0.413819305597957,64QAM,MRC,10,0.258077256944444,0.810364583333333,1,52.7572743497209,5.55435299847004,6,0,0,1.3835668,9.9,12,MediumMobility,0,2026-08-05 23:43:37
Urban,27,EVA,2,9,0.399000787079654,64QAM,MRC,15,0.102743055555556,0.477265625,1,24.3941893421907,12.254272192201,10,0,0,1.0669374,6.6,12,MediumMobility,0,2026-08-05 23:43:39
Urban,27,EVA,2,9,0.426926913060633,64QAM,MRC,20,0.0431032986111111,0.223333333333333,1,13.8180619856335,17.1910572694324,12,0,0,1.2979941,8.3,12,MediumMobility,0,2026-08-05 23:43:40
Urban,27,EVA,2,9,0.426549790428739,64QAM,MRC,25,0.0148958333333333,0.0783333333333333,0.8,5.9260321131419,24.5447199881942,15,1080000,1.125,1.2086068,8.9,12,MediumMobility,0,2026-08-05 23:43:41
Urban,27,EVA,2,9,0.425496288150908,64QAM,MRC,30,0.0150477430555556,0.07890625,0.6,5.39712081619986,25.3567572002238,15,2160000,2.25,2.3307605,16.1,12,MediumMobility,0,2026-08-05 23:43:43
Urban,27,EVA,2,9,0.426118218100845,64QAM,LMMSE,0,0.425247395833333,0.979166666666667,1,91.0386202296108,0.815486660282191,4,0,0,0.2655477,1,12,MediumMobility,0,2026-08-05 23:43:44
Urban,27,EVA,2,9,0.416999405178475,64QAM,LMMSE,5,0.390177951388889,0.973802083333333,1,84.4171769984851,1.47138350430023,4,0,0,0.2611871,1,12,MediumMobility,0,2026-08-05 23:43:44
Urban,27,EVA,2,9,0.413243382704166,64QAM,LMMSE,10,0.387569444444444,0.9721875,1,81.656437356239,1.76019144252901,4,0,0,0.3404155,1,12,MediumMobility,0,2026-08-05 23:43:44
Urban,27,EVA,2,9,0.413566128396067,64QAM,LMMSE,15,0.362048611111111,0.95140625,1,68.0371939411564,3.34507212605764,5,0,0,0.3021218,1,12,MediumMobility,0,2026-08-05 23:43:45
Urban,27,EVA,2,9,0.402747009671266,64QAM,LMMSE,20,0.300260416666667,0.888880208333333,1,53.8262361253255,5.38011975540545,6,0,0,0.3187056,1,12,MediumMobility,0,2026-08-05 23:43:45
Urban,27,EVA,2,9,0.425439756538271,64QAM,LMMSE,25,0.171488715277778,0.665,1,32.7014180847382,9.70866827827864,8,0,0,0.5068629,1,12,MediumMobility,0,2026-08-05 23:43:45
Urban,27,EVA,2,9,0.40285853812014,64QAM,LMMSE,30,0.0877213541666667,0.346380208333333,0.8,18.4457697012399,14.6820643581859,11,1080000,1.125,0.4858573,1,12,MediumMobility,0,2026-08-05 23:43:46
Urban,27,EVA,2,9,0.422607651736156,64QAM,MPA,0,0.431883680555556,0.981119791666667,1,91.9769771715511,0.726417352792885,4,0,0,0.9597712,10,12,MediumMobility,0,2026-08-05 23:43:47
Urban,27,EVA,2,9,0.42223164910349,64QAM,MPA,5,0.398519965277778,0.977291666666667,1,87.3038336934732,1.17933370197923,4,0,0,1.3156901,10,12,MediumMobility,0,2026-08-05 23:43:48
Urban,27,EVA,2,9,0.42524711145298,64QAM,MPA,10,0.391397569444444,0.977421875,1,86.1682329399699,1.29305626161517,4,0,0,1.5556372,10,12,MediumMobility,0,2026-08-05 23:43:50
Urban,27,EVA,2,9,0.390318305818977,64QAM,MPA,15,0.404544270833333,0.977005208333333,1,87.2930465402854,1.18040698601605,4,0,0,0.8732978,10,12,MediumMobility,0,2026-08-05 23:43:51
Urban,27,EVA,2,9,0.423633924137877,64QAM,MPA,20,0.425811631944444,0.980546875,1,90.7956305174628,0.838701022489174,4,0,0,0.8774355,10,12,MediumMobility,0,2026-08-05 23:43:51
Urban,27,EVA,2,9,0.415437290861154,64QAM,MPA,25,0.429305555555556,0.978932291666667,1,91.4049403340159,0.780606610089609,4,0,0,0.779426,10,12,MediumMobility,0,2026-08-05 23:43:52
Urban,27,EVA,2,9,0.419765867653347,64QAM,MPA,30,0.430850694444444,0.98046875,1,91.8437721179977,0.7390057531926,4,0,0,0.6981,10,12,MediumMobility,0,2026-08-05 23:43:53
Urban,48,EVA,2,9,0.730761391588671,QPSK,MRC,0,0.246575520833333,0.428463541666667,1,97.9081794753815,0.183620494348845,3,0,0,0.6643615,2.8,13,MediumMobility,0,2026-08-05 23:43:54
Urban,48,EVA,2,9,0.757350368581851,QPSK,MRC,5,0.113450520833333,0.206328125,1,60.5407259630634,4.35904751170449,6,0,0,0.9363093,3.3,13,MediumMobility,0,2026-08-05 23:43:55
Urban,48,EVA,2,9,0.745586373102843,QPSK,MRC,10,0.0595572916666667,0.111119791666667,1,39.5511364593234,8.05682066005324,7,0,0,0.7033787,3,13,MediumMobility,0,2026-08-05 23:43:55
Urban,48,EVA,2,9,0.728264196307393,QPSK,MRC,15,0.00131510416666667,0.00263020833333333,0.3,3.50793110400108,29.0989788958918,15,1260000,1.3125,0.5064968,2.4,13,MediumMobility,0,2026-08-05 23:43:56
Urban,48,EVA,2,9,0.758208301369389,QPSK,MRC,20,1.30208333333333e-05,2.60416666666667e-05,0.1,0.228217732293819,52.8330122870355,15,1620000,1.6875,0.4319394,2,13,MediumMobility,0,2026-08-05 23:43:56
Urban,48,EVA,2,9,0.759043609877917,QPSK,MRC,25,0,0,0,0,160,15,1800000,1.875,0.6178048,2,13,MediumMobility,0,2026-08-05 23:43:57
Urban,48,EVA,2,9,0.713495955727459,QPSK,MRC,30,0,0,0,0,160,15,1800000,1.875,0.7088533,2,13,MediumMobility,0,2026-08-05 23:43:58
Urban,48,EVA,2,9,0.750890546774683,QPSK,LMMSE,0,0.219283854166667,0.385729166666667,1,92.3281019868651,0.693321845075579,4,0,0,0.2778959,1,13,MediumMobility,0,2026-08-05 23:43:58
Urban,48,EVA,2,9,0.746984366262484,QPSK,LMMSE,5,0.102434895833333,0.190598958333333,1,60.2106504850561,4.40653361744335,6,0,0,0.2740354,1,13,MediumMobility,0,2026-08-05 23:43:58
Urban,48,EVA,2,9,0.754302160564004,QPSK,LMMSE,10,0.0159114583333333,0.0310677083333333,0.9,19.599986914332,14.1548843718861,11,180000,0.1875,0.2624597,1,13,MediumMobility,0,2026-08-05 23:43:58
Urban,48,EVA,2,9,0.73283599173647,QPSK,LMMSE,15,0.00423177083333333,0.00846354166666667,0.7,9.19366714172939,20.7302244801219,13,540000,0.5625,0.323921,1,13,MediumMobility,0,2026-08-05 23:43:59
Urban,48,EVA,2,9,0.738549112120105,QPSK,LMMSE,20,0,0,0,0,160,15,1800000,1.875,0.6167493,1,13,MediumMobility,0,2026-08-05 23:43:59
Urban,48,EVA,2,9,0.686984391811264,QPSK,LMMSE,25,0,0,0,0,160,15,1800000,1.875,0.6158889,1,13,MediumMobility,0,2026-08-05 23:44:00
Urban,48,EVA,2,9,0.668224246364315,QPSK,LMMSE,30,0,0,0,0,160,15,1800000,1.875,0.5050641,1,13,MediumMobility,0,2026-08-05 23:44:00
Urban,48,EVA,2,9,0.756113231586477,QPSK,MPA,0,0.267643229166667,0.45484375,1,102.302394882055,-0.197716011855511,3,0,0,0.6746194,10,13,MediumMobility,0,2026-08-05 23:44:01
Urban,48,EVA,2,9,0.693336620655273,QPSK,MPA,5,0.206002604166667,0.368307291666667,1,90.4573064208593,0.871126970752712,4,0,0,0.6698967,10,13,MediumMobility,0,2026-08-05 23:44:02
Urban,48,EVA,2,9,0.756870286510821,QPSK,MPA,10,0.159700520833333,0.292994791666667,1,79.1761810509233,2.02810899295158,4,0,0,0.6900734,10,13,MediumMobility,0,2026-08-05 23:44:02
Urban,48,EVA,2,9,0.756730631986139,QPSK,MPA,15,0.129713541666667,0.242890625,1,71.8709060039758,2.86893760793052,5,0,0,0.4657399,10,13,MediumMobility,0,2026-08-05 23:44:03
Urban,48,EVA,2,9,0.757094821532362,QPSK,MPA,20,0.106276041666667,0.202239583333333,1,65.0054910749901,3.7409991308831,5,0,0,0.5091783,10,13,MediumMobility,0,2026-08-05 23:44:03
Urban,48,EVA,2,9,0.750861971680897,QPSK,MPA,25,0.112734375,0.212682291666667,1,66.6734496894207,3.52094147726342,5,0,0,0.3987675,10,13,MediumMobility,0,2026-08-05 23:44:04
Urban,48,EVA,2,9,0.754096445054138,QPSK,MPA,30,0.1088671875,0.206276041666667,1,65.578617019891,3.6647549271553,5,0,0,0.408767,10,13,MediumMobility,0,2026-08-05 23:44:04
Urban,48,EVA,2,9,0.745043168013461,16QAM,MRC,0,0.3659375,0.818880208333333,1,104.410894353045,-0.374916316345028,3,0,0,1.0855499,3.8,13,MediumMobility,0,2026-08-05 23:44:05
Urban,48,EVA,2,9,0.688411643816483,16QAM,MRC,5,0.21859375,0.617734375,1,64.5123109039188,3.80714801815848,5,0,0,1.5369182,3.6,13,MediumMobility,0,2026-08-05 23:44:07
Urban,48,EVA,2,9,0.758358992252273,16QAM,MRC,10,0.118470052083333,0.389010416666667,1,43.4121237601309,7.24777935130037,7,0,0,1.2995852,4,13,MediumMobility,0,2026-08-05 23:44:08
Urban,48,EVA,2,9,0.751690167617108,16QAM,MRC,15,0.0554622395833333,0.198697916666667,0.9,26.6091455790243,11.4993814088388,9,360000,0.375,1.0505127,5.2,13,MediumMobility,0,2026-08-05 23:44:09
Urban,48,EVA,2,9,0.758515826031598,16QAM,MRC,20,0.0287174479166667,0.103020833333333,0.7,15.945493256656,15.9472408356258,11,1080000,1.125,0.8723379,4.3,13,MediumMobility,0,2026-08-05 23:44:10
Urban,48,EVA,2,9,0.737127615053286,16QAM,MRC,25,0.00661458333333333,0.0246875,0.3,5.24876959003843,25.5988498285815,15,2520000,2.625,0.7514028,3.7,13,MediumMobility,0,2026-08-05 23:44:11
Urban,48,EVA,2,9,0.75575250418305,16QAM,MRC,30,0,0,0,0,160,15,3600000,3.75,0.6117057,2.1,13,MediumMobility,0,2026-08-05 23:44:11
Urban,48,EVA,2,9,0.758345804269469,16QAM,LMMSE,0,0.373040364583333,0.894010416666667,1,84.1902266670387,1.49476642438463,4,0,0,0.3171111,1,13,MediumMobility,0,2026-08-05 23:44:12
Urban,48,EVA,2,9,0.696331001944963,16QAM,LMMSE,5,0.3347265625,0.871458333333333,1,75.9366358252607,2.39097294110347,4,0,0,0.339823,1,13,MediumMobility,0,2026-08-05 23:44:12
Urban,48,EVA,2,9,0.753786243536256,16QAM,LMMSE,10,0.250579427083333,0.735078125,1,63.4657140191001,3.94921659137156,5,0,0,0.3350695,1,13,MediumMobility,0,2026-08-05 23:44:12
Urban,48,EVA,2,9,0.712760611702998,16QAM,LMMSE,15,0.174446614583333,0.547161458333333,1,51.1804820298831,5.81791256282875,6,0,0,0.3034457,1,13,MediumMobility,0,2026-08-05 23:44:13
Urban,48,EVA,2,9,0.756101662103323,16QAM,LMMSE,20,0.0438020833333333,0.159322916666667,0.9,21.3799467983763,13.3998675963899,10,360000,0.375,0.3507919,1,13,MediumMobility,0,2026-08-05 23:44:13
Urban,48,EVA,2,9,0.743713237383636,16QAM,LMMSE,25,0.0123958333333333,0.0477083333333333,0.5,8.11562767316017,21.8135577128161,14,1800000,1.875,0.3849217,1,13,MediumMobility,0,2026-08-05 23:44:13
Urban,48,EVA,2,9,0.758162943666993,16QAM,LMMSE,30,0.0059765625,0.02296875,0.6,4.74067828417761,26.4831903226323,15,1440000,1.5,0.4777116,1,13,MediumMobility,0,2026-08-05 23:44:14
Urban,48,EVA,2,9,0.758235546539024,16QAM,MPA,0,0.377526041666667,0.896666666666667,1,84.9381569990879,1.41794333260254,4,0,0,0.6986979,10,13,MediumMobility,0,2026-08-05 23:44:15
Urban,48,EVA,2,9,0.752822404772152,16QAM,MPA,5,0.349381510416667,0.882447916666667,1,78.7859149877826,2.07102833798567,4,0,0,0.4682126,10,13,MediumMobility,0,2026-08-05 23:44:15
Urban,48,EVA,2,9,0.75250907618079,16QAM,MPA,10,0.33189453125,0.872578125,1,75.1532819220961,2.48104098296947,5,0,0,0.4293583,10,13,MediumMobility,0,2026-08-05 23:44:16
Urban,48,EVA,2,9,0.660363944931831,16QAM,MPA,15,0.328971354166667,0.866796875,1,74.9830417744206,2.50073891791294,5,0,0,0.6160105,10,13,MediumMobility,0,2026-08-05 23:44:16
Urban,48,EVA,2,9,0.758858518803495,16QAM,MPA,20,0.332649739583333,0.868151041666667,1,75.8672067896217,2.39891810208092,4,0,0,0.5892794,10,13,MediumMobility,0,2026-08-05 23:44:17
Urban,48,EVA,2,9,0.737050453713209,16QAM,MPA,25,0.33482421875,0.872239583333333,1,75.9056443149027,2.3945185786186,4,0,0,0.6076649,10,13,MediumMobility,0,2026-08-05 23:44:17
Urban,48,EVA,2,9,0.755811120277484,16QAM,MPA,30,0.332298177083333,0.870520833333333,1,75.6124748914372,2.42813093400651,5,0,0,0.75969,10,13,MediumMobility,0,2026-08-05 23:44:18
Urban,48,EVA,2,9,0.75684204296608,64QAM,MRC,0,0.379683159722222,0.930546875,1,94.7580733693018,0.467675559573679,4,0,0,1.7267919,6.9,13,MediumMobility,0,2026-08-05 23:44:20
Urban,48,EVA,2,9,0.752385084763617,64QAM,MRC,5,0.355199652777778,0.915859375,1,81.4767446674533,1.77932662367911,4,0,0,1.9316735,8.3,13,MediumMobility,0,2026-08-05 23:44:22
Urban,48,EVA,2,9,0.757502294822719,64QAM,MRC,10,0.253598090277778,0.822682291666667,1,52.1563139882588,5.65386217647549,6,0,0,1.2114982,8.1,13,MediumMobility,0,2026-08-05 23:44:23
Urban,48,EVA,2,9,0.757296838590108,64QAM,MRC,15,0.142057291666667,0.582239583333333,1,30.4161975521262,10.3379015948438,9,0,0,0.753081,5.6,13,MediumMobility,0,2026-08-05 23:44:24
Urban,48,EVA,2,9,0.735143694033394,64QAM,MRC,20,0.0849782986111111,0.416015625,1,21.5996908938,13.3110492770532,10,0,0,1.2208736,10.8,13,MediumMobility,0,2026-08-05 23:44:25
Urban,48,EVA,2,9,0.751446969562445,64QAM,MRC,25,0.0125564236111111,0.06921875,0.9,6.00065795634212,24.4360225551856,15,540000,0.5625,1.0798719,8.3,13,MediumMobility,0,2026-08-05 23:44:26
Urban,48,EVA,2,9,0.722328446072744,64QAM,MRC,30,0.000677083333333333,0.00393229166666667,0.3,1.07255949722679,39.3915721441591,15,3780000,3.9375,1.4197502,11.6,13,MediumMobility,0,2026-08-05 23:44:27
Urban,48,EVA,2,9,0.756153691378386,64QAM,LMMSE,0,0.428984375,0.980989583333333,1,91.617628549908,0.76041907569513,4,0,0,0.2604226,1,13,MediumMobility,0,2026-08-05 23:44:28
Urban,48,EVA,2,9,0.755066161587982,64QAM,LMMSE,5,0.402374131944444,0.977708333333333,1,87.7187479731316,1.13815151440936,4,0,0,0.3143064,1,13,MediumMobility,0,2026-08-05 23:44:28
Urban,48,EVA,2,9,0.758906270442271,64QAM,LMMSE,10,0.394405381944444,0.973072916666667,1,80.8784828435332,1.84334008079946,4,0,0,0.3618521,1,13,MediumMobility,0,2026-08-05 23:44:28
Urban,48,EVA,2,9,0.75286193098654,64QAM,LMMSE,15,0.380199652777778,0.962552083333333,1,70.7141489906537,3.00987361549798,5,0,0,0.3615591,1,13,MediumMobility,0,2026-08-05 23:44:29
Urban,48,EVA,2,9,0.758997879878518,64QAM,LMMSE,20,0.2933203125,0.897447916666667,1,49.8273698460099,6.05064073199979,7,0,0,0.4050827,1,13,MediumMobility,0,2026-08-05 23:44:29
Urban,48,EVA,2,9,0.758976216635091,64QAM,LMMSE,25,0.176662326388889,0.63125,1,32.7806538072653,9.68764777427567,8,0,0,0.4234441,1,13,MediumMobility,0,2026-08-05 23:44:30
Urban,48,EVA,2,9,0.758734838289097,64QAM,LMMSE,30,0.0513932291666667,0.257526041666667,0.7,13.1501241684367,17.6214029276483,12,1620000,1.6875,0.3957699,1,13,MediumMobility,0,2026-08-05 23:44:30
Urban,48,EVA,2,9,0.758927181433227,64QAM,MPA,0,0.421584201388889,0.979270833333333,1,90.5848169495299,0.858891778828975,4,0,0,0.781571,10,13,MediumMobility,0,2026-08-05 23:44:31
Urban,48,EVA,2,9,0.719949099337972,64QAM,MPA,5,0.406875,0.978567708333333,1,88.360177584039,1.0748683993143,4,0,0,0.7580686,10,13,MediumMobility,0,2026-08-05 23:44:32
Urban,48,EVA,2,9,0.758657520566904,64QAM,MPA,10,0.394227430555556,0.977604166666667,1,86.355731958531,1.27417660713214,4,0,0,0.7315459,10,13,MediumMobility,0,2026-08-05 23:44:32
Urban,48,EVA,2,9,0.758954708291561,64QAM,MPA,15,0.403268229166667,0.9778125,1,87.0177735365239,1.20784065786258,4,0,0,0.7867333,10,13,MediumMobility,0,2026-08-05 23:44:33
Urban,48,EVA,2,9,0.734763540677536,64QAM,MPA,20,0.424817708333333,0.980911458333333,1,90.3550232338686,0.880953961760381,4,0,0,0.9569134,10,13,MediumMobility,0,2026-08-05 23:44:34
Urban,48,EVA,2,9,0.719632443624443,64QAM,MPA,25,0.439752604166667,0.981380208333333,1,92.976360921988,0.632549120560959,4,0,0,0.9493399,10,13,MediumMobility,0,2026-08-05 23:44:35
Urban,48,EVA,2,9,0.757890221740705,64QAM,MPA,30,0.428272569444444,0.980598958333333,1,91.0525676337065,0.814156056485581,4,0,0,0.934288,10,13,MediumMobility,0,2026-08-05 23:44:36
Urban,31,EVA,2,9,0.490042023104263,QPSK,MRC,0,0.1978125,0.349375,1,86.2278892535472,1.2870448946536,4,0,0,1.235582,3.3,14,MediumMobility,0,2026-08-05 23:44:37
Urban,31,EVA,2,9,0.478483281293766,QPSK,MRC,5,0.0996875,0.182630208333333,1,57.4722534289711,4.81083548569518,6,0,0,1.1767482,3.5,14,MediumMobility,0,2026-08-05 23:44:38
Urban,31,EVA,2,9,0.489882951195204,QPSK,MRC,10,0.0288020833333333,0.0548177083333333,0.8,25.9873845809467,11.704748530194,10,360000,0.375,0.9794623,2.9,14,MediumMobility,0,2026-08-05 23:44:39
Urban,31,EVA,2,9,0.477091600822708,QPSK,MRC,15,0.00419270833333333,0.008203125,0.4,6.93304226763373,23.1815230419091,15,1080000,1.125,0.7929603,2.4,14,MediumMobility,0,2026-08-05 23:44:40
Urban,31,EVA,2,9,0.486610003369973,QPSK,MRC,20,0,0,0,0,160,15,1800000,1.875,0.6743267,2,14,MediumMobility,0,2026-08-05 23:44:41
Urban,31,EVA,2,9,0.486029912553263,QPSK,MRC,25,0,0,0,0,160,15,1800000,1.875,0.9135156,2,14,MediumMobility,0,2026-08-05 23:44:42
Urban,31,EVA,2,9,0.470649692259367,QPSK,MRC,30,0,0,0,0,160,15,1800000,1.875,0.9066722,2,14,MediumMobility,0,2026-08-05 23:44:43
Urban,31,EVA,2,9,0.466174542605465,QPSK,LMMSE,0,0.177265625,0.3184375,1,82.6179498311714,1.6585117253287,4,0,0,0.3604748,1,14,MediumMobility,0,2026-08-05 23:44:43
Urban,31,EVA,2,9,0.475122117397538,QPSK,LMMSE,5,0.0938671875,0.178020833333333,1,60.170772435832,4.41228826527534,6,0,0,0.3346448,1,14,MediumMobility,0,2026-08-05 23:44:43
Urban,31,EVA,2,9,0.4753100898072,QPSK,LMMSE,10,0.0269140625,0.0514322916666667,0.8,22.2823509276679,13.0407798058271,10,360000,0.375,0.2551172,1,14,MediumMobility,0,2026-08-05 23:44:44
Urban,31,EVA,2,9,0.481443271311872,QPSK,LMMSE,15,0.007265625,0.0143489583333333,0.5,10.5808229148567,19.5096110817761,13,900000,0.9375,0.2721735,1,14,MediumMobility,0,2026-08-05 23:44:44
Urban,31,EVA,2,9,0.489862428351901,QPSK,LMMSE,20,0.00251302083333333,0.00502604166666667,0.2,4.36175879411801,27.2067670927986,15,1440000,1.5,0.3243276,1,14,MediumMobility,0,2026-08-05 23:44:44
Urban,31,EVA,2,9,0.482453378048572,QPSK,LMMSE,25,0,0,0,0,160,15,1800000,1.875,0.3509258,1,14,MediumMobility,0,2026-08-05 23:44:45
Urban,31,EVA,2,9,0.487670815725036,QPSK,LMMSE,30,0,0,0,0,160,15,1800000,1.875,0.3719517,1,14,MediumMobility,0,2026-08-05 23:44:45
Urban,31,EVA,2,9,0.450551977746363,QPSK,MPA,0,0.281783854166667,0.480598958333333,1,105.61049608564,-0.474141652885771,3,0,0,0.4619098,10,14,MediumMobility,0,2026-08-05 23:44:45
Urban,31,EVA,2,9,0.488288796129649,QPSK,MPA,5,0.2077734375,0.372109375,1,90.8840870963968,0.830243015693654,4,0,0,0.4769064,10,14,MediumMobility,0,2026-08-05 23:44:46
Urban,31,EVA,2,9,0.483572443906873,QPSK,MPA,10,0.156731770833333,0.287526041666667,1,78.3814071685985,2.11573887940081,4,0,0,0.5055348,10,14,MediumMobility,0,2026-08-05 23:44:46
Urban,31,EVA,2,9,0.487827936942698,QPSK,MPA,15,0.117942708333333,0.221119791666667,1,68.4583629866988,3.29146980315761,5,0,0,0.4252331,10,14,MediumMobility,0,2026-08-05 23:44:47
Urban,31,EVA,2,9,0.480099731737909,QPSK,MPA,20,0.1165625,0.219817708333333,1,68.1713428143227,3.32796302685002,5,0,0,0.353371,10,14,MediumMobility,0,2026-08-05 23:44:47
Urban,31,EVA,2,9,0.489928445114237,QPSK,MPA,25,0.131627604166667,0.247083333333333,1,72.4644434773257,2.79750077602264,5,0,0,0.412999,10,14,MediumMobility,0,2026-08-05 23:44:48
Urban,31,EVA,2,9,0.4888187299692,QPSK,MPA,30,0.107838541666667,0.203359375,1,65.1626407174756,3.72002648426579,5,0,0,0.4280016,10,14,MediumMobility,0,2026-08-05 23:44:48
Urban,31,EVA,2,9,0.489548375725555,16QAM,MRC,0,0.337200520833333,0.786744791666667,1,95.9467313189027,0.359396321507994,4,0,0,0.8401143,3.5,14,MediumMobility,0,2026-08-05 23:44:49
Urban,31,EVA,2,9,0.431071918125374,16QAM,MRC,5,0.243600260416667,0.662578125,1,70.4145054554705,3.04675733126062,5,0,0,0.7616236,4.1,14,MediumMobility,0,2026-08-05 23:44:50
Urban,31,EVA,2,9,0.445823531048336,16QAM,MRC,10,0.0943229166666667,0.321770833333333,1,36.4720322099995,8.76080074524072,8,0,0,0.5922847,4.2,14,MediumMobility,0,2026-08-05 23:44:50
Urban,31,EVA,2,9,0.483903466228441,16QAM,MRC,15,0.0544986979166667,0.192734375,1,24.8936488390533,12.0782288219283,10,0,0,0.5941119,4.5,14,MediumMobility,0,2026-08-05 23:44:51
Urban,31,EVA,2,9,0.459902617240919,16QAM,MRC,20,0.0156315104166667,0.0586458333333333,0.6,10.3345111434882,19.7142012422856,13,1440000,1.5,0.5448895,3.7,14,MediumMobility,0,2026-08-05 23:44:51
Urban,31,EVA,2,9,0.489177898479566,16QAM,MRC,25,7.8125e-05,0.0003125,0.3,0.597560787820269,44.4723581767318,15,2520000,2.625,0.5310394,2.7,14,MediumMobility,0,2026-08-05 23:44:52
Urban,31,EVA,2,9,0.484836286009802,16QAM,MRC,30,0.000338541666666667,0.001171875,0.1,0.734375379269233,42.6816378351219,15,3240000,3.375,0.4465646,2.4,14,MediumMobility,0,2026-08-05 23:44:52
Urban,31,EVA,2,9,0.490175795970522,16QAM,LMMSE,0,0.37240234375,0.8946875,1,83.7455837780782,1.54076171361476,4,0,0,0.2444424,1,14,MediumMobility,0,2026-08-05 23:44:53
Urban,31,EVA,2,9,0.48961979927992,16QAM,LMMSE,5,0.345670572916667,0.879270833333333,1,78.4183754651604,2.11164317793236,4,0,0,0.2779748,1,14,MediumMobility,0,2026-08-05 23:44:53
Urban,31,EVA,2,9,0.47922260050782,16QAM,LMMSE,10,0.29013671875,0.8065625,1,69.1023882750029,3.21013885085726,5,0,0,0.2562723,1,14,MediumMobility,0,2026-08-05 23:44:53
Urban,31,EVA,2,9,0.490153187644343,16QAM,LMMSE,15,0.190859375,0.593567708333333,1,54.1669976096636,5.32530471993108,6,0,0,0.2628526,1,14,MediumMobility,0,2026-08-05 23:44:53
Urban,31,EVA,2,9,0.489326978112795,16QAM,LMMSE,20,0.03267578125,0.120390625,0.8,18.3558139780854,14.7245270438452,11,720000,0.75,0.2771641,1,14,MediumMobility,0,2026-08-05 23:44:54
Urban,31,EVA,2,9,0.482445330925812,16QAM,LMMSE,25,0.01455078125,0.0536458333333333,0.6,9.21628216313973,20.7088847495572,13,1440000,1.5,0.2627028,1,14,MediumMobility,0,2026-08-05 23:44:54
Urban,31,EVA,2,9,0.483881465649782,16QAM,LMMSE,30,0.000970052083333333,0.00388020833333333,0.5,2.43356316107997,32.275147550542,15,1800000,1.875,0.2809123,1,14,MediumMobility,0,2026-08-05 23:44:54
Urban,31,EVA,2,9,0.47919853838844,16QAM,MPA,0,0.385110677083333,0.901328125,1,86.6487097310314,1.24475799791999,4,0,0,0.4074495,10,14,MediumMobility,0,2026-08-05 23:44:55
Urban,31,EVA,2,9,0.48550663832029,16QAM,MPA,5,0.33849609375,0.873463541666667,1,76.768959261757,2.29628693957328,4,0,0,0.4035879,10,14,MediumMobility,0,2026-08-05 23:44:55
Urban,31,EVA,2,9,0.49019945247438,16QAM,MPA,10,0.333528645833333,0.870885416666667,1,75.7117120381547,2.41673866360427,5,0,0,0.418227,10,14,MediumMobility,0,2026-08-05 23:44:55
Urban,31,EVA,2,9,0.487393356903408,16QAM,MPA,15,0.33341796875,0.873255208333333,1,75.7462812037595,2.41277368353144,5,0,0,0.4187978,10,14,MediumMobility,0,2026-08-05 23:44:56
Urban,31,EVA,2,9,0.487807241144296,16QAM,MPA,20,0.32884765625,0.869036458333333,1,74.8778251862002,2.51293556193451,5,0,0,0.4716204,10,14,MediumMobility,0,2026-08-05 23:44:56
Urban,31,EVA,2,9,0.489167604350976,16QAM,MPA,25,0.34412109375,0.878020833333333,1,77.719440085827,2.18940673697562,4,0,0,0.5715463,10,14,MediumMobility,0,2026-08-05 23:44:57
Urban,31,EVA,2,9,0.487175701068941,16QAM,MPA,30,0.326712239583333,0.864661458333333,1,74.3320708062879,2.5764753616414,5,0,0,0.5450042,10,14,MediumMobility,0,2026-08-05 23:44:57
Urban,31,EVA,2,9,0.490044187666603,64QAM,MRC,0,0.3446875,0.903958333333333,1,82.1542810942186,1.7073960074143,4,0,0,0.9499078,8.4,14,MediumMobility,0,2026-08-05 23:44:58
Urban,31,EVA,2,9,0.463391818787492,64QAM,MRC,5,0.324240451388889,0.890208333333333,1,72.2707763388582,2.82074560056965,5,0,0,0.7930153,6.7,14,MediumMobility,0,2026-08-05 23:44:59
Urban,31,EVA,2,9,0.466868311696754,64QAM,MRC,10,0.230538194444444,0.775755208333333,1,46.0783965324969,6.73005284395594,7,0,0,0.9509711,8.9,14,MediumMobility,0,2026-08-05 23:45:00
Urban,31,EVA,2,9,0.490084704852531,64QAM,MRC,15,0.130299479166667,0.590182291666667,1,28.3812303787397,10.9393756200553,9,0,0,1.0695253,10.5,14,MediumMobility,0,2026-08-05 23:45:01
Urban,31,EVA,2,9,0.48802411038209,64QAM,MRC,20,0.0725911458333333,0.310989583333333,0.9,18.757613426848,14.5364483740264,11,540000,0.5625,0.8497588,7.6,14,MediumMobility,0,2026-08-05 23:45:02
Urban,31,EVA,2,9,0.489078999823518,64QAM,MRC,25,0.0203211805555556,0.108619791666667,0.5,6.27279866833166,24.0507730269857,15,2700000,2.8125,0.9579273,8.9,14,MediumMobility,0,2026-08-05 23:45:03
Urban,31,EVA,2,9,0.484552208973167,64QAM,MRC,30,0.0187630208333333,0.0969270833333333,0.6,6.64796815171627,23.5462213956913,15,2160000,2.25,1.1412047,11.8,14,MediumMobility,0,2026-08-05 23:45:04
Urban,31,EVA,2,9,0.490205592022749,64QAM,LMMSE,0,0.422013888888889,0.980078125,1,90.6556650574282,0.852101034611119,4,0,0,0.2333299,1,14,MediumMobility,0,2026-08-05 23:45:04
Urban,31,EVA,2,9,0.435848518732173,64QAM,LMMSE,5,0.3988671875,0.977526041666667,1,87.0929655373385,1.20033842721537,4,0,0,0.2653725,1,14,MediumMobility,0,2026-08-05 23:45:05
Urban,31,EVA,2,9,0.455235639862665,64QAM,LMMSE,10,0.389084201388889,0.975182291666667,1,84.2000940356783,1.49374846949551,4,0,0,0.272127,1,14,MediumMobility,0,2026-08-05 23:45:05
Urban,31,EVA,2,9,0.48376273466528,64QAM,LMMSE,15,0.353914930555556,0.945260416666667,1,64.0849053887361,3.86488505029836,5,0,0,0.2911287,1,14,MediumMobility,0,2026-08-05 23:45:05
Urban,31,EVA,2,9,0.47393327815675,64QAM,LMMSE,20,0.290138888888889,0.878984375,1,50.4603010274557,5.94100325941566,7,0,0,0.2938503,1,14,MediumMobility,0,2026-08-05 23:45:05
Urban,31,EVA,2,9,0.483408547523817,64QAM,LMMSE,25,0.184184027777778,0.72125,1,34.6625093759826,9.20279999880486,8,0,0,0.3073196,1,14,MediumMobility,0,2026-08-05 23:45:06
Urban,31,EVA,2,9,0.490165679910531,64QAM,LMMSE,30,0.0677213541666667,0.302447916666667,0.8,15.6390897023473,16.1157705865885,11,1080000,1.125,0.3009775,1,14,MediumMobility,0,2026-08-05 23:45:06
Urban,31,EVA,2,9,0.488191720291222,64QAM,MPA,0,0.422065972222222,0.980520833333333,1,90.6290753796105,0.854649015297584,4,0,0,0.7345552,10,14,MediumMobility,0,2026-08-05 23:45:07
Urban,31,EVA,2,9,0.48410935626167,64QAM,MPA,5,0.3973828125,0.97765625,1,87.1435596908068,1.195294074487,4,0,0,0.7984709,10,14,MediumMobility,0,2026-08-05 23:45:08
Urban,31,EVA,2,9,0.436504455292777,64QAM,MPA,10,0.384769965277778,0.976041666666667,1,85.3446963329005,1.37646925077958,4,0,0,0.7962052,10,14,MediumMobility,0,2026-08-05 23:45:08
Urban,31,EVA,2,9,0.473900013784331,64QAM,MPA,15,0.409852430555556,0.97875,1,88.1145113087587,1.09905126141917,4,0,0,0.8888141,10,14,MediumMobility,0,2026-08-05 23:45:09
Urban,31,EVA,2,9,0.489746178858647,64QAM,MPA,20,0.420603298611111,0.978411458333333,1,89.7932994059274,0.935121404650642,4,0,0,1.2830945,10,14,MediumMobility,0,2026-08-05 23:45:11
Urban,31,EVA,2,9,0.484272002136451,64QAM,MPA,25,0.433194444444444,0.981432291666667,1,91.8943414675093,0.734224602548945,4,0,0,1.2525351,10,14,MediumMobility,0,2026-08-05 23:45:12
Urban,31,EVA,2,9,0.484882460428013,64QAM,MPA,30,0.443302951388889,0.980494791666667,1,93.493068067359,0.584411763661333,4,0,0,0.9083533,10,14,MediumMobility,0,2026-08-05 23:45:13
Urban,38,EVA,2,9,0.591499541960719,QPSK,MRC,0,0.2025390625,0.35875,1,87.8843828422493,1.12176585416112,4,0,0,0.5561157,3.2,15,MediumMobility,0,2026-08-05 23:45:13
Urban,38,EVA,2,9,0.517649537714186,QPSK,MRC,5,0.172877604166667,0.306432291666667,1,80.1779477762123,1.91890128170818,4,0,0,0.5313187,3,15,MediumMobility,0,2026-08-05 23:45:14
Urban,38,EVA,2,9,0.565191965045111,QPSK,MRC,10,0.0254817708333333,0.04828125,0.9,22.3474252815017,13.0154501221834,10,180000,0.1875,0.5164729,2.5,15,MediumMobility,0,2026-08-05 23:45:14
Urban,38,EVA,2,9,0.536631385499559,QPSK,MRC,15,0.01109375,0.020859375,0.4,7.51559596533188,22.480731507948,14,1080000,1.125,0.4568185,2.2,15,MediumMobility,0,2026-08-05 23:45:15
Urban,38,EVA,2,9,0.575088406648099,QPSK,MRC,20,0.000911458333333333,0.00182291666666667,0.3,2.82114315488598,30.9914975126274,15,1260000,1.3125,0.4403446,2.2,15,MediumMobility,0,2026-08-05 23:45:15
Urban,38,EVA,2,9,0.600666681350659,QPSK,MRC,25,0,0,0,0,160,15,1800000,1.875,0.4434592,2,15,MediumMobility,0,2026-08-05 23:45:16
Urban,38,EVA,2,9,0.599129007578448,QPSK,MRC,30,0,0,0,0,160,15,1800000,1.875,0.426195,2,15,MediumMobility,0,2026-08-05 23:45:16
Urban,38,EVA,2,9,0.600581073784875,QPSK,LMMSE,0,0.214947916666667,0.380078125,1,91.1029534192885,0.809350872634724,4,0,0,0.2550366,1,15,MediumMobility,0,2026-08-05 23:45:16
Urban,38,EVA,2,9,0.599070523319981,QPSK,LMMSE,5,0.0987890625,0.186302083333333,1,61.3206943096779,4.24785872894465,5,0,0,0.2783112,1,15,MediumMobility,0,2026-08-05 23:45:17
Urban,38,EVA,2,9,0.600514614840527,QPSK,LMMSE,10,0.0171875,0.0337239583333333,0.9,20.0127651597397,13.9738580167319,10,180000,0.1875,0.2734356,1,15,MediumMobility,0,2026-08-05 23:45:17
Urban,38,EVA,2,9,0.599571336561332,QPSK,LMMSE,15,0.006640625,0.0130208333333333,0.6,9.61814128960893,20.3381769493889,13,720000,0.75,0.2743073,1,15,MediumMobility,0,2026-08-05 23:45:17
Urban,38,EVA,2,9,0.567882114202801,QPSK,LMMSE,20,0.000130208333333333,0.000260416666666667,0.2,1.01545245896259,39.8668080880889,15,1440000,1.5,0.2580675,1,15,MediumMobility,0,2026-08-05 23:45:17
Urban,38,EVA,2,9,0.527283847162548,QPSK,LMMSE,25,0,0,0,0,160,15,1800000,1.875,0.2652356,1,15,MediumMobility,0,2026-08-05 23:45:18
Urban,38,EVA,2,9,0.559544589929907,QPSK,LMMSE,30,0,0,0,0,160,15,1800000,1.875,0.2760834,1,15,MediumMobility,0,2026-08-05 23:45:18
Urban,38,EVA,2,9,0.595886817786416,QPSK,MPA,0,0.2830859375,0.482838541666667,1,106.009584679886,-0.506902661031951,3,0,0,0.3129643,10,15,MediumMobility,0,2026-08-05 23:45:18
Urban,38,EVA,2,9,0.593021879306664,QPSK,MPA,5,0.221263020833333,0.392578125,1,93.7457498629463,0.560968253959162,4,0,0,0.3062172,10,15,MediumMobility,0,2026-08-05 23:45:19
Urban,38,EVA,2,9,0.502009249188072,QPSK,MPA,10,0.159739583333333,0.292890625,1,79.4179024487725,2.00163175036676,4,0,0,0.3213481,10,15,MediumMobility,0,2026-08-05 23:45:19
Urban,38,EVA,2,9,0.591781487050539,QPSK,MPA,15,0.113502604166667,0.213151041666667,1,67.0038076339147,3.47801033780086,5,0,0,0.3037415,10,15,MediumMobility,0,2026-08-05 23:45:19
Urban,38,EVA,2,9,0.55461525247755,QPSK,MPA,20,0.106106770833333,0.200286458333333,1,64.5044319756154,3.8082088959991,5,0,0,0.2999233,10,15,MediumMobility,0,2026-08-05 23:45:20
Urban,38,EVA,2,9,0.600806550439832,QPSK,MPA,25,0.113958333333333,0.214244791666667,1,66.9132793189046,3.48975370962843,5,0,0,0.3460474,10,15,MediumMobility,0,2026-08-05 23:45:20
Urban,38,EVA,2,9,0.598858055615079,QPSK,MPA,30,0.123346354166667,0.231354166666667,1,69.9843577137723,3.0999803762098,5,0,0,0.2952076,10,15,MediumMobility,0,2026-08-05 23:45:20
Urban,38,EVA,2,9,0.584721219853315,16QAM,MRC,0,0.321744791666667,0.766145833333333,1,91.5830748954322,0.763695583124234,4,0,0,0.6110259,3.5,15,MediumMobility,0,2026-08-05 23:45:21
Urban,38,EVA,2,9,0.531651556055582,16QAM,MRC,5,0.2003515625,0.567786458333333,1,60.8095021733776,4.32057103986697,6,0,0,0.6087458,3.9,15,MediumMobility,0,2026-08-05 23:45:21
Urban,38,EVA,2,9,0.586354582563666,16QAM,MRC,10,0.188704427083333,0.547916666666667,1,58.3940138299095,4.67263343237141,6,0,0,0.6851798,5.1,15,MediumMobility,0,2026-08-05 23:45:22
Urban,38,EVA,2,9,0.591839967467747,16QAM,MRC,15,0.0552278645833333,0.200208333333333,0.9,26.2349451859863,11.6223967771677,9,360000,0.375,0.6565816,4.9,15,MediumMobility,0,2026-08-05 23:45:23
Urban,38,EVA,2,9,0.581727264040148,16QAM,MRC,20,0.0214453125,0.0769270833333333,0.6,11.3409941187918,18.9069774954892,13,1440000,1.5,0.6226729,4.5,15,MediumMobility,0,2026-08-05 23:45:23
Urban,38,EVA,2,9,0.596592354982023,16QAM,MRC,25,9.11458333333333e-05,0.000364583333333333,0.2,0.473109173077207,46.5007726273529,15,2880000,3,0.5459489,2.9,15,MediumMobility,0,2026-08-05 23:45:24
Urban,38,EVA,2,9,0.513327016631505,16QAM,MRC,30,2.60416666666667e-05,0.000104166666666667,0.1,0.204980015422697,53.7657695705651,15,3240000,3.375,0.5349406,2,15,MediumMobility,0,2026-08-05 23:45:24
Urban,38,EVA,2,9,0.592282011862931,16QAM,LMMSE,0,0.38189453125,0.900598958333333,1,85.5124515947617,1.35941284808727,4,0,0,0.3126907,1,15,MediumMobility,0,2026-08-05 23:45:25
Urban,38,EVA,2,9,0.491823930548904,16QAM,LMMSE,5,0.336022135416667,0.870260416666667,1,76.5802329518538,2.31766633784164,4,0,0,0.3717786,1,15,MediumMobility,0,2026-08-05 23:45:25
Urban,38,EVA,2,9,0.536161685623336,16QAM,LMMSE,10,0.29986328125,0.82234375,1,70.4459643627903,3.04287762530749,5,0,0,0.3704729,1,15,MediumMobility,0,2026-08-05 23:45:26
Urban,38,EVA,2,9,0.579630229483211,16QAM,LMMSE,15,0.187584635416667,0.580494791666667,1,53.6292757953072,5.41196135338285,6,0,0,0.4097495,1,15,MediumMobility,0,2026-08-05 23:45:26
Urban,38,EVA,2,9,0.571959979879625,16QAM,LMMSE,20,0.0565364583333333,0.207786458333333,1,27.0628995117658,11.3525135010353,9,0,0,0.3133904,1,15,MediumMobility,0,2026-08-05 23:45:26
Urban,38,EVA,2,9,0.428292854386322,16QAM,LMMSE,25,0.0291341145833333,0.105546875,0.5,13.3034345953065,17.5207244239313,12,1800000,1.875,0.2643834,1,15,MediumMobility,0,2026-08-05 23:45:27
Urban,38,EVA,2,9,0.599086630501461,16QAM,LMMSE,30,0.00111979166666667,0.004453125,0.2,1.88918565531206,34.474507214082,15,2880000,3,0.2602735,1,15,MediumMobility,0,2026-08-05 23:45:27
Urban,38,EVA,2,9,0.569658924124461,16QAM,MPA,0,0.375735677083333,0.897786458333333,1,84.6093376034556,1.45163409953297,4,0,0,0.5063284,10,15,MediumMobility,0,2026-08-05 23:45:27
Urban,38,EVA,2,9,0.596453496944762,16QAM,MPA,5,0.340716145833333,0.87734375,1,77.2660019696393,2.24023118371214,4,0,0,0.4337639,10,15,MediumMobility,0,2026-08-05 23:45:28
Urban,38,EVA,2,9,0.578569044770801,16QAM,MPA,10,0.33302734375,0.8703125,1,75.5513791745461,2.43515206596228,5,0,0,0.4309636,10,15,MediumMobility,0,2026-08-05 23:45:28
Urban,38,EVA,2,9,0.600792992483017,16QAM,MPA,15,0.334739583333333,0.872708333333333,1,75.9709320399954,2.38705090949653,4,0,0,0.4552761,10,15,MediumMobility,0,2026-08-05 23:45:29
Urban,38,EVA,2,9,0.591780169592959,16QAM,MPA,20,0.337317708333333,0.874479166666667,1,76.513453969693,2.32524385351379,4,0,0,0.4320186,10,15,MediumMobility,0,2026-08-05 23:45:29
Urban,38,EVA,2,9,0.597887468370598,16QAM,MPA,25,0.336484375,0.875833333333333,1,76.1638821611703,2.36501855134647,4,0,0,0.4448447,10,15,MediumMobility,0,2026-08-05 23:45:29
Urban,38,EVA,2,9,0.591807689941729,16QAM,MPA,30,0.324329427083333,0.862604166666667,1,73.9068237403382,2.62630923590279,5,0,0,0.4405117,10,15,MediumMobility,0,2026-08-05 23:45:30
Urban,38,EVA,2,9,0.589257725920537,64QAM,MRC,0,0.392960069444444,0.936796875,1,100.8690708277,-0.0751604054096976,3,0,0,0.8583186,6.8,15,MediumMobility,0,2026-08-05 23:45:31
Urban,38,EVA,2,9,0.586534636068848,64QAM,MRC,5,0.305924479166667,0.877916666666667,1,66.185192720646,3.58478324414196,5,0,0,0.838946,7.5,15,MediumMobility,0,2026-08-05 23:45:32
Urban,38,EVA,2,9,0.593161291771349,64QAM,MRC,10,0.241388888888889,0.796119791666667,1,49.1883110902807,6.16276177884536,7,0,0,0.9211391,8.2,15,MediumMobility,0,2026-08-05 23:45:33
Urban,38,EVA,2,9,0.596796032317645,64QAM,MRC,15,0.156532118055556,0.652994791666667,1,32.0713753782747,9.87764829978662,8,0,0,0.8650146,7.5,15,MediumMobility,0,2026-08-05 23:45:33
Urban,38,EVA,2,9,0.6001016323423,64QAM,MRC,20,0.1001953125,0.4315625,1,23.9063037144651,12.4297513471996,10,0,0,1.011001,9.3,15,MediumMobility,0,2026-08-05 23:45:34
Urban,38,EVA,2,9,0.59163618948093,64QAM,MRC,25,0.0199565972222222,0.109479166666667,0.7,7.40731144408203,22.6067878967542,14,1620000,1.6875,0.980293,7.3,15,MediumMobility,0,2026-08-05 23:45:35
Urban,38,EVA,2,9,0.596276457105751,64QAM,MRC,30,0.0130598958333333,0.06703125,0.4,4.33703969376258,27.2561320610452,15,3240000,3.375,1.3320623,10.8,15,MediumMobility,0,2026-08-05 23:45:37
Urban,38,EVA,2,9,0.600531185262233,64QAM,LMMSE,0,0.424557291666667,0.978307291666667,1,90.949836254372,0.82396157002792,4,0,0,0.2566195,1,15,MediumMobility,0,2026-08-05 23:45:37
Urban,38,EVA,2,9,0.582072809784299,64QAM,LMMSE,5,0.410711805555556,0.978463541666667,1,89.0206777859645,1.01018206815964,4,0,0,0.276158,1,15,MediumMobility,0,2026-08-05 23:45:37
Urban,38,EVA,2,9,0.598062701701127,64QAM,LMMSE,10,0.388541666666667,0.975598958333333,1,84.2210103444981,1.49159105874053,4,0,0,0.2780009,1,15,MediumMobility,0,2026-08-05 23:45:38
Urban,38,EVA,2,9,0.599149397366231,64QAM,LMMSE,15,0.3747265625,0.958776041666667,1,69.8806676566008,3.1128590863201,5,0,0,0.2751336,1,15,MediumMobility,0,2026-08-05 23:45:38
Urban,38,EVA,2,9,0.60040841130324,64QAM,LMMSE,20,0.2556640625,0.848203125,1,45.042662563448,6.92751890734567,7,0,0,0.276544,1,15,MediumMobility,0,2026-08-05 23:45:38
Urban,38,EVA,2,9,0.596100318370993,64QAM,LMMSE,25,0.165303819444444,0.660494791666667,1,32.0249373080889,9.89023423511764,8,0,0,0.2638268,1,15,MediumMobility,0,2026-08-05 23:45:38
Urban,38,EVA,2,9,0.600797200294133,64QAM,LMMSE,30,0.0921527777777778,0.350390625,0.6,17.9063500650595,14.939858588041,11,2160000,2.25,0.2738456,1,15,MediumMobility,0,2026-08-05 23:45:39
Urban,38,EVA,2,9,0.570228972759272,64QAM,MPA,0,0.422660590277778,0.980208333333333,1,90.5762135244322,0.859716773042888,4,0,0,0.6568847,10,15,MediumMobility,0,2026-08-05 23:45:39
Urban,38,EVA,2,9,0.600434740458885,64QAM,MPA,5,0.393342013888889,0.976614583333333,1,86.5089816945964,1.25877600147793,4,0,0,0.7751011,10,15,MediumMobility,0,2026-08-05 23:45:40
Urban,38,EVA,2,9,0.600209617218219,64QAM,MPA,10,0.387478298611111,0.975390625,1,85.7058521541696,1.33979045267023,4,0,0,0.945451,10,15,MediumMobility,0,2026-08-05 23:45:41
Urban,38,EVA,2,9,0.600126134316115,64QAM,MPA,15,0.401493055555556,0.975807291666667,1,87.2403764102802,1.18564938535254,4,0,0,0.7237725,10,15,MediumMobility,0,2026-08-05 23:45:42
Urban,38,EVA,2,9,0.600895566633527,64QAM,MPA,20,0.423541666666667,0.979427083333333,1,90.4764594854134,0.869288050253433,4,0,0,0.7385051,10,15,MediumMobility,0,2026-08-05 23:45:43
Urban,38,EVA,2,9,0.60061576203218,64QAM,MPA,25,0.423342013888889,0.980833333333333,1,90.283072127605,0.887873425787536,4,0,0,0.8043718,10,15,MediumMobility,0,2026-08-05 23:45:43
Urban,38,EVA,2,9,0.600145104918511,64QAM,MPA,30,0.440073784722222,0.980911458333333,1,93.1525474504212,0.616105278364311,4,0,0,0.8921597,10,15,MediumMobility,0,2026-08-05 23:45:44
Urban,23,EVA,2,9,0.363476425682737,QPSK,MRC,0,0.220872395833333,0.387005208333333,1,91.734464216734,0.749349424622334,4,0,0,0.8184461,3.1,16,MediumMobility,0,2026-08-05 23:45:45
Urban,23,EVA,2,9,0.360448495867487,QPSK,MRC,5,0.100794270833333,0.187317708333333,1,58.7297664428833,4.62283452520409,6,0,0,0.7998826,2.6,16,MediumMobility,0,2026-08-05 23:45:46
Urban,23,EVA,2,9,0.363645289056027,QPSK,MRC,10,0.0112760416666667,0.0222135416666667,0.7,15.5741955505639,16.1518875315445,11,540000,0.5625,0.5420989,2.7,16,MediumMobility,0,2026-08-05 23:45:46
Urban,23,EVA,2,9,0.363485637096165,QPSK,MRC,15,0.000221354166666667,0.000442708333333333,0.3,1.40487890830774,37.0472221517635,15,1260000,1.3125,0.5547351,2.2,16,MediumMobility,0,2026-08-05 23:45:47
Urban,23,EVA,2,9,0.360626662501525,QPSK,MRC,20,0.00127604166666667,0.00247395833333333,0.1,2.25924028528766,32.9207515301106,15,1620000,1.6875,0.4909393,2.3,16,MediumMobility,0,2026-08-05 23:45:47
Urban,23,EVA,2,9,0.360079712893149,QPSK,MRC,25,0,0,0,0,160,15,1800000,1.875,0.426832,2,16,MediumMobility,0,2026-08-05 23:45:48
Urban,23,EVA,2,9,0.340725444267087,QPSK,MRC,30,0,0,0,0,160,15,1800000,1.875,0.4324507,2,16,MediumMobility,0,2026-08-05 23:45:48
Urban,23,EVA,2,9,0.356719172321962,QPSK,LMMSE,0,0.210755208333333,0.374322916666667,1,91.1317234073163,0.806608332660164,4,0,0,0.2660666,1,16,MediumMobility,0,2026-08-05 23:45:49
Urban,23,EVA,2,9,0.36369306946188,QPSK,LMMSE,5,0.08,0.146067708333333,1,47.6621568778787,6.43652616427063,7,0,0,0.2755717,1,16,MediumMobility,0,2026-08-05 23:45:49
Urban,23,EVA,2,9,0.358318640896259,QPSK,LMMSE,10,0.0369921875,0.071484375,0.9,32.1326765983839,9.8610619387096,8,180000,0.1875,0.2793703,1,16,MediumMobility,0,2026-08-05 23:45:49
Urban,23,EVA,2,9,0.361738231013406,QPSK,LMMSE,15,0.0131510416666667,0.0255989583333333,0.5,14.4906780898172,16.7782258257382,12,900000,0.9375,0.2841694,1,16,MediumMobility,0,2026-08-05 23:45:49
Urban,23,EVA,2,9,0.311905717236468,QPSK,LMMSE,20,0.000143229166666667,0.000286458333333333,0.3,1.22730980423943,38.220915929017,15,1260000,1.3125,0.2990792,1,16,MediumMobility,0,2026-08-05 23:45:50
Urban,23,EVA,2,9,0.363653152655899,QPSK,LMMSE,25,0,0,0,0,160,15,1800000,1.875,0.2523519,1,16,MediumMobility,0,2026-08-05 23:45:50
Urban,23,EVA,2,9,0.362978422963876,QPSK,LMMSE,30,0,0,0,0,160,15,1800000,1.875,0.2572213,1,16,MediumMobility,0,2026-08-05 23:45:50
Urban,23,EVA,2,9,0.362926516861101,QPSK,MPA,0,0.2868359375,0.4896875,1,106.587900098199,-0.554158124046974,3,0,0,0.3021628,10,16,MediumMobility,0,2026-08-05 23:45:50
Urban,23,EVA,2,9,0.360278955976473,QPSK,MPA,5,0.202083333333333,0.36078125,1,89.1891295811927,0.993761488842796,4,0,0,0.3040742,10,16,MediumMobility,0,2026-08-05 23:45:51
Urban,23,EVA,2,9,0.356164399848685,QPSK,MPA,10,0.163346354166667,0.298489583333333,1,80.0587194397902,1.93182721658946,4,0,0,0.2904431,10,16,MediumMobility,0,2026-08-05 23:45:51
Urban,23,EVA,2,9,0.347003364287466,QPSK,MPA,15,0.119205729166667,0.223645833333333,1,68.220083962516,3.32175500832472,5,0,0,0.2944081,10,16,MediumMobility,0,2026-08-05 23:45:51
Urban,23,EVA,2,9,0.362976308558968,QPSK,MPA,20,0.1013671875,0.190963541666667,1,63.0886896323376,4.00096985807942,5,0,0,0.2950744,10,16,MediumMobility,0,2026-08-05 23:45:52
Urban,23,EVA,2,9,0.349472375041536,QPSK,MPA,25,0.103229166666667,0.194947916666667,1,63.7387182821199,3.91193347949843,5,0,0,0.293123,10,16,MediumMobility,0,2026-08-05 23:45:52
Urban,23,EVA,2,9,0.362683425014119,QPSK,MPA,30,0.125638020833333,0.234921875,1,70.4235160608634,3.04564591087457,5,0,0,0.3076087,10,16,MediumMobility,0,2026-08-05 23:45:52
Urban,23,EVA,2,9,0.362879301360662,16QAM,MRC,0,0.328040364583333,0.776276041666667,1,93.754188706566,0.560186399149374,4,0,0,0.5541153,3.7,16,MediumMobility,0,2026-08-05 23:45:53
Urban,23,EVA,2,9,0.363522179644605,16QAM,MRC,5,0.27396484375,0.707369791666667,1,78.1889739859944,2.13708971493038,4,0,0,0.5422031,3.7,16,MediumMobility,0,2026-08-05 23:45:53
Urban,23,EVA,2,9,0.363698385190928,16QAM,MRC,10,0.114830729166667,0.386927083333333,1,42.0511402022549,7.52444447920763,7,0,0,0.573157,3.9,16,MediumMobility,0,2026-08-05 23:45:54
Urban,23,EVA,2,9,0.359387940526178,16QAM,MRC,15,0.0338802083333333,0.120989583333333,0.9,15.6573868521136,16.1056143607659,11,360000,0.375,0.5554199,3.9,16,MediumMobility,0,2026-08-05 23:45:55
Urban,23,EVA,2,9,0.363682415625073,16QAM,MRC,20,0.032578125,0.113541666666667,0.8,14.2696924257275,16.9117077545941,12,720000,0.75,0.60016,4.6,16,MediumMobility,0,2026-08-05 23:45:55
Urban,23,EVA,2,9,0.360573086859531,16QAM,MRC,25,0.00224609375,0.008203125,0.3,2.94034266379322,30.6320410902417,15,2520000,2.625,0.536863,3.2,16,MediumMobility,0,2026-08-05 23:45:56
Urban,23,EVA,2,9,0.349075283948396,16QAM,MRC,30,0.00225911458333333,0.00828125,0.2,2.23349846600063,33.0202868294367,15,2880000,3,0.6191445,2.8,16,MediumMobility,0,2026-08-05 23:45:56
Urban,23,EVA,2,9,0.363670862767706,16QAM,LMMSE,0,0.369798177083333,0.88984375,1,83.219906879727,1.59545549007396,4,0,0,0.3222736,1,16,MediumMobility,0,2026-08-05 23:45:57
Urban,23,EVA,2,9,0.362362974809757,16QAM,LMMSE,5,0.339524739583333,0.87140625,1,77.4196025358326,2.22298125267859,4,0,0,0.3312019,1,16,MediumMobility,0,2026-08-05 23:45:57
Urban,23,EVA,2,9,0.343472089954802,16QAM,LMMSE,10,0.260651041666667,0.7521875,1,64.7842293470361,3.77061406195288,5,0,0,0.3306243,1,16,MediumMobility,0,2026-08-05 23:45:57
Urban,23,EVA,2,9,0.350905178886763,16QAM,LMMSE,15,0.165865885416667,0.506458333333333,1,47.5476869144403,6.45741211279807,7,0,0,0.3953317,1,16,MediumMobility,0,2026-08-05 23:45:58
Urban,23,EVA,2,9,0.35894957240958,16QAM,LMMSE,20,0.0646354166666667,0.229817708333333,0.9,26.8507012462065,11.4208873513324,9,360000,0.375,0.2937659,1,16,MediumMobility,0,2026-08-05 23:45:58
Urban,23,EVA,2,9,0.363269526918192,16QAM,LMMSE,25,0.0181575520833333,0.070390625,0.6,12.9948237324168,17.7245921417402,12,1440000,1.5,0.2518452,1,16,MediumMobility,0,2026-08-05 23:45:58
Urban,23,EVA,2,9,0.363454357474961,16QAM,LMMSE,30,0.000553385416666667,0.00221354166666667,0.2,1.29596979365193,37.7481024168882,15,2880000,3,0.2590636,1,16,MediumMobility,0,2026-08-05 23:45:58
Urban,23,EVA,2,9,0.361545522677484,16QAM,MPA,0,0.36697265625,0.892838541666667,1,82.4455043892689,1.67666041401286,4,0,0,0.4132982,10,16,MediumMobility,0,2026-08-05 23:45:59
Urban,23,EVA,2,9,0.363706335995131,16QAM,MPA,5,0.34673828125,0.879817708333333,1,78.6185903596978,2.08949494791541,4,0,0,0.4139852,10,16,MediumMobility,0,2026-08-05 23:45:59
Urban,23,EVA,2,9,0.359433013315175,16QAM,MPA,10,0.339967447916667,0.876302083333333,1,76.9629400232836,2.27436700768435,4,0,0,0.4306357,10,16,MediumMobility,0,2026-08-05 23:46:00
Urban,23,EVA,2,9,0.360830152036209,16QAM,MPA,15,0.331627604166667,0.867708333333333,1,75.3464737464115,2.45874136156181,5,0,0,0.4077712,10,16,MediumMobility,0,2026-08-05 23:46:00
Urban,23,EVA,2,9,0.362597193534549,16QAM,MPA,20,0.3327734375,0.870390625,1,75.3785541537012,2.4550439413609,5,0,0,0.415616,10,16,MediumMobility,0,2026-08-05 23:46:01
Urban,23,EVA,2,9,0.362936924803443,16QAM,MPA,25,0.333444010416667,0.870729166666667,1,76.0101441990294,2.38256887131355,4,0,0,0.4001634,10,16,MediumMobility,0,2026-08-05 23:46:01
Urban,23,EVA,2,9,0.221223760661886,16QAM,MPA,30,0.335319010416667,0.871119791666667,1,76.0010801618473,2.38360470570096,4,0,0,0.4306224,10,16,MediumMobility,0,2026-08-05 23:46:01
Urban,23,EVA,2,9,0.361980490095349,64QAM,MRC,0,0.408107638888889,0.945390625,1,109.04312140234,-0.751965497106383,3,0,0,0.9336887,8.5,16,MediumMobility,0,2026-08-05 23:46:02
Urban,23,EVA,2,9,0.363623813573152,64QAM,MRC,5,0.340026041666667,0.901848958333333,1,79.3037093896014,2.01412996619308,4,0,0,1.1587255,10.9,16,MediumMobility,0,2026-08-05 23:46:03
Urban,23,EVA,2,9,0.350981283078052,64QAM,MRC,10,0.207994791666667,0.755989583333333,1,41.6017934416835,7.61775893312004,7,0,0,0.783939,6.5,16,MediumMobility,0,2026-08-05 23:46:04
Urban,23,EVA,2,9,0.363346642916277,64QAM,MRC,15,0.137799479166667,0.593854166666667,1,29.6333960773621,10.5643714839721,9,0,0,0.9471809,8.7,16,MediumMobility,0,2026-08-05 23:46:05
Urban,23,EVA,2,9,0.363498619338425,64QAM,MRC,20,0.0719921875,0.337578125,1,18.0626426780955,14.8643741872583,11,0,0,0.8707209,7.8,16,MediumMobility,0,2026-08-05 23:46:06
Urban,23,EVA,2,9,0.36328505388871,64QAM,MRC,25,0.0234635416666667,0.126015625,0.9,8.59427387419274,21.3158162149147,14,540000,0.5625,0.9581746,8.9,16,MediumMobility,0,2026-08-05 23:46:07
Urban,23,EVA,2,9,0.354078521481682,64QAM,MRC,30,0.00154513888888889,0.00908854166666667,0.6,1.87227994802435,34.5525842787074,15,2160000,2.25,1.1388822,10.7,16,MediumMobility,0,2026-08-05 23:46:08
Urban,23,EVA,2,9,0.363102501660795,64QAM,LMMSE,0,0.421328125,0.979375,1,90.3303608652187,0.883325095592874,4,0,0,0.2638593,1,16,MediumMobility,0,2026-08-05 23:46:08
Urban,23,EVA,2,9,0.363558373936973,64QAM,LMMSE,5,0.401276041666667,0.976927083333333,1,87.7781588333686,1.13227065639968,4,0,0,0.2741118,1,16,MediumMobility,0,2026-08-05 23:46:09
Urban,23,EVA,2,9,0.362700633628104,64QAM,LMMSE,10,0.389348958333333,0.971510416666667,1,80.7751694977278,1.8544424398119,4,0,0,0.2675845,1,16,MediumMobility,0,2026-08-05 23:46:09
Urban,23,EVA,2,9,0.351769837481016,64QAM,LMMSE,15,0.390590277777778,0.966666666666667,1,72.7060746408218,2.76858604065296,5,0,0,0.2763933,1,16,MediumMobility,0,2026-08-05 23:46:09
Urban,23,EVA,2,9,0.360340960164085,64QAM,LMMSE,20,0.252200520833333,0.85984375,1,43.8818369244644,7.15430401690514,7,0,0,0.3823289,1,16,MediumMobility,0,2026-08-05 23:46:10
Urban,23,EVA,2,9,0.333831233345998,64QAM,LMMSE,25,0.106935763888889,0.453619791666667,0.9,22.0523297368347,13.130910447366,10,540000,0.5625,0.2795004,1,16,MediumMobility,0,2026-08-05 23:46:10
Urban,23,EVA,2,9,0.345896149212301,64QAM,LMMSE,30,0.0609939236111111,0.2721875,0.6,13.4301028064688,17.4384132565122,12,2160000,2.25,0.2905591,1,16,MediumMobility,0,2026-08-05 23:46:10
Urban,23,EVA,2,9,0.357704208348131,64QAM,MPA,0,0.423294270833333,0.979661458333333,1,90.7259513932641,0.845369377912511,4,0,0,0.8336344,10,16,MediumMobility,0,2026-08-05 23:46:11
Urban,23,EVA,2,9,0.362444007067736,64QAM,MPA,5,0.404140625,0.978046875,1,87.8945429634302,1.12076175550732,4,0,0,1.1001834,10,16,MediumMobility,0,2026-08-05 23:46:12
Urban,23,EVA,2,9,0.362720359600138,64QAM,MPA,10,0.384913194444444,0.976067708333333,1,85.3568715882506,1.37523021207884,4,0,0,1.0592355,10,16,MediumMobility,0,2026-08-05 23:46:13
Urban,23,EVA,2,9,0.363492911777826,64QAM,MPA,15,0.4053515625,0.977786458333333,1,87.4367555511048,1.16611931585918,4,0,0,0.9134853,10,16,MediumMobility,0,2026-08-05 23:46:14
Urban,23,EVA,2,9,0.363603596631399,64QAM,MPA,20,0.429583333333333,0.980078125,1,91.2054328925344,0.799585820060431,4,0,0,0.7657047,10,16,MediumMobility,0,2026-08-05 23:46:15
Urban,23,EVA,2,9,0.36362739166489,64QAM,MPA,25,0.437465277777778,0.979661458333333,1,92.5989684543178,0.667877025992609,4,0,0,0.674062,10,16,MediumMobility,0,2026-08-05 23:46:16
Urban,23,EVA,2,9,0.361262603767325,64QAM,MPA,30,0.444934895833333,0.980989583333333,1,93.9736422815963,0.539878803928704,4,0,0,0.6950866,10,16,MediumMobility,0,2026-08-05 23:46:16
Urban,37,EVA,2,9,0.582472484633817,QPSK,MRC,0,0.195104166666667,0.347291666666667,1,85.5628259028959,1.3542976064218,4,0,0,0.4924702,2.9,17,MediumMobility,0,2026-08-05 23:46:17
Urban,37,EVA,2,9,0.574764907658064,QPSK,MRC,5,0.1419921875,0.259140625,1,70.2043814806626,3.07271565099528,5,0,0,0.5412086,3.6,17,MediumMobility,0,2026-08-05 23:46:17
Urban,37,EVA,2,9,0.564439713762315,QPSK,MRC,10,0.0299479166666667,0.0568229166666667,0.9,23.5647358251743,12.5547484915748,10,180000,0.1875,0.5653643,2.5,17,MediumMobility,0,2026-08-05 23:46:18
Urban,37,EVA,2,9,0.58336925499815,QPSK,MRC,15,0.0020703125,0.00408854166666667,0.4,5.03461855843672,25.9606685528185,15,1080000,1.125,0.5661796,2.3,17,MediumMobility,0,2026-08-05 23:46:18
Urban,37,EVA,2,9,0.582693826077836,QPSK,MRC,20,1.30208333333333e-05,2.60416666666667e-05,0.1,0.228217732293819,52.8330122870355,15,1620000,1.6875,0.4817272,2.1,17,MediumMobility,0,2026-08-05 23:46:19
Urban,37,EVA,2,9,0.574640920733804,QPSK,MRC,25,0,0,0,0,160,15,1800000,1.875,0.4120799,2,17,MediumMobility,0,2026-08-05 23:46:19
Urban,37,EVA,2,9,0.566372682560937,QPSK,MRC,30,0,0,0,0,160,15,1800000,1.875,0.4199566,2,17,MediumMobility,0,2026-08-05 23:46:20
Urban,37,EVA,2,9,0.582393891822737,QPSK,LMMSE,0,0.232903645833333,0.409453125,1,96.2859990284852,0.328737183103393,4,0,0,0.2601382,1,17,MediumMobility,0,2026-08-05 23:46:20
Urban,37,EVA,2,9,0.517046752499431,QPSK,LMMSE,5,0.0951692708333333,0.175911458333333,1,55.6525086621785,5.09030508172115,6,0,0,0.2531567,1,17,MediumMobility,0,2026-08-05 23:46:20
Urban,37,EVA,2,9,0.584621259083809,QPSK,LMMSE,10,0.050625,0.095625,1,36.0589868643719,8.85972959297887,8,0,0,0.2576741,1,17,MediumMobility,0,2026-08-05 23:46:21
Urban,37,EVA,2,9,0.581782245053943,QPSK,LMMSE,15,0.0191536458333333,0.0370572916666667,0.9,20.3400695231979,13.8329513394852,10,180000,0.1875,0.2489798,1,17,MediumMobility,0,2026-08-05 23:46:21
Urban,37,EVA,2,9,0.536155373777214,QPSK,LMMSE,20,0.000299479166666667,0.000598958333333333,0.3,1.50226049775523,36.4650950493234,15,1260000,1.3125,0.2712984,1,17,MediumMobility,0,2026-08-05 23:46:21
Urban,37,EVA,2,9,0.581737660759792,QPSK,LMMSE,25,0,0,0,0,160,15,1800000,1.875,0.2993835,1,17,MediumMobility,0,2026-08-05 23:46:21
Urban,37,EVA,2,9,0.573531995078625,QPSK,LMMSE,30,0,0,0,0,160,15,1800000,1.875,0.2905494,1,17,MediumMobility,0,2026-08-05 23:46:22
Urban,37,EVA,2,9,0.585090047038755,QPSK,MPA,0,0.267161458333333,0.459114583333333,1,102.907312992493,-0.248924770162978,3,0,0,0.3704198,10,17,MediumMobility,0,2026-08-05 23:46:22
Urban,37,EVA,2,9,0.583002774523406,QPSK,MPA,5,0.1897265625,0.342005208333333,1,86.7308719150269,1.23652575154757,4,0,0,0.4161646,10,17,MediumMobility,0,2026-08-05 23:46:22
Urban,37,EVA,2,9,0.584227204494857,QPSK,MPA,10,0.161796875,0.296822916666667,1,79.9501129158359,1.94361837101539,4,0,0,0.5023127,10,17,MediumMobility,0,2026-08-05 23:46:23
Urban,37,EVA,2,9,0.583592777460545,QPSK,MPA,15,0.128489583333333,0.240104166666667,1,71.1514984056716,2.9563189903114,5,0,0,0.5515305,10,17,MediumMobility,0,2026-08-05 23:46:24
Urban,37,EVA,2,9,0.584209845835118,QPSK,MPA,20,0.120716145833333,0.226223958333333,1,69.1723058039834,3.20135494435446,5,0,0,0.3444507,10,17,MediumMobility,0,2026-08-05 23:46:24
Urban,37,EVA,2,9,0.556328945348192,QPSK,MPA,25,0.1119140625,0.210989583333333,1,66.5997280322732,3.530550886361,5,0,0,0.3588292,10,17,MediumMobility,0,2026-08-05 23:46:24
Urban,37,EVA,2,9,0.577999042194667,QPSK,MPA,30,0.09734375,0.185104166666667,1,62.1559870102151,4.13034065492126,5,0,0,0.3414195,10,17,MediumMobility,0,2026-08-05 23:46:25
Urban,37,EVA,2,9,0.583914192040721,16QAM,MRC,0,0.33900390625,0.792526041666667,1,97.0180199850105,0.262951860403765,4,0,0,0.7076942,4.1,17,MediumMobility,0,2026-08-05 23:46:25
Urban,37,EVA,2,9,0.576219094321125,16QAM,MRC,5,0.2524609375,0.685963541666667,1,71.8190321735711,2.87520903363071,5,0,0,0.7489908,4.3,17,MediumMobility,0,2026-08-05 23:46:26
Urban,37,EVA,2,9,0.561018905042505,16QAM,MRC,10,0.0999674479166667,0.340833333333333,1,38.2687462772047,8.34311530936979,8,0,0,0.7987066,4.8,17,MediumMobility,0,2026-08-05 23:46:27
Urban,37,EVA,2,9,0.567428063718094,16QAM,MRC,15,0.0701888020833333,0.227916666666667,0.9,29.8604336551663,10.49807778843,9,360000,0.375,0.7834171,4.8,17,MediumMobility,0,2026-08-05 23:46:28
Urban,37,EVA,2,9,0.584192483156299,16QAM,MRC,20,0.0069140625,0.0267447916666667,0.9,8.33899469291908,21.5777260511155,14,360000,0.375,0.8250535,5.1,17,MediumMobility,0,2026-08-05 23:46:28
Urban,37,EVA,2,9,0.5814055195574,16QAM,MRC,25,0.00138671875,0.00505208333333333,0.5,2.11516359078081,33.4931207565506,15,1800000,1.875,0.6575544,3.3,17,MediumMobility,0,2026-08-05 23:46:29
Urban,37,EVA,2,9,0.584674055378528,16QAM,MRC,30,0,0,0,0,160,15,3600000,3.75,0.5273955,2,17,MediumMobility,0,2026-08-05 23:46:30
Urban,37,EVA,2,9,0.583664418174548,16QAM,LMMSE,0,0.381061197916667,0.899609375,1,85.3251643668201,1.37845732883664,4,0,0,0.3054278,1,17,MediumMobility,0,2026-08-05 23:46:30
Urban,37,EVA,2,9,0.580406682629924,16QAM,LMMSE,5,0.317578125,0.847864583333333,1,73.401094046243,2.68594933718123,5,0,0,0.3504069,1,17,MediumMobility,0,2026-08-05 23:46:30
Urban,37,EVA,2,9,0.506009970790491,16QAM,LMMSE,10,0.27783203125,0.7746875,1,67.3514473019759,3.43306134744403,5,0,0,0.3475942,1,17,MediumMobility,0,2026-08-05 23:46:31
Urban,37,EVA,2,9,0.5819386970855,16QAM,LMMSE,15,0.15373046875,0.47859375,1,45.2232273683325,6.89276894673804,7,0,0,0.3373775,1,17,MediumMobility,0,2026-08-05 23:46:31
Urban,37,EVA,2,9,0.555969208538586,16QAM,LMMSE,20,0.10203125,0.344869791666667,1,36.9245123064912,8.65370464151103,8,0,0,0.3073823,1,17,MediumMobility,0,2026-08-05 23:46:31
Urban,37,EVA,2,9,0.585087694309756,16QAM,LMMSE,25,0.0233072916666667,0.08640625,0.6,12.5864694467557,18.0019214817509,12,1440000,1.5,0.2922088,1,17,MediumMobility,0,2026-08-05 23:46:32
Urban,37,EVA,2,9,0.567428857566677,16QAM,LMMSE,30,0.00037109375,0.001484375,0.3,1.10627636719276,39.122727302337,15,2520000,2.625,0.3150561,1,17,MediumMobility,0,2026-08-05 23:46:32
Urban,37,EVA,2,9,0.579079134126149,16QAM,MPA,0,0.359563802083333,0.888880208333333,1,80.9909670707573,1.8312683063976,4,0,0,0.4308823,10,17,MediumMobility,0,2026-08-05 23:46:32
Urban,37,EVA,2,9,0.582081538071384,16QAM,MPA,5,0.34392578125,0.877473958333333,1,77.8828656941756,2.17116154050536,4,0,0,0.4438889,10,17,MediumMobility,0,2026-08-05 23:46:33
Urban,37,EVA,2,9,0.581002479663356,16QAM,MPA,10,0.325436197916667,0.865729166666667,1,74.0925053717112,2.60451439380704,5,0,0,0.4278886,10,17,MediumMobility,0,2026-08-05 23:46:33
Urban,37,EVA,2,9,0.578072520427551,16QAM,MPA,15,0.332877604166667,0.870546875,1,75.7092982309821,2.41701558769391,5,0,0,0.5551224,10,17,MediumMobility,0,2026-08-05 23:46:34
Urban,37,EVA,2,9,0.579747546354198,16QAM,MPA,20,0.33248046875,0.872682291666667,1,75.3996439590724,2.45261409771732,5,0,0,0.7094121,10,17,MediumMobility,0,2026-08-05 23:46:34
Urban,37,EVA,2,9,0.576437722622074,16QAM,MPA,25,0.32568359375,0.867447916666667,1,74.0709854719049,2.60703754542812,5,0,0,0.4764851,10,17,MediumMobility,0,2026-08-05 23:46:35
Urban,37,EVA,2,9,0.585087396536545,16QAM,MPA,30,0.33890625,0.873151041666667,1,76.9612016597688,2.27456319826858,4,0,0,0.444339,10,17,MediumMobility,0,2026-08-05 23:46:35
Urban,37,EVA,2,9,0.579853196252794,64QAM,MRC,0,0.407235243055556,0.944869791666667,1,108.67137945205,-0.722303598800821,3,0,0,1.1505597,8.7,17,MediumMobility,0,2026-08-05 23:46:37
Urban,37,EVA,2,9,0.561277133524992,64QAM,MRC,5,0.290138888888889,0.852890625,1,62.761951096449,4.0460712770843,5,0,0,1.4154899,9.2,17,MediumMobility,0,2026-08-05 23:46:38
Urban,37,EVA,2,9,0.585069510370057,64QAM,MRC,10,0.222222222222222,0.777526041666667,1,44.1515320037433,7.10108444683422,7,0,0,1.1184434,8.5,17,MediumMobility,0,2026-08-05 23:46:39
Urban,37,EVA,2,9,0.577233618248449,64QAM,MRC,15,0.159895833333333,0.602552083333333,1,33.5661411212985,9.48197167730708,8,0,0,0.9567651,8.4,17,MediumMobility,0,2026-08-05 23:46:40
Urban,37,EVA,2,9,0.582055811356619,64QAM,MRC,20,0.0767838541666667,0.3834375,1,20.2777808393648,13.8595915015205,10,0,0,1.1972121,11.2,17,MediumMobility,0,2026-08-05 23:46:41
Urban,37,EVA,2,9,0.58305010754467,64QAM,MRC,25,0.0242795138888889,0.130182291666667,1,9.47936529270811,20.4644148125269,13,0,0,0.8791606,7.1,17,MediumMobility,0,2026-08-05 23:46:42
Urban,37,EVA,2,9,0.585016638119652,64QAM,MRC,30,0.000303819444444444,0.001796875,0.4,0.777540065326492,42.1855444652661,15,3240000,3.375,1.2532724,10,17,MediumMobility,0,2026-08-05 23:46:43
Urban,37,EVA,2,9,0.576735818721276,64QAM,LMMSE,0,0.412994791666667,0.978671875,1,89.2332745042002,0.98946339702956,4,0,0,0.3043583,1,17,MediumMobility,0,2026-08-05 23:46:44
Urban,37,EVA,2,9,0.583568068323949,64QAM,LMMSE,5,0.403489583333333,0.977604166666667,1,87.8097296042074,1.12914720367535,4,0,0,0.3360282,1,17,MediumMobility,0,2026-08-05 23:46:44
Urban,37,EVA,2,9,0.497791299682523,64QAM,LMMSE,10,0.392925347222222,0.974869791666667,1,83.3181574319974,1.58520685945087,4,0,0,0.374631,1,17,MediumMobility,0,2026-08-05 23:46:44
Urban,37,EVA,2,9,0.579456421693323,64QAM,LMMSE,15,0.369622395833333,0.959166666666667,1,71.3811624139276,2.92832768018662,5,0,0,0.4227171,1,17,MediumMobility,0,2026-08-05 23:46:45
Urban,37,EVA,2,9,0.575751541615126,64QAM,LMMSE,20,0.274214409722222,0.861901041666667,1,48.3306677456998,6.31554409048977,7,0,0,0.4417297,1,17,MediumMobility,0,2026-08-05 23:46:45
Urban,37,EVA,2,9,0.58294472975351,64QAM,LMMSE,25,0.164739583333333,0.651875,1,31.0418612197777,10.1610449407732,8,0,0,0.3751075,1,17,MediumMobility,0,2026-08-05 23:46:46
Urban,37,EVA,2,9,0.568857196916513,64QAM,LMMSE,30,0.07703125,0.358515625,0.8,17.4600454058137,15.1590926244433,11,1080000,1.125,0.3107242,1,17,MediumMobility,0,2026-08-05 23:46:46
Urban,37,EVA,2,9,0.581293930940385,64QAM,MPA,0,0.424926215277778,0.98015625,1,90.9784895873271,0.821225550898212,4,0,0,0.7305744,10,17,MediumMobility,0,2026-08-05 23:46:47
Urban,37,EVA,2,9,0.576095249184837,64QAM,MPA,5,0.410290798611111,0.97890625,1,88.8523416765918,1.02662244016267,4,0,0,0.7449146,10,17,MediumMobility,0,2026-08-05 23:46:47
Urban,37,EVA,2,9,0.575311140641228,64QAM,MPA,10,0.392651909722222,0.977265625,1,86.2479298663895,1.28502640240235,4,0,0,0.7915986,10,17,MediumMobility,0,2026-08-05 23:46:48
Urban,37,EVA,2,9,0.580758153161376,64QAM,MPA,15,0.394479166666667,0.976354166666667,1,85.956001128708,1.31447594181865,4,0,0,0.8258596,10,17,MediumMobility,0,2026-08-05 23:46:49
Urban,37,EVA,2,9,0.558265191649973,64QAM,MPA,20,0.441822916666667,0.980416666666667,1,92.9653047873445,0.633582050593978,4,0,0,0.9702547,10,17,MediumMobility,0,2026-08-05 23:46:50
Urban,37,EVA,2,9,0.584411724018687,64QAM,MPA,25,0.425078125,0.979661458333333,1,90.5360727615577,0.863566961775796,4,0,0,1.165586,10,17,MediumMobility,0,2026-08-05 23:46:51
Urban,37,EVA,2,9,0.580790148538254,64QAM,MPA,30,0.4349609375,0.980208333333333,1,92.2200206413884,0.703495698189941,4,0,0,0.8466013,10,17,MediumMobility,0,2026-08-05 23:46:52
Urban,43,EVA,2,9,0.677700940955677,QPSK,MRC,0,0.259674479166667,0.448255208333333,1,101.517818555227,-0.130845538784513,3,0,0,0.6325999,3.5,18,MediumMobility,0,2026-08-05 23:46:53
Urban,43,EVA,2,9,0.671565310306035,QPSK,MRC,5,0.1026171875,0.189088541666667,1,58.2388014220551,4.69575143116137,6,0,0,0.6417918,3.1,18,MediumMobility,0,2026-08-05 23:46:53
Urban,43,EVA,2,9,0.677882675262954,QPSK,MRC,10,0.029375,0.0564322916666667,1,27.2968265737091,11.2777567893212,9,0,0,0.556922,2.7,18,MediumMobility,0,2026-08-05 23:46:54
Urban,43,EVA,2,9,0.667089924569659,QPSK,MRC,15,0.00170572916666667,0.00341145833333333,0.2,3.65191149724266,28.7495951196052,15,1440000,1.5,0.5358697,2.1,18,MediumMobility,0,2026-08-05 23:46:54
Urban,43,EVA,2,9,0.606089954064592,QPSK,MRC,20,0,0,0,0,160,15,1800000,1.875,0.5088136,2,18,MediumMobility,0,2026-08-05 23:46:55
Urban,43,EVA,2,9,0.678271295879096,QPSK,MRC,25,3.90625e-05,7.8125e-05,0.1,0.395284707521047,48.0617997398389,15,1620000,1.6875,0.4866721,2,18,MediumMobility,0,2026-08-05 23:46:55
Urban,43,EVA,2,9,0.6799751061002,QPSK,MRC,30,0,0,0,0,160,15,1800000,1.875,0.6077576,2,18,MediumMobility,0,2026-08-05 23:46:56
Urban,43,EVA,2,9,0.679230447679137,QPSK,LMMSE,0,0.2215234375,0.391432291666667,1,93.5649010861415,0.577740743901975,4,0,0,0.3263391,1,18,MediumMobility,0,2026-08-05 23:46:56
Urban,43,EVA,2,9,0.679963022113903,QPSK,LMMSE,5,0.0942317708333333,0.174244791666667,1,55.0948364043835,5.1777820433514,6,0,0,0.2891251,1,18,MediumMobility,0,2026-08-05 23:46:57
Urban,43,EVA,2,9,0.675914731568034,QPSK,LMMSE,10,0.0277864583333333,0.053671875,1,28.0748577660889,11.0336487060027,9,0,0,0.2958258,1,18,MediumMobility,0,2026-08-05 23:46:57
Urban,43,EVA,2,9,0.644847784596205,QPSK,LMMSE,15,0.00313802083333333,0.00627604166666667,0.5,6.01718045915811,24.4121392707773,15,900000,0.9375,0.3227537,1,18,MediumMobility,0,2026-08-05 23:46:57
Urban,43,EVA,2,9,0.66274044453168,QPSK,LMMSE,20,0.000325520833333333,0.000651041666666667,0.4,1.93499166421932,34.2664180308998,15,1080000,1.125,0.2910925,1,18,MediumMobility,0,2026-08-05 23:46:58
Urban,43,EVA,2,9,0.673145087217751,QPSK,LMMSE,25,1.30208333333333e-05,2.60416666666667e-05,0.1,0.228217732293819,52.8330122870355,15,1620000,1.6875,0.3090918,1,18,MediumMobility,0,2026-08-05 23:46:58
Urban,43,EVA,2,9,0.679873016060456,QPSK,LMMSE,30,0,0,0,0,160,15,1800000,1.875,0.2925585,1,18,MediumMobility,0,2026-08-05 23:46:58
Urban,43,EVA,2,9,0.67993208211486,QPSK,MPA,0,0.278020833333333,0.473697916666667,1,104.694111942362,-0.398445147837046,3,0,0,0.3375173,10,18,MediumMobility,0,2026-08-05 23:46:58
Urban,43,EVA,2,9,0.665769291519128,QPSK,MPA,5,0.211796875,0.376536458333333,1,91.3739914588422,0.78354807072858,4,0,0,0.3317682,10,18,MediumMobility,0,2026-08-05 23:46:59
Urban,43,EVA,2,9,0.673521677014495,QPSK,MPA,10,0.158528645833333,0.290598958333333,1,79.0733955364062,2.03939223023141,4,0,0,0.3661564,10,18,MediumMobility,0,2026-08-05 23:46:59
Urban,43,EVA,2,9,0.653808754700254,QPSK,MPA,15,0.133515625,0.2490625,1,72.551540390141,2.78706724665135,5,0,0,0.3540624,10,18,MediumMobility,0,2026-08-05 23:47:00
Urban,43,EVA,2,9,0.66842025557424,QPSK,MPA,20,0.116432291666667,0.218619791666667,1,67.7304000540788,3.38432718394075,5,0,0,0.350768,10,18,MediumMobility,0,2026-08-05 23:47:00
Urban,43,EVA,2,9,0.679829347546362,QPSK,MPA,25,0.112513020833333,0.211901041666667,1,66.6311833246831,3.52644947775094,5,0,0,0.4046557,10,18,MediumMobility,0,2026-08-05 23:47:00
Urban,43,EVA,2,9,0.679470432873354,QPSK,MPA,30,0.114348958333333,0.214791666666667,1,67.5646372294997,3.40561101444518,5,0,0,0.4523384,10,18,MediumMobility,0,2026-08-05 23:47:01
Urban,43,EVA,2,9,0.661587853576488,16QAM,MRC,0,0.352018229166667,0.807708333333333,1,98.9074075233797,0.0954236268921259,3,0,0,0.9969329,3.6,18,MediumMobility,0,2026-08-05 23:47:02
Urban,43,EVA,2,9,0.675030511874561,16QAM,MRC,5,0.239485677083333,0.645598958333333,1,69.9782586737205,3.10073737247336,5,0,0,0.9096805,3.6,18,MediumMobility,0,2026-08-05 23:47:03
Urban,43,EVA,2,9,0.673865649057046,16QAM,MRC,10,0.151998697916667,0.489713541666667,1,49.8018312777908,6.0550937475298,7,0,0,0.7277269,4.2,18,MediumMobility,0,2026-08-05 23:47:03
Urban,43,EVA,2,9,0.677902521997871,16QAM,MRC,15,0.0506184895833333,0.180651041666667,0.9,24.1216150470433,12.3518723530778,10,360000,0.375,0.829606,4.9,18,MediumMobility,0,2026-08-05 23:47:04
Urban,43,EVA,2,9,0.679874535484038,16QAM,MRC,20,0.00334635416666667,0.0130729166666667,0.7,5.27489770437098,25.5557191636688,15,1080000,1.125,0.7137585,3.8,18,MediumMobility,0,2026-08-05 23:47:05
Urban,43,EVA,2,9,0.670281894143139,16QAM,MRC,25,0,0,0,0,160,15,3600000,3.75,0.4552467,2.1,18,MediumMobility,0,2026-08-05 23:47:05
Urban,43,EVA,2,9,0.679675365063698,16QAM,MRC,30,0.00072265625,0.00286458333333333,0.1,1.08184668024696,39.3166856651949,15,3240000,3.375,0.5173537,2.6,18,MediumMobility,0,2026-08-05 23:47:06
Urban,43,EVA,2,9,0.673493502877418,16QAM,LMMSE,0,0.37388671875,0.895651041666667,1,84.4342108581141,1.46963102565936,4,0,0,0.2812396,1,18,MediumMobility,0,2026-08-05 23:47:06
Urban,43,EVA,2,9,0.65761694312999,16QAM,LMMSE,5,0.335104166666667,0.867630208333333,1,76.3969778463322,2.33847642288972,4,0,0,0.3075591,1,18,MediumMobility,0,2026-08-05 23:47:06
Urban,43,EVA,2,9,0.663650423019079,16QAM,LMMSE,10,0.26220703125,0.756640625,1,64.7162831781241,3.77972866647679,5,0,0,0.3046669,1,18,MediumMobility,0,2026-08-05 23:47:07
Urban,43,EVA,2,9,0.551080052713407,16QAM,LMMSE,15,0.186295572916667,0.576484375,1,51.3777945287668,5.78449084862753,6,0,0,0.2834963,1,18,MediumMobility,0,2026-08-05 23:47:07
Urban,43,EVA,2,9,0.609897382553367,16QAM,LMMSE,20,0.0839453125,0.271901041666667,0.7,26.9798613748291,11.3792057221195,9,1080000,1.125,0.2799527,1,18,MediumMobility,0,2026-08-05 23:47:07
Urban,43,EVA,2,9,0.676089324842584,16QAM,LMMSE,25,0.0293815104166667,0.10390625,0.7,13.5584463898728,17.3558014349851,12,1080000,1.125,0.2478513,1,18,MediumMobility,0,2026-08-05 23:47:08
Urban,43,EVA,2,9,0.612662020937517,16QAM,LMMSE,30,0.00106119791666667,0.00421875,0.3,2.21717016297263,33.084019489049,15,2520000,2.625,0.2799401,1,18,MediumMobility,0,2026-08-05 23:47:08
Urban,43,EVA,2,9,0.67997364308512,16QAM,MPA,0,0.369850260416667,0.893932291666667,1,83.4772966523513,1.56863247339104,4,0,0,0.400339,10,18,MediumMobility,0,2026-08-05 23:47:08
Urban,43,EVA,2,9,0.667155090041003,16QAM,MPA,5,0.33521484375,0.873802083333333,1,76.0265246525776,2.38069723319669,4,0,0,0.4109542,10,18,MediumMobility,0,2026-08-05 23:47:09
Urban,43,EVA,2,9,0.599089961690982,16QAM,MPA,10,0.328522135416667,0.868463541666667,1,74.7882828876698,2.52332875817351,5,0,0,0.4131553,10,18,MediumMobility,0,2026-08-05 23:47:09
Urban,43,EVA,2,9,0.679912802466875,16QAM,MPA,15,0.33140625,0.872083333333333,1,75.1271821289543,2.48405800752441,5,0,0,0.4222159,10,18,MediumMobility,0,2026-08-05 23:47:10
Urban,43,EVA,2,9,0.678938996020754,16QAM,MPA,20,0.33453125,0.873880208333333,1,75.9532034186707,2.38907809034564,4,0,0,0.4042491,10,18,MediumMobility,0,2026-08-05 23:47:10
Urban,43,EVA,2,9,0.676626070608866,16QAM,MPA,25,0.33607421875,0.8715625,1,76.3741866713032,2.34106803280665,4,0,0,0.4325537,10,18,MediumMobility,0,2026-08-05 23:47:10
Urban,43,EVA,2,9,0.648878035552666,16QAM,MPA,30,0.339029947916667,0.874140625,1,76.7274214382098,2.30098793588731,4,0,0,0.4216695,10,18,MediumMobility,0,2026-08-05 23:47:11
Urban,43,EVA,2,9,0.664771086588841,64QAM,MRC,0,0.397421875,0.943619791666667,1,100.322611826467,-0.0279766035160447,3,0,0,1.454178,10,18,MediumMobility,0,2026-08-05 23:47:12
Urban,43,EVA,2,9,0.676664576205379,64QAM,MRC,5,0.323784722222222,0.886171875,1,73.4105155932119,2.68483451366687,5,0,0,0.8926008,8.1,18,MediumMobility,0,2026-08-05 23:47:13
Urban,43,EVA,2,9,0.554738069031577,64QAM,MRC,10,0.2237890625,0.785494791666667,1,44.8350828610156,6.96764046544164,7,0,0,0.8572061,7.4,18,MediumMobility,0,2026-08-05 23:47:14
Urban,43,EVA,2,9,0.679110211321925,64QAM,MRC,15,0.118832465277778,0.524322916666667,1,26.8111285498298,11.4336981010599,9,0,0,0.8373942,7.3,18,MediumMobility,0,2026-08-05 23:47:15
Urban,43,EVA,2,9,0.677390211936361,64QAM,MRC,20,0.0495616319444444,0.25484375,1,14.4204613673294,16.8204168920822,12,0,0,1.0079814,9.4,18,MediumMobility,0,2026-08-05 23:47:16
Urban,43,EVA,2,9,0.664418349651594,64QAM,MRC,25,0.0182291666666667,0.0990885416666667,0.7,6.93664907106245,23.1770055228859,15,1620000,1.6875,0.9319146,8.5,18,MediumMobility,0,2026-08-05 23:47:17
Urban,43,EVA,2,9,0.637310619344561,64QAM,MRC,30,0.0006640625,0.00380208333333333,0.4,1.21619562604479,38.2999312565533,15,3240000,3.375,1.0153609,9.6,18,MediumMobility,0,2026-08-05 23:47:18
Urban,43,EVA,2,9,0.670114945743647,64QAM,LMMSE,0,0.428389756944444,0.979895833333333,1,91.2797833650098,0.792507986058994,4,0,0,0.2681747,1,18,MediumMobility,0,2026-08-05 23:47:18
Urban,43,EVA,2,9,0.67476155926342,64QAM,LMMSE,5,0.409887152777778,0.977395833333333,1,88.2344881172372,1.08723258956113,4,0,0,0.2711331,1,18,MediumMobility,0,2026-08-05 23:47:18
Urban,43,EVA,2,9,0.679550028642191,64QAM,LMMSE,10,0.3854296875,0.970885416666667,1,80.8405403085974,1.8474158496319,4,0,0,0.2561221,1,18,MediumMobility,0,2026-08-05 23:47:19
Urban,43,EVA,2,9,0.652664339383638,64QAM,LMMSE,15,0.375668402777778,0.960416666666667,1,70.5590871472541,3.02894092982486,5,0,0,0.2761572,1,18,MediumMobility,0,2026-08-05 23:47:19
Urban,43,EVA,2,9,0.679549565494648,64QAM,LMMSE,20,0.333975694444444,0.93765625,1,57.0334993802602,4.87739961549675,6,0,0,0.2652069,1,18,MediumMobility,0,2026-08-05 23:47:19
Urban,43,EVA,2,9,0.674421850330158,64QAM,LMMSE,25,0.0908029513888889,0.423255208333333,0.9,19.6069583723117,14.1517954643049,11,540000,0.5625,0.2685988,1,18,MediumMobility,0,2026-08-05 23:47:19
Urban,43,EVA,2,9,0.655688358555657,64QAM,LMMSE,30,0.0620052083333333,0.300026041666667,0.6,14.2466757091568,16.9257292248201,12,2160000,2.25,0.2643172,1,18,MediumMobility,0,2026-08-05 23:47:20
Urban,43,EVA,2,9,0.679843999114264,64QAM,MPA,0,0.424036458333333,0.981171875,1,91.0280261187089,0.816497490986847,4,0,0,0.722722,10,18,MediumMobility,0,2026-08-05 23:47:20
Urban,43,EVA,2,9,0.663868436042765,64QAM,MPA,5,0.406462673611111,0.978385416666667,1,87.8858344840204,1.12162238502955,4,0,0,0.7376874,10,18,MediumMobility,0,2026-08-05 23:47:21
Urban,43,EVA,2,9,0.655321401701757,64QAM,MPA,10,0.385260416666667,0.975442708333333,1,85.4937868013882,1.36130892319568,4,0,0,0.9896555,10,18,MediumMobility,0,2026-08-05 23:47:22
Urban,43,EVA,2,9,0.67624659346281,64QAM,MPA,15,0.402300347222222,0.978229166666667,1,87.1687483316476,1.19278380130571,4,0,0,1.0166301,10,18,MediumMobility,0,2026-08-05 23:47:23
Urban,43,EVA,2,9,0.674104184654453,64QAM,MPA,20,0.4215234375,0.978984375,1,90.380950469877,0.878461916513182,4,0,0,1.0191664,10,18,MediumMobility,0,2026-08-05 23:47:24
Urban,43,EVA,2,9,0.643133762178488,64QAM,MPA,25,0.433220486111111,0.981119791666667,1,91.9366710909075,0.730224510957876,4,0,0,0.7326482,10,18,MediumMobility,0,2026-08-05 23:47:25
Urban,43,EVA,2,9,0.679913617457179,64QAM,MPA,30,0.432808159722222,0.980286458333333,1,91.8647341535441,0.737023548537732,4,0,0,0.764049,10,18,MediumMobility,0,2026-08-05 23:47:26
Urban,11,EVA,2,9,0.17309746824756,QPSK,MRC,0,0.218697916666667,0.384869791666667,1,92.4155170760922,0.685102044270071,4,0,0,0.5691737,3.5,19,MediumMobility,0,2026-08-05 23:47:26
Urban,11,EVA,2,9,0.172157995849259,QPSK,MRC,5,0.0984765625,0.179453125,0.9,52.9473864345933,5.52310944958048,6,180000,0.1875,0.5177508,2.7,19,MediumMobility,0,2026-08-05 23:47:27
Urban,11,EVA,2,9,0.170554977258698,QPSK,MRC,10,0.0265885416666667,0.0509635416666667,0.7,23.1145869421803,12.7222772600357,10,540000,0.5625,0.4852357,2.5,19,MediumMobility,0,2026-08-05 23:47:27
Urban,11,EVA,2,9,0.17374396048839,QPSK,MRC,15,0.0138802083333333,0.0268489583333333,0.5,14.7211463962543,16.6411673676591,12,900000,0.9375,0.4786841,2.7,19,MediumMobility,0,2026-08-05 23:47:28
Urban,11,EVA,2,9,0.173937969953882,QPSK,MRC,20,0.00278645833333333,0.00549479166666667,0.1,3.33853760400169,29.5288745535436,15,1620000,1.6875,0.5819257,2.2,19,MediumMobility,0,2026-08-05 23:47:28
Urban,11,EVA,2,9,0.173569293394555,QPSK,MRC,25,0,0,0,0,160,15,1800000,1.875,0.7055673,2.1,19,MediumMobility,0,2026-08-05 23:47:29
Urban,11,EVA,2,9,0.170614376411161,QPSK,MRC,30,0,0,0,0,160,15,1800000,1.875,0.5875975,2,19,MediumMobility,0,2026-08-05 23:47:30
Urban,11,EVA,2,9,0.168005497985536,QPSK,LMMSE,0,0.224153645833333,0.392682291666667,1,93.5047754185708,0.583324170790555,4,0,0,0.3042565,1,19,MediumMobility,0,2026-08-05 23:47:30
Urban,11,EVA,2,9,0.173943240399249,QPSK,LMMSE,5,0.0923046875,0.175,1,59.4943807545514,4.51048102913839,6,0,0,0.3566118,1,19,MediumMobility,0,2026-08-05 23:47:30
Urban,11,EVA,2,9,0.164695123308174,QPSK,LMMSE,10,0.0344401041666667,0.0644791666666667,0.8,25.8970328987727,11.7349998299631,10,360000,0.375,0.355179,1,19,MediumMobility,0,2026-08-05 23:47:31
Urban,11,EVA,2,9,0.173837358838473,QPSK,LMMSE,15,0.0215494791666667,0.0416145833333333,0.6,18.3385709117064,14.7326902210214,11,720000,0.75,0.4047428,1,19,MediumMobility,0,2026-08-05 23:47:31
Urban,11,EVA,2,9,0.173652730618944,QPSK,LMMSE,20,0.00430989583333333,0.00856770833333333,0.5,7.70311826183109,22.2666686919609,14,900000,0.9375,0.3624161,1,19,MediumMobility,0,2026-08-05 23:47:31
Urban,11,EVA,2,9,0.160111045407779,QPSK,LMMSE,25,0,0,0,0,160,15,1800000,1.875,0.2705202,1,19,MediumMobility,0,2026-08-05 23:47:32
Urban,11,EVA,2,9,0.173943841310414,QPSK,LMMSE,30,0,0,0,0,160,15,1800000,1.875,0.2772625,1,19,MediumMobility,0,2026-08-05 23:47:32
Urban,11,EVA,2,9,0.126842479702103,QPSK,MPA,0,0.240794270833333,0.413802083333333,1,96.1267768210061,0.343112391107736,4,0,0,0.3192115,10,19,MediumMobility,0,2026-08-05 23:47:32
Urban,11,EVA,2,9,0.165239318308956,QPSK,MPA,5,0.196536458333333,0.351927083333333,1,87.4775067165781,1.16207207433937,4,0,0,0.3361673,10,19,MediumMobility,0,2026-08-05 23:47:33
Urban,11,EVA,2,9,0.136326200467461,QPSK,MPA,10,0.150729166666667,0.276979166666667,1,76.8761551633167,2.28416690666292,4,0,0,0.3239497,10,19,MediumMobility,0,2026-08-05 23:47:33
Urban,11,EVA,2,9,0.173947431061806,QPSK,MPA,15,0.131575520833333,0.245208333333333,1,71.9953513319966,2.85391089249673,5,0,0,0.3723691,10,19,MediumMobility,0,2026-08-05 23:47:33
Urban,11,EVA,2,9,0.173866681633343,QPSK,MPA,20,0.1071484375,0.2021875,1,65.2306968113628,3.71095964410997,5,0,0,0.3329961,10,19,MediumMobility,0,2026-08-05 23:47:34
Urban,11,EVA,2,9,0.16940254876936,QPSK,MPA,25,0.1012890625,0.191328125,1,62.64256911669,4.06260878326736,5,0,0,0.3151983,10,19,MediumMobility,0,2026-08-05 23:47:34
Urban,11,EVA,2,9,0.173946634620389,QPSK,MPA,30,0.0944010416666667,0.179270833333333,1,61.269412362968,4.25512569962637,5,0,0,0.3010244,10,19,MediumMobility,0,2026-08-05 23:47:34
Urban,11,EVA,2,9,0.171731748742149,16QAM,MRC,0,0.326875,0.772942708333333,1,93.4041862564098,0.592673176186945,4,0,0,0.6459295,4.7,19,MediumMobility,0,2026-08-05 23:47:35
Urban,11,EVA,2,9,0.17393361598343,16QAM,MRC,5,0.243424479166667,0.662239583333333,1,70.8926603972541,2.98797451043503,5,0,0,0.6041844,4.6,19,MediumMobility,0,2026-08-05 23:47:35
Urban,11,EVA,2,9,0.172494656142084,16QAM,MRC,10,0.148287760416667,0.438958333333333,1,50.3312971226899,5.96323753909974,7,0,0,0.628374,4.6,19,MediumMobility,0,2026-08-05 23:47:36
Urban,11,EVA,2,9,0.168085052904531,16QAM,MRC,15,0.0380924479166667,0.131692708333333,0.7,18.002810641219,14.8931937305095,11,1080000,1.125,1.0075581,3.9,19,MediumMobility,0,2026-08-05 23:47:37
Urban,11,EVA,2,9,0.168946044887872,16QAM,MRC,20,0.01921875,0.06875,0.6,11.1060587341412,19.0888006820161,13,1440000,1.5,1.7788343,3.9,19,MediumMobility,0,2026-08-05 23:47:39
Urban,11,EVA,2,9,0.171314166381271,16QAM,MRC,25,0.01306640625,0.0471875,0.6,9.22304585827905,20.7025126396742,13,1440000,1.5,1.3361027,4.7,19,MediumMobility,0,2026-08-05 23:47:40
Urban,11,EVA,2,9,0.17301578904894,16QAM,MRC,30,0.00272786458333333,0.00984375,0.4,2.84197413774562,30.9275975702925,15,2160000,2.25,0.7081398,3,19,MediumMobility,0,2026-08-05 23:47:41
Urban,11,EVA,2,9,0.165926057995233,16QAM,LMMSE,0,0.389108072916667,0.900442708333333,1,87.5115068301388,1.15869676257779,4,0,0,0.2883943,1,19,MediumMobility,0,2026-08-05 23:47:41
Urban,11,EVA,2,9,0.171165275377528,16QAM,LMMSE,5,0.321015625,0.856354166666667,1,73.6029982678803,2.66208988045825,5,0,0,0.2917939,1,19,MediumMobility,0,2026-08-05 23:47:42
Urban,11,EVA,2,9,0.173672241867015,16QAM,LMMSE,10,0.25287109375,0.7234375,1,63.3251945838775,3.96846934094981,5,0,0,0.366479,1,19,MediumMobility,0,2026-08-05 23:47:42
Urban,11,EVA,2,9,0.173159425192114,16QAM,LMMSE,15,0.1082421875,0.35734375,1,37.6271902464462,8.48996421506609,8,0,0,0.3238584,1,19,MediumMobility,0,2026-08-05 23:47:42
Urban,11,EVA,2,9,0.173841464835664,16QAM,LMMSE,20,0.0683854166666667,0.211458333333333,0.8,22.0379954572769,13.1365582158557,10,720000,0.75,0.3148657,1,19,MediumMobility,0,2026-08-05 23:47:43
Urban,11,EVA,2,9,0.172577552009114,16QAM,LMMSE,25,0.05404296875,0.18546875,0.7,21.1165736667308,13.5075309636248,10,1080000,1.125,0.2907221,1,19,MediumMobility,0,2026-08-05 23:47:43
Urban,11,EVA,2,9,0.173485664155706,16QAM,LMMSE,30,0.00729817708333333,0.0282552083333333,0.2,4.7954099614401,26.3834851780812,15,2880000,3,0.2373647,1,19,MediumMobility,0,2026-08-05 23:47:43
Urban,11,EVA,2,9,0.173797846447114,16QAM,MPA,0,0.366549479166667,0.888229166666667,1,82.658111093969,1.65429046907055,4,0,0,0.3579597,10,19,MediumMobility,0,2026-08-05 23:47:43
Urban,11,EVA,2,9,0.159643580474199,16QAM,MPA,5,0.358958333333333,0.883854166666667,1,81.1197375027272,1.81746926704456,4,0,0,0.3704747,10,19,MediumMobility,0,2026-08-05 23:47:44
Urban,11,EVA,2,9,0.165914660203612,16QAM,MPA,10,0.341822916666667,0.876119791666667,1,77.5525769803815,2.20807533037565,4,0,0,0.361193,10,19,MediumMobility,0,2026-08-05 23:47:44
Urban,11,EVA,2,9,0.17290760943471,16QAM,MPA,15,0.339134114583333,0.8715625,1,77.1260972775436,2.25597288362982,4,0,0,0.3592776,10,19,MediumMobility,0,2026-08-05 23:47:45
Urban,11,EVA,2,9,0.171965020391399,16QAM,MPA,20,0.334661458333333,0.870104166666667,1,76.2123211465805,2.35949622323364,4,0,0,0.3684255,10,19,MediumMobility,0,2026-08-05 23:47:45
Urban,11,EVA,2,9,0.169280045440457,16QAM,MPA,25,0.347884114583333,0.878541666666667,1,78.8728042805133,2.06145435581326,4,0,0,0.3658173,10,19,MediumMobility,0,2026-08-05 23:47:45
Urban,11,EVA,2,9,0.167863249954573,16QAM,MPA,30,0.353138020833333,0.882864583333333,1,79.7099500717687,1.96974925801396,4,0,0,0.4761466,10,19,MediumMobility,0,2026-08-05 23:47:46
Urban,11,EVA,2,9,0.16339720488847,64QAM,MRC,0,0.390212673611111,0.936041666666667,1,99.8527502559625,0.0127993760980905,3,0,0,1.2728918,7.7,19,MediumMobility,0,2026-08-05 23:47:47
Urban,11,EVA,2,9,0.168177914946146,64QAM,MRC,5,0.315108506944444,0.881640625,1,71.2644866478043,2.94253677889596,5,0,0,2.5263144,11.9,19,MediumMobility,0,2026-08-05 23:47:50
Urban,11,EVA,2,9,0.149358708001095,64QAM,MRC,10,0.199743923611111,0.728932291666667,1,40.0463913162685,7.94873226427554,7,0,0,1.0792822,8.5,19,MediumMobility,0,2026-08-05 23:47:51
Urban,11,EVA,2,9,0.171639568439063,64QAM,MRC,15,0.104144965277778,0.468489583333333,1,24.5392836526143,12.2027623857724,10,0,0,0.9541288,7.8,19,MediumMobility,0,2026-08-05 23:47:52
Urban,11,EVA,2,9,0.167036345531862,64QAM,MRC,20,0.0812977430555556,0.349192708333333,1,20.6070747253605,13.7196730812538,10,0,0,1.3917771,13.1,19,MediumMobility,0,2026-08-05 23:47:53
Urban,11,EVA,2,9,0.172496616022812,64QAM,MRC,25,0.0300911458333333,0.145729166666667,0.8,9.04618352127884,20.8706921180717,13,1080000,1.125,0.9933101,8.2,19,MediumMobility,0,2026-08-05 23:47:54
Urban,11,EVA,2,9,0.16268498209645,64QAM,MRC,30,0.0202126736111111,0.100286458333333,0.3,4.94068714918068,26.124252906774,15,3780000,3.9375,1.1225179,10.4,19,MediumMobility,0,2026-08-05 23:47:55
Urban,11,EVA,2,9,0.15900072507114,64QAM,LMMSE,0,0.420173611111111,0.981197916666667,1,90.1079965895162,0.904733321240695,4,0,0,0.2330975,1,19,MediumMobility,0,2026-08-05 23:47:55
Urban,11,EVA,2,9,0.173769414228088,64QAM,LMMSE,5,0.384097222222222,0.975130208333333,1,85.0990987297834,1.40150078861482,4,0,0,0.2442064,1,19,MediumMobility,0,2026-08-05 23:47:56
Urban,11,EVA,2,9,0.172202599249154,64QAM,LMMSE,10,0.379622395833333,0.972135416666667,1,83.0507910818019,1.61312452835167,4,0,0,0.2668213,1,19,MediumMobility,0,2026-08-05 23:47:56
Urban,11,EVA,2,9,0.173184105758904,64QAM,LMMSE,15,0.291740451388889,0.891770833333333,1,52.8405089749582,5.54066015576369,6,0,0,0.2982735,1,19,MediumMobility,0,2026-08-05 23:47:56
Urban,11,EVA,2,9,0.17391433467803,64QAM,LMMSE,20,0.215746527777778,0.703567708333333,1,40.7592857560783,7.79546869886264,7,0,0,0.3159364,1,19,MediumMobility,0,2026-08-05 23:47:56
Urban,11,EVA,2,9,0.173473418278297,64QAM,LMMSE,25,0.123328993055556,0.494140625,0.9,24.6983668457948,12.1466352613725,10,540000,0.5625,0.3425736,1,19,MediumMobility,0,2026-08-05 23:47:57
Urban,11,EVA,2,9,0.167256568549568,64QAM,LMMSE,30,0.101202256944444,0.400546875,0.9,20.8386924562553,13.6225906948286,10,540000,0.5625,0.3384742,1,19,MediumMobility,0,2026-08-05 23:47:57
Urban,11,EVA,2,9,0.173812252145911,64QAM,MPA,0,0.416371527777778,0.977942708333333,1,89.9310444235838,0.921807256657906,4,0,0,0.8899645,10,19,MediumMobility,0,2026-08-05 23:47:58
Urban,11,EVA,2,9,0.173379318286937,64QAM,MPA,5,0.397421875,0.976171875,1,87.3153028812983,1.17819270332599,4,0,0,0.689257,10,19,MediumMobility,0,2026-08-05 23:47:59
Urban,11,EVA,2,9,0.163196301378099,64QAM,MPA,10,0.387925347222222,0.975078125,1,85.7157819842814,1.3387841688484,4,0,0,0.7248333,10,19,MediumMobility,0,2026-08-05 23:47:59
Urban,11,EVA,2,9,0.164589472819976,64QAM,MPA,15,0.413376736111111,0.979114583333333,1,88.7980967190833,1.03192685408068,4,0,0,0.7857967,10,19,MediumMobility,0,2026-08-05 23:48:00
Urban,11,EVA,2,9,0.170265055901203,64QAM,MPA,20,0.414327256944444,0.978932291666667,1,88.5800234816846,1.05328417848181,4,0,0,0.9993051,10,19,MediumMobility,0,2026-08-05 23:48:01
Urban,11,EVA,2,9,0.171775393809312,64QAM,MPA,25,0.441657986111111,0.980807291666667,1,93.2173678762921,0.610063282936858,4,0,0,1.1044293,10,19,MediumMobility,0,2026-08-05 23:48:02
Urban,11,EVA,2,9,0.171528321115856,64QAM,MPA,30,0.437973090277778,0.978880208333333,1,92.8272520724025,0.646490112005839,4,0,0,0.9161046,10,19,MediumMobility,0,2026-08-05 23:48:03
Urban,40,EVA,2,9,0.632377236101246,QPSK,MRC,0,0.193841145833333,0.343802083333333,1,86.0912531709908,1.30081940821827,4,0,0,0.5716122,3.3,20,MediumMobility,0,2026-08-05 23:48:04
Urban,40,EVA,2,9,0.593105716409177,QPSK,MRC,5,0.1005859375,0.186536458333333,1,58.5343197398864,4.65178848919432,6,0,0,0.5193912,2.7,20,MediumMobility,0,2026-08-05 23:48:04
Urban,40,EVA,2,9,0.626478565444763,QPSK,MRC,10,0.022265625,0.0436458333333333,1,27.2328324196029,11.2981437283004,9,0,0,0.5618827,3,20,MediumMobility,0,2026-08-05 23:48:05
Urban,40,EVA,2,9,0.593871517606247,QPSK,MRC,15,0.00377604166666667,0.00747395833333333,0.4,4.84661830899522,26.2912236279272,15,1080000,1.125,0.4978952,2.2,20,MediumMobility,0,2026-08-05 23:48:05
Urban,40,EVA,2,9,0.589916374284558,QPSK,MRC,20,0,0,0,0,160,15,1800000,1.875,0.464677,2,20,MediumMobility,0,2026-08-05 23:48:06
Urban,40,EVA,2,9,0.624458793598694,QPSK,MRC,25,0,0,0,0,160,15,1800000,1.875,0.4813648,2,20,MediumMobility,0,2026-08-05 23:48:06
Urban,40,EVA,2,9,0.631098769231193,QPSK,MRC,30,0,0,0,0,160,15,1800000,1.875,0.4652371,2,20,MediumMobility,0,2026-08-05 23:48:07
Urban,40,EVA,2,9,0.622534998581236,QPSK,LMMSE,0,0.233958333333333,0.40921875,1,96.033060348949,0.351584619332775,4,0,0,0.2903513,1,20,MediumMobility,0,2026-08-05 23:48:07
Urban,40,EVA,2,9,0.62488917711276,QPSK,LMMSE,5,0.138697916666667,0.253541666666667,1,72.4037033481043,2.80478439359483,5,0,0,0.2840142,1,20,MediumMobility,0,2026-08-05 23:48:07
Urban,40,EVA,2,9,0.591877523861434,QPSK,LMMSE,10,0.02375,0.04625,0.9,25.6310341030072,11.8246774306109,10,180000,0.1875,0.317251,1,20,MediumMobility,0,2026-08-05 23:48:08
Urban,40,EVA,2,9,0.623841713118964,QPSK,LMMSE,15,0.00302083333333333,0.00604166666666667,0.7,8.1316268050462,21.7964512239664,14,540000,0.5625,0.3152085,1,20,MediumMobility,0,2026-08-05 23:48:08
Urban,40,EVA,2,9,0.619592556484593,QPSK,LMMSE,20,0.000130208333333333,0.000260416666666667,0.3,1.22834368278483,38.2136020669248,15,1260000,1.3125,0.305843,1,20,MediumMobility,0,2026-08-05 23:48:08
Urban,40,EVA,2,9,0.620375236598893,QPSK,LMMSE,25,0,0,0,0,160,15,1800000,1.875,0.2949343,1,20,MediumMobility,0,2026-08-05 23:48:09
Urban,40,EVA,2,9,0.612959246024337,QPSK,LMMSE,30,0,0,0,0,160,15,1800000,1.875,0.3094197,1,20,MediumMobility,0,2026-08-05 23:48:09
Urban,40,EVA,2,9,0.602172791584878,QPSK,MPA,0,0.265494791666667,0.460208333333333,1,102.588528942421,-0.221976046798317,3,0,0,0.3426677,10,20,MediumMobility,0,2026-08-05 23:48:09
Urban,40,EVA,2,9,0.629250297915302,QPSK,MPA,5,0.223033854166667,0.391979166666667,1,93.4077681509037,0.592340093217263,4,0,0,0.3491896,10,20,MediumMobility,0,2026-08-05 23:48:10
Urban,40,EVA,2,9,0.628447513057835,QPSK,MPA,10,0.186549479166667,0.334140625,1,85.3489866669686,1.3760326163643,4,0,0,0.3485536,10,20,MediumMobility,0,2026-08-05 23:48:10
Urban,40,EVA,2,9,0.631314655638859,QPSK,MPA,15,0.12875,0.240520833333333,1,71.19022885144,2.95159221914793,5,0,0,0.3329146,10,20,MediumMobility,0,2026-08-05 23:48:10
Urban,40,EVA,2,9,0.63252427575852,QPSK,MPA,20,0.112669270833333,0.212708333333333,1,66.7425126179958,3.51194895464632,5,0,0,0.4414393,10,20,MediumMobility,0,2026-08-05 23:48:11
Urban,40,EVA,2,9,0.583034875810655,QPSK,MPA,25,0.114947916666667,0.215442708333333,1,67.4903582333322,3.41516533305412,5,0,0,0.5474798,10,20,MediumMobility,0,2026-08-05 23:48:11
Urban,40,EVA,2,9,0.629833963237983,QPSK,MPA,30,0.0962760416666667,0.182734375,1,61.7683835456076,4.18467527660003,5,0,0,0.655735,10,20,MediumMobility,0,2026-08-05 23:48:12
Urban,40,EVA,2,9,0.630819471456592,16QAM,MRC,0,0.357643229166667,0.807526041666667,1,103.669239754565,-0.312998274054903,3,0,0,1.0818826,3,20,MediumMobility,0,2026-08-05 23:48:13
Urban,40,EVA,2,9,0.619439580389022,16QAM,MRC,5,0.213248697916667,0.606067708333333,1,63.691657061048,3.9183490392101,5,0,0,0.7733975,4.2,20,MediumMobility,0,2026-08-05 23:48:14
Urban,40,EVA,2,9,0.629401496664324,16QAM,MRC,10,0.12087890625,0.394713541666667,1,42.7425059834273,7.38280037677114,7,0,0,0.7278707,4,20,MediumMobility,0,2026-08-05 23:48:15
Urban,40,EVA,2,9,0.611726426215438,16QAM,MRC,15,0.0572135416666667,0.191171875,0.9,25.2450384397532,11.9564792736539,10,360000,0.375,0.7622304,4.7,20,MediumMobility,0,2026-08-05 23:48:15
Urban,40,EVA,2,9,0.631702975814261,16QAM,MRC,20,0.01982421875,0.0715104166666667,0.7,11.4577737198784,18.8179951780845,13,1080000,1.125,0.8509198,4.5,20,MediumMobility,0,2026-08-05 23:48:16
Urban,40,EVA,2,9,0.588754992914534,16QAM,MRC,25,0.000774739583333333,0.00309895833333333,0.2,1.41989035401488,36.954903823393,15,2880000,3,0.6800495,2.9,20,MediumMobility,0,2026-08-05 23:48:17
Urban,40,EVA,2,9,0.626866373401847,16QAM,MRC,30,0.000598958333333333,0.002265625,0.3,1.37818495345291,37.2138499174506,15,2520000,2.625,0.5969426,2.4,20,MediumMobility,0,2026-08-05 23:48:17
Urban,40,EVA,2,9,0.626610595305117,16QAM,LMMSE,0,0.382369791666667,0.897135416666667,1,85.9373113600988,1.31636475605802,4,0,0,0.3415304,1,20,MediumMobility,0,2026-08-05 23:48:18
Urban,40,EVA,2,9,0.632460838926187,16QAM,LMMSE,5,0.331197916666667,0.865859375,1,75.5975619107803,2.42984421319511,5,0,0,0.3397144,1,20,MediumMobility,0,2026-08-05 23:48:18
Urban,40,EVA,2,9,0.630614941760438,16QAM,LMMSE,10,0.29330078125,0.815833333333333,1,69.4777469418614,3.16308547018166,5,0,0,0.3658461,1,20,MediumMobility,0,2026-08-05 23:48:19
Urban,40,EVA,2,9,0.617862126630731,16QAM,LMMSE,15,0.181634114583333,0.571328125,1,52.9763207084562,5.51836414897574,6,0,0,0.3453287,1,20,MediumMobility,0,2026-08-05 23:48:19
Urban,40,EVA,2,9,0.617733441971204,16QAM,LMMSE,20,0.10728515625,0.359036458333333,1,37.9469130311835,8.41647096087842,8,0,0,0.3528206,1,20,MediumMobility,0,2026-08-05 23:48:19
Urban,40,EVA,2,9,0.602937239464036,16QAM,LMMSE,25,0.0392903645833333,0.142317708333333,0.6,18.459460865176,14.6756197462653,11,1440000,1.5,0.3691801,1,20,MediumMobility,0,2026-08-05 23:48:20
Urban,40,EVA,2,9,0.632517386250105,16QAM,LMMSE,30,0.000104166666666667,0.000416666666666667,0.3,0.641610697489528,43.8545680745919,15,2520000,2.625,0.3650014,1,20,MediumMobility,0,2026-08-05 23:48:20
Urban,40,EVA,2,9,0.59450452876139,16QAM,MPA,0,0.3698828125,0.893463541666667,1,83.1448115598867,1.60329693278954,4,0,0,0.5162894,10,20,MediumMobility,0,2026-08-05 23:48:20
Urban,40,EVA,2,9,0.632375142164081,16QAM,MPA,5,0.35044921875,0.88328125,1,79.0663011160333,2.04017155830337,4,0,0,0.6205744,10,20,MediumMobility,0,2026-08-05 23:48:21
Urban,40,EVA,2,9,0.625717083523867,16QAM,MPA,10,0.329459635416667,0.870364583333333,1,74.8699398568405,2.51385031482743,5,0,0,0.6057125,10,20,MediumMobility,0,2026-08-05 23:48:22
Urban,40,EVA,2,9,0.617132978192827,16QAM,MPA,15,0.333177083333333,0.869947916666667,1,75.7740493569446,2.40959006961209,5,0,0,0.6184224,10,20,MediumMobility,0,2026-08-05 23:48:22
Urban,40,EVA,2,9,0.621807195854944,16QAM,MPA,20,0.33669921875,0.873203125,1,76.2391797945351,2.35643569246898,4,0,0,0.630878,10,20,MediumMobility,0,2026-08-05 23:48:23
Urban,40,EVA,2,9,0.528041403692138,16QAM,MPA,25,0.339016927083333,0.874401041666667,1,77.1597220706721,2.2521869070822,4,0,0,0.5721333,10,20,MediumMobility,0,2026-08-05 23:48:24
Urban,40,EVA,2,9,0.628445271681375,16QAM,MPA,30,0.331529947916667,0.866614583333333,1,75.8289126157342,2.40330343476494,5,0,0,0.7593971,10,20,MediumMobility,0,2026-08-05 23:48:24
Urban,40,EVA,2,9,0.631810834792977,64QAM,MRC,0,0.403216145833333,0.944765625,1,105.751826032567,-0.485757502789513,3,0,0,1.5928771,6.9,20,MediumMobility,0,2026-08-05 23:48:26
Urban,40,EVA,2,9,0.610826281848316,64QAM,MRC,5,0.307296006944444,0.876536458333333,1,66.2579161195171,3.57524454506258,5,0,0,1.9820179,6.8,20,MediumMobility,0,2026-08-05 23:48:28
Urban,40,EVA,2,9,0.627056972178665,64QAM,MRC,10,0.267365451388889,0.812578125,1,57.2095922937819,4.85062294477112,6,0,0,1.1485439,8.6,20,MediumMobility,0,2026-08-05 23:48:29
Urban,40,EVA,2,9,0.627292612539718,64QAM,MRC,15,0.140698784722222,0.595286458333333,1,29.908423601444,10.4841295389297,9,0,0,1.1842663,7.7,20,MediumMobility,0,2026-08-05 23:48:30
Urban,40,EVA,2,9,0.624912300953973,64QAM,MRC,20,0.0697699652777778,0.325390625,1,18.0376009968328,14.8764244834638,11,0,0,1.1570467,10.1,20,MediumMobility,0,2026-08-05 23:48:31
Urban,40,EVA,2,9,0.562875371425706,64QAM,MRC,25,0.0429817708333333,0.217526041666667,0.9,11.9261069702525,18.4700259920711,12,540000,0.5625,3.9752655,15.7,20,MediumMobility,0,2026-08-05 23:48:35
Urban,40,EVA,2,9,0.623920253385743,64QAM,MRC,30,0.000438368055555556,0.00263020833333333,0.3,0.754906533821768,42.4421363146538,15,3780000,3.9375,1.1447505,7.6,20,MediumMobility,0,2026-08-05 23:48:36
Urban,40,EVA,2,9,0.622261340901772,64QAM,LMMSE,0,0.4200390625,0.980416666666667,1,90.2405676660535,0.891963627706863,4,0,0,0.2603361,1,20,MediumMobility,0,2026-08-05 23:48:37
Urban,40,EVA,2,9,0.615343570347666,64QAM,LMMSE,5,0.4009375,0.977473958333333,1,87.1195548664632,1.19768704510362,4,0,0,0.2673334,1,20,MediumMobility,0,2026-08-05 23:48:37
Urban,40,EVA,2,9,0.630770807993508,64QAM,LMMSE,10,0.394140625,0.976458333333333,1,85.5971226543588,1.35081667756375,4,0,0,0.3127041,1,20,MediumMobility,0,2026-08-05 23:48:37
Urban,40,EVA,2,9,0.630696858673156,64QAM,LMMSE,15,0.376710069444444,0.961614583333333,1,69.2376873436488,3.19314893455378,5,0,0,0.3116014,1,20,MediumMobility,0,2026-08-05 23:48:38
Urban,40,EVA,2,9,0.627184246488633,64QAM,LMMSE,20,0.260924479166667,0.8678125,1,44.8248802816527,6.96961723356972,7,0,0,0.2848427,1,20,MediumMobility,0,2026-08-05 23:48:38
Urban,40,EVA,2,9,0.608182474666307,64QAM,LMMSE,25,0.121966145833333,0.5359375,1,25.3943294375989,11.9052650131917,10,0,0,0.3131819,1,20,MediumMobility,0,2026-08-05 23:48:38
Urban,40,EVA,2,9,0.632139941585898,64QAM,LMMSE,30,0.0694574652777778,0.316484375,0.7,14.5601041076409,16.7367103943988,12,1620000,1.6875,0.3423984,1,20,MediumMobility,0,2026-08-05 23:48:39
Urban,40,EVA,2,9,0.632497535204826,64QAM,MPA,0,0.421141493055556,0.979244791666667,1,90.415966014956,0.875097465726197,4,0,0,0.7821688,10,20,MediumMobility,0,2026-08-05 23:48:39
Urban,40,EVA,2,9,0.590602685251886,64QAM,MPA,5,0.40015625,0.977395833333333,1,87.4128373983503,1.16849564894596,4,0,0,0.935228,10,20,MediumMobility,0,2026-08-05 23:48:40
Urban,40,EVA,2,9,0.628460064106781,64QAM,MPA,10,0.3824609375,0.974401041666667,1,85.0669666901928,1.40478105900667,4,0,0,1.0754277,10,20,MediumMobility,0,2026-08-05 23:48:41
Urban,40,EVA,2,9,0.605400610828935,64QAM,MPA,15,0.399144965277778,0.977369791666667,1,86.4281472163945,1.26689593977189,4,0,0,0.7365811,10,20,MediumMobility,0,2026-08-05 23:48:42
Urban,40,EVA,2,9,0.630271634464896,64QAM,MPA,20,0.427421875,0.981067708333333,1,91.0241075660648,0.816871407129701,4,0,0,0.7390329,10,20,MediumMobility,0,2026-08-05 23:48:43
Urban,40,EVA,2,9,0.616726899757359,64QAM,MPA,25,0.422061631944444,0.979817708333333,1,89.9282059154364,0.922081415128602,4,0,0,0.7421943,10,20,MediumMobility,0,2026-08-05 23:48:44
Urban,40,EVA,2,9,0.630721606631477,64QAM,MPA,30,0.436848958333333,0.980208333333333,1,92.593051187996,0.668432090107653,4,0,0,0.7131748,10,20,MediumMobility,0,2026-08-05 23:48:44
Highway,119,ETU,5,9,1.87979544970452,QPSK,MRC,0,0.220676185344828,0.390005387931035,1,93.2933594653998,0.602985356617629,4,0,0,0.6710543,4.1,1,HighMobility,0,2026-08-05 23:48:45
Highway,119,ETU,5,9,1.83134592891152,QPSK,MRC,5,0.108634159482759,0.201239224137931,1,63.2013813089357,3.9854685962849,5,0,0,0.5745074,3,1,HighMobility,0,2026-08-05 23:48:46
Highway,119,ETU,5,9,1.8809410662928,QPSK,MRC,10,0.0314251077586207,0.0602640086206897,1,27.8244399929053,11.1114713541964,9,0,0,0.5522599,3.1,1,HighMobility,0,2026-08-05 23:48:46
Highway,119,ETU,5,9,1.88153128685331,QPSK,MRC,15,0.000915948275862069,0.00183189655172414,0.6,3.93712556559189,28.0964146832451,15,696000,0.725,0.5034238,2.2,1,HighMobility,0,2026-08-05 23:48:47
Highway,119,ETU,5,9,1.82335696580278,QPSK,MRC,20,0,0,0,0,160,15,1740000,1.8125,0.4447588,2,1,HighMobility,0,2026-08-05 23:48:47
Highway,119,ETU,5,9,1.61126170934866,QPSK,MRC,25,0,0,0,0,160,15,1740000,1.8125,0.4830782,2,1,HighMobility,0,2026-08-05 23:48:48
Highway,119,ETU,5,9,1.54386106901038,QPSK,MRC,30,0,0,0,0,160,15,1740000,1.8125,0.4657873,2,1,HighMobility,0,2026-08-05 23:48:48
Highway,119,ETU,5,9,1.88178625775381,QPSK,LMMSE,0,0.225471443965517,0.399730603448276,1,94.7597921287067,0.467518012901586,4,0,0,0.3242433,1,1,HighMobility,0,2026-08-05 23:48:48
Highway,119,ETU,5,9,1.87602982955169,QPSK,LMMSE,5,0.132260237068966,0.246120689655172,1,71.936266281411,2.8610421436559,5,0,0,0.3367101,1,1,HighMobility,0,2026-08-05 23:48:49
Highway,119,ETU,5,9,1.81982711517538,QPSK,LMMSE,10,0.0162311422413793,0.0322198275862069,1,22.9697030646104,12.7768923801523,10,0,0,0.3283342,1,1,HighMobility,0,2026-08-05 23:48:49
Highway,119,ETU,5,9,1.87981927686172,QPSK,LMMSE,15,0.00365032327586207,0.00724676724137931,0.7,9.0187429084857,20.8970798610349,13,522000,0.54375,0.3264429,1,1,HighMobility,0,2026-08-05 23:48:49
Highway,119,ETU,5,9,1.86823863495162,QPSK,LMMSE,20,0.000242456896551724,0.000484913793103448,0.4,1.8324249931215,34.7394758670532,15,1044000,1.0875,0.3074024,1,1,HighMobility,0,2026-08-05 23:48:50
Highway,119,ETU,5,9,1.87304132716816,QPSK,LMMSE,25,1.34698275862069e-05,2.69396551724138e-05,0.1,0.232119172721315,52.6857797188284,15,1566000,1.63125,0.3055856,1,1,HighMobility,0,2026-08-05 23:48:50
Highway,119,ETU,5,9,1.31271537500898,QPSK,LMMSE,30,0,0,0,0,160,15,1740000,1.8125,0.3530727,1,1,HighMobility,0,2026-08-05 23:48:50
Highway,119,ETU,5,9,1.87333112648055,QPSK,MPA,0,0.276212284482759,0.472710129310345,1,104.905706584116,-0.415982265412358,3,0,0,0.4656262,10,1,HighMobility,0,2026-08-05 23:48:51
Highway,119,ETU,5,9,1.88164741765281,QPSK,MPA,5,0.224824892241379,0.399164870689655,1,94.5933834729517,0.482784802974977,4,0,0,0.5248457,10,1,HighMobility,0,2026-08-05 23:48:51
Highway,119,ETU,5,9,1.87219141347654,QPSK,MPA,10,0.157004310344828,0.28984375,1,79.0707033931829,2.03968795620648,4,0,0,0.5716731,10,1,HighMobility,0,2026-08-05 23:48:52
Highway,119,ETU,5,9,1.80249983786871,QPSK,MPA,15,0.129310344827586,0.243130387931034,1,71.7499038262315,2.88357353446197,5,0,0,0.5516019,10,1,HighMobility,0,2026-08-05 23:48:52
Highway,119,ETU,5,9,1.87226617288166,QPSK,MPA,20,0.126225754310345,0.236745689655172,1,70.9532751273103,2.98055106349861,5,0,0,0.5672815,10,1,HighMobility,0,2026-08-05 23:48:53
Highway,119,ETU,5,9,1.5290442068198,QPSK,MPA,25,0.122440732758621,0.228933189655172,1,69.8218392012931,3.12017430939054,5,0,0,0.5442306,10,1,HighMobility,0,2026-08-05 23:48:54
Highway,119,ETU,5,9,1.86577490957986,QPSK,MPA,30,0.129606681034483,0.241891163793103,1,71.9229355350968,2.8626519036177,5,0,0,0.3648686,10,1,HighMobility,0,2026-08-05 23:48:54
Highway,119,ETU,5,9,1.87049356787128,16QAM,MRC,0,0.347319504310345,0.801643318965517,1,98.9797964252197,0.0890688750142583,3,0,0,0.5740986,3.1,1,HighMobility,0,2026-08-05 23:48:54
Highway,119,ETU,5,9,1.86885973511766,16QAM,MRC,5,0.253178879310345,0.691648706896552,1,71.8688188286163,2.86918985517602,5,0,0,0.6162854,4.2,1,HighMobility,0,2026-08-05 23:48:55
Highway,119,ETU,5,9,1.88074548364621,16QAM,MRC,10,0.147380118534483,0.476346982758621,1,49.2310392748317,6.15521992213964,7,0,0,0.6914403,5.2,1,HighMobility,0,2026-08-05 23:48:56
Highway,119,ETU,5,9,1.86445311773732,16QAM,MRC,15,0.054034213362069,0.192214439655172,1,24.6881023562761,12.1502458140552,10,0,0,0.6690946,5.1,1,HighMobility,0,2026-08-05 23:48:56
Highway,119,ETU,5,9,1.85328390183804,16QAM,MRC,20,0.00559671336206897,0.0221174568965517,0.9,8.16750378196703,21.7582131150437,14,348000,0.3625,0.716709,5.3,1,HighMobility,0,2026-08-05 23:48:57
Highway,119,ETU,5,9,1.87933481745265,16QAM,MRC,25,6.73491379310345e-06,2.69396551724138e-05,0.1,0.103829229218064,59.6736073996595,15,3132000,3.2625,0.5973205,2.7,1,HighMobility,0,2026-08-05 23:48:58
Highway,119,ETU,5,9,1.80777749624231,16QAM,MRC,30,0,0,0,0,160,15,3480000,3.625,0.5198884,2,1,HighMobility,0,2026-08-05 23:48:58
Highway,119,ETU,5,9,1.86276350727262,16QAM,LMMSE,0,0.376286368534483,0.898922413793103,1,84.8166220615635,1.4303805581194,4,0,0,0.2882007,1,1,HighMobility,0,2026-08-05 23:48:59
Highway,119,ETU,5,9,1.79507975245253,16QAM,LMMSE,5,0.336328125,0.875619612068966,1,76.1371209116831,2.3680709969289,4,0,0,0.3030464,1,1,HighMobility,0,2026-08-05 23:48:59
Highway,119,ETU,5,9,1.87028981870365,16QAM,LMMSE,10,0.265274784482759,0.767241379310345,1,65.4095123766541,3.68718176981987,5,0,0,0.296999,1,1,HighMobility,0,2026-08-05 23:48:59
Highway,119,ETU,5,9,1.75365022676094,16QAM,LMMSE,15,0.172649515086207,0.560371767241379,1,52.2065685371606,5.64549702808656,6,0,0,0.3043957,1,1,HighMobility,0,2026-08-05 23:48:59
Highway,119,ETU,5,9,1.87981311467474,16QAM,LMMSE,20,0.0700431034482759,0.253960129310345,1,31.431772791712,10.0526224706789,8,0,0,0.3195744,1,1,HighMobility,0,2026-08-05 23:49:00
Highway,119,ETU,5,9,1.70547917971418,16QAM,LMMSE,25,0.0135843211206897,0.0524515086206897,0.8,11.1755194258857,19.0346456439144,13,696000,0.725,0.3047908,1,1,HighMobility,0,2026-08-05 23:49:00
Highway,119,ETU,5,9,1.88168680659337,16QAM,LMMSE,30,0.000734105603448276,0.0029364224137931,0.5,2.20578765546464,33.1287259621115,15,1740000,1.8125,0.2829594,1,1,HighMobility,0,2026-08-05 23:49:00
Highway,119,ETU,5,9,1.88170598224209,16QAM,MPA,0,0.384832974137931,0.901077586206897,1,86.6894746043929,1.24067258305294,4,0,0,0.4121497,10,1,HighMobility,0,2026-08-05 23:49:01
Highway,119,ETU,5,9,1.85136402092474,16QAM,MPA,5,0.348417295258621,0.87890625,1,78.6252184613818,2.08876269702168,4,0,0,0.4194479,10,1,HighMobility,0,2026-08-05 23:49:01
Highway,119,ETU,5,9,1.71807542262911,16QAM,MPA,10,0.334139278017241,0.872817887931034,1,75.843753716296,2.40160361415631,5,0,0,0.4380278,10,1,HighMobility,0,2026-08-05 23:49:02
Highway,119,ETU,5,9,1.87588908262181,16QAM,MPA,15,0.329916487068966,0.869746767241379,1,74.7794611299933,2.52435337500094,5,0,0,0.4327958,10,1,HighMobility,0,2026-08-05 23:49:02
Highway,119,ETU,5,9,1.87724555164403,16QAM,MPA,20,0.323107489224138,0.86317349137931,1,73.6575240087922,2.65565768013307,5,0,0,0.452325,10,1,HighMobility,0,2026-08-05 23:49:03
Highway,119,ETU,5,9,1.87989329970485,16QAM,MPA,25,0.331485721982759,0.870393318965517,1,75.3143585667858,2.46244436659474,5,0,0,0.4390889,10,1,HighMobility,0,2026-08-05 23:49:03
Highway,119,ETU,5,9,1.78640539462403,16QAM,MPA,30,0.328643588362069,0.867483836206897,1,74.8759363095705,2.51315467594917,5,0,0,0.4392926,10,1,HighMobility,0,2026-08-05 23:49:03
Highway,119,ETU,5,9,1.87837229259177,64QAM,MRC,0,0.402029454022989,0.944558189655172,1,102.754898420382,-0.236050685168414,3,0,0,0.9724454,8.1,1,HighMobility,0,2026-08-05 23:49:04
Highway,119,ETU,5,9,1.88160741826346,64QAM,MRC,5,0.346354166666667,0.912688577586207,1,76.430491436457,2.3346669591692,4,0,0,0.9404503,6.9,1,HighMobility,0,2026-08-05 23:49:05
Highway,119,ETU,5,9,1.78341760108072,64QAM,MRC,10,0.240247844827586,0.806600215517241,1,47.6541737832679,6.43798111492685,7,0,0,0.8989847,8.5,1,HighMobility,0,2026-08-05 23:49:06
Highway,119,ETU,5,9,1.87285141818563,64QAM,MRC,15,0.155217313218391,0.673006465517241,1,31.9620703590452,9.90730193610525,8,0,0,0.8913522,7.9,1,HighMobility,0,2026-08-05 23:49:07
Highway,119,ETU,5,9,1.87801585854801,64QAM,MRC,20,0.0618085488505747,0.325727370689655,1,18.1914597360344,14.8026490095287,11,0,0,1.1129914,11.2,1,HighMobility,0,2026-08-05 23:49:08
Highway,119,ETU,5,9,1.881093337212,64QAM,MRC,25,0.0273302801724138,0.145366379310345,0.8,9.03080957795835,20.885466301637,13,1044000,1.0875,1.1222143,11,1,HighMobility,0,2026-08-05 23:49:09
Highway,119,ETU,5,9,1.87684324503083,64QAM,MRC,30,0.000157147988505747,0.000942887931034483,0.2,0.421337963525461,47.5073881634481,15,4176000,4.35,1.2723077,11.6,1,HighMobility,0,2026-08-05 23:49:11
Highway,119,ETU,5,9,1.80921129474052,64QAM,LMMSE,0,0.420186781609195,0.980307112068965,1,90.1459887074036,0.901071872674886,4,0,0,0.3272322,1,1,HighMobility,0,2026-08-05 23:49:11
Highway,119,ETU,5,9,1.84113391241145,64QAM,LMMSE,5,0.405015265804598,0.977640086206897,1,88.0298172696109,1.10740399283741,4,0,0,0.3395267,1,1,HighMobility,0,2026-08-05 23:49:11
Highway,119,ETU,5,9,1.87619529594491,64QAM,LMMSE,10,0.395285560344828,0.975619612068966,1,82.9616265859647,1.62245483093779,4,0,0,0.320223,1,1,HighMobility,0,2026-08-05 23:49:12
Highway,119,ETU,5,9,1.77582470169549,64QAM,LMMSE,15,0.365396012931034,0.950915948275862,1,64.4842557802421,3.81092616075785,5,0,0,0.3107757,1,1,HighMobility,0,2026-08-05 23:49:12
Highway,119,ETU,5,9,1.76031719507439,64QAM,LMMSE,20,0.246717852011494,0.860560344827586,1,42.8058999964006,7.3699273490418,7,0,0,0.2996812,1,1,HighMobility,0,2026-08-05 23:49:12
Highway,119,ETU,5,9,1.88159858581589,64QAM,LMMSE,25,0.152568247126437,0.659213362068966,1,30.1193827112266,10.4230786626108,9,0,0,0.3054169,1,1,HighMobility,0,2026-08-05 23:49:13
Highway,119,ETU,5,9,1.86179112555682,64QAM,LMMSE,30,0.0737517959770115,0.387931034482759,1,20.2823972851521,13.8576142942864,10,0,0,0.3168263,1,1,HighMobility,0,2026-08-05 23:49:13
Highway,119,ETU,5,9,1.87975460642002,64QAM,MPA,0,0.424021192528736,0.979445043103448,1,90.9148013628306,0.827308116219213,4,0,0,0.6636985,10,1,HighMobility,0,2026-08-05 23:49:14
Highway,119,ETU,5,9,1.88073792521518,64QAM,MPA,5,0.403668283045977,0.978690732758621,1,87.824500450579,1.12768623628071,4,0,0,0.7479681,10,1,HighMobility,0,2026-08-05 23:49:14
Highway,119,ETU,5,9,1.88092203420569,64QAM,MPA,10,0.391716056034483,0.976912715517241,1,86.1119949109026,1.29872699165059,4,0,0,0.8881801,10,1,HighMobility,0,2026-08-05 23:49:15
Highway,119,ETU,5,9,1.83592028214745,64QAM,MPA,15,0.399546515804598,0.978286637931034,1,86.8542497729404,1.22417853390983,4,0,0,0.7834672,10,1,HighMobility,0,2026-08-05 23:49:16
Highway,119,ETU,5,9,1.75757952886334,64QAM,MPA,20,0.416145833333333,0.978259698275862,1,88.9973303135436,1.01246041709864,4,0,0,0.743932,10,1,HighMobility,0,2026-08-05 23:49:17
Highway,119,ETU,5,9,1.84476973632543,64QAM,MPA,25,0.422867277298851,0.978609913793103,1,90.3723157814916,0.879291776487355,4,0,0,0.8031131,10,1,HighMobility,0,2026-08-05 23:49:18
Highway,119,ETU,5,9,1.83459803900316,64QAM,MPA,30,0.426176364942529,0.979094827586207,1,90.5803449355141,0.859320596597301,4,0,0,0.9018505,10,1,HighMobility,0,2026-08-05 23:49:18
Highway,105,ETU,5,9,1.66040580470651,QPSK,MRC,0,0.250121228448276,0.434294181034483,1,99.4475275100593,0.0481201989228598,3,0,0,0.5587695,3.5,2,HighMobility,0,2026-08-05 23:49:19
Highway,105,ETU,5,9,1.40755506169727,QPSK,MRC,5,0.0993534482758621,0.185371767241379,1,61.0401273380753,4.28769138108785,5,0,0,0.5351649,3.2,2,HighMobility,0,2026-08-05 23:49:20
Highway,105,ETU,5,9,1.65454741454598,QPSK,MRC,10,0.0183997844827586,0.0361260775862069,1,23.0396378867256,12.7504870197619,10,0,0,0.5294683,3.1,2,HighMobility,0,2026-08-05 23:49:20
Highway,105,ETU,5,9,1.65989049409523,QPSK,MRC,15,0.000646551724137931,0.00129310344827586,0.4,2.86321030387745,30.8629350342647,15,1044000,1.0875,0.442288,2.1,2,HighMobility,0,2026-08-05 23:49:20
Highway,105,ETU,5,9,1.65835624317482,QPSK,MRC,20,0,0,0,0,160,15,1740000,1.8125,0.4355726,2,2,HighMobility,0,2026-08-05 23:49:21
Highway,105,ETU,5,9,1.43548963796346,QPSK,MRC,25,0,0,0,0,160,15,1740000,1.8125,0.4363936,2,2,HighMobility,0,2026-08-05 23:49:21
Highway,105,ETU,5,9,1.62134421152908,QPSK,MRC,30,0,0,0,0,160,15,1740000,1.8125,0.4061271,2,2,HighMobility,0,2026-08-05 23:49:22
Highway,105,ETU,5,9,1.62473183022689,QPSK,LMMSE,0,0.206963900862069,0.369989224137931,1,90.5781487194534,0.859531197711724,4,0,0,0.3392526,1,2,HighMobility,0,2026-08-05 23:49:22
Highway,105,ETU,5,9,1.65827703821264,QPSK,LMMSE,5,0.0980334051724138,0.184752155172414,1,61.0643196931309,4.28424953873147,5,0,0,0.343442,1,2,HighMobility,0,2026-08-05 23:49:22
Highway,105,ETU,5,9,1.65304182915235,QPSK,LMMSE,10,0.0471848060344828,0.0915678879310345,1,39.2954295344587,8.11315919269182,8,0,0,0.3363425,1,2,HighMobility,0,2026-08-05 23:49:23
Highway,105,ETU,5,9,1.6603972704013,QPSK,LMMSE,15,0.000808189655172414,0.00161637931034483,0.5,3.24434100592656,29.7774700854639,15,870000,0.90625,0.3380729,1,2,HighMobility,0,2026-08-05 23:49:23
Highway,105,ETU,5,9,1.632956314309,QPSK,LMMSE,20,0,0,0,0,160,15,1740000,1.8125,0.2886397,1,2,HighMobility,0,2026-08-05 23:49:23
Highway,105,ETU,5,9,1.43434595326716,QPSK,LMMSE,25,1.34698275862069e-05,2.69396551724138e-05,0.1,0.232119172721315,52.6857797188284,15,1566000,1.63125,0.3013562,1,2,HighMobility,0,2026-08-05 23:49:24
Highway,105,ETU,5,9,1.65384670477505,QPSK,LMMSE,30,0,0,0,0,160,15,1740000,1.8125,0.2831225,1,2,HighMobility,0,2026-08-05 23:49:24
Highway,105,ETU,5,9,1.63585770255111,QPSK,MPA,0,0.267551185344828,0.462553879310345,1,103.222084224597,-0.275452478926483,3,0,0,0.3178288,10,2,HighMobility,0,2026-08-05 23:49:24
Highway,105,ETU,5,9,1.65509045281322,QPSK,MPA,5,0.20692349137931,0.370635775862069,1,90.7688704988972,0.841261375073024,4,0,0,0.3085378,10,2,HighMobility,0,2026-08-05 23:49:25
Highway,105,ETU,5,9,1.63654109479221,QPSK,MPA,10,0.168925107758621,0.309051724137931,1,82.022718547813,1.72131681246834,4,0,0,0.3306259,10,2,HighMobility,0,2026-08-05 23:49:25
Highway,105,ETU,5,9,1.60938088184632,QPSK,MPA,15,0.133836206896552,0.249973060344828,1,73.0796401891569,2.7240719916468,5,0,0,0.3141309,10,2,HighMobility,0,2026-08-05 23:49:25
Highway,105,ETU,5,9,1.56082486705753,QPSK,MPA,20,0.131021012931034,0.244558189655172,1,72.2118655792607,2.8278286989671,5,0,0,0.330422,10,2,HighMobility,0,2026-08-05 23:49:26
Highway,105,ETU,5,9,1.63471006071699,QPSK,MPA,25,0.121336206896552,0.227693965517241,1,69.6002651270745,3.14778212071803,5,0,0,0.3294516,10,2,HighMobility,0,2026-08-05 23:49:26
Highway,105,ETU,5,9,1.65164863741309,QPSK,MPA,30,0.117551185344828,0.220959051724138,1,68.289835307946,3.31287869304338,5,0,0,0.3361684,10,2,HighMobility,0,2026-08-05 23:49:26
Highway,105,ETU,5,9,1.63523041212698,16QAM,MRC,0,0.356081627155172,0.811287715517241,1,100.03659151788,-0.0031777175078956,3,0,0,0.5977374,3.8,2,HighMobility,0,2026-08-05 23:49:27
Highway,105,ETU,5,9,1.57644065393557,16QAM,MRC,5,0.263927801724138,0.706438577586207,1,74.5624363411022,2.54959819542864,5,0,0,0.6830276,3.8,2,HighMobility,0,2026-08-05 23:49:28
Highway,105,ETU,5,9,1.63780779264901,16QAM,MRC,10,0.16942349137931,0.529633620689655,1,53.8624291783772,5.37428127880401,6,0,0,0.737116,4.9,2,HighMobility,0,2026-08-05 23:49:28
Highway,105,ETU,5,9,1.60485909120183,16QAM,MRC,15,0.0542429956896552,0.194288793103448,1,26.1857804981608,11.638689538177,9,0,0,0.7452533,5.5,2,HighMobility,0,2026-08-05 23:49:29
Highway,105,ETU,5,9,1.6424551716065,16QAM,MRC,20,0.00361664870689655,0.0143049568965517,0.8,5.61745761915098,25.0092039085311,15,696000,0.725,0.6606567,4.4,2,HighMobility,0,2026-08-05 23:49:30
Highway,105,ETU,5,9,1.57371098645732,16QAM,MRC,25,0,0,0,0,160,15,3480000,3.625,0.4733067,2.3,2,HighMobility,0,2026-08-05 23:49:30
Highway,105,ETU,5,9,1.65468330796169,16QAM,MRC,30,0,0,0,0,160,15,3480000,3.625,0.4848004,2.3,2,HighMobility,0,2026-08-05 23:49:31
Highway,105,ETU,5,9,1.18295746336246,16QAM,LMMSE,0,0.388921066810345,0.900754310344828,1,87.7784336533641,1.13224346224971,4,0,0,0.3107499,1,2,HighMobility,0,2026-08-05 23:49:31
Highway,105,ETU,5,9,1.63543796495239,16QAM,LMMSE,5,0.348875269396552,0.881707974137931,1,78.8657597086897,2.06223017590317,4,0,0,0.298512,1,2,HighMobility,0,2026-08-05 23:49:31
Highway,105,ETU,5,9,1.66005836969435,16QAM,LMMSE,10,0.282711476293103,0.795150862068966,1,67.9777976067766,3.35265820215487,5,0,0,0.3005165,1,2,HighMobility,0,2026-08-05 23:49:32
Highway,105,ETU,5,9,1.65155125186388,16QAM,LMMSE,15,0.194874730603448,0.596363146551724,1,54.8841448818518,5.21106195792754,6,0,0,0.2952179,1,2,HighMobility,0,2026-08-05 23:49:32
Highway,105,ETU,5,9,1.65830619196449,16QAM,LMMSE,20,0.0708512931034483,0.256627155172414,1,31.5774734584141,10.0124524244673,8,0,0,0.2951569,1,2,HighMobility,0,2026-08-05 23:49:32
Highway,105,ETU,5,9,1.64477416372025,16QAM,LMMSE,25,0.0111058728448276,0.0430765086206897,1,10.3480782417457,19.7028059249121,13,0,0,0.3019578,1,2,HighMobility,0,2026-08-05 23:49:32
Highway,105,ETU,5,9,1.29411991865525,16QAM,LMMSE,30,0.000114493534482759,0.000457974137931034,0.1,0.426583967579475,47.3999094157349,15,3132000,3.2625,0.2964506,1,2,HighMobility,0,2026-08-05 23:49:33
Highway,105,ETU,5,9,1.52618505222172,16QAM,MPA,0,0.374973060344828,0.896659482758621,1,84.0757743513558,1.50658248146257,4,0,0,0.4272696,10,2,HighMobility,0,2026-08-05 23:49:33
Highway,105,ETU,5,9,1.5786139307995,16QAM,MPA,5,0.348733836206897,0.88270474137931,1,79.1079675261878,2.03559546825163,4,0,0,0.4123773,10,2,HighMobility,0,2026-08-05 23:49:34
Highway,105,ETU,5,9,1.65636118873369,16QAM,MPA,10,0.339816810344828,0.877101293103448,1,76.7484581828697,2.29860680806377,4,0,0,0.4108697,10,2,HighMobility,0,2026-08-05 23:49:34
Highway,105,ETU,5,9,1.60829024819654,16QAM,MPA,15,0.331802262931034,0.870905172413793,1,75.4960244372346,2.44151834766272,5,0,0,0.4138637,10,2,HighMobility,0,2026-08-05 23:49:34
Highway,105,ETU,5,9,1.65683071431111,16QAM,MPA,20,0.326690463362069,0.866379310344828,1,74.3626742987351,2.57290000245165,5,0,0,0.407136,10,2,HighMobility,0,2026-08-05 23:49:35
Highway,105,ETU,5,9,1.64350643820779,16QAM,MPA,25,0.322191540948276,0.860748922413793,1,73.7065647925465,2.64987658577495,5,0,0,0.4856256,10,2,HighMobility,0,2026-08-05 23:49:35
Highway,105,ETU,5,9,1.65932032637916,16QAM,MPA,30,0.331721443965517,0.871901939655172,1,75.2082287777815,2.4746927846378,5,0,0,0.4704718,10,2,HighMobility,0,2026-08-05 23:49:36
Highway,105,ETU,5,9,1.56223004774486,64QAM,MRC,0,0.417699353448276,0.953609913793103,1,111.366041352118,-0.935055647686283,3,0,0,1.0008257,8.1,2,HighMobility,0,2026-08-05 23:49:37
Highway,105,ETU,5,9,1.65911355885717,64QAM,MRC,5,0.345267600574713,0.914089439655172,1,76.0966546168112,2.37268870779335,4,0,0,0.9738694,8.4,2,HighMobility,0,2026-08-05 23:49:38
Highway,105,ETU,5,9,1.62675977550394,64QAM,MRC,10,0.259500718390805,0.838092672413793,1,50.8215047271769,5.87904960939058,6,0,0,1.0228174,9.9,2,HighMobility,0,2026-08-05 23:49:39
Highway,105,ETU,5,9,1.65797310706003,64QAM,MRC,15,0.12936871408046,0.594181034482759,1,28.1648641286882,11.005846790439,9,0,0,0.9190095,8.3,2,HighMobility,0,2026-08-05 23:49:40
Highway,105,ETU,5,9,1.59628728678254,64QAM,MRC,20,0.0962957974137931,0.463685344827586,1,23.1609481707027,12.7048733057357,10,0,0,1.2293172,12.2,2,HighMobility,0,2026-08-05 23:49:41
Highway,105,ETU,5,9,1.6389784897498,64QAM,MRC,25,0.0303026221264368,0.157731681034483,0.9,9.63936326921291,20.3190330518193,13,522000,0.54375,0.9515797,8.8,2,HighMobility,0,2026-08-05 23:49:42
Highway,105,ETU,5,9,1.65850762610357,64QAM,MRC,30,0.00237517959770115,0.013739224137931,0.7,1.75712042803492,35.1039694435295,15,1566000,1.63125,1.5683922,17.3,2,HighMobility,0,2026-08-05 23:49:43
Highway,105,ETU,5,9,1.62610180997073,64QAM,LMMSE,0,0.420968031609195,0.980172413793103,1,90.3888339145179,0.877704326074099,4,0,0,0.3117131,1,2,HighMobility,0,2026-08-05 23:49:44
Highway,105,ETU,5,9,1.59319070992272,64QAM,LMMSE,5,0.404341774425287,0.977720905172414,1,88.0734189426773,1.10310288700683,4,0,0,0.2949431,1,2,HighMobility,0,2026-08-05 23:49:44
Highway,105,ETU,5,9,1.58544887844492,64QAM,LMMSE,10,0.391662176724138,0.973168103448276,1,80.5397430066386,1.87979521023522,4,0,0,0.3094713,1,2,HighMobility,0,2026-08-05 23:49:44
Highway,105,ETU,5,9,1.64438199239211,64QAM,LMMSE,15,0.37784213362069,0.958512931034483,1,69.1007706447677,3.21034218278989,5,0,0,0.2958937,1,2,HighMobility,0,2026-08-05 23:49:45
Highway,105,ETU,5,9,1.57784862790748,64QAM,LMMSE,20,0.288083692528736,0.896039870689655,1,49.9872675885904,6.02281204135543,7,0,0,0.3030156,1,2,HighMobility,0,2026-08-05 23:49:45
Highway,105,ETU,5,9,1.65498324506446,64QAM,LMMSE,25,0.198006465517241,0.773787715517241,1,36.3391222540844,8.79251133957535,8,0,0,0.3224818,1,2,HighMobility,0,2026-08-05 23:49:45
Highway,105,ETU,5,9,1.65910478449509,64QAM,LMMSE,30,0.110017061781609,0.497386853448276,1,24.4624888324254,12.2299871919458,10,0,0,0.3172784,1,2,HighMobility,0,2026-08-05 23:49:46
Highway,105,ETU,5,9,1.65832032606015,64QAM,MPA,0,0.424757543103448,0.979337284482759,1,90.9343590297446,0.825439801439191,4,0,0,0.6212659,10,2,HighMobility,0,2026-08-05 23:49:46
Highway,105,ETU,5,9,1.57335758665592,64QAM,MPA,5,0.399622844827586,0.978448275862069,1,87.3735172145399,1.17240362887543,4,0,0,0.6711017,10,2,HighMobility,0,2026-08-05 23:49:47
Highway,105,ETU,5,9,1.61922863419826,64QAM,MPA,10,0.388110632183908,0.974811422413793,1,85.8908613183207,1.32106084215504,4,0,0,0.6627169,10,2,HighMobility,0,2026-08-05 23:49:48
Highway,105,ETU,5,9,1.58568592203122,64QAM,MPA,15,0.402909482758621,0.978852370689655,1,87.2288925638355,1.18679282366199,4,0,0,0.776266,10,2,HighMobility,0,2026-08-05 23:49:48
Highway,105,ETU,5,9,1.65970779697791,64QAM,MPA,20,0.411507722701149,0.979094827586207,1,88.2998644287587,1.08079926432342,4,0,0,0.7404581,10,2,HighMobility,0,2026-08-05 23:49:49
Highway,105,ETU,5,9,1.65986749832474,64QAM,MPA,25,0.421866020114943,0.979310344827586,1,90.18296928192,0.89750939222709,4,0,0,0.7377287,10,2,HighMobility,0,2026-08-05 23:49:50
Highway,105,ETU,5,9,1.65346713543148,64QAM,MPA,30,0.419216954022989,0.978744612068966,1,89.8329371976008,0.931288005966009,4,0,0,0.7315878,10,2,HighMobility,0,2026-08-05 23:49:51
Highway,77,ETU,5,9,1.048375772883,QPSK,MRC,0,0.241446659482759,0.420851293103448,1,97.3976563189296,0.229029868588337,4,0,0,0.5840214,3.1,3,HighMobility,0,2026-08-05 23:49:51
Highway,77,ETU,5,9,1.21752995927515,QPSK,MRC,5,0.128879310344828,0.238119612068966,1,70.0096796978275,3.0968381857939,5,0,0,0.7290791,3.7,3,HighMobility,0,2026-08-05 23:49:52
Highway,77,ETU,5,9,1.20356721464394,QPSK,MRC,10,0.0353717672413793,0.0653556034482759,0.9,26.3861510380054,11.5724791185749,9,174000,0.18125,0.5142099,2.9,3,HighMobility,0,2026-08-05 23:49:52
Highway,77,ETU,5,9,1.13032722873758,QPSK,MRC,15,0.0107758620689655,0.0207974137931034,0.5,9.74841183503697,20.2213226346664,13,870000,0.90625,0.496092,2.7,3,HighMobility,0,2026-08-05 23:49:53
Highway,77,ETU,5,9,1.21249860807859,QPSK,MRC,20,0,0,0,0,160,15,1740000,1.8125,0.4405972,2,3,HighMobility,0,2026-08-05 23:49:53
Highway,77,ETU,5,9,1.21521167986788,QPSK,MRC,25,0,0,0,0,160,15,1740000,1.8125,0.4369535,2,3,HighMobility,0,2026-08-05 23:49:54
Highway,77,ETU,5,9,1.21116398006575,QPSK,MRC,30,0,0,0,0,160,15,1740000,1.8125,0.4580699,2,3,HighMobility,0,2026-08-05 23:49:54
Highway,77,ETU,5,9,1.21057777595515,QPSK,LMMSE,0,0.240584590517241,0.421578663793103,1,97.2227143055836,0.244645165438999,4,0,0,0.2919622,1,3,HighMobility,0,2026-08-05 23:49:55
Highway,77,ETU,5,9,1.19943746539702,QPSK,LMMSE,5,0.0883890086206897,0.166002155172414,1,57.050782789606,4.87476784564309,6,0,0,0.2878858,1,3,HighMobility,0,2026-08-05 23:49:55
Highway,77,ETU,5,9,1.00029163185839,QPSK,LMMSE,10,0.04453125,0.085479525862069,1,36.6203281068456,8.72555537744551,8,0,0,0.2997726,1,3,HighMobility,0,2026-08-05 23:49:55
Highway,77,ETU,5,9,1.20043099525812,QPSK,LMMSE,15,0.00433728448275862,0.00862068965517241,0.6,8.48414891168736,21.4278343491808,14,696000,0.725,0.2970667,1,3,HighMobility,0,2026-08-05 23:49:55
Highway,77,ETU,5,9,1.18953068163683,QPSK,LMMSE,20,0,0,0,0,160,15,1740000,1.8125,0.373432,1,3,HighMobility,0,2026-08-05 23:49:56
Highway,77,ETU,5,9,1.21706783445079,QPSK,LMMSE,25,0,0,0,0,160,15,1740000,1.8125,0.3150023,1,3,HighMobility,0,2026-08-05 23:49:56
Highway,77,ETU,5,9,1.06665041239308,QPSK,LMMSE,30,0,0,0,0,160,15,1740000,1.8125,0.3066201,1,3,HighMobility,0,2026-08-05 23:49:56
Highway,77,ETU,5,9,1.14171862682327,QPSK,MPA,0,0.274636314655172,0.472117456896552,1,104.455347559013,-0.378613569126439,3,0,0,0.3383824,10,3,HighMobility,0,2026-08-05 23:49:57
Highway,77,ETU,5,9,1.17507296675649,QPSK,MPA,5,0.222265625,0.394315732758621,1,94.0694992146615,0.531023359298912,4,0,0,0.3931538,10,3,HighMobility,0,2026-08-05 23:49:57
Highway,77,ETU,5,9,1.21692240521113,QPSK,MPA,10,0.139264547413793,0.258459051724138,1,74.0662646197353,2.60759115096531,5,0,0,0.391086,10,3,HighMobility,0,2026-08-05 23:49:58
Highway,77,ETU,5,9,1.21760230550339,QPSK,MPA,15,0.138442887931034,0.257623922413793,1,74.2239105307671,2.58912336643991,5,0,0,0.4384956,10,3,HighMobility,0,2026-08-05 23:49:58
Highway,77,ETU,5,9,1.20366679560859,QPSK,MPA,20,0.120393318965517,0.225942887931034,1,69.1428481781455,3.20505469356528,5,0,0,0.4430562,10,3,HighMobility,0,2026-08-05 23:49:58
Highway,77,ETU,5,9,1.19711202925179,QPSK,MPA,25,0.125161637931034,0.235102370689655,1,70.2682920080224,3.06481205221164,5,0,0,0.4630993,10,3,HighMobility,0,2026-08-05 23:49:59
Highway,77,ETU,5,9,1.05792048049765,QPSK,MPA,30,0.115193965517241,0.217322198275862,1,67.6774791865533,3.39111652058584,5,0,0,0.3320534,10,3,HighMobility,0,2026-08-05 23:49:59
Highway,77,ETU,5,9,1.213042654698,16QAM,MRC,0,0.337223868534483,0.78973599137931,1,96.557435302407,0.304285564263179,4,0,0,0.5987346,4,3,HighMobility,0,2026-08-05 23:50:00
Highway,77,ETU,5,9,1.21725269393732,16QAM,MRC,5,0.281081627155172,0.723760775862069,1,79.0215815970653,2.04508564545689,4,0,0,0.634616,4.2,3,HighMobility,0,2026-08-05 23:50:00
Highway,77,ETU,5,9,1.09424984210617,16QAM,MRC,10,0.12549838362069,0.417914870689655,1,43.8432918063681,7.16193691909086,7,0,0,0.575789,3.8,3,HighMobility,0,2026-08-05 23:50:01
Highway,77,ETU,5,9,1.21749354066845,16QAM,MRC,15,0.0432987607758621,0.15614224137931,1,22.8050979569415,12.8393611590394,10,0,0,0.7192032,5.8,3,HighMobility,0,2026-08-05 23:50:02
Highway,77,ETU,5,9,1.21501141190187,16QAM,MRC,20,0.0115436422413793,0.0433189655172414,1,9.62356857849015,20.3332770902985,13,0,0,0.6846894,5,3,HighMobility,0,2026-08-05 23:50:02
Highway,77,ETU,5,9,1.02093259295239,16QAM,MRC,25,0,0,0,0,160,15,3480000,3.625,0.5091758,2.7,3,HighMobility,0,2026-08-05 23:50:03
Highway,77,ETU,5,9,1.2175202028562,16QAM,MRC,30,0,0,0,0,160,15,3480000,3.625,0.4552943,2.2,3,HighMobility,0,2026-08-05 23:50:03
Highway,77,ETU,5,9,1.21231668901778,16QAM,LMMSE,0,0.368568157327586,0.891594827586207,1,83.247141543912,1.5926133985995,4,0,0,0.2968523,1,3,HighMobility,0,2026-08-05 23:50:04
Highway,77,ETU,5,9,1.2174341671197,16QAM,LMMSE,5,0.349878771551724,0.879552801724138,1,79.1047636523099,2.03594725403668,4,0,0,0.298668,1,3,HighMobility,0,2026-08-05 23:50:04
Highway,77,ETU,5,9,1.21745646179647,16QAM,LMMSE,10,0.296578663793103,0.821551724137931,1,69.763449554577,3.12744106452618,5,0,0,0.2973256,1,3,HighMobility,0,2026-08-05 23:50:04
Highway,77,ETU,5,9,1.17102074543464,16QAM,LMMSE,15,0.170709859913793,0.559240301724138,1,51.9051653290093,5.69578842597387,6,0,0,0.2860535,1,3,HighMobility,0,2026-08-05 23:50:05
Highway,77,ETU,5,9,1.208405754972,16QAM,LMMSE,20,0.0837957974137931,0.299137931034483,0.9,33.9090025289571,9.3936997057896,8,348000,0.3625,0.2956618,1,3,HighMobility,0,2026-08-05 23:50:05
Highway,77,ETU,5,9,1.19820778798634,16QAM,LMMSE,25,0.011786099137931,0.0460668103448276,0.9,11.6643625400392,18.6627798102003,12,348000,0.3625,0.3447758,1,3,HighMobility,0,2026-08-05 23:50:05
Highway,77,ETU,5,9,1.2165422771852,16QAM,LMMSE,30,0.00199353448275862,0.00778556034482759,0.2,2.31362265207098,32.7141494460336,15,2784000,2.9,0.2786792,1,3,HighMobility,0,2026-08-05 23:50:06
Highway,77,ETU,5,9,1.21685039334511,16QAM,MPA,0,0.379613415948276,0.897332974137931,1,85.3437951993639,1.3765609634238,4,0,0,0.4188322,10,3,HighMobility,0,2026-08-05 23:50:06
Highway,77,ETU,5,9,1.21099664478265,16QAM,MPA,5,0.350639816810345,0.883297413793103,1,79.2865981329942,2.01600431134515,4,0,0,0.4040776,10,3,HighMobility,0,2026-08-05 23:50:06
Highway,77,ETU,5,9,1.21762159098906,16QAM,MPA,10,0.329357489224138,0.868992456896552,1,74.8534426551443,2.51576441630506,5,0,0,0.4647624,10,3,HighMobility,0,2026-08-05 23:50:07
Highway,77,ETU,5,9,1.07387502048584,16QAM,MPA,15,0.331580010775862,0.870501077586207,1,75.2386164425099,2.47118398516257,5,0,0,0.448114,10,3,HighMobility,0,2026-08-05 23:50:07
Highway,77,ETU,5,9,1.2174820951737,16QAM,MPA,20,0.333142510775862,0.872036637931034,1,75.4755054394957,2.44387939879714,5,0,0,0.5406977,10,3,HighMobility,0,2026-08-05 23:50:08
Highway,77,ETU,5,9,1.21570966068881,16QAM,MPA,25,0.337082435344828,0.873275862068966,1,76.3703975500552,2.3414989729825,4,0,0,0.4399615,10,3,HighMobility,0,2026-08-05 23:50:08
Highway,77,ETU,5,9,1.20830850597299,16QAM,MPA,30,0.328266433189655,0.866567887931034,1,74.4532499501605,2.56232680320171,5,0,0,0.456848,10,3,HighMobility,0,2026-08-05 23:50:09
Highway,77,ETU,5,9,1.17982099107033,64QAM,MRC,0,0.407713721264368,0.948922413793103,1,106.073116967645,-0.512106616395981,3,0,0,1.2546958,9.5,3,HighMobility,0,2026-08-05 23:50:10
Highway,77,ETU,5,9,1.21427130813581,64QAM,MRC,5,0.319612068965517,0.892564655172414,1,67.6114759077623,3.39959167275794,5,0,0,0.974247,9.3,3,HighMobility,0,2026-08-05 23:50:11
Highway,77,ETU,5,9,1.21345642461208,64QAM,MRC,10,0.248540768678161,0.818265086206897,1,48.9105166140668,6.21195499896034,7,0,0,1.0295327,9.6,3,HighMobility,0,2026-08-05 23:50:12
Highway,77,ETU,5,9,1.21513588418272,64QAM,MRC,15,0.136121587643678,0.608620689655172,1,29.2382014902566,10.6809869071152,9,0,0,1.051587,9.9,3,HighMobility,0,2026-08-05 23:50:13
Highway,77,ETU,5,9,1.21507935747637,64QAM,MRC,20,0.0856007543103448,0.425969827586207,1,21.3483730658959,13.4127043288696,10,0,0,1.0997668,10.2,3,HighMobility,0,2026-08-05 23:50:14
Highway,77,ETU,5,9,1.12966326604092,64QAM,MRC,25,0.0331986350574713,0.180845905172414,1,12.7248648976568,17.9069363990989,12,0,0,1.0686358,10.7,3,HighMobility,0,2026-08-05 23:50:15
Highway,77,ETU,5,9,1.1860648362836,64QAM,MRC,30,0.00548670977011494,0.0301993534482759,0.5,3.50751975437843,29.0999974868566,15,2610000,2.71875,1.011772,9.8,3,HighMobility,0,2026-08-05 23:50:16
Highway,77,ETU,5,9,1.21585750433529,64QAM,LMMSE,0,0.429916487068966,0.980872844827586,1,91.6977042885637,0.752830740752067,4,0,0,0.2903689,1,3,HighMobility,0,2026-08-05 23:50:16
Highway,77,ETU,5,9,1.21256481717144,64QAM,LMMSE,5,0.399865301724138,0.976751077586207,1,87.0714523369318,1.20248423044803,4,0,0,0.3038238,1,3,HighMobility,0,2026-08-05 23:50:17
Highway,77,ETU,5,9,1.2171988481456,64QAM,LMMSE,10,0.388838002873563,0.974084051724138,1,83.7069984668942,1.54476461110411,4,0,0,0.2927976,1,3,HighMobility,0,2026-08-05 23:50:17
Highway,77,ETU,5,9,1.18709725430687,64QAM,LMMSE,15,0.357484734195402,0.946417025862069,1,63.050246462337,4.00626422875733,5,0,0,0.3012267,1,3,HighMobility,0,2026-08-05 23:50:17
Highway,77,ETU,5,9,1.21649390966712,64QAM,LMMSE,20,0.314224137931034,0.919827586206897,1,54.1560405901261,5.32706189854001,6,0,0,0.3124302,1,3,HighMobility,0,2026-08-05 23:50:18
Highway,77,ETU,5,9,1.21667169785603,64QAM,LMMSE,25,0.225489403735632,0.828933189655172,1,39.9947833753394,7.95993302296512,7,0,0,0.3201542,1,3,HighMobility,0,2026-08-05 23:50:18
Highway,77,ETU,5,9,1.20866223552903,64QAM,LMMSE,30,0.091338900862069,0.422090517241379,0.9,20.4899608065523,13.7691774464362,10,522000,0.54375,0.3085883,1,3,HighMobility,0,2026-08-05 23:50:18
Highway,77,ETU,5,9,1.16605503710746,64QAM,MPA,0,0.422072557471264,0.979741379310345,1,90.6740418598892,0.850340497065042,4,0,0,0.5994258,10,3,HighMobility,0,2026-08-05 23:50:19
Highway,77,ETU,5,9,1.07954150610416,64QAM,MPA,5,0.406667564655172,0.978556034482759,1,88.218784759786,1.0887785810625,4,0,0,0.6607604,10,3,HighMobility,0,2026-08-05 23:50:20
Highway,77,ETU,5,9,1.11506147529575,64QAM,MPA,10,0.387948994252874,0.976104525862069,1,85.7369683890432,1.33663753924784,4,0,0,0.6786148,10,3,HighMobility,0,2026-08-05 23:50:20
Highway,77,ETU,5,9,1.21589149232712,64QAM,MPA,15,0.406258979885057,0.977720905172414,1,87.6895013752455,1.14104798848997,4,0,0,0.7753439,10,3,HighMobility,0,2026-08-05 23:50:21
Highway,77,ETU,5,9,1.2008301269936,64QAM,MPA,20,0.418341415229885,0.977182112068966,1,89.7074893706096,0.943425953711022,4,0,0,0.725019,10,3,HighMobility,0,2026-08-05 23:50:22
Highway,77,ETU,5,9,1.2160885146877,64QAM,MPA,25,0.41899694683908,0.979175646551724,1,89.6060061832583,0.953257582466488,4,0,0,0.7022584,10,3,HighMobility,0,2026-08-05 23:50:22
Highway,77,ETU,5,9,1.21757099253083,64QAM,MPA,30,0.417802622126437,0.979445043103448,1,89.3181245463325,0.981208091709715,4,0,0,0.7837723,10,3,HighMobility,0,2026-08-05 23:50:23
Highway,107,ETU,5,9,1.69196501441213,QPSK,MRC,0,0.229633620689655,0.40379849137931,1,95.0328376036422,0.442526057196876,4,0,0,0.5794176,2.8,4,HighMobility,0,2026-08-05 23:50:24
Highway,107,ETU,5,9,1.68651311090535,QPSK,MRC,5,0.115436422413793,0.213846982758621,1,65.4913861132067,3.67631635421325,5,0,0,0.6045797,3.2,4,HighMobility,0,2026-08-05 23:50:24
Highway,107,ETU,5,9,1.69169235409302,QPSK,MRC,10,0.0418238146551724,0.0799838362068966,1,33.5357073482627,9.4898505783512,8,0,0,0.6026647,3.5,4,HighMobility,0,2026-08-05 23:50:25
Highway,107,ETU,5,9,1.69042748879206,QPSK,MRC,15,0.00101023706896552,0.00202047413793103,0.4,3.58820877896437,28.902445911699,15,1044000,1.0875,0.4616377,2.3,4,HighMobility,0,2026-08-05 23:50:26
Highway,107,ETU,5,9,1.50517820978969,QPSK,MRC,20,0,0,0,0,160,15,1740000,1.8125,0.4426282,2,4,HighMobility,0,2026-08-05 23:50:26
Highway,107,ETU,5,9,1.69100878026636,QPSK,MRC,25,0,0,0,0,160,15,1740000,1.8125,0.4549056,2,4,HighMobility,0,2026-08-05 23:50:26
Highway,107,ETU,5,9,1.66184883221768,QPSK,MRC,30,0,0,0,0,160,15,1740000,1.8125,0.4540216,2,4,HighMobility,0,2026-08-05 23:50:27
Highway,107,ETU,5,9,1.65426220958884,QPSK,LMMSE,0,0.222535021551724,0.392349137931034,1,93.3518568004528,0.59754078725557,4,0,0,0.2843247,1,4,HighMobility,0,2026-08-05 23:50:27
Highway,107,ETU,5,9,1.56769795733467,QPSK,LMMSE,5,0.095635775862069,0.17879849137931,1,59.1562651838596,4.55998505768215,6,0,0,0.2937729,1,4,HighMobility,0,2026-08-05 23:50:27
Highway,107,ETU,5,9,1.69195716374545,QPSK,LMMSE,10,0.0255387931034483,0.05,1,27.8308301851257,11.1094767720317,9,0,0,0.3011061,1,4,HighMobility,0,2026-08-05 23:50:28
Highway,107,ETU,5,9,1.6757335372746,QPSK,LMMSE,15,0.00101023706896552,0.00202047413793103,0.5,3.71222840027589,28.6073062205725,15,870000,0.90625,0.3014134,1,4,HighMobility,0,2026-08-05 23:50:28
Highway,107,ETU,5,9,1.62354656729538,QPSK,LMMSE,20,0.000713900862068966,0.00142780172413793,0.2,2.08907255449183,33.6009295300419,15,1392000,1.45,0.3022831,1,4,HighMobility,0,2026-08-05 23:50:28
Highway,107,ETU,5,9,1.69091865017705,QPSK,LMMSE,25,0,0,0,0,160,15,1740000,1.8125,0.3176005,1,4,HighMobility,0,2026-08-05 23:50:29
Highway,107,ETU,5,9,1.68711543136271,QPSK,LMMSE,30,0,0,0,0,160,15,1740000,1.8125,0.2972325,1,4,HighMobility,0,2026-08-05 23:50:29
Highway,107,ETU,5,9,1.68841693673813,QPSK,MPA,0,0.275323275862069,0.474784482758621,1,104.78149551582,-0.405691854300582,3,0,0,0.3215605,10,4,HighMobility,0,2026-08-05 23:50:29
Highway,107,ETU,5,9,1.691607920497,QPSK,MPA,5,0.221646012931034,0.394288793103448,1,93.8720891302272,0.549270335421011,4,0,0,0.3988536,10,4,HighMobility,0,2026-08-05 23:50:30
Highway,107,ETU,5,9,1.69123921703047,QPSK,MPA,10,0.164857219827586,0.300215517241379,1,80.9251152421048,1.8383334692833,4,0,0,0.3818783,10,4,HighMobility,0,2026-08-05 23:50:30
Highway,107,ETU,5,9,1.69130737112078,QPSK,MPA,15,0.141325431034483,0.263038793103448,1,74.9502705704402,2.50453590020008,5,0,0,0.3544998,10,4,HighMobility,0,2026-08-05 23:50:30
Highway,107,ETU,5,9,1.6587016240436,QPSK,MPA,20,0.12801724137931,0.239897629310345,1,71.4909267441741,2.91498146187465,5,0,0,0.3407931,10,4,HighMobility,0,2026-08-05 23:50:31
Highway,107,ETU,5,9,1.59899094568393,QPSK,MPA,25,0.112473060344828,0.212526939655172,1,66.8865491247667,3.49322420016753,5,0,0,0.3253961,10,4,HighMobility,0,2026-08-05 23:50:31
Highway,107,ETU,5,9,1.69084375329595,QPSK,MPA,30,0.121066810344828,0.227613146551724,1,69.4962463744643,3.16077303708435,5,0,0,0.3259572,10,4,HighMobility,0,2026-08-05 23:50:31
Highway,107,ETU,5,9,1.57978511006019,16QAM,MRC,0,0.356580010775862,0.812931034482759,1,100.799102076714,-0.0691332682089187,3,0,0,0.6024869,3.7,4,HighMobility,0,2026-08-05 23:50:32
Highway,107,ETU,5,9,1.69153460806259,16QAM,MRC,5,0.25625,0.692106681034483,1,72.7299651701123,2.76573240818403,5,0,0,0.737323,4.8,4,HighMobility,0,2026-08-05 23:50:33
Highway,107,ETU,5,9,1.53609318719189,16QAM,MRC,10,0.161705280172414,0.520501077586207,1,52.1784264809316,5.65018043685568,6,0,0,0.7619692,4.8,4,HighMobility,0,2026-08-05 23:50:34
Highway,107,ETU,5,9,1.57037506175611,16QAM,MRC,15,0.0885708512931035,0.310183189655172,1,36.6449943985847,8.7197068071098,8,0,0,0.8066378,6.4,4,HighMobility,0,2026-08-05 23:50:34
Highway,107,ETU,5,9,1.69106899921219,16QAM,MRC,20,0.00307785560344828,0.0117995689655172,0.7,4.14973120905122,27.6396006595239,15,1044000,1.0875,0.7088081,5.2,4,HighMobility,0,2026-08-05 23:50:35
Highway,107,ETU,5,9,1.69119713565609,16QAM,MRC,25,6.73491379310345e-06,2.69396551724138e-05,0.1,0.103851623099316,59.6717342295554,15,3132000,3.2625,0.493164,2.8,4,HighMobility,0,2026-08-05 23:50:36
Highway,107,ETU,5,9,1.63106071261125,16QAM,MRC,30,0,0,0,0,160,15,3480000,3.625,0.4745268,2.1,4,HighMobility,0,2026-08-05 23:50:36
Highway,107,ETU,5,9,1.59175672031859,16QAM,LMMSE,0,0.37372036637931,0.896012931034483,1,84.143412429947,1.49959758361737,4,0,0,0.2901831,1,4,HighMobility,0,2026-08-05 23:50:36
Highway,107,ETU,5,9,1.69165782158577,16QAM,LMMSE,5,0.335930765086207,0.872306034482759,1,76.1897231959876,2.3620720850888,4,0,0,0.2961154,1,4,HighMobility,0,2026-08-05 23:50:37
Highway,107,ETU,5,9,1.66336986897216,16QAM,LMMSE,10,0.294046336206897,0.813577586206897,1,69.9610884947084,3.10286884276718,5,0,0,0.3931524,1,4,HighMobility,0,2026-08-05 23:50:37
Highway,107,ETU,5,9,1.67207693723959,16QAM,LMMSE,15,0.178576239224138,0.579391163793103,1,53.2109174316781,5.47998506315919,6,0,0,0.3055651,1,4,HighMobility,0,2026-08-05 23:50:37
Highway,107,ETU,5,9,1.68998808550312,16QAM,LMMSE,20,0.0474272629310345,0.176131465517241,1,25.1866199200304,11.9766022304865,10,0,0,0.2936676,1,4,HighMobility,0,2026-08-05 23:50:38
Highway,107,ETU,5,9,1.60936060102641,16QAM,LMMSE,25,0.015692349137931,0.0599676724137931,0.8,12.112365813342,18.335420424785,12,696000,0.725,0.286503,1,4,HighMobility,0,2026-08-05 23:50:38
Highway,107,ETU,5,9,1.68814711196542,16QAM,LMMSE,30,7.40840517241379e-05,0.000296336206896552,0.2,0.458083386960239,46.7811091647981,15,2784000,2.9,0.3104074,1,4,HighMobility,0,2026-08-05 23:50:38
Highway,107,ETU,5,9,1.69202650065476,16QAM,MPA,0,0.377276400862069,0.89620150862069,1,84.8723735029149,1.42467304735767,4,0,0,0.4194261,10,4,HighMobility,0,2026-08-05 23:50:39
Highway,107,ETU,5,9,1.69016962499707,16QAM,MPA,5,0.344847790948276,0.878340517241379,1,78.1874249582484,2.13726179568092,4,0,0,0.4111084,10,4,HighMobility,0,2026-08-05 23:50:39
Highway,107,ETU,5,9,1.66406105669446,16QAM,MPA,10,0.341008890086207,0.879525862068966,1,76.8245529274118,2.28999916792645,4,0,0,0.409932,10,4,HighMobility,0,2026-08-05 23:50:39
Highway,107,ETU,5,9,1.69135939635695,16QAM,MPA,15,0.327788254310345,0.86963900862069,1,74.5150510626432,2.55511993207972,5,0,0,0.4020269,10,4,HighMobility,0,2026-08-05 23:50:40
Highway,107,ETU,5,9,1.69184023401704,16QAM,MPA,20,0.325895743534483,0.866702586206897,1,74.1805782605451,2.59419571068875,5,0,0,0.4123499,10,4,HighMobility,0,2026-08-05 23:50:40
Highway,107,ETU,5,9,1.69125584960241,16QAM,MPA,25,0.327384159482759,0.866702586206897,1,74.376826756164,2.5712470900399,5,0,0,0.4880255,10,4,HighMobility,0,2026-08-05 23:50:41
Highway,107,ETU,5,9,1.63001538880908,16QAM,MPA,30,0.324690193965517,0.862257543103448,1,74.2125517107778,2.59045270904952,5,0,0,0.4643885,10,4,HighMobility,0,2026-08-05 23:50:41
Highway,107,ETU,5,9,1.68326128733153,64QAM,MRC,0,0.406474497126437,0.948168103448276,1,104.188649348342,-0.356408161632753,3,0,0,1.195093,9.4,4,HighMobility,0,2026-08-05 23:50:42
Highway,107,ETU,5,9,1.68649945875668,64QAM,MRC,5,0.344867995689655,0.905926724137931,1,78.993988773292,2.04811912151209,4,0,0,1.076899,8.1,4,HighMobility,0,2026-08-05 23:50:43
Highway,107,ETU,5,9,1.49378627904591,64QAM,MRC,10,0.254804238505747,0.830549568965517,1,49.7287182862991,6.0678546835884,7,0,0,1.1160301,8.9,4,HighMobility,0,2026-08-05 23:50:45
Highway,107,ETU,5,9,1.41267733218477,64QAM,MRC,15,0.138860452586207,0.596901939655172,1,29.6561039279544,10.5577181003616,9,0,0,0.9563827,9,4,HighMobility,0,2026-08-05 23:50:46
Highway,107,ETU,5,9,1.68555355499772,64QAM,MRC,20,0.0751391882183908,0.380226293103448,1,20.2543236616758,13.8696450865431,10,0,0,1.0412234,10.5,4,HighMobility,0,2026-08-05 23:50:47
Highway,107,ETU,5,9,1.69009763401803,64QAM,MRC,25,0.00509608477011494,0.0298221982758621,1,4.1368107398413,27.6666869546919,15,0,0,0.8979478,8.5,4,HighMobility,0,2026-08-05 23:50:48
Highway,107,ETU,5,9,1.67990737561577,64QAM,MRC,30,0.000291846264367816,0.00169719827586207,0.2,0.529273099615589,45.5264035705957,15,4176000,4.35,1.2527239,12.8,4,HighMobility,0,2026-08-05 23:50:49
Highway,107,ETU,5,9,1.67917759868408,64QAM,LMMSE,0,0.430536099137931,0.980738146551724,1,91.8222596070947,0.74104048214755,4,0,0,0.2884746,1,4,HighMobility,0,2026-08-05 23:50:49
Highway,107,ETU,5,9,1.64019509751124,64QAM,LMMSE,5,0.40149066091954,0.978098060344828,1,87.7737218935885,1.13270971486045,4,0,0,0.2891128,1,4,HighMobility,0,2026-08-05 23:50:49
Highway,107,ETU,5,9,1.67909074369967,64QAM,LMMSE,10,0.394661458333333,0.974730603448276,1,80.8885391034008,1.84226016274889,4,0,0,0.2910425,1,4,HighMobility,0,2026-08-05 23:50:50
Highway,107,ETU,5,9,1.68829817928191,64QAM,LMMSE,15,0.381797772988506,0.962984913793103,1,70.1529695276994,3.07907881710349,5,0,0,0.2992263,1,4,HighMobility,0,2026-08-05 23:50:50
Highway,107,ETU,5,9,1.69159940064846,64QAM,LMMSE,20,0.290413972701149,0.89307650862069,1,50.1891519580273,5.98780284988175,7,0,0,0.3043612,1,4,HighMobility,0,2026-08-05 23:50:50
Highway,107,ETU,5,9,1.64235705294148,64QAM,LMMSE,25,0.173271372126437,0.716325431034483,1,33.0455699347113,9.61773506962762,8,0,0,0.3273109,1,4,HighMobility,0,2026-08-05 23:50:51
Highway,107,ETU,5,9,1.68892551100402,64QAM,LMMSE,30,0.0806842672413793,0.406411637931034,1,20.5362007662292,13.7495979712285,10,0,0,0.3078442,1,4,HighMobility,0,2026-08-05 23:50:51
Highway,107,ETU,5,9,1.66948740250342,64QAM,MPA,0,0.421134159482759,0.979822198275862,1,90.4720194930651,0.869714307315737,4,0,0,0.5990141,10,4,HighMobility,0,2026-08-05 23:50:51
Highway,107,ETU,5,9,1.50650352901043,64QAM,MPA,5,0.401620869252874,0.977963362068966,1,87.4360956434408,1.16618487074779,4,0,0,0.669973,10,4,HighMobility,0,2026-08-05 23:50:52
Highway,107,ETU,5,9,1.623474302944,64QAM,MPA,10,0.391536458333333,0.976993534482759,1,86.1032572660243,1.29960837954412,4,0,0,0.6787803,10,4,HighMobility,0,2026-08-05 23:50:53
Highway,107,ETU,5,9,1.65891296076135,64QAM,MPA,15,0.401755567528736,0.978852370689655,1,86.9529518788166,1.21431339963811,4,0,0,0.6565582,10,4,HighMobility,0,2026-08-05 23:50:53
Highway,107,ETU,5,9,1.67074001740232,64QAM,MPA,20,0.415490301724138,0.978987068965517,1,89.1914477349033,0.993535733016704,4,0,0,0.6660877,10,4,HighMobility,0,2026-08-05 23:50:54
Highway,107,ETU,5,9,1.66756802896374,64QAM,MPA,25,0.42421875,0.980091594827586,1,90.3430447388558,0.882105538941382,4,0,0,0.8413389,10,4,HighMobility,0,2026-08-05 23:50:55
Highway,107,ETU,5,9,1.6920241895354,64QAM,MPA,30,0.424344468390805,0.978582974137931,1,90.7150943219934,0.846408870631373,4,0,0,0.9689103,10,4,HighMobility,0,2026-08-05 23:50:56
Highway,66,ETU,5,9,1.04364457725377,QPSK,MRC,0,0.222952586206897,0.386637931034483,1,91.9826076045459,0.725885656445756,4,0,0,0.7074638,3.1,5,HighMobility,0,2026-08-05 23:50:57
Highway,66,ETU,5,9,1.04292250674833,QPSK,MRC,5,0.116810344827586,0.21629849137931,1,66.2367489294325,3.57801983987945,5,0,0,0.5113894,2.9,5,HighMobility,0,2026-08-05 23:50:57
Highway,66,ETU,5,9,0.967898308887193,QPSK,MRC,10,0.027801724137931,0.0535560344827586,0.9,26.4184319037769,11.5618592800374,9,174000,0.18125,0.5302523,3.4,5,HighMobility,0,2026-08-05 23:50:58
Highway,66,ETU,5,9,1.04000345467145,QPSK,MRC,15,0.00202047413793103,0.00401400862068966,0.5,5.67978419429985,24.9133633034037,15,870000,0.90625,0.4863182,2.5,5,HighMobility,0,2026-08-05 23:50:58
Highway,66,ETU,5,9,1.04313363446072,QPSK,MRC,20,0,0,0,0,160,15,1740000,1.8125,0.4261066,2,5,HighMobility,0,2026-08-05 23:50:59
Highway,66,ETU,5,9,1.02922074839266,QPSK,MRC,25,0,0,0,0,160,15,1740000,1.8125,0.4442486,2,5,HighMobility,0,2026-08-05 23:50:59
Highway,66,ETU,5,9,1.029471363783,QPSK,MRC,30,0,0,0,0,160,15,1740000,1.8125,0.4371365,2,5,HighMobility,0,2026-08-05 23:51:00
Highway,66,ETU,5,9,1.04366043743665,QPSK,LMMSE,0,0.20518588362069,0.363335129310345,1,89.3280212277171,0.980245725776706,4,0,0,0.2866587,1,5,HighMobility,0,2026-08-05 23:51:00
Highway,66,ETU,5,9,1.03675864725989,QPSK,LMMSE,5,0.094140625,0.177262931034483,1,59.0852953112781,4.57041179008172,6,0,0,0.2934043,1,5,HighMobility,0,2026-08-05 23:51:00
Highway,66,ETU,5,9,1.04333697410407,QPSK,LMMSE,10,0.0337823275862069,0.0656519396551724,1,34.1992139181026,9.31967752504913,8,0,0,0.2886861,1,5,HighMobility,0,2026-08-05 23:51:00
Highway,66,ETU,5,9,1.03252581169206,QPSK,LMMSE,15,0.00453933189655172,0.00905172413793104,0.7,9.43349520454836,20.5065473397259,13,522000,0.54375,0.2821447,1,5,HighMobility,0,2026-08-05 23:51:01
Highway,66,ETU,5,9,1.03690971222732,QPSK,LMMSE,20,0,0,0,0,160,15,1740000,1.8125,0.2892601,1,5,HighMobility,0,2026-08-05 23:51:01
Highway,66,ETU,5,9,1.02838056036857,QPSK,LMMSE,25,0,0,0,0,160,15,1740000,1.8125,0.2856612,1,5,HighMobility,0,2026-08-05 23:51:01
Highway,66,ETU,5,9,0.803378745164265,QPSK,LMMSE,30,0,0,0,0,160,15,1740000,1.8125,0.3013106,1,5,HighMobility,0,2026-08-05 23:51:02
Highway,66,ETU,5,9,1.04361467484069,QPSK,MPA,0,0.261759159482759,0.454283405172414,1,101.960436974985,-0.16863376140911,3,0,0,0.3058536,10,5,HighMobility,0,2026-08-05 23:51:02
Highway,66,ETU,5,9,0.96348535539269,QPSK,MPA,5,0.203650323275862,0.364008620689655,1,89.7722212037894,0.937160581634716,4,0,0,0.3292319,10,5,HighMobility,0,2026-08-05 23:51:02
Highway,66,ETU,5,9,1.01668777534943,QPSK,MPA,10,0.154458512931034,0.284401939655172,1,78.3297155676163,2.12146900946166,4,0,0,0.3256829,10,5,HighMobility,0,2026-08-05 23:51:03
Highway,66,ETU,5,9,1.03374294798452,QPSK,MPA,15,0.13582974137931,0.253044181034483,1,73.5634906486615,2.66675342623103,5,0,0,0.3296591,10,5,HighMobility,0,2026-08-05 23:51:03
Highway,66,ETU,5,9,1.04347066235273,QPSK,MPA,20,0.124771012931034,0.233297413793103,1,70.3361000919346,3.0564343113702,5,0,0,0.3213811,10,5,HighMobility,0,2026-08-05 23:51:03
Highway,66,ETU,5,9,1.03648498258619,QPSK,MPA,25,0.118292025862069,0.222144396551724,1,68.5666636277389,3.27773964546413,5,0,0,0.3813613,10,5,HighMobility,0,2026-08-05 23:51:04
Highway,66,ETU,5,9,1.0279576472571,QPSK,MPA,30,0.125538793103448,0.235479525862069,1,70.5621036624619,3.02856960191811,5,0,0,0.3799655,10,5,HighMobility,0,2026-08-05 23:51:04
Highway,66,ETU,5,9,1.04191586090858,16QAM,MRC,0,0.352289870689655,0.795608836206897,1,101.486557274382,-0.128170403961428,3,0,0,0.7528281,3.7,5,HighMobility,0,2026-08-05 23:51:05
Highway,66,ETU,5,9,1.00501009578256,16QAM,MRC,5,0.227357219827586,0.650188577586207,1,65.8806916741471,3.62483699736549,5,0,0,0.7759346,4.5,5,HighMobility,0,2026-08-05 23:51:05
Highway,66,ETU,5,9,1.01098039215965,16QAM,MRC,10,0.145575161637931,0.472952586206897,1,48.9829570348468,6.1991000129919,7,0,0,0.6094659,4.4,5,HighMobility,0,2026-08-05 23:51:06
Highway,66,ETU,5,9,1.03583471651055,16QAM,MRC,15,0.0444571659482759,0.164978448275862,1,25.0280497519952,12.0314598076321,10,0,0,0.7477917,6.1,5,HighMobility,0,2026-08-05 23:51:07
Highway,66,ETU,5,9,1.0428549150793,16QAM,MRC,20,0.0187365301724138,0.0686961206896552,0.9,11.7355831819002,18.6099064785501,12,348000,0.3625,0.7116706,5.3,5,HighMobility,0,2026-08-05 23:51:08
Highway,66,ETU,5,9,1.02650586191634,16QAM,MRC,25,3.36745689655172e-05,0.000107758620689655,0.1,0.232873216416311,52.6576091671761,15,3132000,3.2625,0.4968131,2.9,5,HighMobility,0,2026-08-05 23:51:08
Highway,66,ETU,5,9,1.04208638140973,16QAM,MRC,30,0,0,0,0,160,15,3480000,3.625,0.4631595,2,5,HighMobility,0,2026-08-05 23:51:08
Highway,66,ETU,5,9,1.03998164832385,16QAM,LMMSE,0,0.374070581896552,0.897467672413793,1,83.8676855931293,1.52810683155532,4,0,0,0.2822588,1,5,HighMobility,0,2026-08-05 23:51:09
Highway,66,ETU,5,9,1.04271575002095,16QAM,LMMSE,5,0.345501077586207,0.879606681034483,1,78.3329583196288,2.12110943196424,4,0,0,0.2880308,1,5,HighMobility,0,2026-08-05 23:51:09
Highway,66,ETU,5,9,1.03304007541267,16QAM,LMMSE,10,0.297285829741379,0.822521551724138,1,70.3404552394193,3.05589650561668,5,0,0,0.2752125,1,5,HighMobility,0,2026-08-05 23:51:09
Highway,66,ETU,5,9,1.04341906691029,16QAM,LMMSE,15,0.1681640625,0.531654094827586,1,49.1622958003324,6.16735688913105,7,0,0,0.2836964,1,5,HighMobility,0,2026-08-05 23:51:10
Highway,66,ETU,5,9,1.04176966353133,16QAM,LMMSE,20,0.0546403556034483,0.200457974137931,1,27.3224376754963,11.2696111204626,9,0,0,0.2952759,1,5,HighMobility,0,2026-08-05 23:51:10
Highway,66,ETU,5,9,1.04301362957933,16QAM,LMMSE,25,0.00530711206896552,0.0210129310344828,0.6,6.35418818258181,23.9387985492373,15,1392000,1.45,0.2973978,1,5,HighMobility,0,2026-08-05 23:51:10
Highway,66,ETU,5,9,1.04181182222072,16QAM,LMMSE,30,0.000552262931034483,0.00220905172413793,0.2,1.2366817241755,38.1548411443588,15,2784000,2.9,0.3021799,1,5,HighMobility,0,2026-08-05 23:51:11
Highway,66,ETU,5,9,1.0436843212724,16QAM,MPA,0,0.373444234913793,0.895231681034483,1,83.9766036489087,1.51683387911637,4,0,0,0.4017137,10,5,HighMobility,0,2026-08-05 23:51:11
Highway,66,ETU,5,9,1.04355325907502,16QAM,MPA,5,0.339789870689655,0.875835129310345,1,76.9936492919511,2.2709019098508,4,0,0,0.4948129,10,5,HighMobility,0,2026-08-05 23:51:11
Highway,66,ETU,5,9,1.02688290475536,16QAM,MPA,10,0.330893049568966,0.869288793103448,1,75.1591477233262,2.48036306561733,5,0,0,0.4870075,10,5,HighMobility,0,2026-08-05 23:51:12
Highway,66,ETU,5,9,1.03874395045859,16QAM,MPA,15,0.334240301724138,0.87276400862069,1,75.6703638002491,2.4214835614149,5,0,0,0.4928559,10,5,HighMobility,0,2026-08-05 23:51:12
Highway,66,ETU,5,9,1.02479401550234,16QAM,MPA,20,0.334051724137931,0.872737068965517,1,75.6944110519017,2.41872371486653,5,0,0,0.5954152,10,5,HighMobility,0,2026-08-05 23:51:13
Highway,66,ETU,5,9,1.02710089847385,16QAM,MPA,25,0.328010506465517,0.866540948275862,1,74.6570259019385,2.53858629947307,5,0,0,0.5823965,10,5,HighMobility,0,2026-08-05 23:51:14
Highway,66,ETU,5,9,1.0436669725675,16QAM,MPA,30,0.326178609913793,0.864035560344828,1,74.182695709356,2.59394777969889,5,0,0,0.5958254,10,5,HighMobility,0,2026-08-05 23:51:14
Highway,66,ETU,5,9,0.830786687165008,64QAM,MRC,0,0.401311063218391,0.943776939655172,1,102.819246522678,-0.241488339143475,3,0,0,0.9953092,8.3,5,HighMobility,0,2026-08-05 23:51:15
Highway,66,ETU,5,9,1.00427509103383,64QAM,MRC,5,0.339655172413793,0.901616379310345,1,76.9299762121333,2.27808803704795,4,0,0,0.8159859,7.1,5,HighMobility,0,2026-08-05 23:51:16
Highway,66,ETU,5,9,1.03285853618888,64QAM,MRC,10,0.238555136494253,0.791702586206897,1,48.7610329049139,6.23854206593234,7,0,0,0.9382659,8.8,5,HighMobility,0,2026-08-05 23:51:17
Highway,66,ETU,5,9,1.04039161002993,64QAM,MRC,15,0.13742816091954,0.59286099137931,1,29.4357173419318,10.6225075212445,9,0,0,1.02071,10,5,HighMobility,0,2026-08-05 23:51:18
Highway,66,ETU,5,9,1.01886396281221,64QAM,MRC,20,0.0864179238505747,0.430199353448276,1,21.890387806956,13.1949308893091,10,0,0,0.8797743,8,5,HighMobility,0,2026-08-05 23:51:19
Highway,66,ETU,5,9,1.04364013906475,64QAM,MRC,25,0.0226786997126437,0.12120150862069,0.8,8.52831008179286,21.3827403493628,14,1044000,1.0875,1.2817024,12.6,5,HighMobility,0,2026-08-05 23:51:20
Highway,66,ETU,5,9,0.958794243188141,64QAM,MRC,30,0.00891253591954023,0.0466056034482759,0.4,2.96750150082897,30.5521810545335,15,3132000,3.2625,1.0890382,10.8,5,HighMobility,0,2026-08-05 23:51:21
Highway,66,ETU,5,9,1.04260766977826,64QAM,LMMSE,0,0.418812859195402,0.979903017241379,1,90.0435445058751,0.910948352274358,4,0,0,0.2876043,1,5,HighMobility,0,2026-08-05 23:51:21
Highway,66,ETU,5,9,0.968311544434005,64QAM,LMMSE,5,0.404310344827586,0.976481681034483,1,87.889925568414,1.1212180663961,4,0,0,0.2829496,1,5,HighMobility,0,2026-08-05 23:51:22
Highway,66,ETU,5,9,1.03320012743089,64QAM,LMMSE,10,0.391644216954023,0.9734375,1,83.2835281360872,1.58881770223227,4,0,0,0.2982734,1,5,HighMobility,0,2026-08-05 23:51:22
Highway,66,ETU,5,9,0.964705085427451,64QAM,LMMSE,15,0.377797234195402,0.959779094827586,1,69.3899869657842,3.1740638817518,5,0,0,0.2870484,1,5,HighMobility,0,2026-08-05 23:51:22
Highway,66,ETU,5,9,1.03967358337147,64QAM,LMMSE,20,0.305801005747126,0.905118534482759,1,52.8870404451051,5.53301470776636,6,0,0,0.3048428,1,5,HighMobility,0,2026-08-05 23:51:23
Highway,66,ETU,5,9,0.967571703459745,64QAM,LMMSE,25,0.187715517241379,0.746066810344828,1,34.9334816113029,9.13516257340437,8,0,0,0.3013338,1,5,HighMobility,0,2026-08-05 23:51:23
Highway,66,ETU,5,9,1.03543202112119,64QAM,LMMSE,30,0.087194683908046,0.440840517241379,1,21.1714465611009,13.4849893468947,10,0,0,0.3053507,1,5,HighMobility,0,2026-08-05 23:51:23
Highway,66,ETU,5,9,0.992669516444865,64QAM,MPA,0,0.428142959770115,0.979903017241379,1,91.4488628433333,0.776433811173032,4,0,0,0.638953,10,5,HighMobility,0,2026-08-05 23:51:24
Highway,66,ETU,5,9,1.0211553988871,64QAM,MPA,5,0.411898347701149,0.979445043103448,1,88.9831868553066,1.01384088861945,4,0,0,0.6646627,10,5,HighMobility,0,2026-08-05 23:51:25
Highway,66,ETU,5,9,1.04306218843796,64QAM,MPA,10,0.387266522988506,0.976104525862069,1,85.6216996731574,1.34832310505249,4,0,0,0.7640431,10,5,HighMobility,0,2026-08-05 23:51:25
Highway,66,ETU,5,9,0.986286869771018,64QAM,MPA,15,0.404525862068966,0.977963362068966,1,87.53084314047,1.15677776345266,4,0,0,0.7376189,10,5,HighMobility,0,2026-08-05 23:51:26
Highway,66,ETU,5,9,0.959659064867297,64QAM,MPA,20,0.422588900862069,0.980711206896552,1,90.2099612371717,0.894910075884632,4,0,0,0.7558813,10,5,HighMobility,0,2026-08-05 23:51:27
Highway,66,ETU,5,9,1.03180240702777,64QAM,MPA,25,0.425022449712644,0.97901400862069,1,90.7007494889459,0.847782484251546,4,0,0,0.8590487,10,5,HighMobility,0,2026-08-05 23:51:28
Highway,66,ETU,5,9,1.04350271109247,64QAM,MPA,30,0.426665768678161,0.978636853448276,1,90.9694605879088,0.822087609442742,4,0,0,1.0541078,10,5,HighMobility,0,2026-08-05 23:51:29
Highway,87,ETU,5,9,1.36690960359228,QPSK,MRC,0,0.261368534482759,0.452397629310345,1,101.692175244012,-0.145750743983987,3,0,0,0.6388012,2.4,6,HighMobility,0,2026-08-05 23:51:29
Highway,87,ETU,5,9,1.3653863193278,QPSK,MRC,5,0.0982354525862069,0.181627155172414,1,57.955408079486,4.73812063680625,6,0,0,0.6052976,4.3,6,HighMobility,0,2026-08-05 23:51:30
Highway,87,ETU,5,9,1.27347726134801,QPSK,MRC,10,0.0331627155172414,0.0631465517241379,0.9,28.3893813740634,10.9368814194778,9,174000,0.18125,0.4926979,2.8,6,HighMobility,0,2026-08-05 23:51:31
Highway,87,ETU,5,9,1.31976195764809,QPSK,MRC,15,0.000363685344827586,0.000727370689655172,0.3,1.88552855774623,34.4913377098484,15,1218000,1.26875,0.4512356,2.2,6,HighMobility,0,2026-08-05 23:51:31
Highway,87,ETU,5,9,1.37576409906784,QPSK,MRC,20,0,0,0,0,160,15,1740000,1.8125,0.4369513,2,6,HighMobility,0,2026-08-05 23:51:31
Highway,87,ETU,5,9,1.37256860856446,QPSK,MRC,25,0,0,0,0,160,15,1740000,1.8125,0.4393876,2,6,HighMobility,0,2026-08-05 23:51:32
Highway,87,ETU,5,9,1.3709798928355,QPSK,MRC,30,0,0,0,0,160,15,1740000,1.8125,0.4198547,2,6,HighMobility,0,2026-08-05 23:51:32
Highway,87,ETU,5,9,1.37541756201106,QPSK,LMMSE,0,0.218547952586207,0.387176724137931,1,92.9744531246913,0.632727349592723,4,0,0,0.2774142,1,6,HighMobility,0,2026-08-05 23:51:33
Highway,87,ETU,5,9,1.37013048472849,QPSK,LMMSE,5,0.117928340517241,0.219154094827586,1,66.3793651309708,3.55933811219538,5,0,0,0.2850619,1,6,HighMobility,0,2026-08-05 23:51:33
Highway,87,ETU,5,9,1.36926430100354,QPSK,LMMSE,10,0.0375,0.0720366379310345,1,33.1649929408381,9.58640181610171,8,0,0,0.2831618,1,6,HighMobility,0,2026-08-05 23:51:33
Highway,87,ETU,5,9,1.37208871693495,QPSK,LMMSE,15,0.00134698275862069,0.00269396551724138,0.7,5.0890558703097,25.8672556237838,15,522000,0.54375,0.2863143,1,6,HighMobility,0,2026-08-05 23:51:33
Highway,87,ETU,5,9,1.3752857289407,QPSK,LMMSE,20,1.34698275862069e-05,2.69396551724138e-05,0.1,0.232119172721315,52.6857797188284,15,1566000,1.63125,0.2987728,1,6,HighMobility,0,2026-08-05 23:51:34
Highway,87,ETU,5,9,1.23148326109838,QPSK,LMMSE,25,0,0,0,0,160,15,1740000,1.8125,0.2812366,1,6,HighMobility,0,2026-08-05 23:51:34
Highway,87,ETU,5,9,1.3320478888902,QPSK,LMMSE,30,0,0,0,0,160,15,1740000,1.8125,0.2833716,1,6,HighMobility,0,2026-08-05 23:51:34
Highway,87,ETU,5,9,1.37335391540506,QPSK,MPA,0,0.275633081896552,0.473464439655172,1,104.634632394336,-0.393509057426544,3,0,0,0.3272999,10,6,HighMobility,0,2026-08-05 23:51:35
Highway,87,ETU,5,9,1.37576647976538,QPSK,MPA,5,0.197050107758621,0.353771551724138,1,88.574313008821,1.05384414825815,4,0,0,0.323798,10,6,HighMobility,0,2026-08-05 23:51:35
Highway,87,ETU,5,9,1.37125469393154,QPSK,MPA,10,0.160533405172414,0.292834051724138,1,79.6373875156802,1.97765990662784,4,0,0,0.3127602,10,6,HighMobility,0,2026-08-05 23:51:35
Highway,87,ETU,5,9,1.3608834246215,QPSK,MPA,15,0.137473060344828,0.255711206896552,1,73.8432257397336,2.63378680021513,5,0,0,0.3235347,10,6,HighMobility,0,2026-08-05 23:51:36
Highway,87,ETU,5,9,1.36066437272907,QPSK,MPA,20,0.126185344827586,0.236153017241379,1,70.8487955491481,2.99335056981383,5,0,0,0.3399843,10,6,HighMobility,0,2026-08-05 23:51:36
Highway,87,ETU,5,9,1.27208147816279,QPSK,MPA,25,0.121807650862069,0.228582974137931,1,69.684481171168,3.13727858212776,5,0,0,0.3361941,10,6,HighMobility,0,2026-08-05 23:51:36
Highway,87,ETU,5,9,1.32050696811351,QPSK,MPA,30,0.121955818965517,0.228987068965517,1,69.6739619854667,3.13858985519005,5,0,0,0.3316695,10,6,HighMobility,0,2026-08-05 23:51:37
Highway,87,ETU,5,9,1.37541713893526,16QAM,MRC,0,0.331741648706897,0.788927801724138,1,93.0389938268978,0.626699898908789,4,0,0,0.6126536,3.7,6,HighMobility,0,2026-08-05 23:51:37
Highway,87,ETU,5,9,1.28213031507803,16QAM,MRC,5,0.262877155172414,0.694962284482759,1,74.7974222994322,2.52226737437451,5,0,0,0.5925472,3.7,6,HighMobility,0,2026-08-05 23:51:38
Highway,87,ETU,5,9,1.17283463864052,16QAM,MRC,10,0.147184806034483,0.479741379310345,1,49.0221899690642,6.19214582812691,7,0,0,0.6984303,5.2,6,HighMobility,0,2026-08-05 23:51:38
Highway,87,ETU,5,9,1.06192113849387,16QAM,MRC,15,0.0797077047413793,0.284024784482759,1,34.0478027253201,9.35821820075652,8,0,0,0.8128091,6.8,6,HighMobility,0,2026-08-05 23:51:39
Highway,87,ETU,5,9,1.16686671169386,16QAM,MRC,20,0.0017578125,0.00681573275862069,0.9,4.05328911197305,27.8438483581467,15,348000,0.3625,0.6846977,5.4,6,HighMobility,0,2026-08-05 23:51:40
Highway,87,ETU,5,9,1.35234414611777,16QAM,MRC,25,6.73491379310345e-06,2.69396551724138e-05,0.1,0.104416222362084,59.624640460579,15,3132000,3.2625,0.5205269,2.9,6,HighMobility,0,2026-08-05 23:51:40
Highway,87,ETU,5,9,1.29465853518553,16QAM,MRC,30,0,0,0,0,160,15,3480000,3.625,0.4525173,2,6,HighMobility,0,2026-08-05 23:51:41
Highway,87,ETU,5,9,1.33861567260574,16QAM,LMMSE,0,0.372191540948276,0.896363146551724,1,83.6198046596063,1.55381702639713,4,0,0,0.3028431,1,6,HighMobility,0,2026-08-05 23:51:41
Highway,87,ETU,5,9,1.37576657375981,16QAM,LMMSE,5,0.331916756465517,0.867914870689655,1,75.6151260911078,2.42782638605892,5,0,0,0.3000298,1,6,HighMobility,0,2026-08-05 23:51:42
Highway,87,ETU,5,9,1.35046719559166,16QAM,LMMSE,10,0.281721443965517,0.793992456896552,1,67.8388372223452,3.37043209245814,5,0,0,0.3009277,1,6,HighMobility,0,2026-08-05 23:51:42
Highway,87,ETU,5,9,1.37530361142808,16QAM,LMMSE,15,0.155515894396552,0.496578663793103,1,47.9271730702,6.38836373237788,7,0,0,0.297718,1,6,HighMobility,0,2026-08-05 23:51:42
Highway,87,ETU,5,9,1.37510186370391,16QAM,LMMSE,20,0.0683324353448276,0.24375,0.9,29.7863807598288,10.5196452640134,9,348000,0.3625,0.3000998,1,6,HighMobility,0,2026-08-05 23:51:42
Highway,87,ETU,5,9,1.37545497328206,16QAM,LMMSE,25,0.0384496228448276,0.140571120689655,1,20.5519082270142,13.7429569609283,10,0,0,0.2994468,1,6,HighMobility,0,2026-08-05 23:51:43
Highway,87,ETU,5,9,1.37311337163494,16QAM,LMMSE,30,2.02047413793103e-05,8.08189655172414e-05,0.1,0.181071492085037,54.8429983934679,15,3132000,3.2625,0.281194,1,6,HighMobility,0,2026-08-05 23:51:43
Highway,87,ETU,5,9,1.37346083746953,16QAM,MPA,0,0.382469019396552,0.900296336206897,1,85.8937586103228,1.32076785249634,4,0,0,0.4091533,10,6,HighMobility,0,2026-08-05 23:51:43
Highway,87,ETU,5,9,1.37490768748458,16QAM,MPA,5,0.34247036637931,0.877397629310345,1,77.7650979793375,2.18430552960835,4,0,0,0.4247229,10,6,HighMobility,0,2026-08-05 23:51:44
Highway,87,ETU,5,9,1.35869137297145,16QAM,MPA,10,0.334321120689655,0.872413793103448,1,75.9196428961255,2.39291686741267,4,0,0,0.4843008,10,6,HighMobility,0,2026-08-05 23:51:44
Highway,87,ETU,5,9,1.36969263861703,16QAM,MPA,15,0.327673760775862,0.869477370689655,1,74.5651841126035,2.54927810931794,5,0,0,0.4615887,10,6,HighMobility,0,2026-08-05 23:51:45
Highway,87,ETU,5,9,1.32525754293243,16QAM,MPA,20,0.326414331896552,0.865921336206897,1,74.1919049268216,2.59286955948709,5,0,0,0.4241568,10,6,HighMobility,0,2026-08-05 23:51:45
Highway,87,ETU,5,9,1.3757133214931,16QAM,MPA,25,0.324730603448276,0.866621767241379,1,73.6227445300204,2.65975993663889,5,0,0,0.4272409,10,6,HighMobility,0,2026-08-05 23:51:46
Highway,87,ETU,5,9,1.37032184118004,16QAM,MPA,30,0.338981681034483,0.876751077586207,1,76.5812263974346,2.31755365990407,4,0,0,0.4207416,10,6,HighMobility,0,2026-08-05 23:51:46
Highway,87,ETU,5,9,1.36503315308017,64QAM,MRC,0,0.424946120689655,0.954471982758621,1,116.339076719951,-1.31451225731958,3,0,0,1.132995,9.4,6,HighMobility,0,2026-08-05 23:51:47
Highway,87,ETU,5,9,1.35589513327439,64QAM,MRC,5,0.344733297413793,0.912149784482759,1,75.3783552430377,2.45506686191662,5,0,0,1.2821738,10.6,6,HighMobility,0,2026-08-05 23:51:49
Highway,87,ETU,5,9,1.36467121531944,64QAM,MRC,10,0.25230783045977,0.822602370689655,1,49.7123185971054,6.07071961533471,7,0,0,3.123588,9.5,6,HighMobility,0,2026-08-05 23:51:52
Highway,87,ETU,5,9,1.36814629354378,64QAM,MRC,15,0.15735003591954,0.655657327586207,1,32.4232686886519,9.7828640945703,8,0,0,2.613728,9.9,6,HighMobility,0,2026-08-05 23:51:54
Highway,87,ETU,5,9,1.35639482474179,64QAM,MRC,20,0.100588182471264,0.471309267241379,1,23.9478359289474,12.4146745189594,10,0,0,2.439511,8.5,6,HighMobility,0,2026-08-05 23:51:57
Highway,87,ETU,5,9,1.37243551366929,64QAM,MRC,25,0.0183459051724138,0.10067349137931,0.8,7.69802915201918,22.272408971773,14,1044000,1.0875,3.2854903,13.8,6,HighMobility,0,2026-08-05 23:52:00
Highway,87,ETU,5,9,1.36214405051625,64QAM,MRC,30,0.00136494252873563,0.0076239224137931,0.2,1.0954910745475,39.2078231295792,15,4176000,4.35,2.8574185,11.2,6,HighMobility,0,2026-08-05 23:52:03
Highway,87,ETU,5,9,1.37478755853381,64QAM,LMMSE,0,0.424586925287356,0.980253232758621,1,90.7488003083288,0.843182151824145,4,0,0,0.5289265,1,6,HighMobility,0,2026-08-05 23:52:03
Highway,87,ETU,5,9,1.2717883793581,64QAM,LMMSE,5,0.400839619252874,0.977693965517241,1,87.2709437899046,1.18260654677504,4,0,0,0.507253,1,6,HighMobility,0,2026-08-05 23:52:04
Highway,87,ETU,5,9,1.31183916550619,64QAM,LMMSE,10,0.389834770114943,0.975862068965517,1,83.6883545045518,1.54669942467112,4,0,0,0.5302996,1,6,HighMobility,0,2026-08-05 23:52:04
Highway,87,ETU,5,9,1.30890097312659,64QAM,LMMSE,15,0.357893318965517,0.948949353448276,1,64.3961639421701,3.82280005291795,5,0,0,0.5338539,1,6,HighMobility,0,2026-08-05 23:52:05
Highway,87,ETU,5,9,1.3080873207857,64QAM,LMMSE,20,0.325359195402299,0.925727370689655,1,56.0557238932924,5.0276006931906,6,0,0,0.4934457,1,6,HighMobility,0,2026-08-05 23:52:05
Highway,87,ETU,5,9,1.36939327322292,64QAM,LMMSE,25,0.161848958333333,0.643103448275862,1,31.4756011411185,10.0405193341542,8,0,0,0.5064057,1,6,HighMobility,0,2026-08-05 23:52:06
Highway,87,ETU,5,9,1.17464981904946,64QAM,LMMSE,30,0.0663299209770115,0.343803879310345,0.9,18.0764889243248,14.8577184118038,11,522000,0.54375,0.5015042,1,6,HighMobility,0,2026-08-05 23:52:06
Highway,87,ETU,5,9,1.33607578739629,64QAM,MPA,0,0.425121228448276,0.98036099137931,1,91.0314435774981,0.81617140336351,4,0,0,0.9907416,10,6,HighMobility,0,2026-08-05 23:52:07
Highway,87,ETU,5,9,1.37304414212647,64QAM,MPA,5,0.406263469827586,0.977963362068966,1,88.2519593601217,1.08551287351269,4,0,0,1.0079869,10,6,HighMobility,0,2026-08-05 23:52:08
Highway,87,ETU,5,9,1.34450514424899,64QAM,MPA,10,0.387221623563218,0.975700431034483,1,85.4870830369235,1.36199003048429,4,0,0,1.0402445,10,6,HighMobility,0,2026-08-05 23:52:09
Highway,87,ETU,5,9,1.3398260123639,64QAM,MPA,15,0.403362966954023,0.978259698275862,1,87.0365878940291,1.20596286023436,4,0,0,0.999573,10,6,HighMobility,0,2026-08-05 23:52:10
Highway,87,ETU,5,9,1.18999861121784,64QAM,MPA,20,0.418835308908046,0.978933189655172,1,89.557877952416,0.957924109022816,4,0,0,1.0240972,10,6,HighMobility,0,2026-08-05 23:52:12
Highway,87,ETU,5,9,1.37411222209783,64QAM,MPA,25,0.418709590517241,0.98057650862069,1,89.495992143291,0.963928261061962,4,0,0,0.9601671,10,6,HighMobility,0,2026-08-05 23:52:12
Highway,87,ETU,5,9,1.371328873254,64QAM,MPA,30,0.419598599137931,0.980145474137931,1,89.6299312365641,0.95093873528858,4,0,0,0.9758187,10,6,HighMobility,0,2026-08-05 23:52:13
Highway,115,ETU,5,9,1.6556209285777,QPSK,MRC,0,0.24307650862069,0.423087284482759,1,97.9467768241773,0.180197018909305,3,0,0,1.2049986,3,7,HighMobility,0,2026-08-05 23:52:15
Highway,115,ETU,5,9,1.81180371671792,QPSK,MRC,5,0.0993669181034483,0.183809267241379,1,57.4674312532456,4.81156430074817,6,0,0,1.2939532,3.5,7,HighMobility,0,2026-08-05 23:52:16
Highway,115,ETU,5,9,1.81694223806395,QPSK,MRC,10,0.0359375,0.0705818965517241,1,34.163190613997,9.3288315176555,8,0,0,1.2871688,3.6,7,HighMobility,0,2026-08-05 23:52:17
Highway,115,ETU,5,9,1.757755607593,QPSK,MRC,15,0.000969827586206897,0.00193965517241379,0.6,3.969869469671,28.0244754543274,15,696000,0.725,1.09284,2.5,7,HighMobility,0,2026-08-05 23:52:18
Highway,115,ETU,5,9,1.72481924543054,QPSK,MRC,20,0,0,0,0,160,15,1740000,1.8125,0.9768707,2,7,HighMobility,0,2026-08-05 23:52:19
Highway,115,ETU,5,9,1.78921651890529,QPSK,MRC,25,0,0,0,0,160,15,1740000,1.8125,1.0930536,2,7,HighMobility,0,2026-08-05 23:52:20
Highway,115,ETU,5,9,1.81515116974029,QPSK,MRC,30,0,0,0,0,160,15,1740000,1.8125,0.9988489,2,7,HighMobility,0,2026-08-05 23:52:21
Highway,115,ETU,5,9,1.78302576245126,QPSK,LMMSE,0,0.219908405172414,0.389978448275862,1,93.3083627001576,0.601588623081745,4,0,0,0.5279017,1,7,HighMobility,0,2026-08-05 23:52:22
Highway,115,ETU,5,9,1.78212014510152,QPSK,LMMSE,5,0.0872979525862069,0.164682112068966,1,56.8802919691741,4.90076366037743,6,0,0,0.4774755,1,7,HighMobility,0,2026-08-05 23:52:22
Highway,115,ETU,5,9,1.8071317207331,QPSK,LMMSE,10,0.0195043103448276,0.0383620689655172,1,25.1440070747378,11.9913101958713,10,0,0,0.5237127,1,7,HighMobility,0,2026-08-05 23:52:23
Highway,115,ETU,5,9,1.70239299334265,QPSK,LMMSE,15,0.00183189655172414,0.00366379310344828,0.7,5.93709651871339,24.5285178147956,15,522000,0.54375,0.5066744,1,7,HighMobility,0,2026-08-05 23:52:23
Highway,115,ETU,5,9,1.30878399161062,QPSK,LMMSE,20,0.000592672413793103,0.00118534482758621,0.3,2.04667315569533,33.7790301326949,15,1218000,1.26875,0.4701979,1,7,HighMobility,0,2026-08-05 23:52:24
Highway,115,ETU,5,9,1.68577166038977,QPSK,LMMSE,25,0,0,0,0,160,15,1740000,1.8125,0.4907303,1,7,HighMobility,0,2026-08-05 23:52:24
Highway,115,ETU,5,9,1.81444623415527,QPSK,LMMSE,30,0,0,0,0,160,15,1740000,1.8125,0.4826936,1,7,HighMobility,0,2026-08-05 23:52:25
Highway,115,ETU,5,9,1.81553494788478,QPSK,MPA,0,0.274259159482759,0.472844827586207,1,104.631661427618,-0.393262429184972,3,0,0,0.4917537,10,7,HighMobility,0,2026-08-05 23:52:25
Highway,115,ETU,5,9,1.8161479455257,QPSK,MPA,5,0.220918642241379,0.392376077586207,1,93.8154823818176,0.554509680577465,4,0,0,0.4994271,10,7,HighMobility,0,2026-08-05 23:52:26
Highway,115,ETU,5,9,1.80350542942042,QPSK,MPA,10,0.165988685344828,0.303286637931034,1,81.2187433846271,1.80687468385491,4,0,0,0.5051808,10,7,HighMobility,0,2026-08-05 23:52:26
Highway,115,ETU,5,9,1.77420406774062,QPSK,MPA,15,0.124636314655172,0.232300646551724,1,70.4661012411962,3.04039513093869,5,0,0,0.5538467,10,7,HighMobility,0,2026-08-05 23:52:27
Highway,115,ETU,5,9,1.81822911984198,QPSK,MPA,20,0.115800107758621,0.218157327586207,1,67.7898328764051,3.3767087352776,5,0,0,0.5009943,10,7,HighMobility,0,2026-08-05 23:52:27
Highway,115,ETU,5,9,1.81411247368634,QPSK,MPA,25,0.128071120689655,0.240193965517241,1,71.4482300043217,2.92017051139375,5,0,0,0.5247336,10,7,HighMobility,0,2026-08-05 23:52:28
Highway,115,ETU,5,9,1.81611896587539,QPSK,MPA,30,0.123828125,0.23213900862069,1,70.2100591396991,3.07201322296007,5,0,0,0.5213235,10,7,HighMobility,0,2026-08-05 23:52:29
Highway,115,ETU,5,9,1.81421916850512,16QAM,MRC,0,0.349932650862069,0.803582974137931,1,98.990659213863,0.0881156723446226,3,0,0,1.2249485,3.2,7,HighMobility,0,2026-08-05 23:52:30
Highway,115,ETU,5,9,1.81765473224905,16QAM,MRC,5,0.255435075431034,0.697440732758621,1,72.176848164424,2.8320417347198,5,0,0,1.5471195,4,7,HighMobility,0,2026-08-05 23:52:31
Highway,115,ETU,5,9,1.78253441503656,16QAM,MRC,10,0.1251953125,0.420959051724138,1,44.3625693071361,7.05966618301008,7,0,0,1.800806,5.5,7,HighMobility,0,2026-08-05 23:52:33
Highway,115,ETU,5,9,1.8152933892516,16QAM,MRC,15,0.0673693426724138,0.238900862068966,1,29.8138488696878,10.5116390872193,9,0,0,1.8563971,5.5,7,HighMobility,0,2026-08-05 23:52:35
Highway,115,ETU,5,9,1.76148667831695,16QAM,MRC,20,0.00774515086206897,0.0285021551724138,0.8,5.80567180765859,24.7229503661304,15,696000,0.725,1.6958939,5.2,7,HighMobility,0,2026-08-05 23:52:37
Highway,115,ETU,5,9,1.7904821699177,16QAM,MRC,25,1.34698275862069e-05,5.38793103448276e-05,0.1,0.147202147989415,56.6417170536193,15,3132000,3.2625,1.1095754,2.5,7,HighMobility,0,2026-08-05 23:52:38
Highway,115,ETU,5,9,1.81279225418967,16QAM,MRC,30,0,0,0,0,160,15,3480000,3.625,1.0038843,2,7,HighMobility,0,2026-08-05 23:52:39
Highway,115,ETU,5,9,1.79362603817761,16QAM,LMMSE,0,0.384610721982759,0.900808189655172,1,86.6548360643846,1.24414390020872,4,0,0,0.5182706,1,7,HighMobility,0,2026-08-05 23:52:39
Highway,115,ETU,5,9,1.80070270121129,16QAM,LMMSE,5,0.342739762931034,0.879040948275862,1,77.3116617493122,2.23509983667105,4,0,0,0.4969904,1,7,HighMobility,0,2026-08-05 23:52:40
Highway,115,ETU,5,9,1.8180684097895,16QAM,LMMSE,10,0.270070043103448,0.772198275862069,1,66.3027381608673,3.56937071588648,5,0,0,0.4932259,1,7,HighMobility,0,2026-08-05 23:52:40
Highway,115,ETU,5,9,1.8090749635419,16QAM,LMMSE,15,0.17254849137931,0.566810344827586,1,52.326512859626,5.62556413046324,6,0,0,0.4927299,1,7,HighMobility,0,2026-08-05 23:52:41
Highway,115,ETU,5,9,1.76891741214254,16QAM,LMMSE,20,0.088799838362069,0.312984913793103,1,36.343345316361,8.79150198878863,8,0,0,0.5387886,1,7,HighMobility,0,2026-08-05 23:52:41
Highway,115,ETU,5,9,1.73905310868119,16QAM,LMMSE,25,0.013604525862069,0.0521821120689655,0.7,10.6165601312928,19.4803235219527,13,1044000,1.0875,0.4591359,1,7,HighMobility,0,2026-08-05 23:52:42
Highway,115,ETU,5,9,1.81833573341107,16QAM,LMMSE,30,0.0037176724137931,0.0147090517241379,0.5,4.41951120399573,27.0925152154893,15,1740000,1.8125,0.488416,1,7,HighMobility,0,2026-08-05 23:52:42
Highway,115,ETU,5,9,1.81603994409614,16QAM,MPA,0,0.386011584051724,0.902397629310345,1,86.6940889070118,1.2402102632978,4,0,0,0.5245233,10,7,HighMobility,0,2026-08-05 23:52:43
Highway,115,ETU,5,9,1.77408121725502,16QAM,MPA,5,0.350377155172414,0.887176724137931,1,78.9104390711698,2.05731080244918,4,0,0,0.6075816,10,7,HighMobility,0,2026-08-05 23:52:43
Highway,115,ETU,5,9,1.81833092105275,16QAM,MPA,10,0.332738415948276,0.871066810344828,1,75.7045664780238,2.41755846379158,5,0,0,0.6209325,10,7,HighMobility,0,2026-08-05 23:52:44
Highway,115,ETU,5,9,1.812657198213,16QAM,MPA,15,0.324077316810345,0.866567887931034,1,73.8995153341372,2.62716819784097,5,0,0,0.567851,10,7,HighMobility,0,2026-08-05 23:52:45
Highway,115,ETU,5,9,1.81820330441289,16QAM,MPA,20,0.330529364224138,0.869396551724138,1,75.4839251069273,2.44291049871702,5,0,0,0.5752999,10,7,HighMobility,0,2026-08-05 23:52:45
Highway,115,ETU,5,9,1.7915516255295,16QAM,MPA,25,0.328071120689655,0.865490301724138,1,75.1214539843253,2.48472029682554,5,0,0,0.6467723,10,7,HighMobility,0,2026-08-05 23:52:46
Highway,115,ETU,5,9,1.37768314410398,16QAM,MPA,30,0.32667025862069,0.866567887931034,1,74.5561411630279,2.55033156108907,5,0,0,0.5685778,10,7,HighMobility,0,2026-08-05 23:52:46
Highway,115,ETU,5,9,1.73558237721384,64QAM,MRC,0,0.405405890804598,0.944881465517241,1,104.818218585039,-0.408735489460553,3,0,0,2.8057725,8,7,HighMobility,0,2026-08-05 23:52:49
Highway,115,ETU,5,9,1.81691215205541,64QAM,MRC,5,0.353259698275862,0.918615301724138,1,79.2673106220399,2.01811752562898,4,0,0,2.5753131,9,7,HighMobility,0,2026-08-05 23:52:52
Highway,115,ETU,5,9,1.79079160972566,64QAM,MRC,10,0.248823635057471,0.817591594827586,1,48.8580953418968,6.22126934677156,7,0,0,2.4190317,8.5,7,HighMobility,0,2026-08-05 23:52:54
Highway,115,ETU,5,9,1.81695585219866,64QAM,MRC,15,0.126593929597701,0.563900862068966,1,27.8697951692303,11.0973244629782,9,0,0,2.800046,10.1,7,HighMobility,0,2026-08-05 23:52:57
Highway,115,ETU,5,9,1.81544104319289,64QAM,MRC,20,0.0811961206896552,0.410991379310345,1,21.228977945186,13.4614182829078,10,0,0,2.4006686,9.9,7,HighMobility,0,2026-08-05 23:52:59
Highway,115,ETU,5,9,1.81803688527396,64QAM,MRC,25,0.0206043462643678,0.115247844827586,0.9,9.28642568402163,20.6430282484511,13,522000,0.54375,2.5286169,10.5,7,HighMobility,0,2026-08-05 23:53:02
Highway,115,ETU,5,9,1.81851090321698,64QAM,MRC,30,0.000273886494252874,0.00164331896551724,0.5,0.780254352331766,42.1552760024125,15,2610000,2.71875,3.1550975,14.2,7,HighMobility,0,2026-08-05 23:53:05
Highway,115,ETU,5,9,1.8142267083477,64QAM,LMMSE,0,0.422916666666667,0.979471982758621,1,90.7384399725327,0.844173832928526,4,0,0,0.5087484,1,7,HighMobility,0,2026-08-05 23:53:06
Highway,115,ETU,5,9,1.8048721120848,64QAM,LMMSE,5,0.40078125,0.977667025862069,1,87.4174426376878,1.16803805543706,4,0,0,0.5076606,1,7,HighMobility,0,2026-08-05 23:53:06
Highway,115,ETU,5,9,1.81332107389543,64QAM,LMMSE,10,0.393547952586207,0.975700431034483,1,84.1782259406004,1.49600462529439,4,0,0,0.4834962,1,7,HighMobility,0,2026-08-05 23:53:07
Highway,115,ETU,5,9,1.7514897942862,64QAM,LMMSE,15,0.363384518678161,0.950592672413793,1,64.6231367752145,3.79223930733196,5,0,0,0.5344699,1,7,HighMobility,0,2026-08-05 23:53:07
Highway,115,ETU,5,9,1.81686728502313,64QAM,LMMSE,20,0.295034123563218,0.906492456896552,1,50.3015237258507,5.96837718329256,7,0,0,0.5063767,1,7,HighMobility,0,2026-08-05 23:53:08
Highway,115,ETU,5,9,1.8163025299168,64QAM,LMMSE,25,0.178794001436782,0.688065732758621,1,33.3251743183311,9.54455140374867,8,0,0,0.503095,1,7,HighMobility,0,2026-08-05 23:53:08
Highway,115,ETU,5,9,1.81843194400714,64QAM,LMMSE,30,0.0934357040229885,0.442510775862069,1,22.6728357652545,12.8898831570803,10,0,0,0.5297378,1,7,HighMobility,0,2026-08-05 23:53:09
Highway,115,ETU,5,9,1.8175828382895,64QAM,MPA,0,0.420581896551724,0.978636853448276,1,90.1477080030148,0.900906213950187,4,0,0,0.8759492,10,7,HighMobility,0,2026-08-05 23:53:10
Highway,115,ETU,5,9,1.81019687886885,64QAM,MPA,5,0.405046695402299,0.979283405172414,1,88.0336373223321,1.10702707695296,4,0,0,0.8847209,10,7,HighMobility,0,2026-08-05 23:53:10
Highway,115,ETU,5,9,1.81793418943034,64QAM,MPA,10,0.389520474137931,0.977262931034483,1,85.7342539755133,1.33691253695333,4,0,0,0.9172171,10,7,HighMobility,0,2026-08-05 23:53:11
Highway,115,ETU,5,9,1.79968241116779,64QAM,MPA,15,0.400260416666667,0.978205818965517,1,86.6261850958033,1.24701621884722,4,0,0,0.92067,10,7,HighMobility,0,2026-08-05 23:53:12
Highway,115,ETU,5,9,1.79766181191428,64QAM,MPA,20,0.422499102011494,0.980253232758621,1,90.0108656927439,0.914101227754213,4,0,0,0.9134591,10,7,HighMobility,0,2026-08-05 23:53:13
Highway,115,ETU,5,9,1.81569430228451,64QAM,MPA,25,0.416967492816092,0.978394396551724,1,89.4101991673229,0.972258753960416,4,0,0,0.966819,10,7,HighMobility,0,2026-08-05 23:53:14
Highway,115,ETU,5,9,1.77784036320974,64QAM,MPA,30,0.422894216954023,0.980414870689655,1,90.0695708178003,0.908438133357366,4,0,0,0.8919315,10,7,HighMobility,0,2026-08-05 23:53:15
Highway,78,ETU,5,9,1.21521917703237,QPSK,MRC,0,0.248760775862069,0.433108836206897,1,98.9960580653402,0.087641965534797,3,0,0,1.4235077,3.5,8,HighMobility,0,2026-08-05 23:53:16
Highway,78,ETU,5,9,1.22831308016558,QPSK,MRC,5,0.108890086206897,0.204903017241379,1,64.7647760573427,3.77322263664809,5,0,0,1.2952988,3.1,8,HighMobility,0,2026-08-05 23:53:18
Highway,78,ETU,5,9,1.2334453595773,QPSK,MRC,10,0.0173356681034483,0.0341056034482759,0.8,19.69543230555,14.1126896437794,11,348000,0.3625,1.1154653,2.6,8,HighMobility,0,2026-08-05 23:53:19
Highway,78,ETU,5,9,1.16916011909605,QPSK,MRC,15,0.00060614224137931,0.00121228448275862,0.4,2.905093057231,30.7367990307423,15,1044000,1.0875,1.1316291,2.5,8,HighMobility,0,2026-08-05 23:53:20
Highway,78,ETU,5,9,1.23192516603085,QPSK,MRC,20,0.000228987068965517,0.000431034482758621,0.1,0.957051866860971,40.3812905050457,15,1566000,1.63125,0.9923632,2,8,HighMobility,0,2026-08-05 23:53:21
Highway,78,ETU,5,9,1.23327176701235,QPSK,MRC,25,0,0,0,0,160,15,1740000,1.8125,0.9769677,2,8,HighMobility,0,2026-08-05 23:53:22
Highway,78,ETU,5,9,1.22832743540358,QPSK,MRC,30,0,0,0,0,160,15,1740000,1.8125,0.9606142,2,8,HighMobility,0,2026-08-05 23:53:23
Highway,78,ETU,5,9,1.0928118431791,QPSK,LMMSE,0,0.212944504310345,0.376400862068966,1,91.1752633852863,0.802459468622259,4,0,0,0.4780103,1,8,HighMobility,0,2026-08-05 23:53:23
Highway,78,ETU,5,9,1.20136386614572,QPSK,LMMSE,5,0.0863820043103448,0.16338900862069,1,55.8870349546396,5.05377861891721,6,0,0,0.5033244,1,8,HighMobility,0,2026-08-05 23:53:24
Highway,78,ETU,5,9,1.00553858266046,QPSK,LMMSE,10,0.0172279094827586,0.0339978448275862,1,24.9059392695452,12.0739415043388,10,0,0,0.4769366,1,8,HighMobility,0,2026-08-05 23:53:24
Highway,78,ETU,5,9,1.22637260433571,QPSK,LMMSE,15,0.000700431034482759,0.00140086206896552,0.5,3.05173056522015,30.3090762505391,15,870000,0.90625,0.4677302,1,8,HighMobility,0,2026-08-05 23:53:25
Highway,78,ETU,5,9,1.22920790169402,QPSK,LMMSE,20,0,0,0,0,160,15,1740000,1.8125,0.5032518,1,8,HighMobility,0,2026-08-05 23:53:25
Highway,78,ETU,5,9,1.20485472022362,QPSK,LMMSE,25,0,0,0,0,160,15,1740000,1.8125,0.4913949,1,8,HighMobility,0,2026-08-05 23:53:26
Highway,78,ETU,5,9,1.22657285191516,QPSK,LMMSE,30,0,0,0,0,160,15,1740000,1.8125,0.4875129,1,8,HighMobility,0,2026-08-05 23:53:26
Highway,78,ETU,5,9,1.22635670700635,QPSK,MPA,0,0.27276400862069,0.46786099137931,1,104.290435090704,-0.364889586016512,3,0,0,0.5038072,10,8,HighMobility,0,2026-08-05 23:53:27
Highway,78,ETU,5,9,1.18899492081947,QPSK,MPA,5,0.215086206896552,0.381303879310345,1,92.6025367205553,0.667542324968316,4,0,0,0.4829738,10,8,HighMobility,0,2026-08-05 23:53:27
Highway,78,ETU,5,9,1.18858880271137,QPSK,MPA,10,0.149771012931034,0.276293103448276,1,77.1895528635676,2.24882949606433,4,0,0,0.4688843,10,8,HighMobility,0,2026-08-05 23:53:28
Highway,78,ETU,5,9,1.11979612572819,QPSK,MPA,15,0.13331088362069,0.249272629310345,1,72.8199681568807,2.75499030625464,5,0,0,0.4959104,10,8,HighMobility,0,2026-08-05 23:53:28
Highway,78,ETU,5,9,1.16879218045635,QPSK,MPA,20,0.105374461206897,0.199784482758621,1,64.557731584476,3.80103476325773,5,0,0,0.468286,10,8,HighMobility,0,2026-08-05 23:53:29
Highway,78,ETU,5,9,1.23257568359414,QPSK,MPA,25,0.120851293103448,0.226912715517241,1,69.4840870543505,3.16229288540025,5,0,0,0.4819408,10,8,HighMobility,0,2026-08-05 23:53:29
Highway,78,ETU,5,9,1.23221445950194,QPSK,MPA,30,0.124434267241379,0.232650862068966,1,70.3368749270456,3.056338626577,5,0,0,0.4977522,10,8,HighMobility,0,2026-08-05 23:53:30
Highway,78,ETU,5,9,1.16847787237132,16QAM,MRC,0,0.362991648706897,0.820150862068965,1,103.375509395264,-0.28835325208407,3,0,0,1.4047288,3.5,8,HighMobility,0,2026-08-05 23:53:31
Highway,78,ETU,5,9,1.23315390950479,16QAM,MRC,5,0.221989493534483,0.64229525862069,1,64.9610269815798,3.74694235732421,5,0,0,1.6087742,4.4,8,HighMobility,0,2026-08-05 23:53:33
Highway,78,ETU,5,9,1.22444071861381,16QAM,MRC,10,0.149009967672414,0.486099137931034,1,49.7120099014842,6.07077355175324,7,0,0,1.6096564,4.5,8,HighMobility,0,2026-08-05 23:53:34
Highway,78,ETU,5,9,1.19644945298275,16QAM,MRC,15,0.0652209051724138,0.227424568965517,1,28.0977112749966,11.026581090241,9,0,0,2.1272571,6.3,8,HighMobility,0,2026-08-05 23:53:37
Highway,78,ETU,5,9,1.23326676680023,16QAM,MRC,20,0.0115436422413793,0.04296875,0.9,8.24906725941452,21.6719031065538,14,348000,0.3625,1.7151543,5.1,8,HighMobility,0,2026-08-05 23:53:38
Highway,78,ETU,5,9,1.17520031959012,16QAM,MRC,25,0.000222252155172414,0.000889008620689655,0.3,0.892849316611067,40.9844365889962,15,2436000,2.5375,1.304101,3,8,HighMobility,0,2026-08-05 23:53:40
Highway,78,ETU,5,9,1.23324332280999,16QAM,MRC,30,0,0,0,0,160,15,3480000,3.625,0.9686412,2,8,HighMobility,0,2026-08-05 23:53:41
Highway,78,ETU,5,9,1.22506173226535,16QAM,LMMSE,0,0.371188038793103,0.894181034482759,1,83.7313220831206,1.5422410281282,4,0,0,0.5142552,1,8,HighMobility,0,2026-08-05 23:53:41
Highway,78,ETU,5,9,1.20889452229508,16QAM,LMMSE,5,0.341520743534483,0.874730603448276,1,77.4004477212634,2.22513054285073,4,0,0,0.4994565,1,8,HighMobility,0,2026-08-05 23:53:42
Highway,78,ETU,5,9,1.23239833363938,16QAM,LMMSE,10,0.275464709051724,0.780765086206897,1,66.9002524236171,3.49144487155619,5,0,0,0.4860232,1,8,HighMobility,0,2026-08-05 23:53:42
Highway,78,ETU,5,9,1.2291408566037,16QAM,LMMSE,15,0.163213900862069,0.538523706896552,1,50.5292504758077,5.92914287617543,7,0,0,0.5323255,1,8,HighMobility,0,2026-08-05 23:53:43
Highway,78,ETU,5,9,1.19818551068278,16QAM,LMMSE,20,0.0718884698275862,0.258135775862069,1,31.4646781074548,10.04353413698,8,0,0,0.8409312,1,8,HighMobility,0,2026-08-05 23:53:43
Highway,78,ETU,5,9,1.23344583861811,16QAM,LMMSE,25,0.0156384698275862,0.06015625,0.8,12.3186096871385,18.1887661019971,12,696000,0.725,0.7899016,1,8,HighMobility,0,2026-08-05 23:53:44
Highway,78,ETU,5,9,1.23322288449383,16QAM,LMMSE,30,0.00041082974137931,0.00164331896551724,0.2,0.945813946196701,40.4838857304631,15,2784000,2.9,0.5312283,1,8,HighMobility,0,2026-08-05 23:53:45
Highway,78,ETU,5,9,1.2285359405384,16QAM,MPA,0,0.3798828125,0.901831896551724,1,85.0264470592459,1.40891936208942,4,0,0,0.6020212,10,8,HighMobility,0,2026-08-05 23:53:45
Highway,78,ETU,5,9,1.10817237943588,16QAM,MPA,5,0.342766702586207,0.87578125,1,77.4606543496946,2.21837677254447,4,0,0,0.5249426,10,8,HighMobility,0,2026-08-05 23:53:46
Highway,78,ETU,5,9,1.23063905632546,16QAM,MPA,10,0.337533674568965,0.873599137931034,1,76.6839143700709,2.30591452883392,4,0,0,0.543696,10,8,HighMobility,0,2026-08-05 23:53:46
Highway,78,ETU,5,9,1.22421404271913,16QAM,MPA,15,0.326643318965517,0.867887931034483,1,74.2146249792041,2.59021005563329,5,0,0,0.6103161,10,8,HighMobility,0,2026-08-05 23:53:47
Highway,78,ETU,5,9,1.21261413347775,16QAM,MPA,20,0.326953125,0.866460129310345,1,74.3896328823815,2.5697516911501,5,0,0,0.5722443,10,8,HighMobility,0,2026-08-05 23:53:48
Highway,78,ETU,5,9,1.21650235436056,16QAM,MPA,25,0.326198814655172,0.864358836206897,1,74.5158501927926,2.5550267815153,5,0,0,0.6206146,10,8,HighMobility,0,2026-08-05 23:53:48
Highway,78,ETU,5,9,1.23341045887459,16QAM,MPA,30,0.33368130387931,0.872952586206897,1,75.9749366010323,2.38659307309025,4,0,0,0.7603596,10,8,HighMobility,0,2026-08-05 23:53:49
Highway,78,ETU,5,9,1.22353858695268,64QAM,MRC,0,0.405567528735632,0.946686422413793,1,104.755686983193,-0.403552185678805,3,0,0,2.9150775,9,8,HighMobility,0,2026-08-05 23:53:52
Highway,78,ETU,5,9,1.21531000823955,64QAM,MRC,5,0.344050826149425,0.909994612068965,1,77.1002281954532,2.25888673110033,4,0,0,2.9522493,10.1,8,HighMobility,0,2026-08-05 23:53:55
Highway,78,ETU,5,9,1.23310482120551,64QAM,MRC,10,0.263213900862069,0.842807112068966,1,51.784669482814,5.71597582611629,6,0,0,2.8845218,9.4,8,HighMobility,0,2026-08-05 23:53:58
Highway,78,ETU,5,9,0.946339765948823,64QAM,MRC,15,0.142277298850575,0.61338900862069,1,30.1601469498258,10.411330935526,9,0,0,3.0605442,9.6,8,HighMobility,0,2026-08-05 23:54:01
Highway,78,ETU,5,9,1.22265514037113,64QAM,MRC,20,0.0718884698275862,0.361907327586207,1,19.6803128196912,14.1193600542867,11,0,0,3.5518558,11.6,8,HighMobility,0,2026-08-05 23:54:04
Highway,78,ETU,5,9,1.17977407278293,64QAM,MRC,25,0.0255747126436782,0.137634698275862,0.8,9.48551723801316,20.4587796476618,13,1044000,1.0875,3.5684173,11.7,8,HighMobility,0,2026-08-05 23:54:08
Highway,78,ETU,5,9,1.23343865006142,64QAM,MRC,30,0.000516343390804598,0.00296336206896552,0.5,1.15568207757439,38.7432324350023,15,2610000,2.71875,3.2833558,11.7,8,HighMobility,0,2026-08-05 23:54:11
Highway,78,ETU,5,9,1.23266170694178,64QAM,LMMSE,0,0.428600933908046,0.979983836206897,1,91.4995567083994,0.77162019944969,4,0,0,0.4793763,1,8,HighMobility,0,2026-08-05 23:54:12
Highway,78,ETU,5,9,1.23292501666489,64QAM,LMMSE,5,0.403336027298851,0.977936422413793,1,87.7911365842793,1.13098656726442,4,0,0,0.5236505,1,8,HighMobility,0,2026-08-05 23:54:12
Highway,78,ETU,5,9,1.12686526255947,64QAM,LMMSE,10,0.389601293103448,0.975296336206897,1,83.9183700797927,1.52285919796449,4,0,0,0.4940751,1,8,HighMobility,0,2026-08-05 23:54:13
Highway,78,ETU,5,9,1.22779120862774,64QAM,LMMSE,15,0.390140086206897,0.969046336206897,1,76.0666423368354,2.37611507092107,4,0,0,0.4907923,1,8,HighMobility,0,2026-08-05 23:54:13
Highway,78,ETU,5,9,0.962828505144131,64QAM,LMMSE,20,0.315853987068966,0.923706896551724,1,54.2686286033282,5.30902306261812,6,0,0,0.4946636,1,8,HighMobility,0,2026-08-05 23:54:14
Highway,78,ETU,5,9,1.12880139297631,64QAM,LMMSE,25,0.160277478448276,0.685506465517241,1,31.5122674631718,10.0304069214049,8,0,0,0.5100996,1,8,HighMobility,0,2026-08-05 23:54:14
Highway,78,ETU,5,9,1.219313777465,64QAM,LMMSE,30,0.0922907686781609,0.428178879310345,1,21.3483971661928,13.412694523326,10,0,0,0.5089047,1,8,HighMobility,0,2026-08-05 23:54:15
Highway,78,ETU,5,9,1.2153616391648,64QAM,MPA,0,0.424263649425287,0.980172413793103,1,90.8119672476039,0.837138323161812,4,0,0,0.8325224,10,8,HighMobility,0,2026-08-05 23:54:16
Highway,78,ETU,5,9,1.21846187473896,64QAM,MPA,5,0.398109734195402,0.978529094827586,1,87.1192275057235,1.19771968329379,4,0,0,0.9137526,10,8,HighMobility,0,2026-08-05 23:54:16
Highway,78,ETU,5,9,1.21580301267674,64QAM,MPA,10,0.395550466954023,0.976508620689655,1,86.5820441700363,1.25144329739493,4,0,0,0.8567179,10,8,HighMobility,0,2026-08-05 23:54:17
Highway,78,ETU,5,9,1.22522103531373,64QAM,MPA,15,0.406182650862069,0.978556034482759,1,87.32718885091,1.17701039975916,4,0,0,0.8871113,10,8,HighMobility,0,2026-08-05 23:54:18
Highway,78,ETU,5,9,1.23271442974198,64QAM,MPA,20,0.410470545977011,0.978098060344828,1,88.4036666581804,1.0705944335868,4,0,0,0.9140201,10,8,HighMobility,0,2026-08-05 23:54:19
Highway,78,ETU,5,9,1.22644000203153,64QAM,MPA,25,0.419670438218391,0.979121767241379,1,89.6318479741827,0.950752989375595,4,0,0,0.8758207,10,8,HighMobility,0,2026-08-05 23:54:20
Highway,78,ETU,5,9,1.19262810372522,64QAM,MPA,30,0.420617816091954,0.98057650862069,1,89.6804796510849,0.946041552137146,4,0,0,0.9151966,10,8,HighMobility,0,2026-08-05 23:54:21
Highway,77,ETU,5,9,1.202085056034,QPSK,MRC,0,0.228785021551724,0.398653017241379,1,93.0783877522953,0.623022958145713,4,0,0,1.456477,3.8,9,HighMobility,0,2026-08-05 23:54:22
Highway,77,ETU,5,9,1.21290621244319,QPSK,MRC,5,0.0846039870689655,0.159051724137931,1,54.9627551785887,5.19863010089639,6,0,0,1.4486127,3.9,9,HighMobility,0,2026-08-05 23:54:24
Highway,77,ETU,5,9,1.21307627897042,QPSK,MRC,10,0.0292429956896552,0.0562769396551724,0.9,28.3679418159121,10.9434434500452,9,174000,0.18125,1.3158282,3.4,9,HighMobility,0,2026-08-05 23:54:25
Highway,77,ETU,5,9,1.20806734852013,QPSK,MRC,15,0.00105064655172414,0.00210129310344828,0.3,2.7135353638044,31.3292902832008,15,1218000,1.26875,1.0090644,2.1,9,HighMobility,0,2026-08-05 23:54:26
Highway,77,ETU,5,9,1.18467464241691,QPSK,MRC,20,0,0,0,0,160,15,1740000,1.8125,0.9857741,2,9,HighMobility,0,2026-08-05 23:54:27
Highway,77,ETU,5,9,1.16678862275727,QPSK,MRC,25,0,0,0,0,160,15,1740000,1.8125,0.9967105,2,9,HighMobility,0,2026-08-05 23:54:28
Highway,77,ETU,5,9,1.15670818917784,QPSK,MRC,30,0,0,0,0,160,15,1740000,1.8125,0.9689642,2,9,HighMobility,0,2026-08-05 23:54:29
Highway,77,ETU,5,9,1.19854449696724,QPSK,LMMSE,0,0.207839439655172,0.366244612068966,1,89.1294950743707,0.999571075644933,4,0,0,0.4917075,1,9,HighMobility,0,2026-08-05 23:54:30
Highway,77,ETU,5,9,1.20648658368001,QPSK,LMMSE,5,0.0980199353448276,0.183324353448276,1,59.7472650422861,4.47363939897005,6,0,0,0.5172944,1,9,HighMobility,0,2026-08-05 23:54:30
Highway,77,ETU,5,9,1.17085408655824,QPSK,LMMSE,10,0.0318561422413793,0.0619073275862069,1,32.3814024825868,9.79408690581106,8,0,0,0.5197304,1,9,HighMobility,0,2026-08-05 23:54:31
Highway,77,ETU,5,9,1.2149955058882,QPSK,LMMSE,15,0.00268049568965517,0.00536099137931035,0.8,7.24156401086333,22.8033525215486,15,348000,0.3625,0.4388464,1,9,HighMobility,0,2026-08-05 23:54:31
Highway,77,ETU,5,9,1.20772701574533,QPSK,LMMSE,20,0,0,0,0,160,15,1740000,1.8125,0.5232022,1,9,HighMobility,0,2026-08-05 23:54:32
Highway,77,ETU,5,9,1.20912399508362,QPSK,LMMSE,25,0,0,0,0,160,15,1740000,1.8125,0.4919624,1,9,HighMobility,0,2026-08-05 23:54:32
Highway,77,ETU,5,9,1.2158090552501,QPSK,LMMSE,30,0,0,0,0,160,15,1740000,1.8125,0.4966999,1,9,HighMobility,0,2026-08-05 23:54:33
Highway,77,ETU,5,9,1.21573142395865,QPSK,MPA,0,0.258997844827586,0.449730603448276,1,101.634695151446,-0.140839777196993,3,0,0,0.5137298,10,9,HighMobility,0,2026-08-05 23:54:33
Highway,77,ETU,5,9,1.20753481368299,QPSK,MPA,5,0.212203663793103,0.378340517241379,1,91.9893356091209,0.725250356255649,4,0,0,0.5182208,10,9,HighMobility,0,2026-08-05 23:54:34
Highway,77,ETU,5,9,1.21249960474169,QPSK,MPA,10,0.174191810344828,0.318534482758621,1,83.3998823063028,1.57669124474146,4,0,0,0.4691857,10,9,HighMobility,0,2026-08-05 23:54:34
Highway,77,ETU,5,9,1.20846403074073,QPSK,MPA,15,0.134967672413793,0.25167025862069,1,73.1565063418851,2.71494085687848,5,0,0,0.5174823,10,9,HighMobility,0,2026-08-05 23:54:35
Highway,77,ETU,5,9,1.1849779680163,QPSK,MPA,20,0.118628771551724,0.223141163793103,1,68.7513238872523,3.25437869136707,5,0,0,0.5003162,10,9,HighMobility,0,2026-08-05 23:54:35
Highway,77,ETU,5,9,1.14863817757548,QPSK,MPA,25,0.114762931034483,0.216190732758621,1,67.680734123502,3.39069878423385,5,0,0,0.5191111,10,9,HighMobility,0,2026-08-05 23:54:36
Highway,77,ETU,5,9,1.2145492583437,QPSK,MPA,30,0.117726293103448,0.221228448275862,1,68.5389981467085,3.28124496122084,5,0,0,0.4965166,10,9,HighMobility,0,2026-08-05 23:54:36
Highway,77,ETU,5,9,1.00899751371514,16QAM,MRC,0,0.359819504310345,0.81707974137931,1,101.656832976557,-0.142731510790286,3,0,0,1.3691522,3.6,9,HighMobility,0,2026-08-05 23:54:38
Highway,77,ETU,5,9,1.21115553372212,16QAM,MRC,5,0.268265086206897,0.711637931034483,1,75.9374517268518,2.39087961601701,4,0,0,1.5866373,4.4,9,HighMobility,0,2026-08-05 23:54:39
Highway,77,ETU,5,9,1.20733909280805,16QAM,MRC,10,0.151710668103448,0.491379310344828,1,50.2417082331851,5.97871205753745,7,0,0,1.7236872,4.9,9,HighMobility,0,2026-08-05 23:54:41
Highway,77,ETU,5,9,1.20882787031526,16QAM,MRC,15,0.0467066271551724,0.172521551724138,1,25.3010062692993,11.9372441152083,10,0,0,2.1912987,5.9,9,HighMobility,0,2026-08-05 23:54:43
Highway,77,ETU,5,9,1.2021156232749,16QAM,MRC,20,0.00864089439655172,0.0324622844827586,0.9,7.54227493582157,22.4499528092421,14,348000,0.3625,1.9235155,4.8,9,HighMobility,0,2026-08-05 23:54:45
Highway,77,ETU,5,9,1.19257859053672,16QAM,MRC,25,0.00132004310344828,0.00479525862068966,0.2,2.00277511236022,33.9673562806711,15,2784000,2.9,1.3231558,3.3,9,HighMobility,0,2026-08-05 23:54:46
Highway,77,ETU,5,9,1.21723288365155,16QAM,MRC,30,0,0,0,0,160,15,3480000,3.625,0.9781498,2.1,9,HighMobility,0,2026-08-05 23:54:47
Highway,77,ETU,5,9,1.216016059531,16QAM,LMMSE,0,0.386031788793103,0.900942887931034,1,86.7069587862816,1.23892092447678,4,0,0,0.5002804,1,9,HighMobility,0,2026-08-05 23:54:48
Highway,77,ETU,5,9,1.19069252634312,16QAM,LMMSE,5,0.342456896551724,0.878259698275862,1,77.4102259854099,2.22403329391683,4,0,0,0.4553224,1,9,HighMobility,0,2026-08-05 23:54:48
Highway,77,ETU,5,9,1.19249529801284,16QAM,LMMSE,10,0.299346713362069,0.828151939655172,1,70.4227114780668,3.04574514700604,5,0,0,0.465729,1,9,HighMobility,0,2026-08-05 23:54:49
Highway,77,ETU,5,9,1.17949467366187,16QAM,LMMSE,15,0.14032192887931,0.464762931034483,1,45.6977989211515,6.80209435283455,7,0,0,0.4504412,1,9,HighMobility,0,2026-08-05 23:54:49
Highway,77,ETU,5,9,1.10253931641845,16QAM,LMMSE,20,0.0365638469827586,0.137230603448276,1,21.3614816361236,13.4073725571424,10,0,0,0.4527714,1,9,HighMobility,0,2026-08-05 23:54:50
Highway,77,ETU,5,9,1.21228796753318,16QAM,LMMSE,25,0.0276872306034483,0.101751077586207,0.7,15.1628511213242,16.3843825837928,12,1044000,1.0875,0.4446951,1,9,HighMobility,0,2026-08-05 23:54:50
Highway,77,ETU,5,9,1.18396155222613,16QAM,LMMSE,30,0.000323275862068966,0.00129310344827586,0.3,1.23408313800273,38.1731116332908,15,2436000,2.5375,0.4429768,1,9,HighMobility,0,2026-08-05 23:54:50
Highway,77,ETU,5,9,1.21700591551239,16QAM,MPA,0,0.380616918103448,0.900538793103448,1,84.9874588484101,1.41290312213108,4,0,0,0.5864108,10,9,HighMobility,0,2026-08-05 23:54:51
Highway,77,ETU,5,9,1.21572029269968,16QAM,MPA,5,0.34112338362069,0.876104525862069,1,77.1586323387744,2.25230957934676,4,0,0,0.5783753,10,9,HighMobility,0,2026-08-05 23:54:52
Highway,77,ETU,5,9,1.20387762473844,16QAM,MPA,10,0.338483297413793,0.874003232758621,1,76.563008004814,2.31962024698846,4,0,0,0.7144436,10,9,HighMobility,0,2026-08-05 23:54:52
Highway,77,ETU,5,9,1.20461938211842,16QAM,MPA,15,0.326373922413793,0.864978448275862,1,74.3084486078996,2.57923611369938,5,0,0,0.6458908,10,9,HighMobility,0,2026-08-05 23:54:53
Highway,77,ETU,5,9,1.19052499723516,16QAM,MPA,20,0.330091594827586,0.871470905172414,1,74.9160354494853,2.50850427034851,5,0,0,0.5951827,10,9,HighMobility,0,2026-08-05 23:54:54
Highway,77,ETU,5,9,1.20793924514206,16QAM,MPA,25,0.325215517241379,0.864601293103448,1,74.0398427331736,2.61069024792006,5,0,0,0.7311311,10,9,HighMobility,0,2026-08-05 23:54:54
Highway,77,ETU,5,9,1.18145763953346,16QAM,MPA,30,0.336307920258621,0.873195043103448,1,76.2708615513479,2.35282695635238,4,0,0,0.613328,10,9,HighMobility,0,2026-08-05 23:54:55
Highway,77,ETU,5,9,1.01575144378802,64QAM,MRC,0,0.409994612068966,0.946740301724138,1,107.783634734114,-0.651056500091981,3,0,0,2.5338912,9.5,9,HighMobility,0,2026-08-05 23:54:57
Highway,77,ETU,5,9,1.20863152142346,64QAM,MRC,5,0.331941451149425,0.88973599137931,1,76.6798626507883,2.30637347405846,4,0,0,2.0485058,9.2,9,HighMobility,0,2026-08-05 23:55:00
Highway,77,ETU,5,9,1.19532647867222,64QAM,MRC,10,0.294616558908046,0.873841594827586,1,59.667885426379,4.48518705740585,6,0,0,3.1852202,11.9,9,HighMobility,0,2026-08-05 23:55:03
Highway,77,ETU,5,9,1.20378520221108,64QAM,MRC,15,0.125938397988506,0.574407327586207,1,27.762316857696,11.1308858677109,9,0,0,2.6735545,8.6,9,HighMobility,0,2026-08-05 23:55:05
Highway,77,ETU,5,9,1.19883865451509,64QAM,MRC,20,0.0671156609195402,0.335290948275862,1,17.7989543729431,14.9921102048327,11,0,0,2.5597195,8.8,9,HighMobility,0,2026-08-05 23:55:08
Highway,77,ETU,5,9,1.21763248034832,64QAM,MRC,25,0.0293866738505747,0.155118534482759,1,10.66221152373,19.4430541183117,13,0,0,4.1762193,16.2,9,HighMobility,0,2026-08-05 23:55:12
Highway,77,ETU,5,9,1.08944700000194,64QAM,MRC,30,0.0040319683908046,0.0224676724137931,0.4,1.94399774383084,34.2260848688779,15,3132000,3.2625,3.3092591,11.4,9,HighMobility,0,2026-08-05 23:55:15
Highway,77,ETU,5,9,1.21762391268596,64QAM,LMMSE,0,0.422238685344828,0.978852370689655,1,90.5404582526313,0.863146234790714,4,0,0,0.4617398,1,9,HighMobility,0,2026-08-05 23:55:16
Highway,77,ETU,5,9,1.20608444539061,64QAM,LMMSE,5,0.398504849137931,0.977828663793103,1,87.3107929268184,1.17864135295895,4,0,0,0.4851772,1,9,HighMobility,0,2026-08-05 23:55:16
Highway,77,ETU,5,9,1.21758753625284,64QAM,LMMSE,10,0.397485632183908,0.977532327586207,1,84.9678723572229,1.41490513172261,4,0,0,0.4739167,1,9,HighMobility,0,2026-08-05 23:55:17
Highway,77,ETU,5,9,1.11254002120587,64QAM,LMMSE,15,0.377518857758621,0.9609375,1,70.3106918891268,3.05957256777523,5,0,0,0.4883327,1,9,HighMobility,0,2026-08-05 23:55:17
Highway,77,ETU,5,9,1.19081572330474,64QAM,LMMSE,20,0.302352729885057,0.915274784482759,1,50.9857270759007,5.85102766224525,6,0,0,0.4745897,1,9,HighMobility,0,2026-08-05 23:55:18
Highway,77,ETU,5,9,1.17673388303532,64QAM,LMMSE,25,0.151441271551724,0.57332974137931,0.9,28.3811882922449,10.9393885003608,9,522000,0.54375,0.4976604,1,9,HighMobility,0,2026-08-05 23:55:18
Highway,77,ETU,5,9,1.20081244460695,64QAM,LMMSE,30,0.104058908045977,0.495339439655172,0.9,23.2077615093056,12.6873349427469,10,522000,0.54375,0.4627986,1,9,HighMobility,0,2026-08-05 23:55:19
Highway,77,ETU,5,9,1.14168407379642,64QAM,MPA,0,0.423042385057471,0.979606681034483,1,90.8598381832361,0.832560819543024,4,0,0,1.228937,10,9,HighMobility,0,2026-08-05 23:55:20
Highway,77,ETU,5,9,1.16964630424293,64QAM,MPA,5,0.403102550287356,0.977990301724138,1,87.8804262231587,1.12215690805809,4,0,0,1.0789985,10,9,HighMobility,0,2026-08-05 23:55:21
Highway,77,ETU,5,9,1.21757351174674,64QAM,MPA,10,0.385376257183908,0.975727370689655,1,85.3102719279262,1.37997347441356,4,0,0,1.0225063,10,9,HighMobility,0,2026-08-05 23:55:22
Highway,77,ETU,5,9,1.12946026249525,64QAM,MPA,15,0.40394216954023,0.977828663793103,1,86.9367720492954,1.21592978283563,4,0,0,1.0094385,10,9,HighMobility,0,2026-08-05 23:55:23
Highway,77,ETU,5,9,1.21580748303935,64QAM,MPA,20,0.414520474137931,0.978933189655172,1,89.1194515286556,1.00054989915453,4,0,0,1.0306123,10,9,HighMobility,0,2026-08-05 23:55:24
Highway,77,ETU,5,9,1.21754183371987,64QAM,MPA,25,0.41612338362069,0.979660560344828,1,88.9683337345234,1.01529086294703,4,0,0,1.0310153,10,9,HighMobility,0,2026-08-05 23:55:25
Highway,77,ETU,5,9,0.980832123334168,64QAM,MPA,30,0.428165409482759,0.979714439655172,1,91.0789506601585,0.81163963253184,4,0,0,2.0717764,10,9,HighMobility,0,2026-08-05 23:55:27
Highway,68,ETU,5,9,1.06870934855311,QPSK,MRC,0,0.189399245689655,0.339278017241379,1,85.8458762581041,1.32561124043154,4,0,0,1.9084963,3.5,10,HighMobility,0,2026-08-05 23:55:29
Highway,68,ETU,5,9,0.978515919619039,QPSK,MRC,5,0.0875538793103448,0.164385775862069,1,55.2711272475629,5.15003355895105,6,0,0,1.3239132,3.6,10,HighMobility,0,2026-08-05 23:55:31
Highway,68,ETU,5,9,1.07531108397691,QPSK,MRC,10,0.0241783405172414,0.0463631465517241,0.9,23.3479654164928,12.6350191729541,10,174000,0.18125,1.2429576,2.5,10,HighMobility,0,2026-08-05 23:55:32
Highway,68,ETU,5,9,1.0577644050599,QPSK,MRC,15,0.00259967672413793,0.00511853448275862,0.5,5.8934873769246,24.5925528466644,15,870000,0.90625,1.2239909,2.6,10,HighMobility,0,2026-08-05 23:55:33
Highway,68,ETU,5,9,1.06253142673057,QPSK,MRC,20,0,0,0,0,160,15,1740000,1.8125,1.2023098,2,10,HighMobility,0,2026-08-05 23:55:34
Highway,68,ETU,5,9,1.04802381030925,QPSK,MRC,25,0,0,0,0,160,15,1740000,1.8125,1.2215411,2,10,HighMobility,0,2026-08-05 23:55:35
Highway,68,ETU,5,9,1.07339759047265,QPSK,MRC,30,0,0,0,0,160,15,1740000,1.8125,0.9652596,2,10,HighMobility,0,2026-08-05 23:55:36
Highway,68,ETU,5,9,1.02987094161535,QPSK,LMMSE,0,0.222615840517241,0.394558189655172,1,94.141209419204,0.52440453343889,4,0,0,0.448653,1,10,HighMobility,0,2026-08-05 23:55:37
Highway,68,ETU,5,9,1.07232996317201,QPSK,LMMSE,5,0.0884698275862069,0.16707974137931,1,56.2679483143235,4.99477840280695,6,0,0,0.4578773,1,10,HighMobility,0,2026-08-05 23:55:37
Highway,68,ETU,5,9,1.07043451242607,QPSK,LMMSE,10,0.0226023706896552,0.0444504310344828,0.9,24.4062005703653,12.24999648028,10,174000,0.18125,0.5772772,1,10,HighMobility,0,2026-08-05 23:55:38
Highway,68,ETU,5,9,1.07474048595992,QPSK,LMMSE,15,0.00115840517241379,0.00231681034482759,0.7,5.23033988850046,25.6294017603069,15,522000,0.54375,0.5721233,1,10,HighMobility,0,2026-08-05 23:55:38
Highway,68,ETU,5,9,1.0740515874379,QPSK,LMMSE,20,2.69396551724138e-05,5.38793103448276e-05,0.1,0.328266082149306,49.6754797621886,15,1566000,1.63125,0.7355869,1,10,HighMobility,0,2026-08-05 23:55:39
Highway,68,ETU,5,9,1.00803066732322,QPSK,LMMSE,25,0,0,0,0,160,15,1740000,1.8125,0.8815641,1,10,HighMobility,0,2026-08-05 23:55:40
Highway,68,ETU,5,9,1.07349518790118,QPSK,LMMSE,30,0,0,0,0,160,15,1740000,1.8125,0.6252491,1,10,HighMobility,0,2026-08-05 23:55:41
Highway,68,ETU,5,9,1.07303716820721,QPSK,MPA,0,0.236799568965517,0.416082974137931,1,96.8838125682614,0.274975583762025,4,0,0,0.5181243,10,10,HighMobility,0,2026-08-05 23:55:41
Highway,68,ETU,5,9,1.07183903650398,QPSK,MPA,5,0.216985452586207,0.385668103448276,1,92.9491268677962,0.635093709725264,4,0,0,0.533387,10,10,HighMobility,0,2026-08-05 23:55:42
Highway,68,ETU,5,9,1.07505346715081,QPSK,MPA,10,0.158364762931034,0.290840517241379,1,79.3621199207293,2.00773479651852,4,0,0,0.6127677,10,10,HighMobility,0,2026-08-05 23:55:42
Highway,68,ETU,5,9,1.05831068891049,QPSK,MPA,15,0.12840786637931,0.240355603448276,1,71.4529861963347,2.91959232514683,5,0,0,0.8663485,10,10,HighMobility,0,2026-08-05 23:55:43
Highway,68,ETU,5,9,1.04933663792812,QPSK,MPA,20,0.129000538793103,0.241756465517241,1,71.6328934691791,2.89775012039356,5,0,0,0.8952312,10,10,HighMobility,0,2026-08-05 23:55:44
Highway,68,ETU,5,9,1.06296537747976,QPSK,MPA,25,0.122683189655172,0.230872844827586,1,69.8816779403328,3.11273351296968,5,0,0,0.9783535,10,10,HighMobility,0,2026-08-05 23:55:45
Highway,68,ETU,5,9,1.03808421856486,QPSK,MPA,30,0.111907327586207,0.211395474137931,1,66.5702791754037,3.5343924349239,5,0,0,0.8636002,10,10,HighMobility,0,2026-08-05 23:55:46
Highway,68,ETU,5,9,1.07506867474587,16QAM,MRC,0,0.368265086206897,0.82265625,1,105.312940442604,-0.449634777465222,3,0,0,1.5294696,3.6,10,HighMobility,0,2026-08-05 23:55:47
Highway,68,ETU,5,9,1.07366566455231,16QAM,MRC,5,0.218581627155172,0.632004310344828,1,64.1699413272905,3.85336715597006,5,0,0,1.7218973,4.4,10,HighMobility,0,2026-08-05 23:55:49
Highway,68,ETU,5,9,1.06781393928193,16QAM,MRC,10,0.156236530172414,0.49286099137931,1,50.9212454956664,5.86201964739044,6,0,0,3.5825198,4.8,10,HighMobility,0,2026-08-05 23:55:53
Highway,68,ETU,5,9,1.07062393748598,16QAM,MRC,15,0.0699757543103448,0.237446120689655,1,29.9738192324977,10.4651583236555,9,0,0,1.9331809,5.6,10,HighMobility,0,2026-08-05 23:55:55
Highway,68,ETU,5,9,1.06939042191311,16QAM,MRC,20,0.0101495150862069,0.0374191810344828,0.8,7.51832490868183,22.4775781986782,14,696000,0.725,1.2032001,4.8,10,HighMobility,0,2026-08-05 23:55:56
Highway,68,ETU,5,9,1.07515941983896,16QAM,MRC,25,3.36745689655172e-05,0.000134698275862069,0.2,0.327840818834757,49.6867394844352,15,2784000,2.9,0.5725844,2.7,10,HighMobility,0,2026-08-05 23:55:57
Highway,68,ETU,5,9,1.05701911044256,16QAM,MRC,30,0,0,0,0,160,15,3480000,3.625,1.0652561,2.1,10,HighMobility,0,2026-08-05 23:55:58
Highway,68,ETU,5,9,1.01121881546742,16QAM,LMMSE,0,0.369308997844828,0.895016163793103,1,82.7495698625737,1.64468510072371,4,0,0,0.431634,1,10,HighMobility,0,2026-08-05 23:55:58
Highway,68,ETU,5,9,1.06856373478816,16QAM,LMMSE,5,0.343022629310345,0.879337284482759,1,77.6912577390681,2.19255695455779,4,0,0,0.523163,1,10,HighMobility,0,2026-08-05 23:55:59
Highway,68,ETU,5,9,1.07501309813694,16QAM,LMMSE,10,0.279175646551724,0.787823275862069,1,67.5526265014302,3.40715521177243,5,0,0,0.6769106,1,10,HighMobility,0,2026-08-05 23:55:59
Highway,68,ETU,5,9,1.07468273971931,16QAM,LMMSE,15,0.160129310344828,0.515274784482759,1,48.8090035915758,6.23000116262345,7,0,0,0.4694942,1,10,HighMobility,0,2026-08-05 23:56:00
Highway,68,ETU,5,9,1.07457985342899,16QAM,LMMSE,20,0.0902680495689655,0.305765086206897,1,32.3861879850132,9.79280335193129,8,0,0,0.5238462,1,10,HighMobility,0,2026-08-05 23:56:00
Highway,68,ETU,5,9,1.07495595516164,16QAM,LMMSE,25,0.0130589978448276,0.0505657327586207,0.9,11.1353176148451,19.0659478197343,13,348000,0.3625,0.3709401,1,10,HighMobility,0,2026-08-05 23:56:01
Highway,68,ETU,5,9,1.01216837745257,16QAM,LMMSE,30,0.00143453663793103,0.00563038793103448,0.5,2.34210743811208,32.6078637334455,15,1740000,1.8125,0.325095,1,10,HighMobility,0,2026-08-05 23:56:01
Highway,68,ETU,5,9,1.03540928143716,16QAM,MPA,0,0.392328933189655,0.90557650862069,1,88.103082501294,1.10017792940193,4,0,0,0.8094108,10,10,HighMobility,0,2026-08-05 23:56:02
Highway,68,ETU,5,9,1.05826861469738,16QAM,MPA,5,0.339917834051724,0.876697198275862,1,76.6078916771324,2.31452979395494,4,0,0,1.0439507,10,10,HighMobility,0,2026-08-05 23:56:03
Highway,68,ETU,5,9,1.07520837833061,16QAM,MPA,10,0.339688846982759,0.878313577586207,1,76.7995632303427,2.29282499707586,4,0,0,0.9588001,10,10,HighMobility,0,2026-08-05 23:56:04
Highway,68,ETU,5,9,1.07327323691393,16QAM,MPA,15,0.327976831896552,0.868615301724138,1,74.6890502513879,2.53486126060394,5,0,0,1.4582961,10,10,HighMobility,0,2026-08-05 23:56:05
Highway,68,ETU,5,9,1.07468802669906,16QAM,MPA,20,0.324750808189655,0.863685344827586,1,74.2002916568255,2.59188775299062,5,0,0,1.0230015,10,10,HighMobility,0,2026-08-05 23:56:06
Highway,68,ETU,5,9,1.0716391894455,16QAM,MPA,25,0.337836745689655,0.873114224137931,1,76.7466748023517,2.29880864177747,4,0,0,0.474536,10,10,HighMobility,0,2026-08-05 23:56:07
Highway,68,ETU,5,9,1.0509967032681,16QAM,MPA,30,0.336422413793103,0.872063577586207,1,76.1696325744055,2.36436278685702,4,0,0,0.4407767,10,10,HighMobility,0,2026-08-05 23:56:07
Highway,68,ETU,5,9,1.03356831136258,64QAM,MRC,0,0.381416127873563,0.933297413793103,1,92.567615851625,0.670818434135763,4,0,0,1.4968279,7.9,10,HighMobility,0,2026-08-05 23:56:09
Highway,68,ETU,5,9,0.871670034839454,64QAM,MRC,5,0.338685344827586,0.907893318965517,1,73.2103596775229,2.70854918964093,5,0,0,2.5769031,13.4,10,HighMobility,0,2026-08-05 23:56:11
Highway,68,ETU,5,9,1.0747648368852,64QAM,MRC,10,0.254552801724138,0.819342672413793,1,50.830245982403,5.87755577228794,6,0,0,2.0795865,9.1,10,HighMobility,0,2026-08-05 23:56:13
Highway,68,ETU,5,9,1.00077901521209,64QAM,MRC,15,0.16004849137931,0.671632543103448,1,32.984648123263,9.63376289132818,8,0,0,1.9797139,9,10,HighMobility,0,2026-08-05 23:56:15
Highway,68,ETU,5,9,1.04299118791695,64QAM,MRC,20,0.0742456896551724,0.369962284482759,1,19.5307648820221,14.1856149626743,11,0,0,2.268039,9.8,10,HighMobility,0,2026-08-05 23:56:18
Highway,68,ETU,5,9,1.06287109132867,64QAM,MRC,25,0.0218929597701149,0.121147629310345,1,9.51505150025476,20.4317771349992,13,0,0,4.411547,13.1,10,HighMobility,0,2026-08-05 23:56:22
Highway,68,ETU,5,9,0.962830999134715,64QAM,MRC,30,0.000336745689655172,0.00185883620689655,0.5,0.845861981405187,41.4540098929807,15,2610000,2.71875,6.9509107,18.5,10,HighMobility,0,2026-08-05 23:56:29
Highway,68,ETU,5,9,1.06990081785037,64QAM,LMMSE,0,0.423949353448276,0.980280172413793,1,90.9608222592963,0.822912448143241,4,0,0,0.6990421,1,10,HighMobility,0,2026-08-05 23:56:30
Highway,68,ETU,5,9,1.05939371950439,64QAM,LMMSE,5,0.406429597701149,0.977155172413793,1,88.152367579728,1.09532038016823,4,0,0,0.5436553,1,10,HighMobility,0,2026-08-05 23:56:30
Highway,68,ETU,5,9,1.06499628632919,64QAM,LMMSE,10,0.394980244252874,0.975269396551724,1,83.6036796449702,1.55549215113882,4,0,0,0.5701278,1,10,HighMobility,0,2026-08-05 23:56:31
Highway,68,ETU,5,9,1.06098998563654,64QAM,LMMSE,15,0.381815732758621,0.960991379310345,1,69.0117929973874,3.22153378059884,5,0,0,0.4873031,1,10,HighMobility,0,2026-08-05 23:56:31
Highway,68,ETU,5,9,1.05825040345751,64QAM,LMMSE,20,0.312948994252874,0.907893318965517,1,54.1980345754058,5.32032924655055,6,0,0,0.5287374,1,10,HighMobility,0,2026-08-05 23:56:32
Highway,68,ETU,5,9,1.0734791148339,64QAM,LMMSE,25,0.162612248563218,0.676077586206897,1,31.4173717391542,10.0566029848549,8,0,0,0.4864377,1,10,HighMobility,0,2026-08-05 23:56:32
Highway,68,ETU,5,9,0.98247594640083,64QAM,LMMSE,30,0.0562095905172414,0.290193965517241,0.8,14.8209020896946,16.5825072352938,12,1044000,1.0875,0.4902303,1,10,HighMobility,0,2026-08-05 23:56:33
Highway,68,ETU,5,9,1.06946412302772,64QAM,MPA,0,0.420294540229885,0.97957974137931,1,90.3831134686441,0.878254048110912,4,0,0,0.6672072,10,10,HighMobility,0,2026-08-05 23:56:33
Highway,68,ETU,5,9,1.07465205273295,64QAM,MPA,5,0.402289870689655,0.978502155172414,1,87.6866947631951,1.14132599568897,4,0,0,0.6823864,10,10,HighMobility,0,2026-08-05 23:56:34
Highway,68,ETU,5,9,1.07450634559321,64QAM,MPA,10,0.395334949712644,0.978367456896552,1,86.6207766608922,1.2475585321818,4,0,0,0.8015018,10,10,HighMobility,0,2026-08-05 23:56:35
Highway,68,ETU,5,9,1.0577323416324,64QAM,MPA,15,0.398289331896552,0.977909482758621,1,86.5362101928326,1.25604256832025,4,0,0,1.1706583,10,10,HighMobility,0,2026-08-05 23:56:36
Highway,68,ETU,5,9,1.07143523703713,64QAM,MPA,20,0.413793103448276,0.978771551724138,1,88.7725950897336,1.03442168402575,4,0,0,3.0257615,10,10,HighMobility,0,2026-08-05 23:56:39
Highway,68,ETU,5,9,0.992426003656494,64QAM,MPA,25,0.414201688218391,0.978448275862069,1,88.7860529868547,1.03310500572656,4,0,0,1.0632048,10,10,HighMobility,0,2026-08-05 23:56:40
Highway,68,ETU,5,9,1.07480727714709,64QAM,MPA,30,0.427177622126437,0.980953663793103,1,90.987256151995,0.820388630598079,4,0,0,1.1712117,10,10,HighMobility,0,2026-08-05 23:56:41
Highway,61,ETU,5,9,0.963413205163044,QPSK,MRC,0,0.233364762931034,0.408917025862069,1,95.7949826342126,0.373144739376559,4,0,0,0.9663465,3,11,HighMobility,0,2026-08-05 23:56:42
Highway,61,ETU,5,9,0.946064183296036,QPSK,MRC,5,0.119787176724138,0.221578663793103,1,66.1876821462765,3.58445654765958,5,0,0,0.9486739,3.5,11,HighMobility,0,2026-08-05 23:56:43
Highway,61,ETU,5,9,0.961653083639423,QPSK,MRC,10,0.0449622844827586,0.0836476293103448,0.8,30.4200807064335,10.3367927614051,9,348000,0.3625,0.8878978,2.8,11,HighMobility,0,2026-08-05 23:56:44
Highway,61,ETU,5,9,0.964014742508877,QPSK,MRC,15,0.000821659482758621,0.00164331896551724,0.4,3.0217530406556,30.3948206441699,15,1044000,1.0875,1.1492338,2.3,11,HighMobility,0,2026-08-05 23:56:45
Highway,61,ETU,5,9,0.948357253563833,QPSK,MRC,20,0,0,0,0,160,15,1740000,1.8125,1.5554616,2.1,11,HighMobility,0,2026-08-05 23:56:47
Highway,61,ETU,5,9,0.842092083393888,QPSK,MRC,25,0,0,0,0,160,15,1740000,1.8125,1.5323101,2,11,HighMobility,0,2026-08-05 23:56:48
Highway,61,ETU,5,9,0.963157196324831,QPSK,MRC,30,0,0,0,0,160,15,1740000,1.8125,0.6099197,2,11,HighMobility,0,2026-08-05 23:56:49
Highway,61,ETU,5,9,0.961689612305717,QPSK,LMMSE,0,0.234226831896552,0.408216594827586,1,95.3789144842469,0.410952492348816,4,0,0,0.3737382,1,11,HighMobility,0,2026-08-05 23:56:49
Highway,61,ETU,5,9,0.964617585468603,QPSK,LMMSE,5,0.123383620689655,0.228475215517241,1,68.7594059990431,3.25335767531696,5,0,0,0.3786284,1,11,HighMobility,0,2026-08-05 23:56:50
Highway,61,ETU,5,9,0.964596896826217,QPSK,LMMSE,10,0.0123787715517241,0.0245689655172414,1,19.5112410177337,14.1943021261919,11,0,0,0.3653476,1,11,HighMobility,0,2026-08-05 23:56:50
Highway,61,ETU,5,9,0.964509485080853,QPSK,LMMSE,15,0.00401400862068966,0.0080010775862069,0.8,8.70826573162613,21.2013665397523,14,348000,0.3625,0.3628898,1,11,HighMobility,0,2026-08-05 23:56:50
Highway,61,ETU,5,9,0.963167669173673,QPSK,LMMSE,20,0.000148168103448276,0.000296336206896552,0.3,1.24829097883613,38.07368336081,15,1218000,1.26875,0.5190776,1,11,HighMobility,0,2026-08-05 23:56:51
Highway,61,ETU,5,9,0.940782304101755,QPSK,LMMSE,25,0,0,0,0,160,15,1740000,1.8125,0.6344253,1,11,HighMobility,0,2026-08-05 23:56:52
Highway,61,ETU,5,9,0.931174902148153,QPSK,LMMSE,30,0,0,0,0,160,15,1740000,1.8125,0.5608108,1,11,HighMobility,0,2026-08-05 23:56:52
Highway,61,ETU,5,9,0.961685068981591,QPSK,MPA,0,0.259011314655172,0.449676724137931,1,101.276269919206,-0.110153951542706,3,0,0,0.414876,10,11,HighMobility,0,2026-08-05 23:56:53
Highway,61,ETU,5,9,0.963885729789598,QPSK,MPA,5,0.221848060344828,0.393830818965517,1,93.894113677393,0.547232665339531,4,0,0,0.5373552,10,11,HighMobility,0,2026-08-05 23:56:53
Highway,61,ETU,5,9,0.964510074682144,QPSK,MPA,10,0.178744612068966,0.32332974137931,1,84.2952617046251,1.48393673369008,4,0,0,0.6590571,10,11,HighMobility,0,2026-08-05 23:56:54
Highway,61,ETU,5,9,0.963309952765354,QPSK,MPA,15,0.141217672413793,0.262580818965517,1,74.9627634446307,2.50308823786111,5,0,0,0.5160667,10,11,HighMobility,0,2026-08-05 23:56:54
Highway,61,ETU,5,9,0.964444271857485,QPSK,MPA,20,0.128138469827586,0.240382543103448,1,71.5637440711399,2.90613892193123,5,0,0,0.5704306,10,11,HighMobility,0,2026-08-05 23:56:55
Highway,61,ETU,5,9,0.940425345628389,QPSK,MPA,25,0.111193426724138,0.209644396551724,1,66.4491448823278,3.55021207027929,5,0,0,0.6609466,10,11,HighMobility,0,2026-08-05 23:56:56
Highway,61,ETU,5,9,0.960855596447793,QPSK,MPA,30,0.127020474137931,0.236988146551724,1,71.03798051974,2.97018786508448,5,0,0,0.8376947,10,11,HighMobility,0,2026-08-05 23:56:56
Highway,61,ETU,5,9,0.961232683461966,16QAM,MRC,0,0.332596982758621,0.781061422413793,1,94.1957243230701,0.519376199989613,4,0,0,1.5656535,4.9,11,HighMobility,0,2026-08-05 23:56:58
Highway,61,ETU,5,9,0.964060331437776,16QAM,MRC,5,0.285890355603448,0.725161637931034,1,80.9437682529436,1.83633162691827,4,0,0,1.2358138,5.2,11,HighMobility,0,2026-08-05 23:56:59
Highway,61,ETU,5,9,0.906656365065149,16QAM,MRC,10,0.173477909482759,0.530334051724138,1,54.5012791966852,5.27186608601138,6,0,0,1.2810176,4.7,11,HighMobility,0,2026-08-05 23:57:00
Highway,61,ETU,5,9,0.963407975295721,16QAM,MRC,15,0.0779364224137931,0.277667025862069,0.9,32.8070899630519,9.68064580924831,8,348000,0.3625,1.6429114,6,11,HighMobility,0,2026-08-05 23:57:02
Highway,61,ETU,5,9,0.957472975476303,16QAM,MRC,20,0.0142847521551724,0.0535290948275862,0.8,10.8313282904712,19.3063656156956,13,696000,0.725,1.3835401,5.1,11,HighMobility,0,2026-08-05 23:57:03
Highway,61,ETU,5,9,0.962879181279075,16QAM,MRC,25,0.000127963362068966,0.000511853448275862,0.2,0.628745095390792,44.0305077938861,15,2784000,2.9,1.1377784,2.8,11,HighMobility,0,2026-08-05 23:57:05
Highway,61,ETU,5,9,0.865647520148833,16QAM,MRC,30,0,0,0,0,160,15,3480000,3.625,1.4200934,2.2,11,HighMobility,0,2026-08-05 23:57:06
Highway,61,ETU,5,9,0.962427163820499,16QAM,LMMSE,0,0.370548221982759,0.894019396551724,1,83.3944829540796,1.57725359200626,4,0,0,0.5528814,1,11,HighMobility,0,2026-08-05 23:57:07
Highway,61,ETU,5,9,0.964446981626237,16QAM,LMMSE,5,0.332657596982759,0.871794181034483,1,75.4118019207933,2.45121363751559,5,0,0,0.5518177,1,11,HighMobility,0,2026-08-05 23:57:07
Highway,61,ETU,5,9,0.929738543284222,16QAM,LMMSE,10,0.259260506465517,0.762931034482759,1,64.7149793164717,3.77990366590425,5,0,0,0.848364,1,11,HighMobility,0,2026-08-05 23:57:08
Highway,61,ETU,5,9,0.907121760951,16QAM,LMMSE,15,0.174528556034483,0.534779094827586,1,48.4553602883917,6.29316345795974,7,0,0,0.9256887,1,11,HighMobility,0,2026-08-05 23:57:09
Highway,61,ETU,5,9,0.963409527298103,16QAM,LMMSE,20,0.0600821659482759,0.218938577586207,1,28.6376013473327,10.8612672169784,9,0,0,0.8953892,1,11,HighMobility,0,2026-08-05 23:57:10
Highway,61,ETU,5,9,0.964598493264114,16QAM,LMMSE,25,0.017578125,0.0651939655172414,0.6,10.7992473922463,19.3321301954157,13,1392000,1.45,0.8530824,1,11,HighMobility,0,2026-08-05 23:57:11
Highway,61,ETU,5,9,0.963776576746266,16QAM,LMMSE,30,0.000235721982758621,0.000915948275862069,0.3,1.02189228267995,39.8118976124646,15,2436000,2.5375,0.7656958,1,11,HighMobility,0,2026-08-05 23:57:11
Highway,61,ETU,5,9,0.955697663653463,16QAM,MPA,0,0.375969827586207,0.896174568965517,1,84.8195071578309,1.43008510657978,4,0,0,0.7121845,10,11,HighMobility,0,2026-08-05 23:57:12
Highway,61,ETU,5,9,0.961221527686579,16QAM,MPA,5,0.349400592672414,0.882408405172414,1,78.875213166427,2.06118908062899,4,0,0,0.6649913,10,11,HighMobility,0,2026-08-05 23:57:13
Highway,61,ETU,5,9,0.951493794449418,16QAM,MPA,10,0.335344827586207,0.873006465517241,1,76.1632801240603,2.36508720919865,4,0,0,0.6567889,10,11,HighMobility,0,2026-08-05 23:57:14
Highway,61,ETU,5,9,0.930937539800497,16QAM,MPA,15,0.334361530172414,0.873114224137931,1,76.0680389509503,2.37595559596155,4,0,0,0.6732401,10,11,HighMobility,0,2026-08-05 23:57:14
Highway,61,ETU,5,9,0.964617723466038,16QAM,MPA,20,0.333230064655172,0.871821120689655,1,75.8414078569403,2.40187227425807,5,0,0,0.6308686,10,11,HighMobility,0,2026-08-05 23:57:15
Highway,61,ETU,5,9,0.944471245704952,16QAM,MPA,25,0.330684267241379,0.869477370689655,1,74.9452589986876,2.50511670416798,5,0,0,0.5499441,10,11,HighMobility,0,2026-08-05 23:57:15
Highway,61,ETU,5,9,0.961454931517593,16QAM,MPA,30,0.327848868534483,0.868345905172414,1,74.7441110393571,2.52846037949832,5,0,0,0.6567193,10,11,HighMobility,0,2026-08-05 23:57:16
Highway,61,ETU,5,9,0.947285532708506,64QAM,MRC,0,0.4140625,0.947575431034483,1,110.008838391179,-0.828551577767706,3,0,0,1.7097624,6.4,11,HighMobility,0,2026-08-05 23:57:18
Highway,61,ETU,5,9,0.958890026053273,64QAM,MRC,5,0.314646192528736,0.886584051724138,1,66.6346014300285,3.5260039127342,5,0,0,2.4167966,9.2,11,HighMobility,0,2026-08-05 23:57:20
Highway,61,ETU,5,9,0.963791587643611,64QAM,MRC,10,0.25546875,0.810452586206897,1,52.0801605285113,5.66655371593277,6,0,0,1.974527,7.7,11,HighMobility,0,2026-08-05 23:57:22
Highway,61,ETU,5,9,0.964350880501204,64QAM,MRC,15,0.143058548850575,0.613604525862069,1,30.2772245696204,10.3776787586988,9,0,0,2.372523,9.5,11,HighMobility,0,2026-08-05 23:57:24
Highway,61,ETU,5,9,0.964344065878086,64QAM,MRC,20,0.0868669181034483,0.413981681034483,1,21.3162793722105,13.4257719301779,10,0,0,2.278704,9.5,11,HighMobility,0,2026-08-05 23:57:27
Highway,61,ETU,5,9,0.926988252752617,64QAM,MRC,25,0.0123922413793103,0.0688577586206897,0.9,6.721531320749,23.4506354663362,15,522000,0.54375,3.213736,11.4,11,HighMobility,0,2026-08-05 23:57:30
Highway,61,ETU,5,9,0.964586848033195,64QAM,MRC,30,0.00535650143678161,0.0299838362068966,0.5,3.37592398344745,29.4321468211468,15,2610000,2.71875,4.6866205,17.6,11,HighMobility,0,2026-08-05 23:57:35
Highway,61,ETU,5,9,0.946388832370344,64QAM,LMMSE,0,0.414264547413793,0.978933189655172,1,89.5577016057545,0.957941212254637,4,0,0,0.5087671,1,11,HighMobility,0,2026-08-05 23:57:35
Highway,61,ETU,5,9,0.958597654206062,64QAM,LMMSE,5,0.398567708333333,0.97745150862069,1,87.3144976818473,1.17827280275399,4,0,0,0.5062198,1,11,HighMobility,0,2026-08-05 23:57:36
Highway,61,ETU,5,9,0.961865784374589,64QAM,LMMSE,10,0.391006645114943,0.973679956896552,1,81.9698761515787,1.7269144217827,4,0,0,0.4818794,1,11,HighMobility,0,2026-08-05 23:57:36
Highway,61,ETU,5,9,0.959696062931225,64QAM,LMMSE,15,0.377464978448276,0.959294181034483,1,67.406187797036,3.42600467975128,5,0,0,0.3855157,1,11,HighMobility,0,2026-08-05 23:57:37
Highway,61,ETU,5,9,0.953173273987707,64QAM,LMMSE,20,0.29097970545977,0.86495150862069,1,51.3387557472198,5.79109322309468,6,0,0,0.4954566,1,11,HighMobility,0,2026-08-05 23:57:37
Highway,61,ETU,5,9,0.700727853533612,64QAM,LMMSE,25,0.197032147988506,0.767322198275862,1,36.2118594972301,8.82298346739837,8,0,0,0.5177909,1,11,HighMobility,0,2026-08-05 23:57:38
Highway,61,ETU,5,9,0.964515060467411,64QAM,LMMSE,30,0.0794450431034483,0.365409482758621,0.9,18.5063312896331,14.6535933522096,11,522000,0.54375,0.4888567,1,11,HighMobility,0,2026-08-05 23:57:38
Highway,61,ETU,5,9,0.961057039528159,64QAM,MPA,0,0.425399604885057,0.980226293103448,1,91.0695743482859,0.81253386552336,4,0,0,0.8846372,10,11,HighMobility,0,2026-08-05 23:57:39
Highway,61,ETU,5,9,0.829694394536615,64QAM,MPA,5,0.408306393678161,0.980199353448276,1,88.4178002771693,1.06920587984258,4,0,0,0.8733403,10,11,HighMobility,0,2026-08-05 23:57:40
Highway,61,ETU,5,9,0.950019035961132,64QAM,MPA,10,0.389816810344828,0.976346982758621,1,85.9396682002802,1.31612654784929,4,0,0,0.9183501,10,11,HighMobility,0,2026-08-05 23:57:41
Highway,61,ETU,5,9,0.913530733491875,64QAM,MPA,15,0.400489403735632,0.978367456896552,1,86.8091412359391,1.2286908007804,4,0,0,0.9376705,10,11,HighMobility,0,2026-08-05 23:57:42
Highway,61,ETU,5,9,0.936206307808453,64QAM,MPA,20,0.424241199712644,0.979283405172414,1,90.4621632812556,0.870660617922149,4,0,0,0.87148,10,11,HighMobility,0,2026-08-05 23:57:43
Highway,61,ETU,5,9,0.95477640219632,64QAM,MPA,25,0.43114224137931,0.980845905172414,1,91.3323387036528,0.787508428759328,4,0,0,0.9069562,10,11,HighMobility,0,2026-08-05 23:57:43
Highway,61,ETU,5,9,0.963676858915258,64QAM,MPA,30,0.429269935344828,0.980091594827586,1,90.9403489030265,0.824867678147474,4,0,0,0.8991844,10,11,HighMobility,0,2026-08-05 23:57:44
Highway,101,ETU,5,9,1.5895807503266,QPSK,MRC,0,0.251239224137931,0.437311422413793,1,99.6637561440803,0.0292549818890235,3,0,0,0.9164433,2.9,12,HighMobility,0,2026-08-05 23:57:45
Highway,101,ETU,5,9,1.58010976139379,QPSK,MRC,5,0.125,0.22979525862069,1,68.6893457099018,3.26221240822108,5,0,0,1.147135,3,12,HighMobility,0,2026-08-05 23:57:46
Highway,101,ETU,5,9,1.59255279411821,QPSK,MRC,10,0.0216594827586207,0.0418911637931034,1,24.6319354917964,12.1700292294125,10,0,0,1.2135434,3.2,12,HighMobility,0,2026-08-05 23:57:48
Highway,101,ETU,5,9,1.54863912328877,QPSK,MRC,15,0.000296336206896552,0.000592672413793103,0.5,2.1018486301131,33.547971279702,15,870000,0.90625,1.0965535,2.4,12,HighMobility,0,2026-08-05 23:57:49
Highway,101,ETU,5,9,1.59694609000718,QPSK,MRC,20,1.34698275862069e-05,2.69396551724138e-05,0.1,0.232119172721315,52.6857797188284,15,1566000,1.63125,0.9990868,2.1,12,HighMobility,0,2026-08-05 23:57:50
Highway,101,ETU,5,9,1.58992056124816,QPSK,MRC,25,0,0,0,0,160,15,1740000,1.8125,1.0214099,2,12,HighMobility,0,2026-08-05 23:57:51
Highway,101,ETU,5,9,1.59401263032892,QPSK,MRC,30,0,0,0,0,160,15,1740000,1.8125,0.9956088,2,12,HighMobility,0,2026-08-05 23:57:52
Highway,101,ETU,5,9,1.59354496433694,QPSK,LMMSE,0,0.206384698275862,0.367726293103448,1,89.8242640214142,0.932126650347819,4,0,0,0.4638974,1,12,HighMobility,0,2026-08-05 23:57:52
Highway,101,ETU,5,9,1.55119425437995,QPSK,LMMSE,5,0.101468211206897,0.19151400862069,1,62.6172729228602,4.06611700980315,5,0,0,0.5646607,1,12,HighMobility,0,2026-08-05 23:57:53
Highway,101,ETU,5,9,1.59381428351215,QPSK,LMMSE,10,0.0259563577586207,0.0508351293103448,1,29.320878874652,10.6564603227116,9,0,0,0.4783227,1,12,HighMobility,0,2026-08-05 23:57:53
Highway,101,ETU,5,9,1.59708273630617,QPSK,LMMSE,15,0.00420258620689655,0.0084051724137931,0.7,9.08492852632423,20.8335697011753,13,522000,0.54375,0.4804636,1,12,HighMobility,0,2026-08-05 23:57:54
Highway,101,ETU,5,9,1.59455765801671,QPSK,LMMSE,20,1.34698275862069e-05,2.69396551724138e-05,0.1,0.232119172721315,52.6857797188284,15,1566000,1.63125,0.5255517,1,12,HighMobility,0,2026-08-05 23:57:54
Highway,101,ETU,5,9,1.53442503008329,QPSK,LMMSE,25,0,0,0,0,160,15,1740000,1.8125,0.4780467,1,12,HighMobility,0,2026-08-05 23:57:55
Highway,101,ETU,5,9,1.57679395316465,QPSK,LMMSE,30,0,0,0,0,160,15,1740000,1.8125,0.4871833,1,12,HighMobility,0,2026-08-05 23:57:55
Highway,101,ETU,5,9,1.57549654091928,QPSK,MPA,0,0.25887661637931,0.447979525862069,1,101.470776924132,-0.126819712383428,3,0,0,0.5082241,10,12,HighMobility,0,2026-08-05 23:57:56
Highway,101,ETU,5,9,1.589433474525,QPSK,MPA,5,0.224515086206897,0.398841594827586,1,94.5935674464309,0.482767909914131,4,0,0,0.4905216,10,12,HighMobility,0,2026-08-05 23:57:56
Highway,101,ETU,5,9,1.58118237408395,QPSK,MPA,10,0.164224137931034,0.30088900862069,1,80.8804200782632,1.84313203528524,4,0,0,0.4880632,10,12,HighMobility,0,2026-08-05 23:57:57
Highway,101,ETU,5,9,1.59627990091604,QPSK,MPA,15,0.123801185344828,0.231384698275862,1,70.2031200196024,3.07287172401751,5,0,0,0.4827172,10,12,HighMobility,0,2026-08-05 23:57:57
Highway,101,ETU,5,9,1.02247904102967,QPSK,MPA,20,0.12957974137931,0.242914870689655,1,71.8693650814673,2.86912383664359,5,0,0,0.4996508,10,12,HighMobility,0,2026-08-05 23:57:58
Highway,101,ETU,5,9,1.53503447077327,QPSK,MPA,25,0.137015086206897,0.255172413793103,1,73.9396552723165,2.62245157124951,5,0,0,0.4961569,10,12,HighMobility,0,2026-08-05 23:57:58
Highway,101,ETU,5,9,1.57406402714848,QPSK,MPA,30,0.122912176724138,0.23114224137931,1,70.0384497134226,3.09326951001208,5,0,0,0.5047038,10,12,HighMobility,0,2026-08-05 23:57:59
Highway,101,ETU,5,9,1.59603315294044,16QAM,MRC,0,0.353811961206897,0.808243534482759,1,99.9453038420584,0.00475214765466512,3,0,0,1.3215933,3.4,12,HighMobility,0,2026-08-05 23:58:00
Highway,101,ETU,5,9,1.56430956342108,16QAM,MRC,5,0.259449084051724,0.697925646551724,1,73.4819567091154,2.67638575264381,5,0,0,1.6469609,4.9,12,HighMobility,0,2026-08-05 23:58:02
Highway,101,ETU,5,9,1.59373745111785,16QAM,MRC,10,0.158694773706897,0.508297413793103,1,51.5863403231559,5.74930562157435,6,0,0,1.9050685,5.5,12,HighMobility,0,2026-08-05 23:58:04
Highway,101,ETU,5,9,1.5964185554202,16QAM,MRC,15,0.049286099137931,0.179714439655172,1,25.2355073773747,11.9597591810161,10,0,0,1.9117621,5.8,12,HighMobility,0,2026-08-05 23:58:06
Highway,101,ETU,5,9,1.5655896939695,16QAM,MRC,20,0.000929418103448276,0.0037176724137931,0.8,3.15406906534164,30.0225760212307,15,696000,0.725,1.8101006,4.9,12,HighMobility,0,2026-08-05 23:58:07
Highway,101,ETU,5,9,1.58631844179245,16QAM,MRC,25,3.36745689655172e-05,0.000134698275862069,0.1,0.23105103880434,52.7258414911004,15,3132000,3.2625,1.2116388,3,12,HighMobility,0,2026-08-05 23:58:09
Highway,101,ETU,5,9,1.56942151222831,16QAM,MRC,30,0,0,0,0,160,15,3480000,3.625,1.0403837,2.1,12,HighMobility,0,2026-08-05 23:58:10
Highway,101,ETU,5,9,1.58922223319911,16QAM,LMMSE,0,0.363624730603448,0.893965517241379,1,81.783957659835,1.74663754101899,4,0,0,0.4984287,1,12,HighMobility,0,2026-08-05 23:58:10
Highway,101,ETU,5,9,1.59686883826982,16QAM,LMMSE,5,0.345561691810345,0.878098060344828,1,78.2958740996207,2.12522246075144,4,0,0,0.4821782,1,12,HighMobility,0,2026-08-05 23:58:11
Highway,101,ETU,5,9,1.59352378902077,16QAM,LMMSE,10,0.297171336206897,0.829445043103448,1,69.7731778232023,3.12622993208915,5,0,0,0.4839084,1,12,HighMobility,0,2026-08-05 23:58:11
Highway,101,ETU,5,9,1.59158523907322,16QAM,LMMSE,15,0.183304148706897,0.574299568965517,1,53.249768297347,5.47364555211409,6,0,0,0.4840063,1,12,HighMobility,0,2026-08-05 23:58:12
Highway,101,ETU,5,9,1.59338453087661,16QAM,LMMSE,20,0.0658741918103448,0.240167025862069,1,31.0275447908969,10.1650517754271,8,0,0,0.4863376,1,12,HighMobility,0,2026-08-05 23:58:12
Highway,101,ETU,5,9,1.56662396395067,16QAM,LMMSE,25,0.00864762931034483,0.0332165948275862,0.8,7.77556381152904,22.1853622033005,14,696000,0.725,0.4785241,1,12,HighMobility,0,2026-08-05 23:58:13
Highway,101,ETU,5,9,1.59679135728899,16QAM,LMMSE,30,0.000148168103448276,0.000592672413793103,0.2,0.577439586363903,44.7698689276344,15,2784000,2.9,0.5102593,1,12,HighMobility,0,2026-08-05 23:58:13
Highway,101,ETU,5,9,1.59655790632934,16QAM,MPA,0,0.379552801724138,0.898895474137931,1,85.3547075323565,1.3754504285488,4,0,0,0.6069067,10,12,HighMobility,0,2026-08-05 23:58:14
Highway,101,ETU,5,9,1.55455531361833,16QAM,MPA,5,0.342450161637931,0.875242456896552,1,77.5225807710233,2.21143555610197,4,0,0,0.6293348,10,12,HighMobility,0,2026-08-05 23:58:14
Highway,101,ETU,5,9,1.48238632867537,16QAM,MPA,10,0.331492456896552,0.870797413793103,1,75.20509515925,2.47505469758572,5,0,0,0.620358,10,12,HighMobility,0,2026-08-05 23:58:15
Highway,101,ETU,5,9,1.45333970295427,16QAM,MPA,15,0.326434536637931,0.864547413793103,1,74.4565675603904,2.56193977168418,5,0,0,0.6113483,10,12,HighMobility,0,2026-08-05 23:58:16
Highway,101,ETU,5,9,1.59393230002824,16QAM,MPA,20,0.328205818965517,0.870528017241379,1,74.1277712307048,2.60038114872058,5,0,0,0.6444245,10,12,HighMobility,0,2026-08-05 23:58:16
Highway,101,ETU,5,9,1.59714274478304,16QAM,MPA,25,0.329431573275862,0.869450431034483,1,74.6211120430142,2.54276566324872,5,0,0,0.6152666,10,12,HighMobility,0,2026-08-05 23:58:17
Highway,101,ETU,5,9,1.51466188918838,16QAM,MPA,30,0.327963362068966,0.868399784482759,1,74.3365095786554,2.57595669539969,5,0,0,0.5922018,10,12,HighMobility,0,2026-08-05 23:58:17
Highway,101,ETU,5,9,1.59650251777401,64QAM,MRC,0,0.423702406609195,0.953151939655172,1,116.692056188792,-1.34082584913395,3,0,0,2.9443117,8.9,12,HighMobility,0,2026-08-05 23:58:20
Highway,101,ETU,5,9,1.59291824259699,64QAM,MRC,5,0.341204202586207,0.907731681034483,1,76.1587415792919,2.36560481392246,4,0,0,2.8009613,7.5,12,HighMobility,0,2026-08-05 23:58:23
Highway,101,ETU,5,9,1.59707717159105,64QAM,MRC,10,0.25554058908046,0.816837284482759,1,51.9724533406346,5.68453563962446,6,0,0,2.6614536,8.1,12,HighMobility,0,2026-08-05 23:58:26
Highway,101,ETU,5,9,1.58554128564627,64QAM,MRC,15,0.153008261494253,0.650484913793103,1,31.7617979644848,9.96189842215764,8,0,0,2.9647481,9.7,12,HighMobility,0,2026-08-05 23:58:29
Highway,101,ETU,5,9,1.59673678194747,64QAM,MRC,20,0.0846758261494253,0.422252155172414,1,21.6069723956937,13.3081216581337,10,0,0,2.6730727,9.5,12,HighMobility,0,2026-08-05 23:58:31
Highway,101,ETU,5,9,1.58066168411618,64QAM,MRC,25,0.0120016163793103,0.068426724137931,0.9,6.54792580318428,23.6779250074689,15,522000,0.54375,3.6529042,11.8,12,HighMobility,0,2026-08-05 23:58:35
Highway,101,ETU,5,9,1.58826925884094,64QAM,MRC,30,0.000130208333333333,0.000754310344827586,0.2,0.38547956076257,48.2799728909561,15,4176000,4.35,4.0027487,13.8,12,HighMobility,0,2026-08-05 23:58:39
Highway,101,ETU,5,9,1.52504577602334,64QAM,LMMSE,0,0.42389996408046,0.979310344827586,1,91.0539815699366,0.814021176173994,4,0,0,0.511867,1,12,HighMobility,0,2026-08-05 23:58:40
Highway,101,ETU,5,9,1.59406397769522,64QAM,LMMSE,5,0.406730423850575,0.977909482758621,1,88.5237933750749,1.05879968374226,4,0,0,0.5090654,1,12,HighMobility,0,2026-08-05 23:58:40
Highway,101,ETU,5,9,1.54814383444022,64QAM,LMMSE,10,0.398213002873563,0.977262931034483,1,83.4339448914572,1.57314443574572,4,0,0,0.5280901,1,12,HighMobility,0,2026-08-05 23:58:41
Highway,101,ETU,5,9,1.41578813761211,64QAM,LMMSE,15,0.379817708333333,0.959563577586207,1,70.6600340687442,3.0165231501197,5,0,0,0.5097686,1,12,HighMobility,0,2026-08-05 23:58:41
Highway,101,ETU,5,9,1.58614335729662,64QAM,LMMSE,20,0.33327496408046,0.933405172413793,1,57.4683368538144,4.81142742522673,6,0,0,0.4982371,1,12,HighMobility,0,2026-08-05 23:58:42
Highway,101,ETU,5,9,1.50937597779063,64QAM,LMMSE,25,0.157210847701149,0.679256465517241,1,30.9763959881814,10.179382250255,8,0,0,0.5166403,1,12,HighMobility,0,2026-08-05 23:58:42
Highway,101,ETU,5,9,1.50966120131844,64QAM,LMMSE,30,0.0768363864942529,0.387068965517241,1,19.7216980537781,14.1011138937408,11,0,0,0.5095201,1,12,HighMobility,0,2026-08-05 23:58:43
Highway,101,ETU,5,9,1.58606290694237,64QAM,MPA,0,0.425013469827586,0.979498922413793,1,90.9050540510171,0.828239412469211,4,0,0,0.8591653,10,12,HighMobility,0,2026-08-05 23:58:44
Highway,101,ETU,5,9,1.59706023080135,64QAM,MPA,5,0.402936422413793,0.978556034482759,1,87.7860842795552,1.13148644715826,4,0,0,0.9067966,10,12,HighMobility,0,2026-08-05 23:58:44
Highway,101,ETU,5,9,1.58110363155844,64QAM,MPA,10,0.390845007183908,0.977182112068966,1,85.9524229332613,1.31483752748181,4,0,0,0.9419153,10,12,HighMobility,0,2026-08-05 23:58:45
Highway,101,ETU,5,9,1.59656244946359,64QAM,MPA,15,0.401355962643678,0.97734375,1,86.924234667427,1.217182488287,4,0,0,0.8693673,10,12,HighMobility,0,2026-08-05 23:58:46
Highway,101,ETU,5,9,1.59550326991315,64QAM,MPA,20,0.416540948275862,0.979498922413793,1,89.3397674983183,0.979103641789717,4,0,0,0.9043185,10,12,HighMobility,0,2026-08-05 23:58:47
Highway,101,ETU,5,9,1.57783490252592,64QAM,MPA,25,0.42254849137931,0.979768318965517,1,90.0949696783319,0.905989130902564,4,0,0,0.9106863,10,12,HighMobility,0,2026-08-05 23:58:48
Highway,101,ETU,5,9,1.58776109505834,64QAM,MPA,30,0.422310524425287,0.980334051724138,1,90.2248790341535,0.89347383066361,4,0,0,0.9329088,10,12,HighMobility,0,2026-08-05 23:58:49
Highway,73,ETU,5,9,1.14606886516406,QPSK,MRC,0,0.259348060344828,0.448114224137931,1,101.454260709708,-0.125405810799739,3,0,0,1.3366749,3.5,13,HighMobility,0,2026-08-05 23:58:50
Highway,73,ETU,5,9,1.14976842875433,QPSK,MRC,5,0.107462284482759,0.198841594827586,1,62.3301037779589,4.10604300037361,5,0,0,1.2515136,3.1,13,HighMobility,0,2026-08-05 23:58:52
Highway,73,ETU,5,9,0.997050197884862,QPSK,MRC,10,0.0370016163793103,0.0707435344827586,1,32.54557525808,9.75016095397254,8,0,0,1.2692486,3.2,13,HighMobility,0,2026-08-05 23:58:53
Highway,73,ETU,5,9,1.14569665274398,QPSK,MRC,15,0.00192618534482759,0.00382543103448276,0.5,4.71892304808389,26.5231420935946,15,870000,0.90625,1.1310714,2.4,13,HighMobility,0,2026-08-05 23:58:54
Highway,73,ETU,5,9,1.14301287584562,QPSK,MRC,20,0,0,0,0,160,15,1740000,1.8125,0.9612954,2,13,HighMobility,0,2026-08-05 23:58:55
Highway,73,ETU,5,9,1.11233999760994,QPSK,MRC,25,0,0,0,0,160,15,1740000,1.8125,1.0195864,2,13,HighMobility,0,2026-08-05 23:58:56
Highway,73,ETU,5,9,1.1477336469267,QPSK,MRC,30,0,0,0,0,160,15,1740000,1.8125,1.0143514,2,13,HighMobility,0,2026-08-05 23:58:57
Highway,73,ETU,5,9,1.15259111566695,QPSK,LMMSE,0,0.182098599137931,0.32957974137931,1,84.7352475153903,1.43871795225655,4,0,0,0.4928715,1,13,HighMobility,0,2026-08-05 23:58:57
Highway,73,ETU,5,9,1.1538055708727,QPSK,LMMSE,5,0.104620150862069,0.193803879310345,1,61.5216912298578,4.21943468594681,5,0,0,0.5004803,1,13,HighMobility,0,2026-08-05 23:58:58
Highway,73,ETU,5,9,1.15106574945032,QPSK,LMMSE,10,0.0157327586206897,0.0308728448275862,1,20.5004982068176,13.764711690258,10,0,0,0.4717932,1,13,HighMobility,0,2026-08-05 23:58:58
Highway,73,ETU,5,9,1.1501633450558,QPSK,LMMSE,15,0.00339439655172414,0.00673491379310345,0.7,9.19283477370761,20.7310109110389,13,522000,0.54375,0.4871723,1,13,HighMobility,0,2026-08-05 23:58:59
Highway,73,ETU,5,9,1.15390835326298,QPSK,LMMSE,20,0.000134698275862069,0.000269396551724138,0.2,0.928476690885259,40.6445798922692,15,1392000,1.45,0.4618581,1,13,HighMobility,0,2026-08-05 23:58:59
Highway,73,ETU,5,9,0.877477583783642,QPSK,LMMSE,25,0,0,0,0,160,15,1740000,1.8125,0.4883706,1,13,HighMobility,0,2026-08-05 23:59:00
Highway,73,ETU,5,9,1.14726972563822,QPSK,LMMSE,30,0,0,0,0,160,15,1740000,1.8125,0.4823629,1,13,HighMobility,0,2026-08-05 23:59:00
Highway,73,ETU,5,9,1.15338419853983,QPSK,MPA,0,0.277909482758621,0.477774784482759,1,105.271956268963,-0.446253870104768,3,0,0,0.5003261,10,13,HighMobility,0,2026-08-05 23:59:01
Highway,73,ETU,5,9,1.15382851795059,QPSK,MPA,5,0.214884159482759,0.381869612068966,1,92.1947745878758,0.705873863517776,4,0,0,0.485218,10,13,HighMobility,0,2026-08-05 23:59:01
Highway,73,ETU,5,9,1.1382206024195,QPSK,MPA,10,0.169490840517241,0.31015625,1,81.7184754491695,1.75359488440149,4,0,0,0.5111893,10,13,HighMobility,0,2026-08-05 23:59:02
Highway,73,ETU,5,9,1.15424226989091,QPSK,MPA,15,0.134819504310345,0.250538793103448,1,73.2591925320869,2.70275744938132,5,0,0,0.5381258,10,13,HighMobility,0,2026-08-05 23:59:02
Highway,73,ETU,5,9,1.15415353024674,QPSK,MPA,20,0.139358836206897,0.259051724137931,1,74.5481043496711,2.55126791100569,5,0,0,0.506759,10,13,HighMobility,0,2026-08-05 23:59:03
Highway,73,ETU,5,9,1.15222001562021,QPSK,MPA,25,0.128340517241379,0.241136853448276,1,71.5598011521245,2.90661749810644,5,0,0,0.4973081,10,13,HighMobility,0,2026-08-05 23:59:03
Highway,73,ETU,5,9,1.1432296789614,QPSK,MPA,30,0.119005926724138,0.223733836206897,1,68.7822159310027,3.2504767357048,5,0,0,0.500009,10,13,HighMobility,0,2026-08-05 23:59:04
Highway,73,ETU,5,9,1.15146381056156,16QAM,MRC,0,0.352673760775862,0.807650862068966,1,100.420529853908,-0.036450170685187,3,0,0,1.3655113,3.6,13,HighMobility,0,2026-08-05 23:59:05
Highway,73,ETU,5,9,1.15356819725735,16QAM,MRC,5,0.217537715517241,0.631734913793103,1,64.0636749839757,3.8677630369896,5,0,0,1.3462733,3.6,13,HighMobility,0,2026-08-05 23:59:07
Highway,73,ETU,5,9,1.14711469170015,16QAM,MRC,10,0.114877424568966,0.39229525862069,1,42.4712730680555,7.43809441845098,7,0,0,1.8630007,5.6,13,HighMobility,0,2026-08-05 23:59:09
Highway,73,ETU,5,9,1.14473338518665,16QAM,MRC,15,0.0649245689655172,0.229121767241379,1,28.6810851043831,10.8480884367018,9,0,0,1.9039324,6,13,HighMobility,0,2026-08-05 23:59:10
Highway,73,ETU,5,9,1.03360006237191,16QAM,MRC,20,0.013409213362069,0.0484913793103448,1,11.9794537610035,18.4312596890017,12,0,0,2.2993324,7.1,13,HighMobility,0,2026-08-05 23:59:13
Highway,73,ETU,5,9,1.15386665365344,16QAM,MRC,25,0,0,0,0,160,15,3480000,3.625,1.2758959,3,13,HighMobility,0,2026-08-05 23:59:14
Highway,73,ETU,5,9,1.08329019833237,16QAM,MRC,30,0,0,0,0,160,15,3480000,3.625,1.0015964,2,13,HighMobility,0,2026-08-05 23:59:15
Highway,73,ETU,5,9,1.15253839600696,16QAM,LMMSE,0,0.370655980603448,0.895231681034483,1,83.8899759454971,1.52579860264911,4,0,0,0.4754676,1,13,HighMobility,0,2026-08-05 23:59:15
Highway,73,ETU,5,9,1.15411710537122,16QAM,LMMSE,5,0.325080818965517,0.862526939655172,1,74.1813593762157,2.59410424943369,5,0,0,0.4864645,1,13,HighMobility,0,2026-08-05 23:59:16
Highway,73,ETU,5,9,1.1541631957017,16QAM,LMMSE,10,0.2828125,0.799434267241379,1,67.9539712934147,3.35570315231092,5,0,0,0.4846424,1,13,HighMobility,0,2026-08-05 23:59:16
Highway,73,ETU,5,9,1.14749497368993,16QAM,LMMSE,15,0.193635506465517,0.596901939655172,1,54.4608982622033,5.27830399620422,6,0,0,0.4788869,1,13,HighMobility,0,2026-08-05 23:59:17
Highway,73,ETU,5,9,1.1543016775236,16QAM,LMMSE,20,0.05078125,0.184806034482759,1,23.737979589026,12.4911249584099,10,0,0,0.4881335,1,13,HighMobility,0,2026-08-05 23:59:17
Highway,73,ETU,5,9,1.15033176755709,16QAM,LMMSE,25,0.0127424568965517,0.0495689655172414,0.8,10.9911454721575,19.1791408807138,13,696000,0.725,0.4843286,1,13,HighMobility,0,2026-08-05 23:59:18
Highway,73,ETU,5,9,1.15412257575483,16QAM,LMMSE,30,6.73491379310345e-05,0.000269396551724138,0.3,0.543602273871728,45.2943747059035,15,2436000,2.5375,0.4792788,1,13,HighMobility,0,2026-08-05 23:59:18
Highway,73,ETU,5,9,1.14582684367554,16QAM,MPA,0,0.379788523706897,0.900269396551724,1,85.3391238413334,1.37703640526122,4,0,0,0.5913986,10,13,HighMobility,0,2026-08-05 23:59:19
Highway,73,ETU,5,9,1.14766548215507,16QAM,MPA,5,0.346666217672414,0.881492456896552,1,78.2021352692976,2.13562777179204,4,0,0,0.5541993,10,13,HighMobility,0,2026-08-05 23:59:20
Highway,73,ETU,5,9,1.09454806585461,16QAM,MPA,10,0.335162984913793,0.872871767241379,1,76.0140918759171,2.38211777105919,4,0,0,0.5549699,10,13,HighMobility,0,2026-08-05 23:59:20
Highway,73,ETU,5,9,1.09025669857572,16QAM,MPA,15,0.328044181034483,0.86786099137931,1,74.6248050677752,2.54233580618955,5,0,0,0.5865401,10,13,HighMobility,0,2026-08-05 23:59:21
Highway,73,ETU,5,9,1.13882742433582,16QAM,MPA,20,0.331512661637931,0.871417025862069,1,75.0529789898056,2.49264130274918,5,0,0,0.6077792,10,13,HighMobility,0,2026-08-05 23:59:21
Highway,73,ETU,5,9,1.15405551354504,16QAM,MPA,25,0.326320043103448,0.865140086206897,1,74.2989145447584,2.58035061864186,5,0,0,0.5560189,10,13,HighMobility,0,2026-08-05 23:59:22
Highway,73,ETU,5,9,0.976898724046462,16QAM,MPA,30,0.33389682112069,0.871848060344828,1,76.336949209066,2.34530401064729,4,0,0,0.5478719,10,13,HighMobility,0,2026-08-05 23:59:22
Highway,73,ETU,5,9,1.14076203806365,64QAM,MRC,0,0.406021012931034,0.944315732758621,1,106.450090366572,-0.54292068903065,3,0,0,2.2810885,9.6,13,HighMobility,0,2026-08-05 23:59:25
Highway,73,ETU,5,9,1.14675656060544,64QAM,MRC,5,0.348895474137931,0.90692349137931,1,82.5625408045765,1.66433900803206,4,0,0,2.040052,10.1,13,HighMobility,0,2026-08-05 23:59:27
Highway,73,ETU,5,9,1.13621528844627,64QAM,MRC,10,0.256097341954023,0.818292025862069,1,52.4492762493725,5.60521000568014,6,0,0,2.2997725,10.6,13,HighMobility,0,2026-08-05 23:59:29
Highway,73,ETU,5,9,1.12085479474077,64QAM,MRC,15,0.17279992816092,0.691325431034483,1,35.0975272661604,9.09446959802854,8,0,0,2.8514156,10.3,13,HighMobility,0,2026-08-05 23:59:32
Highway,73,ETU,5,9,1.05314656696419,64QAM,MRC,20,0.0528286637931034,0.272898706896552,1,15.8734495866811,15.9865736594051,11,0,0,2.2730245,8.6,13,HighMobility,0,2026-08-05 23:59:34
Highway,73,ETU,5,9,1.14486544466594,64QAM,MRC,25,0.0266163793103448,0.142618534482759,1,10.0694036231569,19.9399250096663,13,0,0,2.9333939,11.1,13,HighMobility,0,2026-08-05 23:59:37
Highway,73,ETU,5,9,1.15436017179957,64QAM,MRC,30,0.000466954022988506,0.00272090517241379,0.5,1.04982978928512,39.5776221627237,15,2610000,2.71875,1.0840662,11.6,13,HighMobility,0,2026-08-05 23:59:38
Highway,73,ETU,5,9,0.970641641828419,64QAM,LMMSE,0,0.423724856321839,0.980091594827586,1,90.7785954829752,0.84033081800843,4,0,0,0.2805378,1,13,HighMobility,0,2026-08-05 23:59:38
Highway,73,ETU,5,9,1.14659970601212,64QAM,LMMSE,5,0.405320581896552,0.978259698275862,1,88.0925386627389,1.10121748552205,4,0,0,0.2832049,1,13,HighMobility,0,2026-08-05 23:59:39
Highway,73,ETU,5,9,1.15436461670143,64QAM,LMMSE,10,0.394338182471264,0.975134698275862,1,82.9139258724279,1.62745042117056,4,0,0,0.2823545,1,13,HighMobility,0,2026-08-05 23:59:39
Highway,73,ETU,5,9,1.15426316958358,64QAM,LMMSE,15,0.378183369252874,0.960371767241379,1,67.1416237240322,3.46016320341624,5,0,0,0.3057782,1,13,HighMobility,0,2026-08-05 23:59:39
Highway,73,ETU,5,9,1.1130039093319,64QAM,LMMSE,20,0.283369252873563,0.88973599137931,1,48.7302657411146,6.24402440541945,7,0,0,0.3163383,1,13,HighMobility,0,2026-08-05 23:59:40
Highway,73,ETU,5,9,1.15432481663021,64QAM,LMMSE,25,0.185897090517241,0.774380387931034,1,34.4095702234837,9.26641503391392,8,0,0,0.3052108,1,13,HighMobility,0,2026-08-05 23:59:40
Highway,73,ETU,5,9,1.14113022517729,64QAM,LMMSE,30,0.117012392241379,0.536799568965517,0.9,24.8277750888528,12.1012439495677,10,522000,0.54375,0.2958652,1,13,HighMobility,0,2026-08-05 23:59:40
Highway,73,ETU,5,9,1.15415867188166,64QAM,MPA,0,0.421363146551724,0.979633620689655,1,90.2537553767707,0.890694368949675,4,0,0,0.6187375,10,13,HighMobility,0,2026-08-05 23:59:41
Highway,73,ETU,5,9,1.15384923364645,64QAM,MPA,5,0.404198096264368,0.977182112068966,1,87.9502263709292,1.11526076790097,4,0,0,0.6662393,10,13,HighMobility,0,2026-08-05 23:59:42
Highway,73,ETU,5,9,1.15418744794344,64QAM,MPA,10,0.391020114942529,0.976589439655172,1,86.1597487197935,1.29391152608781,4,0,0,0.6449291,10,13,HighMobility,0,2026-08-05 23:59:42
Highway,73,ETU,5,9,1.15310652102612,64QAM,MPA,15,0.402388649425287,0.979337284482759,1,87.1331123577529,1.19633545748979,4,0,0,0.6553271,10,13,HighMobility,0,2026-08-05 23:59:43
Highway,73,ETU,5,9,1.13735761555598,64QAM,MPA,20,0.410708512931034,0.977047413793103,1,88.3685488890568,1.07404553103457,4,0,0,0.6716788,10,13,HighMobility,0,2026-08-05 23:59:44
Highway,73,ETU,5,9,1.08008042083292,64QAM,MPA,25,0.430769576149425,0.980711206896552,1,91.586901506549,0.763332668606182,4,0,0,0.6454089,10,13,HighMobility,0,2026-08-05 23:59:44
Highway,73,ETU,5,9,1.1510896628547,64QAM,MPA,30,0.435394216954023,0.981034482758621,1,92.1937959574029,0.705966063118426,4,0,0,0.6164719,10,13,HighMobility,0,2026-08-05 23:59:45
Highway,76,ETU,5,9,1.20169223155433,QPSK,MRC,0,0.246484375,0.427720905172414,1,98.3369891204373,0.145661861205473,3,0,0,0.5693101,4.1,14,HighMobility,0,2026-08-05 23:59:45
Highway,76,ETU,5,9,1.13868000533761,QPSK,MRC,5,0.130953663793103,0.238065732758621,1,68.5260526412137,3.28288568920692,5,0,0,0.5550851,3.7,14,HighMobility,0,2026-08-05 23:59:46
Highway,76,ETU,5,9,1.13539102453121,QPSK,MRC,10,0.0140355603448276,0.0275862068965517,1,21.0388816612674,13.5395469835683,10,0,0,0.4866391,3.3,14,HighMobility,0,2026-08-05 23:59:46
Highway,76,ETU,5,9,1.17502120672796,QPSK,MRC,15,0.00121228448275862,0.00242456896551724,0.8,5.28550154358933,25.5382759200978,15,348000,0.3625,0.4474218,2.3,14,HighMobility,0,2026-08-05 23:59:47
Highway,76,ETU,5,9,1.17932340587636,QPSK,MRC,20,0,0,0,0,160,15,1740000,1.8125,0.4967177,2,14,HighMobility,0,2026-08-05 23:59:47
Highway,76,ETU,5,9,1.10702652748368,QPSK,MRC,25,0,0,0,0,160,15,1740000,1.8125,0.4251704,2,14,HighMobility,0,2026-08-05 23:59:48
Highway,76,ETU,5,9,1.19451377157331,QPSK,MRC,30,0,0,0,0,160,15,1740000,1.8125,0.4265673,2,14,HighMobility,0,2026-08-05 23:59:48
Highway,76,ETU,5,9,1.16331875875695,QPSK,LMMSE,0,0.208957435344828,0.370258620689655,1,90.2266002821098,0.893308128837884,4,0,0,0.2792695,1,14,HighMobility,0,2026-08-05 23:59:48
Highway,76,ETU,5,9,1.16085434291736,QPSK,LMMSE,5,0.102801724137931,0.192349137931034,1,61.1467495825801,4.27253248175043,5,0,0,0.2856947,1,14,HighMobility,0,2026-08-05 23:59:49
Highway,76,ETU,5,9,1.15628758959545,QPSK,LMMSE,10,0.0304822198275862,0.0594019396551724,1,30.7794423772886,10.2347850485445,8,0,0,0.2750497,1,14,HighMobility,0,2026-08-05 23:59:49
Highway,76,ETU,5,9,1.20175516532614,QPSK,LMMSE,15,0.00133351293103448,0.00266702586206897,0.6,4.97069048105699,26.0716655803263,15,696000,0.725,0.2848749,1,14,HighMobility,0,2026-08-05 23:59:49
Highway,76,ETU,5,9,1.19837895907611,QPSK,LMMSE,20,0,0,0,0,160,15,1740000,1.8125,0.2954214,1,14,HighMobility,0,2026-08-05 23:59:50
Highway,76,ETU,5,9,1.16293596145623,QPSK,LMMSE,25,0,0,0,0,160,15,1740000,1.8125,0.2759859,1,14,HighMobility,0,2026-08-05 23:59:50
Highway,76,ETU,5,9,1.18908352844676,QPSK,LMMSE,30,0,0,0,0,160,15,1740000,1.8125,0.2802568,1,14,HighMobility,0,2026-08-05 23:59:50
Highway,76,ETU,5,9,1.19006372332134,QPSK,MPA,0,0.268345905172414,0.464089439655172,1,103.468686491123,-0.296178717262876,3,0,0,0.3019737,10,14,HighMobility,0,2026-08-05 23:59:50
Highway,76,ETU,5,9,1.19201568118964,QPSK,MPA,5,0.214978448275862,0.381465517241379,1,92.5944857555025,0.668297518470209,4,0,0,0.2984344,10,14,HighMobility,0,2026-08-05 23:59:51
Highway,76,ETU,5,9,1.20149840412813,QPSK,MPA,10,0.154471982758621,0.285344827586207,1,78.3111922402154,2.12352328226352,4,0,0,0.2996974,10,14,HighMobility,0,2026-08-05 23:59:51
Highway,76,ETU,5,9,1.16949444736979,QPSK,MPA,15,0.139466594827586,0.258054956896552,1,74.344250298818,2.57505227385694,5,0,0,0.2973167,10,14,HighMobility,0,2026-08-05 23:59:51
Highway,76,ETU,5,9,1.16095935361485,QPSK,MPA,20,0.123019935344828,0.229822198275862,1,69.8071276017199,3.12200463634478,5,0,0,0.3157255,10,14,HighMobility,0,2026-08-05 23:59:52
Highway,76,ETU,5,9,1.06221678422461,QPSK,MPA,25,0.121834590517241,0.228151939655172,1,69.5147616553054,3.15845923921706,5,0,0,0.310814,10,14,HighMobility,0,2026-08-05 23:59:52
Highway,76,ETU,5,9,1.18037914349948,QPSK,MPA,30,0.113496767241379,0.213793103448276,1,67.1794256008014,3.4552742758796,5,0,0,0.3004807,10,14,HighMobility,0,2026-08-05 23:59:52
Highway,76,ETU,5,9,1.17738151114482,16QAM,MRC,0,0.358277209051724,0.810856681034483,1,101.55654382041,-0.134158250243779,3,0,0,0.6353032,4.6,14,HighMobility,0,2026-08-05 23:59:53
Highway,76,ETU,5,9,1.19501016335156,16QAM,MRC,5,0.239486799568966,0.654148706896552,1,69.166194556832,3.20212236077439,5,0,0,0.5807094,4.2,14,HighMobility,0,2026-08-05 23:59:54
Highway,76,ETU,5,9,1.19156821403884,16QAM,MRC,10,0.153104795258621,0.49229525862069,1,50.3303052089667,5.96340871962798,7,0,0,0.6590163,4.9,14,HighMobility,0,2026-08-05 23:59:54
Highway,76,ETU,5,9,1.20181748051665,16QAM,MRC,15,0.0693494073275862,0.24854525862069,1,31.7076667639309,9.97671429464054,8,0,0,0.7299261,6,14,HighMobility,0,2026-08-05 23:59:55
Highway,76,ETU,5,9,1.13188276324211,16QAM,MRC,20,0.00404768318965517,0.0158405172413793,0.9,6.80747157381504,23.3402832696418,15,348000,0.3625,0.7647933,6.3,14,HighMobility,0,2026-08-05 23:59:56
Highway,76,ETU,5,9,1.20162615384659,16QAM,MRC,25,0.000498383620689655,0.00177801724137931,0.2,1.05177960613617,39.5615050870398,15,2784000,2.9,0.5159481,3.3,14,HighMobility,0,2026-08-05 23:59:56
Highway,76,ETU,5,9,1.14765624360017,16QAM,MRC,30,0,0,0,0,160,15,3480000,3.625,0.4226622,2,14,HighMobility,0,2026-08-05 23:59:57
Highway,76,ETU,5,9,1.18122542376567,16QAM,LMMSE,0,0.381344288793103,0.899030172413793,1,85.6262898059773,1.3478574717072,4,0,0,0.2741473,1,14,HighMobility,0,2026-08-05 23:59:57
Highway,76,ETU,5,9,1.08781719976189,16QAM,LMMSE,5,0.337446120689655,0.875404094827586,1,76.3368274155016,2.34531786876337,4,0,0,0.2923638,1,14,HighMobility,0,2026-08-05 23:59:57
Highway,76,ETU,5,9,1.20053559084034,16QAM,LMMSE,10,0.2708984375,0.768399784482759,1,66.4340848569479,3.55218086226627,5,0,0,0.27679,1,14,HighMobility,0,2026-08-05 23:59:57
Highway,76,ETU,5,9,1.20138509783881,16QAM,LMMSE,15,0.1833984375,0.589008620689655,1,53.7570091075245,5.39129804470657,6,0,0,0.2869715,1,14,HighMobility,0,2026-08-05 23:59:58
Highway,76,ETU,5,9,1.1935113718045,16QAM,LMMSE,20,0.0757543103448276,0.272925646551724,1,32.3352670166284,9.80647096811523,8,0,0,0.2781801,1,14,HighMobility,0,2026-08-05 23:59:58
Highway,76,ETU,5,9,1.20008542705281,16QAM,LMMSE,25,0.00301050646551724,0.0120150862068966,0.6,4.37489693820992,27.180643468577,15,1392000,1.45,0.2907295,1,14,HighMobility,0,2026-08-05 23:59:58
Highway,76,ETU,5,9,1.18050147169499,16QAM,LMMSE,30,0.000127963362068966,0.000511853448275862,0.1,0.453510995925108,46.868243569577,15,3132000,3.2625,0.2838163,1,14,HighMobility,0,2026-08-05 23:59:59
Highway,76,ETU,5,9,1.17584549366709,16QAM,MPA,0,0.383842941810345,0.899811422413793,1,86.4583498511245,1.26386115383821,4,0,0,0.3951313,10,14,HighMobility,0,2026-08-05 23:59:59
Highway,76,ETU,5,9,1.20081680749126,16QAM,MPA,5,0.347299299568965,0.881573275862069,1,78.7349156992928,2.07665266341601,4,0,0,0.4059332,10,14,HighMobility,0,2026-08-05 23:59:59
Highway,76,ETU,5,9,1.10195443783517,16QAM,MPA,10,0.331290409482759,0.870797413793103,1,75.2460639097872,2.47032425806272,5,0,0,0.3980189,10,14,HighMobility,0,2026-08-06 00:00:00
Highway,76,ETU,5,9,1.19495677301525,16QAM,MPA,15,0.330145474137931,0.870528017241379,1,74.8623211098202,2.51473423383632,5,0,0,0.3772461,10,14,HighMobility,0,2026-08-06 00:00:00
Highway,76,ETU,5,9,1.20130086710429,16QAM,MPA,20,0.331310614224138,0.870285560344828,1,75.0028654784174,2.49844288211477,5,0,0,0.4220481,10,14,HighMobility,0,2026-08-06 00:00:01
Highway,76,ETU,5,9,1.18591857701091,16QAM,MPA,25,0.32510775862069,0.864870689655172,1,74.0029939729024,2.61501418927037,5,0,0,0.4224022,10,14,HighMobility,0,2026-08-06 00:00:01
Highway,76,ETU,5,9,1.2015986016314,16QAM,MPA,30,0.335365032327586,0.870447198275862,1,76.1086394559808,2.37132083171247,4,0,0,0.4345728,10,14,HighMobility,0,2026-08-06 00:00:01
Highway,76,ETU,5,9,1.16507288538774,64QAM,MRC,0,0.416585847701149,0.953286637931035,1,111.416797435505,-0.939013418839467,3,0,0,1.060887,9.4,14,HighMobility,0,2026-08-06 00:00:03
Highway,76,ETU,5,9,1.20151942280044,64QAM,MRC,5,0.326194324712644,0.901400862068966,1,69.7452420246137,3.12970828666053,5,0,0,1.1405796,11.2,14,HighMobility,0,2026-08-06 00:00:04
Highway,76,ETU,5,9,1.19844822943711,64QAM,MRC,10,0.244540229885057,0.822629310344828,1,48.3956462837185,6.30387412248493,7,0,0,0.8987263,8.2,14,HighMobility,0,2026-08-06 00:00:05
Highway,76,ETU,5,9,1.189585158335,64QAM,MRC,15,0.170882722701149,0.684617456896552,1,34.7526950676745,9.18023020557289,8,0,0,0.9258966,8.7,14,HighMobility,0,2026-08-06 00:00:05
Highway,76,ETU,5,9,1.05654272714026,64QAM,MRC,20,0.0793507543103448,0.399164870689655,1,20.8764304759246,13.6068751298062,10,0,0,0.9375962,8.8,14,HighMobility,0,2026-08-06 00:00:06
Highway,76,ETU,5,9,1.19859108542426,64QAM,MRC,25,0.0244791666666667,0.133620689655172,0.9,9.03329125178908,20.8830797399864,13,522000,0.54375,1.0777323,11.5,14,HighMobility,0,2026-08-06 00:00:08
Highway,76,ETU,5,9,1.19953204475688,64QAM,MRC,30,0.000278376436781609,0.00161637931034483,0.5,0.726070130330778,42.7804285847665,15,2610000,2.71875,1.2411518,13.1,14,HighMobility,0,2026-08-06 00:00:09
Highway,76,ETU,5,9,1.19880171123907,64QAM,LMMSE,0,0.418758979885057,0.979283405172414,1,90.1287414252722,0.902733869223126,4,0,0,0.2935157,1,14,HighMobility,0,2026-08-06 00:00:09
Highway,76,ETU,5,9,1.12229652350627,64QAM,LMMSE,5,0.403475215517241,0.978690732758621,1,87.7353609828438,1.1365066538791,4,0,0,0.2821341,1,14,HighMobility,0,2026-08-06 00:00:09
Highway,76,ETU,5,9,1.20171078213849,64QAM,LMMSE,10,0.394944324712644,0.97432650862069,1,83.4815769267011,1.56818711831846,4,0,0,0.2943799,1,14,HighMobility,0,2026-08-06 00:00:10
Highway,76,ETU,5,9,1.20110999483886,64QAM,LMMSE,15,0.375287356321839,0.956707974137931,1,67.0041090105216,3.47797126960232,5,0,0,0.2847441,1,14,HighMobility,0,2026-08-06 00:00:10
Highway,76,ETU,5,9,1.19418413996087,64QAM,LMMSE,20,0.277092313218391,0.883432112068966,1,49.321956553757,6.13919407394859,7,0,0,0.2870339,1,14,HighMobility,0,2026-08-06 00:00:10
Highway,76,ETU,5,9,1.09366376651925,64QAM,LMMSE,25,0.173769755747126,0.714897629310345,1,33.0987808688404,9.60376004695454,8,0,0,0.2883895,1,14,HighMobility,0,2026-08-06 00:00:10
Highway,76,ETU,5,9,1.17920249128973,64QAM,LMMSE,30,0.071722341954023,0.351400862068966,0.8,17.1766147663234,15.3012484901554,11,1044000,1.0875,0.2841192,1,14,HighMobility,0,2026-08-06 00:00:11
Highway,76,ETU,5,9,1.18583917293746,64QAM,MPA,0,0.42865930316092,0.980495689655172,1,91.4211989206217,0.779061751243093,4,0,0,0.5877846,10,14,HighMobility,0,2026-08-06 00:00:11
Highway,76,ETU,5,9,1.15386174098176,64QAM,MPA,5,0.404633620689655,0.978717672413793,1,87.9292387702979,1.11733373285535,4,0,0,0.648858,10,14,HighMobility,0,2026-08-06 00:00:12
Highway,76,ETU,5,9,1.16711771314463,64QAM,MPA,10,0.387841235632184,0.977047413793103,1,85.6849819958712,1.34190580374491,4,0,0,0.6439866,10,14,HighMobility,0,2026-08-06 00:00:13
Highway,76,ETU,5,9,1.19382433280629,64QAM,MPA,15,0.401953125,0.978502155172414,1,86.9060378985145,1.21900098773232,4,0,0,0.6475429,10,14,HighMobility,0,2026-08-06 00:00:13
Highway,76,ETU,5,9,1.18507126761861,64QAM,MPA,20,0.411224856321839,0.979445043103448,1,88.3696565426074,1.07393665863231,4,0,0,0.6676309,10,14,HighMobility,0,2026-08-06 00:00:14
Highway,76,ETU,5,9,1.19823862344259,64QAM,MPA,25,0.427676005747126,0.979768318965517,1,90.7668467341247,0.84145503610828,4,0,0,0.6562592,10,14,HighMobility,0,2026-08-06 00:00:15
Highway,76,ETU,5,9,1.169533289452,64QAM,MPA,30,0.427357219827586,0.980253232758621,1,90.9959683842029,0.819556977156294,4,0,0,0.6480684,10,14,HighMobility,0,2026-08-06 00:00:15
Highway,89,ETU,5,9,1.32749634995998,QPSK,MRC,0,0.233378232758621,0.410560344827586,1,95.9227721174031,0.361565576938337,4,0,0,0.5074187,2.8,15,HighMobility,0,2026-08-06 00:00:16
Highway,89,ETU,5,9,1.40684587492526,QPSK,MRC,5,0.117349137931034,0.215840517241379,1,65.2864975199373,3.70353259469449,5,0,0,0.5386909,3.2,15,HighMobility,0,2026-08-06 00:00:16
Highway,89,ETU,5,9,1.40619399631414,QPSK,MRC,10,0.0181707974137931,0.0350215517241379,1,20.9559111017371,13.5738690513103,10,0,0,0.524627,3.1,15,HighMobility,0,2026-08-06 00:00:17
Highway,89,ETU,5,9,1.39572033199011,QPSK,MRC,15,0.00103717672413793,0.00207435344827586,0.6,4.18925382853349,27.5572664953693,15,696000,0.725,0.4582174,2.3,15,HighMobility,0,2026-08-06 00:00:17
Highway,89,ETU,5,9,1.40161717482275,QPSK,MRC,20,0,0,0,0,160,15,1740000,1.8125,0.435456,2,15,HighMobility,0,2026-08-06 00:00:18
Highway,89,ETU,5,9,1.33567389214909,QPSK,MRC,25,0,0,0,0,160,15,1740000,1.8125,0.4533804,2,15,HighMobility,0,2026-08-06 00:00:18
Highway,89,ETU,5,9,1.07780898249969,QPSK,MRC,30,0,0,0,0,160,15,1740000,1.8125,0.4368882,2,15,HighMobility,0,2026-08-06 00:00:19
Highway,89,ETU,5,9,1.40500059280962,QPSK,LMMSE,0,0.186880387931034,0.338146551724138,1,85.941531471955,1.31593822972998,4,0,0,0.2929649,1,15,HighMobility,0,2026-08-06 00:00:19
Highway,89,ETU,5,9,1.39423252786767,QPSK,LMMSE,5,0.0927936422413793,0.176508620689655,1,60.0333837167715,4.43214354830575,6,0,0,0.2972086,1,15,HighMobility,0,2026-08-06 00:00:19
Highway,89,ETU,5,9,1.40696204333818,QPSK,LMMSE,10,0.0339439655172414,0.0642241379310345,1,28.5915733253692,10.8752389161169,9,0,0,0.2818862,1,15,HighMobility,0,2026-08-06 00:00:20
Highway,89,ETU,5,9,1.39457957174491,QPSK,LMMSE,15,0.00677532327586207,0.01328125,0.7,8.31191460317409,21.6059785476143,14,522000,0.54375,0.2955467,1,15,HighMobility,0,2026-08-06 00:00:20
Highway,89,ETU,5,9,1.38867656164218,QPSK,LMMSE,20,0.000848599137931034,0.00169719827586207,0.3,2.58432116568431,31.7530703103102,15,1218000,1.26875,0.2980582,1,15,HighMobility,0,2026-08-06 00:00:20
Highway,89,ETU,5,9,1.40734703756328,QPSK,LMMSE,25,0,0,0,0,160,15,1740000,1.8125,0.2975716,1,15,HighMobility,0,2026-08-06 00:00:20
Highway,89,ETU,5,9,1.39819596733862,QPSK,LMMSE,30,0,0,0,0,160,15,1740000,1.8125,0.2772757,1,15,HighMobility,0,2026-08-06 00:00:21
Highway,89,ETU,5,9,1.375535978619,QPSK,MPA,0,0.275296336206897,0.473060344827586,1,104.661965274163,-0.39577770757822,3,0,0,0.318603,10,15,HighMobility,0,2026-08-06 00:00:21
Highway,89,ETU,5,9,1.26311348326211,QPSK,MPA,5,0.186557112068966,0.338550646551724,1,86.107723690758,1.29915782903792,4,0,0,0.3096529,10,15,HighMobility,0,2026-08-06 00:00:21
Highway,89,ETU,5,9,1.39998218662871,QPSK,MPA,10,0.157610452586207,0.290382543103448,1,79.1963506644685,2.02589660124014,4,0,0,0.3205769,10,15,HighMobility,0,2026-08-06 00:00:22
Highway,89,ETU,5,9,1.40601200721749,QPSK,MPA,15,0.130307112068966,0.243803879310345,1,71.9411211326493,2.86045596812355,5,0,0,0.3039994,10,15,HighMobility,0,2026-08-06 00:00:22
Highway,89,ETU,5,9,1.4020636718441,QPSK,MPA,20,0.125026939655172,0.233917025862069,1,70.605443602601,3.02323628054093,5,0,0,0.3106618,10,15,HighMobility,0,2026-08-06 00:00:22
Highway,89,ETU,5,9,1.40683249348242,QPSK,MPA,25,0.121039870689655,0.226697198275862,1,69.448571034462,3.16673371652085,5,0,0,0.3950602,10,15,HighMobility,0,2026-08-06 00:00:23
Highway,89,ETU,5,9,1.36640338008475,QPSK,MPA,30,0.129296875,0.240975215517241,1,71.6132997016537,2.90012629946839,5,0,0,0.3118351,10,15,HighMobility,0,2026-08-06 00:00:23
Highway,89,ETU,5,9,1.30445305666084,16QAM,MRC,0,0.355926724137931,0.810560344827586,1,99.9023195410385,0.00848856337245891,3,0,0,0.6198531,4.2,15,HighMobility,0,2026-08-06 00:00:24
Highway,89,ETU,5,9,1.2043500536082,16QAM,MRC,5,0.239197198275862,0.663308189655172,1,69.1241821582338,3.2073998801152,5,0,0,0.6267094,3.3,15,HighMobility,0,2026-08-06 00:00:24
Highway,89,ETU,5,9,1.40739092906389,16QAM,MRC,10,0.13075161637931,0.438362068965517,1,45.8059489165708,6.78156231159724,7,0,0,0.81617,5.3,15,HighMobility,0,2026-08-06 00:00:25
Highway,89,ETU,5,9,1.33424445054331,16QAM,MRC,15,0.0640086206896552,0.233081896551724,1,30.4535192512365,10.3272502490769,9,0,0,0.8807826,5.4,15,HighMobility,0,2026-08-06 00:00:26
Highway,89,ETU,5,9,1.39134071641607,16QAM,MRC,20,0.0211813038793103,0.0694234913793104,0.7,10.4697163664313,19.6013016714132,13,1044000,1.0875,0.6163274,4.2,15,HighMobility,0,2026-08-06 00:00:27
Highway,89,ETU,5,9,1.40421860330683,16QAM,MRC,25,0.000154903017241379,0.000619612068965517,0.3,0.818103869351675,41.7438310653878,15,2436000,2.5375,0.5100138,3.1,15,HighMobility,0,2026-08-06 00:00:27
Highway,89,ETU,5,9,1.39205250808982,16QAM,MRC,30,0,0,0,0,160,15,3480000,3.625,0.4311291,2,15,HighMobility,0,2026-08-06 00:00:27
Highway,89,ETU,5,9,1.36399013183365,16QAM,LMMSE,0,0.380091594827586,0.900350215517241,1,85.4232742867042,1.36847572037199,4,0,0,0.2877769,1,15,HighMobility,0,2026-08-06 00:00:28
Highway,89,ETU,5,9,1.40733476243598,16QAM,LMMSE,5,0.346511314655172,0.880522629310345,1,78.2141781849171,2.13429027145224,4,0,0,0.2767488,1,15,HighMobility,0,2026-08-06 00:00:28
Highway,89,ETU,5,9,1.40418718899094,16QAM,LMMSE,10,0.263786368534483,0.752316810344828,1,64.9473207580113,3.74877519944382,5,0,0,0.3093978,1,15,HighMobility,0,2026-08-06 00:00:28
Highway,89,ETU,5,9,1.32256975724922,16QAM,LMMSE,15,0.158432112068966,0.520231681034483,1,49.6178150730281,6.08724727714054,7,0,0,0.3168067,1,15,HighMobility,0,2026-08-06 00:00:29
Highway,89,ETU,5,9,1.39992063309271,16QAM,LMMSE,20,0.0374865301724138,0.141002155172414,0.8,21.0204214878139,13.5471716006022,10,696000,0.725,0.3341202,1,15,HighMobility,0,2026-08-06 00:00:29
Highway,89,ETU,5,9,1.40713585317164,16QAM,LMMSE,25,0.0158674568965517,0.0603178879310345,0.8,12.4586087616262,18.0906090425948,12,696000,0.725,0.337275,1,15,HighMobility,0,2026-08-06 00:00:29
Highway,89,ETU,5,9,1.39860419735678,16QAM,LMMSE,30,0.000343480603448276,0.0013739224137931,0.4,1.29078316550117,37.7829341467017,15,2088000,2.175,0.3529041,1,15,HighMobility,0,2026-08-06 00:00:30
Highway,89,ETU,5,9,1.39500849699461,16QAM,MPA,0,0.374845096982759,0.896147629310345,1,84.4536959262689,1.46762679509537,4,0,0,0.6115971,10,15,HighMobility,0,2026-08-06 00:00:30
Highway,89,ETU,5,9,1.40557485095278,16QAM,MPA,5,0.350188577586207,0.884375,1,79.1543091854693,2.03050874059887,4,0,0,0.6761234,10,15,HighMobility,0,2026-08-06 00:00:31
Highway,89,ETU,5,9,1.4064183072837,16QAM,MPA,10,0.333802532327586,0.869585129310345,1,75.7828561274164,2.40858061859133,5,0,0,0.741274,10,15,HighMobility,0,2026-08-06 00:00:32
Highway,89,ETU,5,9,1.3603825643233,16QAM,MPA,15,0.332152478448276,0.870635775862069,1,75.3663829126518,2.45644654975094,5,0,0,0.5682003,10,15,HighMobility,0,2026-08-06 00:00:32
Highway,89,ETU,5,9,1.38899277155628,16QAM,MPA,20,0.333405172413793,0.873248922413793,1,75.5860285656361,2.43116945441949,5,0,0,0.423631,10,15,HighMobility,0,2026-08-06 00:00:33
Highway,89,ETU,5,9,1.39432459817928,16QAM,MPA,25,0.328933189655172,0.867106681034483,1,74.6091085755938,2.54416297798941,5,0,0,0.4032359,10,15,HighMobility,0,2026-08-06 00:00:33
Highway,89,ETU,5,9,1.39973400810343,16QAM,MPA,30,0.331418372844828,0.867995689655172,1,75.220817505705,2.47323901883413,5,0,0,0.3727279,10,15,HighMobility,0,2026-08-06 00:00:34
Highway,89,ETU,5,9,1.37194487736935,64QAM,MRC,0,0.408158225574713,0.946740301724138,1,106.045754758407,-0.509865749008051,3,0,0,0.9400441,8.7,15,HighMobility,0,2026-08-06 00:00:34
Highway,89,ETU,5,9,1.37023726720177,64QAM,MRC,5,0.332978627873563,0.902747844827586,1,74.1584039891796,2.59679250989013,5,0,0,0.9821622,9.6,15,HighMobility,0,2026-08-06 00:00:35
Highway,89,ETU,5,9,1.40700885167615,64QAM,MRC,10,0.229804238505747,0.796848060344828,1,44.805585181116,6.97335692443354,7,0,0,0.9400438,8.7,15,HighMobility,0,2026-08-06 00:00:36
Highway,89,ETU,5,9,1.40693043870233,64QAM,MRC,15,0.140081716954023,0.621282327586207,1,29.8730339541096,10.4944133499827,9,0,0,0.9218086,8.9,15,HighMobility,0,2026-08-06 00:00:37
Highway,89,ETU,5,9,1.39207205988347,64QAM,MRC,20,0.0412760416666667,0.227209051724138,1,14.6066636712146,16.7089794111525,12,0,0,0.9698317,9.4,15,HighMobility,0,2026-08-06 00:00:38
Highway,89,ETU,5,9,1.40189910912652,64QAM,MRC,25,0.0206806752873563,0.114143318965517,0.9,8.29940723801012,21.6190584957419,14,522000,0.54375,1.0541986,10.8,15,HighMobility,0,2026-08-06 00:00:39
Highway,89,ETU,5,9,1.38438396102956,64QAM,MRC,30,0.00249640804597701,0.0143049568965517,0.2,1.60069334213252,35.9138372288974,15,4176000,4.35,0.8390404,7.8,15,HighMobility,0,2026-08-06 00:00:40
Highway,89,ETU,5,9,1.40620325061393,64QAM,LMMSE,0,0.424164870689655,0.979337284482759,1,90.9502709971494,0.82392005133018,4,0,0,0.3128684,1,15,HighMobility,0,2026-08-06 00:00:40
Highway,89,ETU,5,9,1.37802911013125,64QAM,LMMSE,5,0.398226472701149,0.97823275862069,1,87.0710771914985,1.20252165349272,4,0,0,0.3061467,1,15,HighMobility,0,2026-08-06 00:00:41
Highway,89,ETU,5,9,1.29793044649177,64QAM,LMMSE,10,0.396565193965517,0.976481681034483,1,85.4921720577325,1.36147297742892,4,0,0,0.298865,1,15,HighMobility,0,2026-08-06 00:00:41
Highway,89,ETU,5,9,1.3886289353657,64QAM,LMMSE,15,0.380531609195402,0.962284482758621,1,69.9202622314692,3.10793903153872,5,0,0,0.2871255,1,15,HighMobility,0,2026-08-06 00:00:41
Highway,89,ETU,5,9,1.40735073978384,64QAM,LMMSE,20,0.25923132183908,0.880549568965517,1,44.433573628498,7.04577513301094,7,0,0,0.2962765,1,15,HighMobility,0,2026-08-06 00:00:42
Highway,89,ETU,5,9,1.17018458798462,64QAM,LMMSE,25,0.165351113505747,0.664628232758621,1,31.6474263928198,9.99323203131622,8,0,0,0.2992906,1,15,HighMobility,0,2026-08-06 00:00:42
Highway,89,ETU,5,9,1.40524263456261,64QAM,LMMSE,30,0.0504355244252874,0.271282327586207,0.8,14.9461717994368,16.5094006006783,12,1044000,1.0875,0.2964215,1,15,HighMobility,0,2026-08-06 00:00:42
Highway,89,ETU,5,9,1.40345527799188,64QAM,MPA,0,0.427604166666667,0.980738146551724,1,91.4601376132564,0.775362990085759,4,0,0,0.603397,10,15,HighMobility,0,2026-08-06 00:00:43
Highway,89,ETU,5,9,1.40300824667348,64QAM,MPA,5,0.407381465517241,0.97879849137931,1,88.4648481497767,1.06458527242354,4,0,0,0.6207089,10,15,HighMobility,0,2026-08-06 00:00:43
Highway,89,ETU,5,9,1.40268512794161,64QAM,MPA,10,0.392560165229885,0.975727370689655,1,86.3520614227374,1.27454580724982,4,0,0,0.7641569,10,15,HighMobility,0,2026-08-06 00:00:44
Highway,89,ETU,5,9,1.40739318739157,64QAM,MPA,15,0.402837643678161,0.976858836206897,1,87.0078640622077,1.20882985234636,4,0,0,0.7108021,10,15,HighMobility,0,2026-08-06 00:00:45
Highway,89,ETU,5,9,1.40622731923316,64QAM,MPA,20,0.419643498563218,0.97901400862069,1,89.6395626608026,0.950005419906745,4,0,0,0.703616,10,15,HighMobility,0,2026-08-06 00:00:46
Highway,89,ETU,5,9,1.39866108179164,64QAM,MPA,25,0.42457345545977,0.981115301724138,1,90.1100374442952,0.904536596873201,4,0,0,0.7058088,10,15,HighMobility,0,2026-08-06 00:00:46
Highway,89,ETU,5,9,1.35265729053285,64QAM,MPA,30,0.423873024425287,0.978960129310345,1,90.5075693174001,0.866301968313005,4,0,0,0.7324306,10,15,HighMobility,0,2026-08-06 00:00:47
Highway,63,ETU,5,9,0.995441917080406,QPSK,MRC,0,0.209348060344828,0.366109913793103,1,88.4907622019559,1.06204128301891,4,0,0,0.7251341,3.5,16,HighMobility,0,2026-08-06 00:00:48
Highway,63,ETU,5,9,0.986010592276733,QPSK,MRC,5,0.115315193965517,0.213577586206897,1,65.7361813284857,3.64391056125937,5,0,0,0.6068951,2.8,16,HighMobility,0,2026-08-06 00:00:48
Highway,63,ETU,5,9,0.995258618502563,QPSK,MRC,10,0.0209590517241379,0.0406519396551724,1,24.1185500471341,12.3529760910495,10,0,0,0.6481689,2.9,16,HighMobility,0,2026-08-06 00:00:49
Highway,63,ETU,5,9,0.981831087676181,QPSK,MRC,15,0.00444504310344828,0.00867456896551724,0.4,5.19631597168716,25.6860889741973,15,1044000,1.0875,0.5646387,2.1,16,HighMobility,0,2026-08-06 00:00:50
Highway,63,ETU,5,9,0.996098227164893,QPSK,MRC,20,0,0,0,0,160,15,1740000,1.8125,0.4500092,2,16,HighMobility,0,2026-08-06 00:00:50
Highway,63,ETU,5,9,0.993276818815139,QPSK,MRC,25,0,0,0,0,160,15,1740000,1.8125,0.4068385,2,16,HighMobility,0,2026-08-06 00:00:51
Highway,63,ETU,5,9,0.995522412556289,QPSK,MRC,30,0,0,0,0,160,15,1740000,1.8125,0.4081402,2,16,HighMobility,0,2026-08-06 00:00:51
Highway,63,ETU,5,9,0.996172588588417,QPSK,LMMSE,0,0.192308728448276,0.345662715517241,1,86.8039523532964,1.22921000196576,4,0,0,0.2832426,1,16,HighMobility,0,2026-08-06 00:00:51
Highway,63,ETU,5,9,0.995466328164065,QPSK,LMMSE,5,0.11786099137931,0.220959051724138,1,67.8086629462291,3.37429637947044,5,0,0,0.2709146,1,16,HighMobility,0,2026-08-06 00:00:51
Highway,63,ETU,5,9,0.99310418417408,QPSK,LMMSE,10,0.0313038793103448,0.060614224137931,1,31.4234249987224,10.0549296150871,8,0,0,0.278402,1,16,HighMobility,0,2026-08-06 00:00:52
Highway,63,ETU,5,9,0.995532520996561,QPSK,LMMSE,15,0.00220905172413793,0.00441810344827586,0.7,6.60657079916856,23.6004781308456,15,522000,0.54375,0.2882633,1,16,HighMobility,0,2026-08-06 00:00:52
Highway,63,ETU,5,9,0.948471492410176,QPSK,LMMSE,20,5.38793103448276e-05,0.000107758620689655,0.2,0.634161373285488,43.956004286855,15,1392000,1.45,0.2810685,1,16,HighMobility,0,2026-08-06 00:00:52
Highway,63,ETU,5,9,0.992802322098373,QPSK,LMMSE,25,0,0,0,0,160,15,1740000,1.8125,0.2784193,1,16,HighMobility,0,2026-08-06 00:00:53
Highway,63,ETU,5,9,0.989104112922586,QPSK,LMMSE,30,0,0,0,0,160,15,1740000,1.8125,0.2741193,1,16,HighMobility,0,2026-08-06 00:00:53
Highway,63,ETU,5,9,0.995750492256515,QPSK,MPA,0,0.259172952586207,0.4484375,1,101.441551602926,-0.124317667108706,3,0,0,0.3086044,10,16,HighMobility,0,2026-08-06 00:00:53
Highway,63,ETU,5,9,0.996149934052983,QPSK,MPA,5,0.207799030172414,0.371039870689655,1,90.8133711489264,0.837004045290033,4,0,0,0.3172353,10,16,HighMobility,0,2026-08-06 00:00:54
Highway,63,ETU,5,9,0.891162993745951,QPSK,MPA,10,0.157179418103448,0.289655172413793,1,79.0924162505528,2.03730313369601,4,0,0,0.3089456,10,16,HighMobility,0,2026-08-06 00:00:54
Highway,63,ETU,5,9,0.951816833788109,QPSK,MPA,15,0.139547413793103,0.258890086206897,1,74.4156896999169,2.56670977517804,5,0,0,0.3321141,10,16,HighMobility,0,2026-08-06 00:00:54
Highway,63,ETU,5,9,0.634581670616924,QPSK,MPA,20,0.134240301724138,0.250134698275862,1,73.1928749381713,2.7106238776419,5,0,0,0.3132385,10,16,HighMobility,0,2026-08-06 00:00:54
Highway,63,ETU,5,9,0.988152036539091,QPSK,MPA,25,0.120959051724138,0.227667025862069,1,69.4505834593684,3.16648202743452,5,0,0,0.3268825,10,16,HighMobility,0,2026-08-06 00:00:55
Highway,63,ETU,5,9,0.983588972074138,QPSK,MPA,30,0.120016163793103,0.224919181034483,1,68.9883130953701,3.22448948614685,5,0,0,0.3412736,10,16,HighMobility,0,2026-08-06 00:00:55
Highway,63,ETU,5,9,0.993671072841063,16QAM,MRC,0,0.336004849137931,0.788362068965517,1,94.6537143225165,0.477246782842067,4,0,0,0.6764719,4.3,16,HighMobility,0,2026-08-06 00:00:56
Highway,63,ETU,5,9,0.9948618271724,16QAM,MRC,5,0.24559536637931,0.673248922413793,1,70.4712266715524,3.03976337605727,5,0,0,0.8200438,4.6,16,HighMobility,0,2026-08-06 00:00:57
Highway,63,ETU,5,9,0.995460715153071,16QAM,MRC,10,0.162405711206897,0.508243534482759,1,52.0406927543978,5.67313861676329,6,0,0,0.7704353,5.5,16,HighMobility,0,2026-08-06 00:00:57
Highway,63,ETU,5,9,0.995959382599418,16QAM,MRC,15,0.0603515625,0.215867456896552,1,28.4088490689806,10.9309272108744,9,0,0,0.7704327,5.6,16,HighMobility,0,2026-08-06 00:00:58
Highway,63,ETU,5,9,0.982364218812262,16QAM,MRC,20,0.0089911099137931,0.0330280172413793,0.8,8.01986126347841,21.9166628912417,14,696000,0.725,0.6437147,4.9,16,HighMobility,0,2026-08-06 00:00:59
Highway,63,ETU,5,9,0.991524936474936,16QAM,MRC,25,7.40840517241379e-05,0.000242456896551724,0.1,0.344325477550227,49.2606168302452,15,3132000,3.2625,0.5104887,2.7,16,HighMobility,0,2026-08-06 00:00:59
Highway,63,ETU,5,9,0.994061714280073,16QAM,MRC,30,0,0,0,0,160,15,3480000,3.625,0.4730076,2.3,16,HighMobility,0,2026-08-06 00:01:00
Highway,63,ETU,5,9,0.993346350113054,16QAM,LMMSE,0,0.373430765086207,0.896174568965517,1,84.3967996650446,1.47348043103272,4,0,0,0.2815679,1,16,HighMobility,0,2026-08-06 00:01:00
Highway,63,ETU,5,9,0.99609455481937,16QAM,LMMSE,5,0.346026400862069,0.879364224137931,1,78.1423043832193,2.14227571526798,4,0,0,0.286283,1,16,HighMobility,0,2026-08-06 00:01:00
Highway,63,ETU,5,9,0.988050920754115,16QAM,LMMSE,10,0.277168642241379,0.792403017241379,1,66.9669598802775,3.48278832833585,5,0,0,0.2667464,1,16,HighMobility,0,2026-08-06 00:01:01
Highway,63,ETU,5,9,0.979900961431634,16QAM,LMMSE,15,0.187068965517241,0.599299568965517,1,54.4129584035182,5.28595322185797,6,0,0,0.2675851,1,16,HighMobility,0,2026-08-06 00:01:01
Highway,63,ETU,5,9,0.950786172833789,16QAM,LMMSE,20,0.0674299568965517,0.237068965517241,0.8,28.1777077667075,11.0018867857545,9,696000,0.725,0.2854752,1,16,HighMobility,0,2026-08-06 00:01:01
Highway,63,ETU,5,9,0.996244744891871,16QAM,LMMSE,25,0.00812230603448276,0.0319234913793103,0.6,8.18598852922579,21.7385773650767,14,1392000,1.45,0.2892803,1,16,HighMobility,0,2026-08-06 00:01:01
Highway,63,ETU,5,9,0.995784709317917,16QAM,LMMSE,30,0.00138739224137931,0.00554956896551724,0.2,2.08529885875065,33.6166338890555,15,2784000,2.9,0.3576785,1,16,HighMobility,0,2026-08-06 00:01:02
Highway,63,ETU,5,9,0.90832363145942,16QAM,MPA,0,0.379613415948276,0.899515086206897,1,85.2936582281679,1.38166516771634,4,0,0,0.5346421,10,16,HighMobility,0,2026-08-06 00:01:02
Highway,63,ETU,5,9,0.995054285442333,16QAM,MPA,5,0.341412984913793,0.877828663793103,1,77.2025639878652,2.24736551989394,4,0,0,0.5192262,10,16,HighMobility,0,2026-08-06 00:01:03
Highway,63,ETU,5,9,0.991377509978808,16QAM,MPA,10,0.332650862068965,0.870959051724138,1,75.4798030400459,2.44338483541315,5,0,0,0.4749933,10,16,HighMobility,0,2026-08-06 00:01:03
Highway,63,ETU,5,9,0.991263770553097,16QAM,MPA,15,0.329202586206897,0.86573275862069,1,74.7149512311729,2.53184965379353,5,0,0,0.437102,10,16,HighMobility,0,2026-08-06 00:01:04
Highway,63,ETU,5,9,0.987237695620329,16QAM,MPA,20,0.340328663793103,0.877074353448276,1,77.2238314940161,2.24497308935258,4,0,0,0.424802,10,16,HighMobility,0,2026-08-06 00:01:04
Highway,63,ETU,5,9,0.996155701174349,16QAM,MPA,25,0.323592403017241,0.862984913793103,1,73.6964863899497,2.65106434806504,5,0,0,0.8553998,10,16,HighMobility,0,2026-08-06 00:01:05
Highway,63,ETU,5,9,0.992353922044716,16QAM,MPA,30,0.334449084051724,0.871605603448276,1,75.6097967232903,2.42843859071223,5,0,0,0.8979015,10,16,HighMobility,0,2026-08-06 00:01:06
Highway,63,ETU,5,9,0.946305490607158,64QAM,MRC,0,0.408203125,0.942807112068966,1,108.166195587394,-0.681831100123571,3,0,0,2.4607394,9.7,16,HighMobility,0,2026-08-06 00:01:08
Highway,63,ETU,5,9,0.996051363804047,64QAM,MRC,5,0.334226831896552,0.902720905172414,1,73.1196803137073,2.7193143209485,5,0,0,2.1884784,8.5,16,HighMobility,0,2026-08-06 00:01:11
Highway,63,ETU,5,9,0.844653668084067,64QAM,MRC,10,0.243655711206897,0.799003232758621,1,50.6878440624984,5.90192361000517,7,0,0,2.4038544,9.6,16,HighMobility,0,2026-08-06 00:01:13
Highway,63,ETU,5,9,0.954663915993289,64QAM,MRC,15,0.152837643678161,0.615651939655172,1,32.7885934186535,9.68554427022335,8,0,0,2.1695118,7.8,16,HighMobility,0,2026-08-06 00:01:15
Highway,63,ETU,5,9,0.995663012765336,64QAM,MRC,20,0.0426275143678161,0.223087284482759,1,13.5681677617588,17.3495759055861,12,0,0,2.0696368,8.3,16,HighMobility,0,2026-08-06 00:01:17
Highway,63,ETU,5,9,0.987713971898381,64QAM,MRC,25,0.0195671695402299,0.108028017241379,0.8,8.21014214937161,21.7129864699053,14,1044000,1.0875,3.0857129,12.3,16,HighMobility,0,2026-08-06 00:01:20
Highway,63,ETU,5,9,0.971576489814256,64QAM,MRC,30,0.00053430316091954,0.00296336206896552,0.5,1.06284986083909,39.4705615997375,15,2610000,2.71875,4.3063088,20.3,16,HighMobility,0,2026-08-06 00:01:25
Highway,63,ETU,5,9,0.972062199418969,64QAM,LMMSE,0,0.423464439655172,0.979929956896552,1,90.6252684670306,0.855013877422637,4,0,0,0.5098758,1,16,HighMobility,0,2026-08-06 00:01:25
Highway,63,ETU,5,9,0.977585446181741,64QAM,LMMSE,5,0.398073814655172,0.976858836206897,1,87.1233860491004,1.19730508151416,4,0,0,0.471084,1,16,HighMobility,0,2026-08-06 00:01:26
Highway,63,ETU,5,9,0.958311196544623,64QAM,LMMSE,10,0.395819863505747,0.97411099137931,1,82.2606634208613,1.69615584575705,4,0,0,0.4715217,1,16,HighMobility,0,2026-08-06 00:01:26
Highway,63,ETU,5,9,0.974830593242508,64QAM,LMMSE,15,0.357695761494253,0.946875,1,64.7932703712827,3.76940197900453,5,0,0,0.5012221,1,16,HighMobility,0,2026-08-06 00:01:27
Highway,63,ETU,5,9,0.988719052219925,64QAM,LMMSE,20,0.286992636494253,0.896174568965517,1,49.9406357007447,6.03091867518865,7,0,0,0.4945978,1,16,HighMobility,0,2026-08-06 00:01:27
Highway,63,ETU,5,9,0.990389402685458,64QAM,LMMSE,25,0.199353448275862,0.767268318965517,1,36.5081099371654,8.7522130069091,8,0,0,0.4793456,1,16,HighMobility,0,2026-08-06 00:01:28
Highway,63,ETU,5,9,0.993263666378054,64QAM,LMMSE,30,0.0709994612068966,0.36495150862069,1,18.8307070372157,14.5026674641419,11,0,0,0.4936737,1,16,HighMobility,0,2026-08-06 00:01:28
Highway,63,ETU,5,9,0.984450151138133,64QAM,MPA,0,0.429027478448276,0.980334051724138,1,91.5496388244334,0.766867294174144,4,0,0,0.8447583,10,16,HighMobility,0,2026-08-06 00:01:29
Highway,63,ETU,5,9,0.994297591333645,64QAM,MPA,5,0.400336745689655,0.978690732758621,1,87.3834659239408,1.1714146739228,4,0,0,0.8826711,10,16,HighMobility,0,2026-08-06 00:01:30
Highway,63,ETU,5,9,0.993470825339948,64QAM,MPA,10,0.386534662356322,0.975646551724138,1,85.5066520619208,1.36000195306034,4,0,0,0.8842976,10,16,HighMobility,0,2026-08-06 00:01:31
Highway,63,ETU,5,9,0.990791035343271,64QAM,MPA,15,0.400206537356322,0.977262931034483,1,86.5889113042359,1.25075441547872,4,0,0,0.930343,10,16,HighMobility,0,2026-08-06 00:01:32
Highway,63,ETU,5,9,0.990968355053214,64QAM,MPA,20,0.420321479885057,0.979337284482759,1,90.0701835218458,0.908379047235714,4,0,0,0.9615314,10,16,HighMobility,0,2026-08-06 00:01:33
Highway,63,ETU,5,9,0.961471522117711,64QAM,MPA,25,0.427729885057471,0.980253232758621,1,91.0416363555549,0.815198899955196,4,0,0,0.8229003,10,16,HighMobility,0,2026-08-06 00:01:33
Highway,63,ETU,5,9,0.995080550553345,64QAM,MPA,30,0.429512392241379,0.980603448275862,1,91.4107740724217,0.780052268159524,4,0,0,0.9022194,10,16,HighMobility,0,2026-08-06 00:01:34
Highway,94,ETU,5,9,1.48604304752768,QPSK,MRC,0,0.240193965517241,0.421928879310345,1,97.7397426131351,0.1985761794621,3,0,0,1.28308,3.5,17,HighMobility,0,2026-08-06 00:01:36
Highway,94,ETU,5,9,1.33383766299384,QPSK,MRC,5,0.131788793103448,0.241217672413793,1,67.4863360009108,3.41568300267286,5,0,0,1.1630451,3,17,HighMobility,0,2026-08-06 00:01:37
Highway,94,ETU,5,9,1.48110004557247,QPSK,MRC,10,0.0207165948275862,0.0405980603448276,1,24.2396340967025,12.309478804787,10,0,0,1.257259,3.4,17,HighMobility,0,2026-08-06 00:01:38
Highway,94,ETU,5,9,1.48208198089584,QPSK,MRC,15,0.00140086206896552,0.00280172413793103,0.5,4.38903569678549,27.1526177389724,15,870000,0.90625,1.0902465,2.3,17,HighMobility,0,2026-08-06 00:01:39
Highway,94,ETU,5,9,1.48604428458642,QPSK,MRC,20,0,0,0,0,160,15,1740000,1.8125,1.0211666,2,17,HighMobility,0,2026-08-06 00:01:40
Highway,94,ETU,5,9,1.47346934716857,QPSK,MRC,25,0,0,0,0,160,15,1740000,1.8125,0.9863822,2,17,HighMobility,0,2026-08-06 00:01:41
Highway,94,ETU,5,9,1.47004273412057,QPSK,MRC,30,0,0,0,0,160,15,1740000,1.8125,1.0007451,2,17,HighMobility,0,2026-08-06 00:01:42
Highway,94,ETU,5,9,1.48215520987096,QPSK,LMMSE,0,0.227384159482759,0.399434267241379,1,94.7610880265,0.467399228889972,4,0,0,0.479629,1,17,HighMobility,0,2026-08-06 00:01:43
Highway,94,ETU,5,9,1.48338092914717,QPSK,LMMSE,5,0.104431573275862,0.195662715517241,1,62.6439813306789,4.06241297079092,5,0,0,0.4857936,1,17,HighMobility,0,2026-08-06 00:01:43
Highway,94,ETU,5,9,1.43356190672899,QPSK,LMMSE,10,0.020379849137931,0.0398976293103448,1,24.8025662131478,12.110067645934,10,0,0,0.5174925,1,17,HighMobility,0,2026-08-06 00:01:44
Highway,94,ETU,5,9,1.48156419859317,QPSK,LMMSE,15,0.00381196120689655,0.00754310344827586,0.8,9.82630416634097,20.152195934252,13,348000,0.3625,0.5189414,1,17,HighMobility,0,2026-08-06 00:01:44
Highway,94,ETU,5,9,1.48345162445741,QPSK,LMMSE,20,0.00017510775862069,0.000350215517241379,0.2,1.09811828471361,39.1870175395836,15,1392000,1.45,0.5161428,1,17,HighMobility,0,2026-08-06 00:01:45
Highway,94,ETU,5,9,1.48491821149698,QPSK,LMMSE,25,0,0,0,0,160,15,1740000,1.8125,0.5408134,1,17,HighMobility,0,2026-08-06 00:01:45
Highway,94,ETU,5,9,1.43707468353065,QPSK,LMMSE,30,0,0,0,0,160,15,1740000,1.8125,0.5083108,1,17,HighMobility,0,2026-08-06 00:01:46
Highway,94,ETU,5,9,1.48633488516472,QPSK,MPA,0,0.264884159482759,0.45870150862069,1,102.769494750717,-0.237284427914571,3,0,0,0.5617334,10,17,HighMobility,0,2026-08-06 00:01:46
Highway,94,ETU,5,9,1.34253201233187,QPSK,MPA,5,0.208378232758621,0.372817887931034,1,90.9176153160579,0.827039278707978,4,0,0,0.5268566,10,17,HighMobility,0,2026-08-06 00:01:47
Highway,94,ETU,5,9,1.44490332243396,QPSK,MPA,10,0.177572737068966,0.322332974137931,1,84.0530344744113,1.50893206169342,4,0,0,0.5125396,10,17,HighMobility,0,2026-08-06 00:01:47
Highway,94,ETU,5,9,1.48208065076126,QPSK,MPA,15,0.14598599137931,0.270689655172414,1,76.1787037959217,2.36332842532813,4,0,0,0.504179,10,17,HighMobility,0,2026-08-06 00:01:48
Highway,94,ETU,5,9,1.47488057110023,QPSK,MPA,20,0.134806034482759,0.251697198275862,1,73.3763080029573,2.68888287920589,5,0,0,0.5230704,10,17,HighMobility,0,2026-08-06 00:01:48
Highway,94,ETU,5,9,1.29729738194281,QPSK,MPA,25,0.1265625,0.236772629310345,1,71.0276005818103,2.97145712389817,5,0,0,0.5053365,10,17,HighMobility,0,2026-08-06 00:01:49
Highway,94,ETU,5,9,1.47916534247625,QPSK,MPA,30,0.119463900862069,0.223464439655172,1,68.9518198063383,3.22908534497035,5,0,0,0.5377771,10,17,HighMobility,0,2026-08-06 00:01:49
Highway,94,ETU,5,9,1.46320300254678,16QAM,MRC,0,0.367854256465517,0.825188577586207,1,105.222843309705,-0.442200660690477,3,0,0,1.490996,4,17,HighMobility,0,2026-08-06 00:01:51
Highway,94,ETU,5,9,1.48643629465042,16QAM,MRC,5,0.252054148706897,0.675511853448276,1,72.6203505019745,2.77883318593263,5,0,0,1.5833388,4.3,17,HighMobility,0,2026-08-06 00:01:53
Highway,94,ETU,5,9,1.48484445349705,16QAM,MRC,10,0.124205280172414,0.419558189655172,1,44.3436787044577,7.06336562236684,7,0,0,1.6656868,4.5,17,HighMobility,0,2026-08-06 00:01:54
Highway,94,ETU,5,9,1.47876570308776,16QAM,MRC,15,0.0868063038793103,0.302990301724138,1,34.5106422876756,9.24093915702883,8,0,0,1.8484254,5.7,17,HighMobility,0,2026-08-06 00:01:56
Highway,94,ETU,5,9,1.485811832466,16QAM,MRC,20,0.0153488685344828,0.0563846982758621,0.8,9.87614834635283,20.1082479059512,13,696000,0.725,1.597015,4.7,17,HighMobility,0,2026-08-06 00:01:58
Highway,94,ETU,5,9,1.48636076910824,16QAM,MRC,25,0.000323275862068966,0.00129310344827586,0.2,0.815510278480264,41.7714112170816,15,2784000,2.9,1.2154874,3.1,17,HighMobility,0,2026-08-06 00:01:59
Highway,94,ETU,5,9,1.48645112172865,16QAM,MRC,30,0,0,0,0,160,15,3480000,3.625,1.0395475,2,17,HighMobility,0,2026-08-06 00:02:00
Highway,94,ETU,5,9,1.47597282967227,16QAM,LMMSE,0,0.389594558189655,0.901427801724138,1,87.3570257736102,1.17404321442085,4,0,0,0.5190619,1,17,HighMobility,0,2026-08-06 00:02:00
Highway,94,ETU,5,9,1.47847826003703,16QAM,LMMSE,5,0.347703394396552,0.881734913793103,1,78.6576810820459,2.08517722466235,4,0,0,0.5151973,1,17,HighMobility,0,2026-08-06 00:02:01
Highway,94,ETU,5,9,1.46684190850686,16QAM,LMMSE,10,0.276117995689655,0.787526939655172,1,67.244888240111,3.44681447736306,5,0,0,0.5168497,1,17,HighMobility,0,2026-08-06 00:02:01
Highway,94,ETU,5,9,1.48198044522762,16QAM,LMMSE,15,0.180347521551724,0.561799568965517,1,51.548043160089,5.75575633056013,6,0,0,0.501087,1,17,HighMobility,0,2026-08-06 00:02:02
Highway,94,ETU,5,9,1.44407394597939,16QAM,LMMSE,20,0.0608970905172414,0.224595905172414,1,30.2406354528722,10.3881817430619,9,0,0,0.5023046,1,17,HighMobility,0,2026-08-06 00:02:02
Highway,94,ETU,5,9,1.485071863911,16QAM,LMMSE,25,0.00748248922413793,0.0293372844827586,0.8,8.1637990871841,21.7621538380634,14,696000,0.725,0.5069871,1,17,HighMobility,0,2026-08-06 00:02:03
Highway,94,ETU,5,9,1.41596396063969,16QAM,LMMSE,30,0.00037042025862069,0.00148168103448276,0.3,1.18522449982033,38.5239875956318,15,2436000,2.5375,0.4749487,1,17,HighMobility,0,2026-08-06 00:02:03
Highway,94,ETU,5,9,1.48617768175728,16QAM,MPA,0,0.376380657327586,0.896174568965517,1,84.655564064939,1.4468898442405,4,0,0,0.5682401,10,17,HighMobility,0,2026-08-06 00:02:04
Highway,94,ETU,5,9,1.48450417067604,16QAM,MPA,5,0.345198006465517,0.881788793103448,1,77.8065432048117,2.17967758250603,4,0,0,0.611888,10,17,HighMobility,0,2026-08-06 00:02:05
Highway,94,ETU,5,9,1.38890174769707,16QAM,MPA,10,0.334300915948276,0.872898706896552,1,75.889405653435,2.39637696888819,4,0,0,0.5558668,10,17,HighMobility,0,2026-08-06 00:02:05
Highway,94,ETU,5,9,1.43039516880286,16QAM,MPA,15,0.336119342672414,0.872737068965517,1,76.2364539401607,2.35674625317548,4,0,0,0.5604906,10,17,HighMobility,0,2026-08-06 00:02:06
Highway,94,ETU,5,9,1.4760380505467,16QAM,MPA,20,0.325646551724138,0.863739224137931,1,74.1882882967899,2.59329298054674,5,0,0,0.5573708,10,17,HighMobility,0,2026-08-06 00:02:06
Highway,94,ETU,5,9,1.48614410204416,16QAM,MPA,25,0.327781519396552,0.865113146551724,1,74.6834140232067,2.53551674494931,5,0,0,0.6077629,10,17,HighMobility,0,2026-08-06 00:02:07
Highway,94,ETU,5,9,1.48573348708354,16QAM,MPA,30,0.332549838362069,0.869962284482759,1,75.6235066195965,2.42686377029955,5,0,0,0.5765086,10,17,HighMobility,0,2026-08-06 00:02:07
Highway,94,ETU,5,9,1.4037438925413,64QAM,MRC,0,0.42720007183908,0.957462284482759,1,116.535525072329,-1.3291667460441,3,0,0,2.9508716,10.4,17,HighMobility,0,2026-08-06 00:02:10
Highway,94,ETU,5,9,1.4843818519858,64QAM,MRC,5,0.360874640804598,0.922898706896552,1,81.693946535252,1.75620246390177,4,0,0,2.4436066,8,17,HighMobility,0,2026-08-06 00:02:13
Highway,94,ETU,5,9,1.47772542611797,64QAM,MRC,10,0.260641163793103,0.83917025862069,1,51.3831726569147,5.78358167408636,6,0,0,3.1165367,9.7,17,HighMobility,0,2026-08-06 00:02:16
Highway,94,ETU,5,9,1.39714002149746,64QAM,MRC,15,0.125866558908046,0.573275862068966,1,27.9004251229517,11.0877835853198,9,0,0,3.0243112,9.6,17,HighMobility,0,2026-08-06 00:02:19
Highway,94,ETU,5,9,1.47186110326825,64QAM,MRC,20,0.0749102011494253,0.372171336206897,1,19.7905360788707,14.070848832454,10,0,0,3.0877435,9.5,17,HighMobility,0,2026-08-06 00:02:22
Highway,94,ETU,5,9,1.44288367859794,64QAM,MRC,25,0.0134967672413793,0.0741109913793103,1,6.82534842474435,23.317503471586,15,0,0,3.5179715,11.6,17,HighMobility,0,2026-08-06 00:02:26
Highway,94,ETU,5,9,1.36033891071337,64QAM,MRC,30,0.00419360632183908,0.0224676724137931,0.5,2.51076407480227,32.003881881347,15,2610000,2.71875,3.5474756,12.7,17,HighMobility,0,2026-08-06 00:02:29
Highway,94,ETU,5,9,1.47219071186742,64QAM,LMMSE,0,0.424429777298851,0.981681034482759,1,90.925512662492,0.826284831945366,4,0,0,0.5441347,1,17,HighMobility,0,2026-08-06 00:02:30
Highway,94,ETU,5,9,1.47684165938369,64QAM,LMMSE,5,0.40625,0.977936422413793,1,88.113400543684,1.09916075579779,4,0,0,0.5222797,1,17,HighMobility,0,2026-08-06 00:02:30
Highway,94,ETU,5,9,1.47709799963978,64QAM,LMMSE,10,0.392326688218391,0.975565732758621,1,82.3171698925883,1.69019138521383,4,0,0,0.5034653,1,17,HighMobility,0,2026-08-06 00:02:31
Highway,94,ETU,5,9,1.44292379608274,64QAM,LMMSE,15,0.361359554597701,0.9515625,1,63.6325057944062,3.92641948553298,5,0,0,0.5032676,1,17,HighMobility,0,2026-08-06 00:02:31
Highway,94,ETU,5,9,1.44123079353164,64QAM,LMMSE,20,0.280446300287356,0.891460129310345,1,48.0141620682628,6.37261291876124,7,0,0,0.5435387,1,17,HighMobility,0,2026-08-06 00:02:32
Highway,94,ETU,5,9,1.41405035166544,64QAM,LMMSE,25,0.19563128591954,0.779256465517241,1,35.8601198985316,8.9077652541027,8,0,0,0.4906873,1,17,HighMobility,0,2026-08-06 00:02:32
Highway,94,ETU,5,9,1.26219359441085,64QAM,LMMSE,30,0.0731681034482759,0.371282327586207,0.9,18.8486703896068,14.4943856018143,11,522000,0.54375,0.5461412,1,17,HighMobility,0,2026-08-06 00:02:33
Highway,94,ETU,5,9,1.19933873157934,64QAM,MPA,0,0.42805316091954,0.980872844827586,1,91.3360960501328,0.78715110488007,4,0,0,0.9213695,10,17,HighMobility,0,2026-08-06 00:02:34
Highway,94,ETU,5,9,1.44264188267591,64QAM,MPA,5,0.399946120689655,0.977720905172414,1,87.2033593112234,1.18933569074637,4,0,0,0.9785583,10,17,HighMobility,0,2026-08-06 00:02:35
Highway,94,ETU,5,9,1.43027301784946,64QAM,MPA,10,0.390135596264368,0.976212284482759,1,86.0048234727251,1.30954382423453,4,0,0,0.995087,10,17,HighMobility,0,2026-08-06 00:02:36
Highway,94,ETU,5,9,1.47847866255231,64QAM,MPA,15,0.403910739942529,0.978717672413793,1,87.3003584791803,1.17967945917377,4,0,0,0.9282588,10,17,HighMobility,0,2026-08-06 00:02:37
Highway,94,ETU,5,9,1.46408671436649,64QAM,MPA,20,0.411952227011494,0.978313577586207,1,88.5174404525256,1.05942305020863,4,0,0,0.9269641,10,17,HighMobility,0,2026-08-06 00:02:38
Highway,94,ETU,5,9,1.45019078977261,64QAM,MPA,25,0.423536278735632,0.978987068965517,1,90.1279788630528,0.902807359201964,4,0,0,0.9627316,10,17,HighMobility,0,2026-08-06 00:02:39
Highway,94,ETU,5,9,1.47998770190086,64QAM,MPA,30,0.427667025862069,0.980980603448276,1,91.1331511550244,0.806472253132458,4,0,0,0.9585519,10,17,HighMobility,0,2026-08-06 00:02:40
Highway,69,ETU,5,9,1.09058330544371,QPSK,MRC,0,0.205792025862069,0.363577586206897,1,89.4559278173979,0.967817510409183,4,0,0,1.3735625,3.5,18,HighMobility,0,2026-08-06 00:02:41
Highway,69,ETU,5,9,1.02657458288688,QPSK,MRC,5,0.112378771551724,0.208809267241379,1,64.8300446617324,3.76447358418834,5,0,0,1.3550457,3.4,18,HighMobility,0,2026-08-06 00:02:42
Highway,69,ETU,5,9,1.09107472373675,QPSK,MRC,10,0.0239628232758621,0.0458243534482759,1,23.5857957113263,12.5469893485446,10,0,0,1.2140308,2.9,18,HighMobility,0,2026-08-06 00:02:43
Highway,69,ETU,5,9,1.09093568039078,QPSK,MRC,15,0.00747575431034483,0.014520474137931,0.5,8.42573873726484,21.4878402294228,14,870000,0.90625,1.0712084,2.3,18,HighMobility,0,2026-08-06 00:02:45
Highway,69,ETU,5,9,1.03819976431414,QPSK,MRC,20,0,0,0,0,160,15,1740000,1.8125,1.018715,2.1,18,HighMobility,0,2026-08-06 00:02:46
Highway,69,ETU,5,9,1.09071733556726,QPSK,MRC,25,0,0,0,0,160,15,1740000,1.8125,0.9722479,2,18,HighMobility,0,2026-08-06 00:02:47
Highway,69,ETU,5,9,1.08772089519116,QPSK,MRC,30,0,0,0,0,160,15,1740000,1.8125,0.9941393,2,18,HighMobility,0,2026-08-06 00:02:48
Highway,69,ETU,5,9,1.07898653918415,QPSK,LMMSE,0,0.207408405172414,0.370258620689655,1,90.3118187449986,0.885108231854849,4,0,0,0.2907122,1,18,HighMobility,0,2026-08-06 00:02:48
Highway,69,ETU,5,9,1.09109370312969,QPSK,LMMSE,5,0.104175646551724,0.194692887931034,1,62.7121917458307,4.05296041361552,5,0,0,0.2729572,1,18,HighMobility,0,2026-08-06 00:02:48
Highway,69,ETU,5,9,1.08989147691829,QPSK,LMMSE,10,0.0213496767241379,0.0415678879310345,0.9,23.2358715166739,12.6768206726249,10,174000,0.18125,0.2737834,1,18,HighMobility,0,2026-08-06 00:02:48
Highway,69,ETU,5,9,1.09076997841517,QPSK,LMMSE,15,0.00247844827586207,0.00492995689655172,0.7,6.97266483897035,23.1320241979352,15,522000,0.54375,0.2913669,1,18,HighMobility,0,2026-08-06 00:02:49
Highway,69,ETU,5,9,1.09065090712112,QPSK,LMMSE,20,0,0,0,0,160,15,1740000,1.8125,0.2835892,1,18,HighMobility,0,2026-08-06 00:02:49
Highway,69,ETU,5,9,1.09013683259274,QPSK,LMMSE,25,0,0,0,0,160,15,1740000,1.8125,0.2919618,1,18,HighMobility,0,2026-08-06 00:02:49
Highway,69,ETU,5,9,1.09090089807275,QPSK,LMMSE,30,0,0,0,0,160,15,1740000,1.8125,0.2645356,1,18,HighMobility,0,2026-08-06 00:02:50
Highway,69,ETU,5,9,1.09074116481143,QPSK,MPA,0,0.273572198275862,0.468453663793103,1,104.178627459807,-0.355572627193946,3,0,0,0.4258731,10,18,HighMobility,0,2026-08-06 00:02:50
Highway,69,ETU,5,9,1.09112508012287,QPSK,MPA,5,0.221524784482759,0.392807112068966,1,93.685639104854,0.566539523868923,4,0,0,0.3124601,10,18,HighMobility,0,2026-08-06 00:02:50
Highway,69,ETU,5,9,1.01169660725053,QPSK,MPA,10,0.13877963362069,0.257974137931034,1,74.1235597087969,2.60087464600358,5,0,0,0.3043344,10,18,HighMobility,0,2026-08-06 00:02:51
Highway,69,ETU,5,9,1.090211860759,QPSK,MPA,15,0.133054956896552,0.247817887931034,1,72.7637578166107,2.76169760589407,5,0,0,0.3127645,10,18,HighMobility,0,2026-08-06 00:02:51
Highway,69,ETU,5,9,1.08787006491558,QPSK,MPA,20,0.122440732758621,0.229121767241379,1,69.7804633125153,3.125323026964,5,0,0,0.3196722,10,18,HighMobility,0,2026-08-06 00:02:51
Highway,69,ETU,5,9,1.0904934203364,QPSK,MPA,25,0.103704202586207,0.196524784482759,1,64.055334861129,3.86889388223739,5,0,0,0.3163609,10,18,HighMobility,0,2026-08-06 00:02:52
Highway,69,ETU,5,9,1.08979058208206,QPSK,MPA,30,0.11417025862069,0.215544181034483,1,67.3815145673006,3.42918462790872,5,0,0,0.3155973,10,18,HighMobility,0,2026-08-06 00:02:52
Highway,69,ETU,5,9,1.03058846340313,16QAM,MRC,0,0.369160829741379,0.822386853448276,1,105.420588508185,-0.458508726507613,3,0,0,0.5537315,3.5,18,HighMobility,0,2026-08-06 00:02:52
Highway,69,ETU,5,9,1.00977646183194,16QAM,MRC,5,0.220831088362069,0.633216594827586,1,64.8884894699078,3.75664671208439,5,0,0,0.655396,4.5,18,HighMobility,0,2026-08-06 00:02:53
Highway,69,ETU,5,9,0.98078635541713,16QAM,MRC,10,0.13116244612069,0.438981681034483,1,46.2010704964293,6.70695923116925,7,0,0,0.7022237,5.2,18,HighMobility,0,2026-08-06 00:02:54
Highway,69,ETU,5,9,1.09078251558188,16QAM,MRC,15,0.0438914331896552,0.163092672413793,1,24.434491048378,12.2399340512208,10,0,0,0.6681875,5.2,18,HighMobility,0,2026-08-06 00:02:54
Highway,69,ETU,5,9,1.08747485217966,16QAM,MRC,20,0.0118265086206897,0.0425915948275862,0.8,7.40091872417831,22.6142873024752,14,696000,0.725,0.6523715,5.2,18,HighMobility,0,2026-08-06 00:02:55
Highway,69,ETU,5,9,1.05902469973831,16QAM,MRC,25,6.73491379310345e-06,2.69396551724138e-05,0.1,0.103550522457713,59.6969541111847,15,3132000,3.2625,0.4606041,2.7,18,HighMobility,0,2026-08-06 00:02:56
Highway,69,ETU,5,9,1.07572728676814,16QAM,MRC,30,0,0,0,0,160,15,3480000,3.625,0.4060787,2,18,HighMobility,0,2026-08-06 00:02:56
Highway,69,ETU,5,9,1.07906733431586,16QAM,LMMSE,0,0.388146551724138,0.904337284482759,1,87.2425392403181,1.18543405076869,4,0,0,0.2822682,1,18,HighMobility,0,2026-08-06 00:02:56
Highway,69,ETU,5,9,1.06661096493821,16QAM,LMMSE,5,0.339251077586207,0.875431034482759,1,76.713247726821,2.30259261206482,4,0,0,0.2740108,1,18,HighMobility,0,2026-08-06 00:02:56
Highway,69,ETU,5,9,1.09103837869768,16QAM,LMMSE,10,0.281128771551724,0.787526939655172,1,68.0843292180523,3.33905673892357,5,0,0,0.2570185,1,18,HighMobility,0,2026-08-06 00:02:57
Highway,69,ETU,5,9,1.09066326517832,16QAM,LMMSE,15,0.0960398706896552,0.329121767241379,1,36.0176300939662,8.86969733003737,8,0,0,0.271257,1,18,HighMobility,0,2026-08-06 00:02:57
Highway,69,ETU,5,9,1.08970278777773,16QAM,LMMSE,20,0.0600350215517241,0.211530172413793,0.9,26.2381624020779,11.621331683628,9,348000,0.3625,0.2894032,1,18,HighMobility,0,2026-08-06 00:02:57
Highway,69,ETU,5,9,1.05596891674632,16QAM,LMMSE,25,0.0162311422413793,0.0625538793103448,0.8,12.8508641522525,17.8213533471422,12,696000,0.725,0.2671401,1,18,HighMobility,0,2026-08-06 00:02:58
Highway,69,ETU,5,9,1.06947246474474,16QAM,LMMSE,30,0.000835129310344828,0.0033135775862069,0.4,1.97181572471638,34.1026734864589,15,2088000,2.175,0.2807201,1,18,HighMobility,0,2026-08-06 00:02:58
Highway,69,ETU,5,9,1.09018593025159,16QAM,MPA,0,0.383533135775862,0.899811422413793,1,86.1489063589115,1.29500462904446,4,0,0,0.3708391,10,18,HighMobility,0,2026-08-06 00:02:58
Highway,69,ETU,5,9,1.09008393115668,16QAM,MPA,5,0.345992726293103,0.881734913793103,1,77.9430620488981,2.16445073278144,4,0,0,0.3902616,10,18,HighMobility,0,2026-08-06 00:02:59
Highway,69,ETU,5,9,1.09063067108843,16QAM,MPA,10,0.333533135775862,0.872521551724138,1,75.7832241673527,2.40853843561395,5,0,0,0.3943659,10,18,HighMobility,0,2026-08-06 00:02:59
Highway,69,ETU,5,9,1.0822244253148,16QAM,MPA,15,0.335748922413793,0.875538793103448,1,76.0696470556373,2.37577197518744,4,0,0,0.3864856,10,18,HighMobility,0,2026-08-06 00:02:59
Highway,69,ETU,5,9,1.05221253718356,16QAM,MPA,20,0.328764816810345,0.868615301724138,1,74.7541025420956,2.52729936107336,5,0,0,0.3885272,10,18,HighMobility,0,2026-08-06 00:03:00
Highway,69,ETU,5,9,1.08852496504233,16QAM,MPA,25,0.331674299568965,0.870797413793103,1,75.5303032870449,2.43757542835889,5,0,0,0.3694147,10,18,HighMobility,0,2026-08-06 00:03:00
Highway,69,ETU,5,9,1.08235293060273,16QAM,MPA,30,0.327532327586207,0.864331896551724,1,74.7495435198353,2.52782910285913,5,0,0,0.3794614,10,18,HighMobility,0,2026-08-06 00:03:01
Highway,69,ETU,5,9,1.03726102693304,64QAM,MRC,0,0.398832614942529,0.941190732758621,1,101.843022741298,-0.15862561738646,3,0,0,1.0059783,10.2,18,HighMobility,0,2026-08-06 00:03:02
Highway,69,ETU,5,9,1.02393779338238,64QAM,MRC,5,0.356766343390805,0.921336206896552,1,80.2917563173213,1.90658084279084,4,0,0,0.835579,7.7,18,HighMobility,0,2026-08-06 00:03:02
Highway,69,ETU,5,9,1.0900985114495,64QAM,MRC,10,0.254894037356322,0.820070043103448,1,52.8180256673507,5.54435673422157,6,0,0,0.9831015,9.4,18,HighMobility,0,2026-08-06 00:03:03
Highway,69,ETU,5,9,1.08914697794109,64QAM,MRC,15,0.158041487068966,0.653502155172414,1,32.6573320317771,9.72038596406639,8,0,0,0.8480498,7.8,18,HighMobility,0,2026-08-06 00:03:04
Highway,69,ETU,5,9,1.0522806814003,64QAM,MRC,20,0.068682650862069,0.344288793103448,1,18.3050371206551,14.7485877215771,11,0,0,0.955822,9.6,18,HighMobility,0,2026-08-06 00:03:05
Highway,69,ETU,5,9,1.07673785791929,64QAM,MRC,25,0.019225933908046,0.105792025862069,0.8,8.11169074917773,21.8177722955347,14,1044000,1.0875,1.2830012,13.9,18,HighMobility,0,2026-08-06 00:03:06
Highway,69,ETU,5,9,1.09109351085644,64QAM,MRC,30,0.000987787356321839,0.00576508620689655,0.3,1.08996097778575,39.2517810033102,15,3654000,3.80625,1.1036215,11.7,18,HighMobility,0,2026-08-06 00:03:08
Highway,69,ETU,5,9,1.08886216537659,64QAM,LMMSE,0,0.429678520114943,0.980199353448276,1,91.7255862202779,0.7501900795475,4,0,0,0.2779725,1,18,HighMobility,0,2026-08-06 00:03:08
Highway,69,ETU,5,9,1.0893975262458,64QAM,LMMSE,5,0.402833153735632,0.978421336206897,1,87.7974121563966,1.13036569617412,4,0,0,0.2845323,1,18,HighMobility,0,2026-08-06 00:03:08
Highway,69,ETU,5,9,0.939369276307142,64QAM,LMMSE,10,0.391469109195402,0.975808189655172,1,84.0487726313332,1.50937248406932,4,0,0,0.2936409,1,18,HighMobility,0,2026-08-06 00:03:08
Highway,69,ETU,5,9,1.08844820713809,64QAM,LMMSE,15,0.377204561781609,0.96171875,1,70.2329584502673,3.06918074485529,5,0,0,0.2744557,1,18,HighMobility,0,2026-08-06 00:03:09
Highway,69,ETU,5,9,1.09069742727897,64QAM,LMMSE,20,0.296322737068966,0.906627155172414,1,50.6159166572289,5.91425787291248,7,0,0,0.294012,1,18,HighMobility,0,2026-08-06 00:03:09
Highway,69,ETU,5,9,1.06410324524756,64QAM,LMMSE,25,0.148064834770115,0.636988146551724,1,29.5090684115389,10.6008900154324,9,0,0,0.2849436,1,18,HighMobility,0,2026-08-06 00:03:09
Highway,69,ETU,5,9,0.999722347209945,64QAM,LMMSE,30,0.0606770833333333,0.296605603448276,1,16.1467520318383,15.8382964840089,11,0,0,0.3018455,1,18,HighMobility,0,2026-08-06 00:03:10
Highway,69,ETU,5,9,1.08879740818799,64QAM,MPA,0,0.422921156609195,0.979956896551724,1,90.5872057563068,0.858662726774222,4,0,0,0.5962239,10,18,HighMobility,0,2026-08-06 00:03:10
Highway,69,ETU,5,9,1.09059136444958,64QAM,MPA,5,0.398397090517241,0.978178879310345,1,86.9457012012566,1.21503771330022,4,0,0,0.6211991,10,18,HighMobility,0,2026-08-06 00:03:11
Highway,69,ETU,5,9,1.08494901525442,64QAM,MPA,10,0.386121587643678,0.976858836206897,1,85.434083096587,1.36737674364282,4,0,0,0.6488492,10,18,HighMobility,0,2026-08-06 00:03:11
Highway,69,ETU,5,9,1.01546694199389,64QAM,MPA,15,0.397988505747126,0.976778017241379,1,86.6988911873148,1.23972913566841,4,0,0,0.6243596,10,18,HighMobility,0,2026-08-06 00:03:12
Highway,69,ETU,5,9,1.04493520974309,64QAM,MPA,20,0.416927083333333,0.978205818965517,1,89.4557665387354,0.967833170074896,4,0,0,0.6322432,10,18,HighMobility,0,2026-08-06 00:03:13
Highway,69,ETU,5,9,1.08893519221187,64QAM,MPA,25,0.431537356321839,0.981115301724138,1,91.4919444648296,0.772342846208254,4,0,0,0.6296773,10,18,HighMobility,0,2026-08-06 00:03:13
Highway,69,ETU,5,9,1.08913882792261,64QAM,MPA,30,0.424506106321839,0.97957974137931,1,90.5978386266022,0.85764326141667,4,0,0,0.6436243,10,18,HighMobility,0,2026-08-06 00:03:14
Highway,95,ETU,5,9,1.49459966157156,QPSK,MRC,0,0.214641702586207,0.380307112068966,1,92.0251702630309,0.72186740716107,4,0,0,0.5042421,3,19,HighMobility,0,2026-08-06 00:03:14
Highway,95,ETU,5,9,1.29896123814099,QPSK,MRC,5,0.0967403017241379,0.180226293103448,1,58.4791881722746,4.65997330060332,6,0,0,0.5057016,3,19,HighMobility,0,2026-08-06 00:03:15
Highway,95,ETU,5,9,1.49375792425214,QPSK,MRC,10,0.0296066810344828,0.0528286637931034,0.8,19.9271575557772,14.0110929079566,10,348000,0.3625,0.5073093,2.9,19,HighMobility,0,2026-08-06 00:03:16
Highway,95,ETU,5,9,1.44054767304091,QPSK,MRC,15,0.00261314655172414,0.00511853448275862,0.3,4.28756544692247,27.3557847534658,15,1218000,1.26875,0.4529621,2.3,19,HighMobility,0,2026-08-06 00:03:16
Highway,95,ETU,5,9,1.46850024414019,QPSK,MRC,20,0,0,0,0,160,15,1740000,1.8125,0.454829,2,19,HighMobility,0,2026-08-06 00:03:16
Highway,95,ETU,5,9,1.50164510058447,QPSK,MRC,25,0,0,0,0,160,15,1740000,1.8125,0.4299023,2,19,HighMobility,0,2026-08-06 00:03:17
Highway,95,ETU,5,9,1.47495683980304,QPSK,MRC,30,0,0,0,0,160,15,1740000,1.8125,0.4127081,2,19,HighMobility,0,2026-08-06 00:03:17
Highway,95,ETU,5,9,1.44528836466117,QPSK,LMMSE,0,0.196565193965517,0.354040948275862,1,88.0451426346441,1.10589197284603,4,0,0,0.3599093,1,19,HighMobility,0,2026-08-06 00:03:18
Highway,95,ETU,5,9,1.45074448668122,QPSK,LMMSE,5,0.102491918103448,0.193938577586207,1,63.1519148759865,3.99226952688679,5,0,0,0.2933706,1,19,HighMobility,0,2026-08-06 00:03:18
Highway,95,ETU,5,9,1.50163321927809,QPSK,LMMSE,10,0.0195043103448276,0.0384698275862069,1,25.6048243440853,11.8335639839037,10,0,0,0.2828237,1,19,HighMobility,0,2026-08-06 00:03:18
Highway,95,ETU,5,9,1.41989920265566,QPSK,LMMSE,15,0.00257273706896552,0.00509159482758621,0.8,7.64561429299766,22.3317523022435,14,348000,0.3625,0.2802454,1,19,HighMobility,0,2026-08-06 00:03:18
Highway,95,ETU,5,9,1.4821438907096,QPSK,LMMSE,20,0,0,0,0,160,15,1740000,1.8125,0.2920087,1,19,HighMobility,0,2026-08-06 00:03:19
Highway,95,ETU,5,9,1.49006076046113,QPSK,LMMSE,25,0,0,0,0,160,15,1740000,1.8125,0.2881498,1,19,HighMobility,0,2026-08-06 00:03:19
Highway,95,ETU,5,9,1.49196425057667,QPSK,LMMSE,30,0,0,0,0,160,15,1740000,1.8125,0.2902587,1,19,HighMobility,0,2026-08-06 00:03:19
Highway,95,ETU,5,9,1.48039869506066,QPSK,MPA,0,0.259469288793103,0.451778017241379,1,101.492080002117,-0.128643062604402,3,0,0,0.3328302,10,19,HighMobility,0,2026-08-06 00:03:20
Highway,95,ETU,5,9,1.45198731893473,QPSK,MPA,5,0.206101831896552,0.368938577586207,1,90.5417173371015,0.863025446880824,4,0,0,0.3157749,10,19,HighMobility,0,2026-08-06 00:03:20
Highway,95,ETU,5,9,1.50142749984165,QPSK,MPA,10,0.156707974137931,0.287850215517241,1,78.7523126743748,2.07473367344108,4,0,0,0.3199663,10,19,HighMobility,0,2026-08-06 00:03:20
Highway,95,ETU,5,9,1.49690429226219,QPSK,MPA,15,0.138739224137931,0.25926724137931,1,74.3800234262004,2.57087378389479,5,0,0,0.3307857,10,19,HighMobility,0,2026-08-06 00:03:21
Highway,95,ETU,5,9,1.47732523910756,QPSK,MPA,20,0.134577047413793,0.251616379310345,1,73.118530507696,2.71945090752274,5,0,0,0.3063369,10,19,HighMobility,0,2026-08-06 00:03:21
Highway,95,ETU,5,9,1.50201158076822,QPSK,MPA,25,0.121430495689655,0.228125,1,69.4656432228121,3.16459877092974,5,0,0,0.3166229,10,19,HighMobility,0,2026-08-06 00:03:21
Highway,95,ETU,5,9,1.45346458984605,QPSK,MPA,30,0.121646012931034,0.228609913793103,1,69.5924214271545,3.14876104444769,5,0,0,0.3219742,10,19,HighMobility,0,2026-08-06 00:03:22
Highway,95,ETU,5,9,1.50035112730165,16QAM,MRC,0,0.33409213362069,0.786557112068966,1,94.3527518468814,0.504908577816195,4,0,0,0.5766978,4,19,HighMobility,0,2026-08-06 00:03:22
Highway,95,ETU,5,9,1.49712059199929,16QAM,MRC,5,0.258822737068966,0.702128232758621,1,73.3571950698752,2.69114565934639,5,0,0,0.6178046,4.5,19,HighMobility,0,2026-08-06 00:03:23
Highway,95,ETU,5,9,1.38805827484392,16QAM,MRC,10,0.145554956896552,0.478556034482759,1,48.9478675417764,6.2053244776306,7,0,0,0.6495233,5,19,HighMobility,0,2026-08-06 00:03:23
Highway,95,ETU,5,9,1.50218706536295,16QAM,MRC,15,0.0659146012931034,0.234375,1,30.6899302593274,10.2600819694044,8,0,0,0.6776639,5.5,19,HighMobility,0,2026-08-06 00:03:24
Highway,95,ETU,5,9,1.41411079312257,16QAM,MRC,20,0.00707839439655172,0.0263200431034483,0.6,5.65824398183169,24.9463665964753,15,1392000,1.45,0.6653767,4.9,19,HighMobility,0,2026-08-06 00:03:25
Highway,95,ETU,5,9,1.502269360078,16QAM,MRC,25,0,0,0,0,160,15,3480000,3.625,0.4616409,2.4,19,HighMobility,0,2026-08-06 00:03:25
Highway,95,ETU,5,9,1.49794497792861,16QAM,MRC,30,0,0,0,0,160,15,3480000,3.625,0.4398391,2,19,HighMobility,0,2026-08-06 00:03:26
Highway,95,ETU,5,9,1.49347144529926,16QAM,LMMSE,0,0.368985721982759,0.891837284482759,1,83.5878488924624,1.55713702119634,4,0,0,0.281899,1,19,HighMobility,0,2026-08-06 00:03:26
Highway,95,ETU,5,9,1.4588535359303,16QAM,LMMSE,5,0.339399245689655,0.87354525862069,1,76.8249591986401,2.28995323446394,4,0,0,0.277195,1,19,HighMobility,0,2026-08-06 00:03:26
Highway,95,ETU,5,9,1.4901727392078,16QAM,LMMSE,10,0.279620150862069,0.789574353448276,1,67.6501297940135,3.39462731650239,5,0,0,0.282754,1,19,HighMobility,0,2026-08-06 00:03:27
Highway,95,ETU,5,9,1.50209629501372,16QAM,LMMSE,15,0.177215786637931,0.570662715517241,1,52.5233482460903,5.59295192794534,6,0,0,0.296362,1,19,HighMobility,0,2026-08-06 00:03:27
Highway,95,ETU,5,9,1.43746389355756,16QAM,LMMSE,20,0.0739426185344828,0.24307650862069,1,26.4974342437481,11.5359235384179,9,0,0,0.2722062,1,19,HighMobility,0,2026-08-06 00:03:27
Highway,95,ETU,5,9,1.49656750625718,16QAM,LMMSE,25,0.0108634159482759,0.0413523706896552,0.6,7.38550971098855,22.6323905296384,14,1392000,1.45,0.2899107,1,19,HighMobility,0,2026-08-06 00:03:27
Highway,95,ETU,5,9,1.50224699021103,16QAM,LMMSE,30,0.000855334051724138,0.00339439655172414,0.2,1.34162487167938,37.4473779833974,15,2784000,2.9,0.286481,1,19,HighMobility,0,2026-08-06 00:03:28
Highway,95,ETU,5,9,1.50214981767171,16QAM,MPA,0,0.375080818965517,0.89676724137931,1,84.5535588434807,1.45736216616016,4,0,0,0.3804141,10,19,HighMobility,0,2026-08-06 00:03:28
Highway,95,ETU,5,9,1.49907124426316,16QAM,MPA,5,0.351596174568966,0.883512931034483,1,79.6574962988188,1.97546695895943,4,0,0,0.3790966,10,19,HighMobility,0,2026-08-06 00:03:28
Highway,95,ETU,5,9,1.49344848498489,16QAM,MPA,10,0.346228448275862,0.881169181034483,1,78.0227745324637,2.15557220001441,4,0,0,0.3882351,10,19,HighMobility,0,2026-08-06 00:03:29
Highway,95,ETU,5,9,1.41590357945637,16QAM,MPA,15,0.332556573275862,0.869962284482759,1,75.4780656476119,2.44358476932943,5,0,0,0.3908104,10,19,HighMobility,0,2026-08-06 00:03:29
Highway,95,ETU,5,9,1.49320980474625,16QAM,MPA,20,0.327943157327586,0.868938577586207,1,74.1070736610557,2.60280671616456,5,0,0,0.4020066,10,19,HighMobility,0,2026-08-06 00:03:30
Highway,95,ETU,5,9,1.49562745047129,16QAM,MPA,25,0.328064385775862,0.867429956896552,1,74.7603179207939,2.52657720874456,5,0,0,0.4078225,10,19,HighMobility,0,2026-08-06 00:03:30
Highway,95,ETU,5,9,1.45558389901054,16QAM,MPA,30,0.335001346982759,0.870824353448276,1,75.6861622484109,2.41967031184759,5,0,0,0.3864524,10,19,HighMobility,0,2026-08-06 00:03:30
Highway,95,ETU,5,9,1.49811953713828,64QAM,MRC,0,0.409024784482759,0.948195043103448,1,105.873488518294,-0.495744465292364,3,0,0,0.9578579,8.7,19,HighMobility,0,2026-08-06 00:03:31
Highway,95,ETU,5,9,1.5022683242899,64QAM,MRC,5,0.346336206896552,0.910506465517241,1,78.3102811289509,2.12362433880093,4,0,0,0.9665231,9.5,19,HighMobility,0,2026-08-06 00:03:32
Highway,95,ETU,5,9,1.32322535213078,64QAM,MRC,10,0.22879849137931,0.785344827586207,1,45.3625579336224,6.86604928286043,7,0,0,0.9103676,8.6,19,HighMobility,0,2026-08-06 00:03:33
Highway,95,ETU,5,9,1.49755574480722,64QAM,MRC,15,0.177568247126437,0.709455818965517,1,35.6036142718464,8.97011825478687,8,0,0,0.8902098,8.4,19,HighMobility,0,2026-08-06 00:03:34
Highway,95,ETU,5,9,1.39641248474061,64QAM,MRC,20,0.0952541307471264,0.463092672413793,1,23.4210765265533,12.6078629377951,10,0,0,0.9965501,10,19,HighMobility,0,2026-08-06 00:03:35
Highway,95,ETU,5,9,1.5010856084484,64QAM,MRC,25,0.0100350215517241,0.0577586206896552,1,6.33198122327084,23.9692076331171,15,0,0,1.0581636,10.3,19,HighMobility,0,2026-08-06 00:03:36
Highway,95,ETU,5,9,1.48253222893622,64QAM,MRC,30,0.00126616379310345,0.00716594827586207,0.3,1.24918007508796,38.0674990310776,15,3654000,3.80625,1.0436011,10.4,19,HighMobility,0,2026-08-06 00:03:37
Highway,95,ETU,5,9,1.48307442774784,64QAM,LMMSE,0,0.412742456896552,0.980387931034483,1,89.3021506206731,0.982761641614436,4,0,0,0.3015848,1,19,HighMobility,0,2026-08-06 00:03:38
Highway,95,ETU,5,9,1.49207929537981,64QAM,LMMSE,5,0.40042654454023,0.97745150862069,1,87.2823901401948,1.18146739081298,4,0,0,0.2879137,1,19,HighMobility,0,2026-08-06 00:03:38
Highway,95,ETU,5,9,1.47157866093567,64QAM,LMMSE,10,0.394414511494253,0.974003232758621,1,83.3484701930472,1.58204733911068,4,0,0,0.2919615,1,19,HighMobility,0,2026-08-06 00:03:38
Highway,95,ETU,5,9,1.49472495924216,64QAM,LMMSE,15,0.384509698275862,0.961664870689655,1,69.4488343994621,3.16670077768634,5,0,0,0.2985871,1,19,HighMobility,0,2026-08-06 00:03:38
Highway,95,ETU,5,9,1.50005061716869,64QAM,LMMSE,20,0.26477191091954,0.876778017241379,1,45.2720481871323,6.88339713627232,7,0,0,0.281571,1,19,HighMobility,0,2026-08-06 00:03:39
Highway,95,ETU,5,9,1.49221374873997,64QAM,LMMSE,25,0.198073814655172,0.770689655172414,1,36.3633914631924,8.78671237420354,8,0,0,0.2959093,1,19,HighMobility,0,2026-08-06 00:03:39
Highway,95,ETU,5,9,1.44205677943653,64QAM,LMMSE,30,0.0790858477011494,0.400350215517241,1,20.2126292891664,13.8875437826341,10,0,0,0.2867946,1,19,HighMobility,0,2026-08-06 00:03:39
Highway,95,ETU,5,9,1.48305725141761,64QAM,MPA,0,0.422714619252874,0.980010775862069,1,90.8194123618128,0.836426249724545,4,0,0,0.6095945,10,19,HighMobility,0,2026-08-06 00:03:40
Highway,95,ETU,5,9,1.48745086288362,64QAM,MPA,5,0.402159662356322,0.978340517241379,1,87.5388202791166,1.15598620945516,4,0,0,0.6431255,10,19,HighMobility,0,2026-08-06 00:03:41
Highway,95,ETU,5,9,1.41720811698591,64QAM,MPA,10,0.390440912356322,0.975484913793103,1,85.9893455170695,1.31110713089545,4,0,0,0.6485081,10,19,HighMobility,0,2026-08-06 00:03:41
Highway,95,ETU,5,9,1.48780563546945,64QAM,MPA,15,0.400170617816092,0.978259698275862,1,86.586084436163,1.25103798833519,4,0,0,0.6481136,10,19,HighMobility,0,2026-08-06 00:03:42
Highway,95,ETU,5,9,1.48180254547756,64QAM,MPA,20,0.417982219827586,0.978205818965517,1,89.5875839685895,0.955043509339547,4,0,0,0.6941851,10,19,HighMobility,0,2026-08-06 00:03:43
Highway,95,ETU,5,9,1.49337845789404,64QAM,MPA,25,0.422476652298851,0.979175646551724,1,89.9002496039066,0.924782049329016,4,0,0,0.7874746,10,19,HighMobility,0,2026-08-06 00:03:43
Highway,95,ETU,5,9,1.49675037614376,64QAM,MPA,30,0.419859015804598,0.980280172413793,1,89.7810694456863,0.936304514309051,4,0,0,0.9465524,10,19,HighMobility,0,2026-08-06 00:03:44
Highway,102,ETU,5,9,1.47924849870505,QPSK,MRC,0,0.269477370689655,0.464709051724138,1,103.490304211503,-0.297993271281417,3,0,0,0.7232822,3,20,HighMobility,0,2026-08-06 00:03:45
Highway,102,ETU,5,9,1.58457851070283,QPSK,MRC,5,0.117618534482759,0.216244612068966,1,65.0187982519303,3.73922123736338,5,0,0,0.7161667,3.8,20,HighMobility,0,2026-08-06 00:03:46
Highway,102,ETU,5,9,1.60599273121914,QPSK,MRC,10,0.0192887931034483,0.0373922413793103,1,23.1054653089712,12.7257056205218,10,0,0,0.6077922,2.8,20,HighMobility,0,2026-08-06 00:03:46
Highway,102,ETU,5,9,1.59839491421202,QPSK,MRC,15,0.004296875,0.00837823275862069,0.2,4.46103045715429,27.0112962330879,15,1392000,1.45,0.4585506,2.2,20,HighMobility,0,2026-08-06 00:03:47
Highway,102,ETU,5,9,1.51486947090964,QPSK,MRC,20,0,0,0,0,160,15,1740000,1.8125,0.4262253,2,20,HighMobility,0,2026-08-06 00:03:47
Highway,102,ETU,5,9,1.59478745581105,QPSK,MRC,25,0,0,0,0,160,15,1740000,1.8125,0.4326838,2,20,HighMobility,0,2026-08-06 00:03:48
Highway,102,ETU,5,9,1.6108980968823,QPSK,MRC,30,0,0,0,0,160,15,1740000,1.8125,0.4397867,2,20,HighMobility,0,2026-08-06 00:03:48
Highway,102,ETU,5,9,1.59988975680402,QPSK,LMMSE,0,0.216554418103448,0.383135775862069,1,92.5318307327976,0.674176905513473,4,0,0,0.2769921,1,20,HighMobility,0,2026-08-06 00:03:48
Highway,102,ETU,5,9,1.59597374319887,QPSK,LMMSE,5,0.115705818965517,0.218103448275862,1,67.4239315384032,3.4237185410023,5,0,0,0.2985327,1,20,HighMobility,0,2026-08-06 00:03:49
Highway,102,ETU,5,9,1.56074577796406,QPSK,LMMSE,10,0.0368130387931035,0.0714439655172414,1,35.1702567499712,9.07648922468263,8,0,0,0.2906047,1,20,HighMobility,0,2026-08-06 00:03:49
Highway,102,ETU,5,9,1.61221389514901,QPSK,LMMSE,15,0.000552262931034483,0.00110452586206897,0.6,3.23701580132186,29.797103612133,15,696000,0.725,0.2885857,1,20,HighMobility,0,2026-08-06 00:03:49
Highway,102,ETU,5,9,1.612925960987,QPSK,LMMSE,20,0,0,0,0,160,15,1740000,1.8125,0.2947587,1,20,HighMobility,0,2026-08-06 00:03:50
Highway,102,ETU,5,9,1.55238589108092,QPSK,LMMSE,25,0,0,0,0,160,15,1740000,1.8125,0.3048037,1,20,HighMobility,0,2026-08-06 00:03:50
Highway,102,ETU,5,9,1.60994680802048,QPSK,LMMSE,30,0,0,0,0,160,15,1740000,1.8125,0.3156976,1,20,HighMobility,0,2026-08-06 00:03:50
Highway,102,ETU,5,9,1.58461484136967,QPSK,MPA,0,0.256276939655172,0.444585129310345,1,100.602150052318,-0.0521452497618305,3,0,0,0.3262553,10,20,HighMobility,0,2026-08-06 00:03:51
Highway,102,ETU,5,9,1.56175968102497,QPSK,MPA,5,0.209550107758621,0.376293103448276,1,91.2248727436184,0.797734675853374,4,0,0,0.348417,10,20,HighMobility,0,2026-08-06 00:03:51
Highway,102,ETU,5,9,1.60719619991475,QPSK,MPA,10,0.150565732758621,0.278286637931034,1,77.3335812266065,2.23263755385765,4,0,0,0.3814295,10,20,HighMobility,0,2026-08-06 00:03:51
Highway,102,ETU,5,9,1.54396296020052,QPSK,MPA,15,0.130212823275862,0.244207974137931,1,72.0890950281202,2.84260852733166,5,0,0,0.4008238,10,20,HighMobility,0,2026-08-06 00:03:52
Highway,102,ETU,5,9,1.61019684318504,QPSK,MPA,20,0.137931034482759,0.256384698275862,1,74.1532140988239,2.5974004031282,5,0,0,0.4439732,10,20,HighMobility,0,2026-08-06 00:03:52
Highway,102,ETU,5,9,1.60839893888602,QPSK,MPA,25,0.126131465517241,0.236664870689655,1,70.8763964193033,2.98996742936034,5,0,0,0.5098462,10,20,HighMobility,0,2026-08-06 00:03:53
Highway,102,ETU,5,9,1.61127527835063,QPSK,MPA,30,0.128138469827586,0.239978448275862,1,71.3708562869964,2.92958185343181,5,0,0,0.3451225,10,20,HighMobility,0,2026-08-06 00:03:53
Highway,102,ETU,5,9,1.61210332980945,16QAM,MRC,0,0.349616109913793,0.804175646551724,1,98.746094346556,0.109601455758258,3,0,0,0.5546243,3.4,20,HighMobility,0,2026-08-06 00:03:54
Highway,102,ETU,5,9,1.55250961164141,16QAM,MRC,5,0.267652209051724,0.711233836206897,1,75.0368296335557,2.49451047065526,5,0,0,0.7669711,5.1,20,HighMobility,0,2026-08-06 00:03:54
Highway,102,ETU,5,9,1.5155718381214,16QAM,MRC,10,0.155064655172414,0.50078125,1,50.7929096491101,5.88393816187323,6,0,0,0.648301,4.2,20,HighMobility,0,2026-08-06 00:03:55
Highway,102,ETU,5,9,1.43464262574689,16QAM,MRC,15,0.0653151939655172,0.237634698275862,1,29.9772154203088,10.4641742234571,9,0,0,0.8162371,6.1,20,HighMobility,0,2026-08-06 00:03:56
Highway,102,ETU,5,9,1.54335334336536,16QAM,MRC,20,0.00227640086206897,0.00894396551724138,0.8,3.55462042673843,28.9841353550785,15,696000,0.725,0.7381103,4.3,20,HighMobility,0,2026-08-06 00:03:56
Highway,102,ETU,5,9,1.61296415534939,16QAM,MRC,25,0,0,0,0,160,15,3480000,3.625,0.6680928,2.2,20,HighMobility,0,2026-08-06 00:03:57
Highway,102,ETU,5,9,1.61153265062517,16QAM,MRC,30,0,0,0,0,160,15,3480000,3.625,0.5543736,2,20,HighMobility,0,2026-08-06 00:03:58
Highway,102,ETU,5,9,1.612920756881,16QAM,LMMSE,0,0.383034752155172,0.901697198275862,1,86.0954220354185,1.30039881473972,4,0,0,0.3022437,1,20,HighMobility,0,2026-08-06 00:03:58
Highway,102,ETU,5,9,1.59415685672823,16QAM,LMMSE,5,0.334974407327586,0.872737068965517,1,75.5962526071231,2.42999464880791,5,0,0,0.3264614,1,20,HighMobility,0,2026-08-06 00:03:58
Highway,102,ETU,5,9,1.60574733010166,16QAM,LMMSE,10,0.3083984375,0.839224137931034,1,71.8095279744482,2.87635856022508,5,0,0,0.3305905,1,20,HighMobility,0,2026-08-06 00:03:59
Highway,102,ETU,5,9,1.49997738222335,16QAM,LMMSE,15,0.172097252155172,0.548572198275862,1,51.442320815492,5.77358892973839,6,0,0,0.3076832,1,20,HighMobility,0,2026-08-06 00:03:59
Highway,102,ETU,5,9,1.5701950527957,16QAM,LMMSE,20,0.051825161637931,0.191540948275862,0.9,26.2585079652193,11.6145990918777,9,348000,0.3625,0.3360452,1,20,HighMobility,0,2026-08-06 00:03:59
Highway,102,ETU,5,9,1.57493882184243,16QAM,LMMSE,25,0.00611530172413793,0.0241918103448276,0.8,7.77242940327759,22.188864278989,14,696000,0.725,0.352986,1,20,HighMobility,0,2026-08-06 00:04:00
Highway,102,ETU,5,9,1.60735899771707,16QAM,LMMSE,30,0.00323949353448276,0.012823275862069,0.7,4.42556113672163,27.0806331066392,15,1044000,1.0875,0.3122241,1,20,HighMobility,0,2026-08-06 00:04:00
Highway,102,ETU,5,9,1.58891108610128,16QAM,MPA,0,0.366823814655172,0.892376077586207,1,82.8487142473484,1.63428454262726,4,0,0,0.4726549,10,20,HighMobility,0,2026-08-06 00:04:00
Highway,102,ETU,5,9,1.61258444036087,16QAM,MPA,5,0.345278825431034,0.879364224137931,1,78.1506690646904,2.14134599080779,4,0,0,0.4470399,10,20,HighMobility,0,2026-08-06 00:04:01
Highway,102,ETU,5,9,1.61149662474382,16QAM,MPA,10,0.334583782327586,0.873087284482759,1,75.6937531338998,2.41879921090265,5,0,0,0.4356247,10,20,HighMobility,0,2026-08-06 00:04:01
Highway,102,ETU,5,9,1.50058445645657,16QAM,MPA,15,0.324481411637931,0.864385775862069,1,74.0799501782288,2.60598636813356,5,0,0,0.4687668,10,20,HighMobility,0,2026-08-06 00:04:02
Highway,102,ETU,5,9,1.61105582366167,16QAM,MPA,20,0.335721982758621,0.871147629310345,1,76.3853020971479,2.33980398874475,4,0,0,0.4710664,10,20,HighMobility,0,2026-08-06 00:04:02
Highway,102,ETU,5,9,1.6126336149299,16QAM,MPA,25,0.336974676724138,0.874811422413793,1,76.1674602973634,2.36461050273891,4,0,0,0.4882636,10,20,HighMobility,0,2026-08-06 00:04:03
Highway,102,ETU,5,9,1.40408974652834,16QAM,MPA,30,0.333674568965517,0.871659482758621,1,75.6950864757293,2.41864621072098,5,0,0,0.4622785,10,20,HighMobility,0,2026-08-06 00:04:03
Highway,102,ETU,5,9,1.59679556441564,64QAM,MRC,0,0.417344647988506,0.95088900862069,1,110.165377457651,-0.840902536114779,3,0,0,1.1975002,9.8,20,HighMobility,0,2026-08-06 00:04:04
Highway,102,ETU,5,9,1.59075466737639,64QAM,MRC,5,0.32134069683908,0.896390086206897,1,67.026178599663,3.47511081140604,5,0,0,1.1970589,9.1,20,HighMobility,0,2026-08-06 00:04:06
Highway,102,ETU,5,9,1.57177016372541,64QAM,MRC,10,0.250152658045977,0.822413793103448,1,49.2888400430252,6.14502804706624,7,0,0,1.0067992,8.5,20,HighMobility,0,2026-08-06 00:04:07
Highway,102,ETU,5,9,1.61097526789135,64QAM,MRC,15,0.14875628591954,0.64463900862069,1,31.1682616893186,10.1257483688286,8,0,0,0.9699212,8.5,20,HighMobility,0,2026-08-06 00:04:08
Highway,102,ETU,5,9,1.60272687735566,64QAM,MRC,20,0.0823051364942529,0.413766163793103,1,21.2716231372181,13.4439873973926,10,0,0,1.0752661,10.3,20,HighMobility,0,2026-08-06 00:04:09
Highway,102,ETU,5,9,1.604864358334,64QAM,MRC,25,0.0101607399425287,0.0574084051724138,0.7,5.40285843318371,25.3475282357147,15,1566000,1.63125,1.0895384,10.8,20,HighMobility,0,2026-08-06 00:04:10
Highway,102,ETU,5,9,1.60332933054008,64QAM,MRC,30,0.00374910201149425,0.0208512931034483,0.4,1.96834847294331,34.1179602473709,15,3132000,3.2625,0.981284,9.7,20,HighMobility,0,2026-08-06 00:04:11
Highway,102,ETU,5,9,1.49372839076484,64QAM,LMMSE,0,0.42116558908046,0.978609913793103,1,90.3867302898446,0.877906475649273,4,0,0,0.3052929,1,20,HighMobility,0,2026-08-06 00:04:11
Highway,102,ETU,5,9,1.61189644420634,64QAM,LMMSE,5,0.400597162356322,0.978582974137931,1,87.319724881207,1.17775282590063,4,0,0,0.3486614,1,20,HighMobility,0,2026-08-06 00:04:11
Highway,102,ETU,5,9,1.52002702588653,64QAM,LMMSE,10,0.394607579022988,0.975215517241379,1,84.0367026694431,1.51061992507403,4,0,0,0.314547,1,20,HighMobility,0,2026-08-06 00:04:12
Highway,102,ETU,5,9,1.61198408301626,64QAM,LMMSE,15,0.374084051724138,0.960614224137931,1,67.9193312677959,3.36013197593458,5,0,0,0.3391194,1,20,HighMobility,0,2026-08-06 00:04:12
Highway,102,ETU,5,9,1.60877750875801,64QAM,LMMSE,20,0.307502693965517,0.912419181034483,1,52.2173897001369,5.64369683913969,6,0,0,0.3066883,1,20,HighMobility,0,2026-08-06 00:04:12
Highway,102,ETU,5,9,1.54196188021625,64QAM,LMMSE,25,0.178174389367816,0.739358836206897,1,33.6662324556492,9.45610964448195,8,0,0,0.2930388,1,20,HighMobility,0,2026-08-06 00:04:13
Highway,102,ETU,5,9,1.61284900876619,64QAM,LMMSE,30,0.088604525862069,0.446740301724138,1,22.117460749771,13.1052946953251,10,0,0,0.2905191,1,20,HighMobility,0,2026-08-06 00:04:13
Highway,102,ETU,5,9,1.49796022604489,64QAM,MPA,0,0.420640265804598,0.978933189655172,1,90.3103617665222,0.885248360317651,4,0,0,0.6052476,10,20,HighMobility,0,2026-08-06 00:04:14
Highway,102,ETU,5,9,1.60596189238485,64QAM,MPA,5,0.40149066091954,0.97890625,1,87.4572757001534,1.16408110163842,4,0,0,0.7255034,10,20,HighMobility,0,2026-08-06 00:04:14
Highway,102,ETU,5,9,1.51151239379969,64QAM,MPA,10,0.389228627873563,0.976481681034483,1,85.9346996592816,1.31662873091854,4,0,0,0.8989072,10,20,HighMobility,0,2026-08-06 00:04:15
Highway,102,ETU,5,9,1.60665427417687,64QAM,MPA,15,0.398810165229885,0.976535560344828,1,86.6635422924351,1.24327127104162,4,0,0,0.9527645,10,20,HighMobility,0,2026-08-06 00:04:16
Highway,102,ETU,5,9,1.61115567987798,64QAM,MPA,20,0.413923311781609,0.978879310344828,1,88.8268129951574,1.02911839205393,4,0,0,0.9438609,10,20,HighMobility,0,2026-08-06 00:04:17
Highway,102,ETU,5,9,1.60692808810932,64QAM,MPA,25,0.413312679597701,0.979148706896552,1,88.7925408337839,1.03247032649829,4,0,0,0.7097726,10,20,HighMobility,0,2026-08-06 00:04:18
Highway,102,ETU,5,9,1.61268157860733,64QAM,MPA,30,0.424268139367816,0.979175646551724,1,90.5275934260972,0.864380494094222,4,0,0,0.6889761,10,20,HighMobility,0,2026-08-06 00:04:18
HighSpeedRail,210,ETU,5,9,4.34491035164376,QPSK,MRC,0,0.257731681034483,0.447952586206897,1,101.26944682139,-0.109568753538101,3,0,0,0.5928661,3.9,1,VeryHighMobility,0,2026-08-06 00:04:19
HighSpeedRail,210,ETU,5,9,4.82469540888783,QPSK,MRC,5,0.101023706896552,0.189978448275862,1,61.6557925604157,4.20052230388014,5,0,0,0.5489191,3.7,1,VeryHighMobility,0,2026-08-06 00:04:20
HighSpeedRail,210,ETU,5,9,4.8258365362171,QPSK,MRC,10,0.0242052801724138,0.0473868534482759,1,27.0619843760769,11.3528072205605,9,0,0,0.5322201,3.4,1,VeryHighMobility,0,2026-08-06 00:04:20
HighSpeedRail,210,ETU,5,9,4.95086633286709,QPSK,MRC,15,0.00294989224137931,0.00584590517241379,0.4,5.53943744561885,25.1306867511667,15,1044000,1.0875,0.4628951,2.3,1,VeryHighMobility,0,2026-08-06 00:04:21
HighSpeedRail,210,ETU,5,9,4.97276850790514,QPSK,MRC,20,0,0,0,0,160,15,1740000,1.8125,0.445375,2,1,VeryHighMobility,0,2026-08-06 00:04:21
HighSpeedRail,210,ETU,5,9,4.84906474452833,QPSK,MRC,25,0,0,0,0,160,15,1740000,1.8125,0.4360003,2,1,VeryHighMobility,0,2026-08-06 00:04:22
HighSpeedRail,210,ETU,5,9,4.98086161749015,QPSK,MRC,30,0,0,0,0,160,15,1740000,1.8125,0.4484846,2,1,VeryHighMobility,0,2026-08-06 00:04:22
HighSpeedRail,210,ETU,5,9,4.97895432171397,QPSK,LMMSE,0,0.205643857758621,0.368211206896552,1,90.4101964387939,0.875651742841179,4,0,0,0.3041169,1,1,VeryHighMobility,0,2026-08-06 00:04:22
HighSpeedRail,210,ETU,5,9,4.90979697996786,QPSK,LMMSE,5,0.0956761853448276,0.180630387931034,1,59.5748456694014,4.49874148068398,6,0,0,0.2954773,1,1,VeryHighMobility,0,2026-08-06 00:04:23
HighSpeedRail,210,ETU,5,9,4.94150041801799,QPSK,LMMSE,10,0.0356815732758621,0.0700700431034483,1,36.391810890427,8.77992665955753,8,0,0,0.2942312,1,1,VeryHighMobility,0,2026-08-06 00:04:23
HighSpeedRail,210,ETU,5,9,4.97344427912677,QPSK,LMMSE,15,0.0017510775862069,0.00347521551724138,0.7,5.61055465271957,25.0198840557737,15,522000,0.54375,0.308126,1,1,VeryHighMobility,0,2026-08-06 00:04:23
HighSpeedRail,210,ETU,5,9,4.06508585066248,QPSK,LMMSE,20,9.42887931034483e-05,0.000188577586206897,0.4,1.19454662815611,38.4559378650269,15,1044000,1.0875,0.2747105,1,1,VeryHighMobility,0,2026-08-06 00:04:23
HighSpeedRail,210,ETU,5,9,4.95746925505173,QPSK,LMMSE,25,0,0,0,0,160,15,1740000,1.8125,0.2937478,1,1,VeryHighMobility,0,2026-08-06 00:04:24
HighSpeedRail,210,ETU,5,9,4.98120407851697,QPSK,LMMSE,30,0,0,0,0,160,15,1740000,1.8125,0.2825105,1,1,VeryHighMobility,0,2026-08-06 00:04:24
HighSpeedRail,210,ETU,5,9,4.71902353836016,QPSK,MPA,0,0.25049838362069,0.437419181034483,1,99.9749702884863,0.00217432524382907,3,0,0,0.3235102,10,1,VeryHighMobility,0,2026-08-06 00:04:24
HighSpeedRail,210,ETU,5,9,4.93158421705765,QPSK,MPA,5,0.20770474137931,0.370716594827586,1,90.9620760669971,0.822792722309743,4,0,0,0.3397456,10,1,VeryHighMobility,0,2026-08-06 00:04:25
HighSpeedRail,210,ETU,5,9,4.97417581849632,QPSK,MPA,10,0.156963900862069,0.288900862068966,1,79.1704434314463,2.02873845164382,4,0,0,0.3389169,10,1,VeryHighMobility,0,2026-08-06 00:04:25
HighSpeedRail,210,ETU,5,9,4.86681298470904,QPSK,MPA,15,0.135115840517241,0.251373922413793,1,73.3688933027074,2.68976063558295,5,0,0,0.3327249,10,1,VeryHighMobility,0,2026-08-06 00:04:25
HighSpeedRail,210,ETU,5,9,4.81381201955544,QPSK,MPA,20,0.130616918103448,0.244612068965517,1,72.1865862943414,2.83086990998193,5,0,0,0.3214881,10,1,VeryHighMobility,0,2026-08-06 00:04:26
HighSpeedRail,210,ETU,5,9,4.82191896227629,QPSK,MPA,25,0.124636314655172,0.233755387931034,1,70.5381313648578,3.03152098939557,5,0,0,0.331716,10,1,VeryHighMobility,0,2026-08-06 00:04:26
HighSpeedRail,210,ETU,5,9,3.98661942185753,QPSK,MPA,30,0.128475215517241,0.239251077586207,1,71.6134851560586,2.90010380595929,5,0,0,0.3411806,10,1,VeryHighMobility,0,2026-08-06 00:04:26
HighSpeedRail,210,ETU,5,9,4.82926715227143,16QAM,MRC,0,0.368655711206897,0.823760775862069,1,104.079561313799,-0.347309060886501,3,0,0,0.634848,4.5,1,VeryHighMobility,0,2026-08-06 00:04:27
HighSpeedRail,210,ETU,5,9,4.98089902308286,16QAM,MRC,5,0.244349407327586,0.675646551724138,1,70.0124123677077,3.09649915830688,5,0,0,0.6572467,4.1,1,VeryHighMobility,0,2026-08-06 00:04:28
HighSpeedRail,210,ETU,5,9,4.95592448631823,16QAM,MRC,10,0.13956088362069,0.461368534482759,1,46.9328367604937,6.57046389883317,7,0,0,0.6731803,4.6,1,VeryHighMobility,0,2026-08-06 00:04:28
HighSpeedRail,210,ETU,5,9,4.60007532670102,16QAM,MRC,15,0.0561085668103448,0.206896551724138,1,28.5587841020196,10.8852057341528,9,0,0,0.8137153,4.5,1,VeryHighMobility,0,2026-08-06 00:04:29
HighSpeedRail,210,ETU,5,9,4.98122221618929,16QAM,MRC,20,0.00832435344827586,0.0317349137931034,0.9,8.86848151404094,21.0430146981294,14,348000,0.3625,0.8448731,6.5,1,VeryHighMobility,0,2026-08-06 00:04:30
HighSpeedRail,210,ETU,5,9,4.93303287757846,16QAM,MRC,25,0,0,0,0,160,15,3480000,3.625,0.5226595,3.1,1,VeryHighMobility,0,2026-08-06 00:04:31
HighSpeedRail,210,ETU,5,9,4.97990140445551,16QAM,MRC,30,0,0,0,0,160,15,3480000,3.625,0.4664521,2.3,1,VeryHighMobility,0,2026-08-06 00:04:31
HighSpeedRail,210,ETU,5,9,4.94024810913141,16QAM,LMMSE,0,0.388254310344828,0.901966594827586,1,87.1099907524734,1.19864064729996,4,0,0,0.3008188,1,1,VeryHighMobility,0,2026-08-06 00:04:31
HighSpeedRail,210,ETU,5,9,4.98047935627666,16QAM,LMMSE,5,0.339581088362069,0.876939655172414,1,76.9520402703806,2.27559721998435,4,0,0,0.291171,1,1,VeryHighMobility,0,2026-08-06 00:04:32
HighSpeedRail,210,ETU,5,9,4.96162900415744,16QAM,LMMSE,10,0.287143049568966,0.805765086206897,1,68.857612044054,3.2409608507718,5,0,0,0.2974904,1,1,VeryHighMobility,0,2026-08-06 00:04:32
HighSpeedRail,210,ETU,5,9,4.96584382805985,16QAM,LMMSE,15,0.180004040948276,0.582300646551724,1,53.3423775578305,5.45855261985409,6,0,0,0.3060075,1,1,VeryHighMobility,0,2026-08-06 00:04:32
HighSpeedRail,210,ETU,5,9,4.97925116880776,16QAM,LMMSE,20,0.0704337284482759,0.259886853448276,1,32.7527475808871,9.69504523609066,8,0,0,0.3020831,1,1,VeryHighMobility,0,2026-08-06 00:04:32
HighSpeedRail,210,ETU,5,9,4.97140120742178,16QAM,LMMSE,25,0.0107758620689655,0.0418372844827586,1,10.3005857489773,19.7427615635363,13,0,0,0.3022683,1,1,VeryHighMobility,0,2026-08-06 00:04:33
HighSpeedRail,210,ETU,5,9,4.93757460983144,16QAM,LMMSE,30,0.000969827586206897,0.00387931034482759,0.3,1.85334134606474,34.6408917101171,15,2436000,2.5375,0.2865707,1,1,VeryHighMobility,0,2026-08-06 00:04:33
HighSpeedRail,210,ETU,5,9,4.98055765048875,16QAM,MPA,0,0.374744073275862,0.898410560344828,1,84.268297855591,1.48671556702199,4,0,0,0.4063455,10,1,VeryHighMobility,0,2026-08-06 00:04:33
HighSpeedRail,210,ETU,5,9,4.98122053437831,16QAM,MPA,5,0.351663523706897,0.884105603448276,1,79.1414863104601,2.03191595520072,4,0,0,0.480774,10,1,VeryHighMobility,0,2026-08-06 00:04:34
HighSpeedRail,210,ETU,5,9,4.97894700280017,16QAM,MPA,10,0.335109105603448,0.874164870689655,1,76.2111327300219,2.35963166767884,4,0,0,0.478828,10,1,VeryHighMobility,0,2026-08-06 00:04:34
HighSpeedRail,210,ETU,5,9,4.93393348043509,16QAM,MPA,15,0.32567349137931,0.866594827586207,1,74.0400613280105,2.61066460378366,5,0,0,0.4929603,10,1,VeryHighMobility,0,2026-08-06 00:04:35
HighSpeedRail,210,ETU,5,9,4.84941459537285,16QAM,MPA,20,0.330778556034483,0.869046336206897,1,75.2268103434758,2.47254704212081,5,0,0,0.4436051,10,1,VeryHighMobility,0,2026-08-06 00:04:35
HighSpeedRail,210,ETU,5,9,4.95025450990063,16QAM,MPA,25,0.323067079741379,0.862149784482759,1,73.7361253418295,2.64639374546705,5,0,0,0.5212737,10,1,VeryHighMobility,0,2026-08-06 00:04:36
HighSpeedRail,210,ETU,5,9,4.90026484255143,16QAM,MPA,30,0.325633081896552,0.867025862068965,1,73.800991774538,2.63875603743754,5,0,0,0.7383583,10,1,VeryHighMobility,0,2026-08-06 00:04:37
HighSpeedRail,210,ETU,5,9,4.65060912559471,64QAM,MRC,0,0.416945043103448,0.951885775862069,1,110.755897540027,-0.88733721725165,3,0,0,1.1673414,8,1,VeryHighMobility,0,2026-08-06 00:04:38
HighSpeedRail,210,ETU,5,9,4.98100765495948,64QAM,MRC,5,0.342214439655172,0.911287715517241,1,75.5018172623319,2.44085190317655,5,0,0,1.0794649,9.4,1,VeryHighMobility,0,2026-08-06 00:04:39
HighSpeedRail,210,ETU,5,9,4.9775245976317,64QAM,MRC,10,0.231056932471264,0.803178879310345,1,45.0941409402286,6.91759764254157,7,0,0,0.9281152,7.6,1,VeryHighMobility,0,2026-08-06 00:04:40
HighSpeedRail,210,ETU,5,9,4.9812235381265,64QAM,MRC,15,0.138025323275862,0.624595905172414,1,29.3431465996163,10.6498663322973,9,0,0,1.1001414,9.3,1,VeryHighMobility,0,2026-08-06 00:04:41
HighSpeedRail,210,ETU,5,9,4.69198639561122,64QAM,MRC,20,0.0925287356321839,0.461584051724138,1,22.9978104472468,12.7662701978601,10,0,0,1.3886718,10,1,VeryHighMobility,0,2026-08-06 00:04:42
HighSpeedRail,210,ETU,5,9,4.92698319272479,64QAM,MRC,25,0.0293372844827586,0.15948275862069,1,10.9547723466185,19.2079328634524,13,0,0,1.6375188,13.6,1,VeryHighMobility,0,2026-08-06 00:04:44
HighSpeedRail,210,ETU,5,9,4.83911040430442,64QAM,MRC,30,9.42887931034483e-05,0.00056573275862069,0.4,0.447228932150701,46.9894021763611,15,3132000,3.2625,1.4005702,13.1,1,VeryHighMobility,0,2026-08-06 00:04:45
HighSpeedRail,210,ETU,5,9,4.98120694658566,64QAM,LMMSE,0,0.423181573275862,0.979903017241379,1,90.7837688599639,0.839835832368044,4,0,0,0.3212062,1,1,VeryHighMobility,0,2026-08-06 00:04:46
HighSpeedRail,210,ETU,5,9,4.91950003560274,64QAM,LMMSE,5,0.401414331896552,0.978178879310345,1,87.4262089741213,1.16716706664046,4,0,0,0.3225749,1,1,VeryHighMobility,0,2026-08-06 00:04:46
HighSpeedRail,210,ETU,5,9,4.78760067320034,64QAM,LMMSE,10,0.396192528735632,0.975215517241379,1,82.0062330000852,1.72306274387029,4,0,0,0.3156579,1,1,VeryHighMobility,0,2026-08-06 00:04:46
HighSpeedRail,210,ETU,5,9,4.7904121557254,64QAM,LMMSE,15,0.382228807471264,0.962365301724138,1,69.8210441045863,3.12027322058578,5,0,0,0.3490442,1,1,VeryHighMobility,0,2026-08-06 00:04:47
HighSpeedRail,210,ETU,5,9,4.87866679628194,64QAM,LMMSE,20,0.291644216954023,0.900700431034483,1,49.904105448594,6.03727449822224,7,0,0,0.3352758,1,1,VeryHighMobility,0,2026-08-06 00:04:47
HighSpeedRail,210,ETU,5,9,4.94303768935206,64QAM,LMMSE,25,0.193745510057471,0.765948275862069,1,35.8681882526151,8.90581119063092,8,0,0,0.3403146,1,1,VeryHighMobility,0,2026-08-06 00:04:47
HighSpeedRail,210,ETU,5,9,4.94305013876997,64QAM,LMMSE,30,0.107161458333333,0.522925646551724,1,24.7728189475483,12.1204914276637,10,0,0,0.464683,1,1,VeryHighMobility,0,2026-08-06 00:04:48
HighSpeedRail,210,ETU,5,9,4.97934766260032,64QAM,MPA,0,0.425862068965517,0.9796875,1,91.0142628536488,0.81781088033472,4,0,0,1.0237647,10,1,VeryHighMobility,0,2026-08-06 00:04:49
HighSpeedRail,210,ETU,5,9,4.85785776034811,64QAM,MPA,5,0.40522180316092,0.977720905172414,1,88.127105567645,1.09780987082272,4,0,0,1.0672173,10,1,VeryHighMobility,0,2026-08-06 00:04:50
HighSpeedRail,210,ETU,5,9,4.96749454562135,64QAM,MPA,10,0.389780890804598,0.97667025862069,1,85.9715217741974,1.31290771572056,4,0,0,0.8184115,10,1,VeryHighMobility,0,2026-08-06 00:04:51
HighSpeedRail,210,ETU,5,9,4.83478894613754,64QAM,MPA,15,0.395061063218391,0.976804956896552,1,86.2549100238876,1.28432347046504,4,0,0,0.8220172,10,1,VeryHighMobility,0,2026-08-06 00:04:52
HighSpeedRail,210,ETU,5,9,4.18081231321129,64QAM,MPA,20,0.412724497126437,0.979337284482759,1,88.5986676295671,1.05145618200565,4,0,0,0.7215171,10,1,VeryHighMobility,0,2026-08-06 00:04:52
HighSpeedRail,210,ETU,5,9,4.90363892318726,64QAM,MPA,25,0.410326867816092,0.979310344827586,1,88.2630655299259,1.08441985646885,4,0,0,0.7388094,10,1,VeryHighMobility,0,2026-08-06 00:04:53
HighSpeedRail,210,ETU,5,9,4.97001356146058,64QAM,MPA,30,0.40969378591954,0.979175646551724,1,88.1559453656545,1.09496785846132,4,0,0,0.8989911,10,1,VeryHighMobility,0,2026-08-06 00:04:54
HighSpeedRail,241,ETU,5,9,5.69321330119111,QPSK,MRC,0,0.248653017241379,0.434455818965517,1,99.4817973354164,0.0451275388498023,3,0,0,0.6587927,3.9,2,VeryHighMobility,0,2026-08-06 00:04:55
HighSpeedRail,241,ETU,5,9,5.71436796479459,QPSK,MRC,5,0.095703125,0.181088362068966,1,60.3159826601127,4.39135184629575,6,0,0,0.5742292,3.5,2,VeryHighMobility,0,2026-08-06 00:04:55
HighSpeedRail,241,ETU,5,9,5.6995573661054,QPSK,MRC,10,0.024609375,0.048114224137931,1,27.8942593496168,11.0897033103777,9,0,0,0.5782265,3.4,2,VeryHighMobility,0,2026-08-06 00:04:56
HighSpeedRail,241,ETU,5,9,5.67348709924556,QPSK,MRC,15,2.69396551724138e-05,5.38793103448276e-05,0.1,0.328266082149306,49.6754797621886,15,1566000,1.63125,0.4604383,2,2,VeryHighMobility,0,2026-08-06 00:04:56
HighSpeedRail,241,ETU,5,9,4.85823044285346,QPSK,MRC,20,0,0,0,0,160,15,1740000,1.8125,0.4797753,2,2,VeryHighMobility,0,2026-08-06 00:04:57
HighSpeedRail,241,ETU,5,9,5.69847915608418,QPSK,MRC,25,0,0,0,0,160,15,1740000,1.8125,0.4560613,2,2,VeryHighMobility,0,2026-08-06 00:04:57
HighSpeedRail,241,ETU,5,9,5.70493468125252,QPSK,MRC,30,0,0,0,0,160,15,1740000,1.8125,0.4872603,2,2,VeryHighMobility,0,2026-08-06 00:04:58
HighSpeedRail,241,ETU,5,9,5.51051100816141,QPSK,LMMSE,0,0.196901939655172,0.35457974137931,1,88.3228425086492,1.07853924837631,4,0,0,0.316134,1,2,VeryHighMobility,0,2026-08-06 00:04:58
HighSpeedRail,241,ETU,5,9,5.5753828675673,QPSK,LMMSE,5,0.0979391163793103,0.185560344827586,1,61.6229736056479,4.20514697420658,5,0,0,0.3112885,1,2,VeryHighMobility,0,2026-08-06 00:04:58
HighSpeedRail,241,ETU,5,9,5.67112851909168,QPSK,LMMSE,10,0.0383216594827586,0.0747844827586207,1,37.1100769557349,8.61016290094331,8,0,0,0.3034349,1,2,VeryHighMobility,0,2026-08-06 00:04:59
HighSpeedRail,241,ETU,5,9,5.1615353134702,QPSK,LMMSE,15,0.00157596982758621,0.00315193965517241,0.9,6.74609770571351,23.4189474617358,15,174000,0.18125,0.3078253,1,2,VeryHighMobility,0,2026-08-06 00:04:59
HighSpeedRail,241,ETU,5,9,5.71574807732515,QPSK,LMMSE,20,0,0,0,0,160,15,1740000,1.8125,0.2950823,1,2,VeryHighMobility,0,2026-08-06 00:04:59
HighSpeedRail,241,ETU,5,9,5.66745936885693,QPSK,LMMSE,25,0,0,0,0,160,15,1740000,1.8125,0.3110625,1,2,VeryHighMobility,0,2026-08-06 00:04:59
HighSpeedRail,241,ETU,5,9,5.55133296528995,QPSK,LMMSE,30,0,0,0,0,160,15,1740000,1.8125,0.3088945,1,2,VeryHighMobility,0,2026-08-06 00:05:00
HighSpeedRail,241,ETU,5,9,5.6569597052792,QPSK,MPA,0,0.264911099137931,0.457381465517241,1,102.793960021485,-0.239351941744802,3,0,0,0.3286147,10,2,VeryHighMobility,0,2026-08-06 00:05:00
HighSpeedRail,241,ETU,5,9,5.7056006673025,QPSK,MPA,5,0.214466594827586,0.382596982758621,1,92.5017885539729,0.676997398924969,4,0,0,0.3387653,10,2,VeryHighMobility,0,2026-08-06 00:05:00
HighSpeedRail,241,ETU,5,9,5.71539949084522,QPSK,MPA,10,0.153178879310345,0.28270474137931,1,78.1934383121723,2.13659379414326,4,0,0,0.3391422,10,2,VeryHighMobility,0,2026-08-06 00:05:01
HighSpeedRail,241,ETU,5,9,5.57530619688446,QPSK,MPA,15,0.135735452586207,0.252424568965517,1,73.6372474255385,2.65804907751637,5,0,0,0.3319759,10,2,VeryHighMobility,0,2026-08-06 00:05:01
HighSpeedRail,241,ETU,5,9,5.65051600143805,QPSK,MPA,20,0.125835129310345,0.23582974137931,1,70.8193140812758,2.99696567812114,5,0,0,0.4166642,10,2,VeryHighMobility,0,2026-08-06 00:05:02
HighSpeedRail,241,ETU,5,9,5.71495126893376,QPSK,MPA,25,0.120581896551724,0.227505387931034,1,69.1848362389412,3.19978165404431,5,0,0,0.4078857,10,2,VeryHighMobility,0,2026-08-06 00:05:02
HighSpeedRail,241,ETU,5,9,5.70895915718868,QPSK,MPA,30,0.126050646551724,0.237284482758621,1,70.9384163454248,2.98237022202363,5,0,0,0.3519817,10,2,VeryHighMobility,0,2026-08-06 00:05:02
HighSpeedRail,241,ETU,5,9,5.69078676540695,16QAM,MRC,0,0.349030172413793,0.806546336206897,1,97.532209235246,0.217038766415277,4,0,0,1.4750634,3.5,2,VeryHighMobility,0,2026-08-06 00:05:04
HighSpeedRail,241,ETU,5,9,5.70945612046514,16QAM,MRC,5,0.261833243534483,0.705064655172414,1,73.2820019398962,2.70005349980242,5,0,0,1.3748949,3.2,2,VeryHighMobility,0,2026-08-06 00:05:05
HighSpeedRail,241,ETU,5,9,5.37472566808561,16QAM,MRC,10,0.149629579741379,0.481169181034483,1,48.8558889912915,6.22166159600782,7,0,0,1.9251619,5.3,2,VeryHighMobility,0,2026-08-06 00:05:07
HighSpeedRail,241,ETU,5,9,5.36809370445365,16QAM,MRC,15,0.0709590517241379,0.253960129310345,1,32.0377673361598,9.88675513725607,8,0,0,2.1524694,6,2,VeryHighMobility,0,2026-08-06 00:05:09
HighSpeedRail,241,ETU,5,9,5.33179338781807,16QAM,MRC,20,0.0145676185344828,0.0526400862068966,0.9,9.13950622472129,20.7815453406222,13,348000,0.3625,1.8332222,4.9,2,VeryHighMobility,0,2026-08-06 00:05:11
HighSpeedRail,241,ETU,5,9,5.67342407230872,16QAM,MRC,25,6.73491379310345e-06,2.69396551724138e-05,0.1,0.10331813520549,59.7164688206431,15,3132000,3.2625,1.2589758,2.8,2,VeryHighMobility,0,2026-08-06 00:05:12
HighSpeedRail,241,ETU,5,9,5.65051793647605,16QAM,MRC,30,0,0,0,0,160,15,3480000,3.625,1.1108722,2.3,2,VeryHighMobility,0,2026-08-06 00:05:13
HighSpeedRail,241,ETU,5,9,5.66612603557956,16QAM,LMMSE,0,0.367355872844828,0.893669181034483,1,83.1241885190411,1.60545162738228,4,0,0,0.5092141,1,2,VeryHighMobility,0,2026-08-06 00:05:14
HighSpeedRail,241,ETU,5,9,5.31068114229625,16QAM,LMMSE,5,0.349178340517241,0.883459051724138,1,78.6952840290383,2.08102585638493,4,0,0,0.5143874,1,2,VeryHighMobility,0,2026-08-06 00:05:14
HighSpeedRail,241,ETU,5,9,5.71628915768049,16QAM,LMMSE,10,0.271484375,0.775511853448276,1,66.3977853097893,3.55692812462106,5,0,0,0.5211024,1,2,VeryHighMobility,0,2026-08-06 00:05:15
HighSpeedRail,241,ETU,5,9,5.66805770561221,16QAM,LMMSE,15,0.185984644396552,0.591971982758621,1,53.8584190787197,5.37492797410287,6,0,0,0.5094501,1,2,VeryHighMobility,0,2026-08-06 00:05:15
HighSpeedRail,241,ETU,5,9,5.40101180762111,16QAM,LMMSE,20,0.060088900862069,0.224407327586207,1,30.5865086612818,10.2894018664357,8,0,0,0.5024251,1,2,VeryHighMobility,0,2026-08-06 00:05:16
HighSpeedRail,241,ETU,5,9,5.69972486349582,16QAM,LMMSE,25,0.010028286637931,0.0389816810344828,1,10.3265636851354,19.7208834454268,13,0,0,0.5126089,1,2,VeryHighMobility,0,2026-08-06 00:05:17
HighSpeedRail,241,ETU,5,9,5.71545618224174,16QAM,LMMSE,30,0.00140759698275862,0.00563038793103448,0.4,2.60834454989259,31.672700818361,15,2088000,2.175,0.5301455,1,2,VeryHighMobility,0,2026-08-06 00:05:17
HighSpeedRail,241,ETU,5,9,5.64378437092129,16QAM,MPA,0,0.380650592672414,0.898949353448276,1,85.6143547169282,1.34906824578198,4,0,0,0.5756517,10,2,VeryHighMobility,0,2026-08-06 00:05:18
HighSpeedRail,241,ETU,5,9,5.68437200971329,16QAM,MPA,5,0.343521012931034,0.878609913793103,1,77.7416810072123,2.18692145720198,4,0,0,0.590167,10,2,VeryHighMobility,0,2026-08-06 00:05:18
HighSpeedRail,241,ETU,5,9,5.67245971372322,16QAM,MPA,10,0.334415409482759,0.873275862068966,1,75.839397967498,2.40210246393548,5,0,0,0.6162297,10,2,VeryHighMobility,0,2026-08-06 00:05:19
HighSpeedRail,241,ETU,5,9,5.12295552010277,16QAM,MPA,15,0.321390086206897,0.862015086206897,1,73.7834670883985,2.64081882225429,5,0,0,0.6166777,10,2,VeryHighMobility,0,2026-08-06 00:05:19
HighSpeedRail,241,ETU,5,9,5.64114416737092,16QAM,MPA,20,0.3244140625,0.864709051724138,1,73.9853291643975,2.61708779311461,5,0,0,0.6090919,10,2,VeryHighMobility,0,2026-08-06 00:05:20
HighSpeedRail,241,ETU,5,9,5.71407362169284,16QAM,MPA,25,0.319807381465517,0.859994612068966,1,73.1878846194322,2.711216105172,5,0,0,0.5757709,10,2,VeryHighMobility,0,2026-08-06 00:05:21
HighSpeedRail,241,ETU,5,9,5.50810308632534,16QAM,MPA,30,0.327121497844828,0.867025862068965,1,74.3130816445034,2.57869457648638,5,0,0,0.6130422,10,2,VeryHighMobility,0,2026-08-06 00:05:21
HighSpeedRail,241,ETU,5,9,5.68156511863605,64QAM,MRC,0,0.417551185344828,0.951508620689655,1,110.900554582287,-0.898674358767617,3,0,0,2.6673043,9.1,2,VeryHighMobility,0,2026-08-06 00:05:24
HighSpeedRail,241,ETU,5,9,5.68608424577551,64QAM,MRC,5,0.347292564655172,0.917025862068966,1,76.0690550595695,2.37583957156416,4,0,0,2.1212513,8.5,2,VeryHighMobility,0,2026-08-06 00:05:26
HighSpeedRail,241,ETU,5,9,5.70685482530736,64QAM,MRC,10,0.254772808908046,0.833512931034483,1,50.0381167085924,6.01398088543075,7,0,0,2.2159402,8.3,2,VeryHighMobility,0,2026-08-06 00:05:28
HighSpeedRail,241,ETU,5,9,5.71653598693913,64QAM,MRC,15,0.169917385057471,0.688739224137931,1,34.4015405924304,9.26844216263347,8,0,0,2.5037309,10.1,2,VeryHighMobility,0,2026-08-06 00:05:31
HighSpeedRail,241,ETU,5,9,5.71394671234054,64QAM,MRC,20,0.0676903735632184,0.349919181034483,1,18.8727336269286,14.4833037952107,11,0,0,2.2488129,10,2,VeryHighMobility,0,2026-08-06 00:05:33
HighSpeedRail,241,ETU,5,9,5.69491984740583,64QAM,MRC,25,0.0207121048850575,0.113415948275862,1,8.68003481339513,21.229570659523,14,0,0,2.4377528,10.2,2,VeryHighMobility,0,2026-08-06 00:05:35
HighSpeedRail,241,ETU,5,9,5.68718019158397,64QAM,MRC,30,4.48994252873563e-05,0.000242456896551724,0.1,0.160144579732586,55.9097551184065,15,4698000,4.89375,2.8216949,13.7,2,VeryHighMobility,0,2026-08-06 00:05:38
HighSpeedRail,241,ETU,5,9,5.71653693260999,64QAM,LMMSE,0,0.42063128591954,0.981734913793103,1,90.2169316940107,0.894238949558873,4,0,0,0.539896,1,2,VeryHighMobility,0,2026-08-06 00:05:39
HighSpeedRail,241,ETU,5,9,5.64578528352883,64QAM,LMMSE,5,0.406056932471264,0.979310344827586,1,88.1383702516455,1.09669968402393,4,0,0,0.5162812,1,2,VeryHighMobility,0,2026-08-06 00:05:39
HighSpeedRail,241,ETU,5,9,5.64870352776258,64QAM,LMMSE,10,0.396488864942529,0.974730603448276,1,84.2301878249764,1.49064461747403,4,0,0,0.547234,1,2,VeryHighMobility,0,2026-08-06 00:05:40
HighSpeedRail,241,ETU,5,9,5.66090943830271,64QAM,LMMSE,15,0.37684536637931,0.958566810344828,1,68.1876653092536,3.3258835838823,5,0,0,0.5434287,1,2,VeryHighMobility,0,2026-08-06 00:05:40
HighSpeedRail,241,ETU,5,9,5.68206633701038,64QAM,LMMSE,20,0.294989224137931,0.904418103448276,1,50.6051597011095,5.91610400491201,7,0,0,0.5298983,1,2,VeryHighMobility,0,2026-08-06 00:05:41
HighSpeedRail,241,ETU,5,9,5.71024230551244,64QAM,LMMSE,25,0.179000538793103,0.737904094827586,1,33.7698051078076,9.42942891512592,8,0,0,0.4994666,1,2,VeryHighMobility,0,2026-08-06 00:05:41
HighSpeedRail,241,ETU,5,9,5.71262734840412,64QAM,LMMSE,30,0.0899604885057471,0.450134698275862,1,22.4811549966254,12.9636276024729,10,0,0,0.5089651,1,2,VeryHighMobility,0,2026-08-06 00:05:42
HighSpeedRail,241,ETU,5,9,5.67637956935791,64QAM,MPA,0,0.426252693965517,0.980414870689655,1,91.0764005623602,0.811882830087061,4,0,0,0.8993873,10,2,VeryHighMobility,0,2026-08-06 00:05:43
HighSpeedRail,241,ETU,5,9,5.65183942365978,64QAM,MPA,5,0.404364224137931,0.97734375,1,88.0424258342067,1.10615999663642,4,0,0,0.9351567,10,2,VeryHighMobility,0,2026-08-06 00:05:44
HighSpeedRail,241,ETU,5,9,5.54667784885767,64QAM,MPA,10,0.388995150862069,0.975323275862069,1,85.738276690216,1.33650499813853,4,0,0,0.9087588,10,2,VeryHighMobility,0,2026-08-06 00:05:45
HighSpeedRail,241,ETU,5,9,5.57947876063508,64QAM,MPA,15,0.396906429597701,0.978071120689655,1,86.2587680962633,1.28393497036184,4,0,0,0.8692687,10,2,VeryHighMobility,0,2026-08-06 00:05:46
HighSpeedRail,241,ETU,5,9,5.62066332303168,64QAM,MPA,20,0.407044719827586,0.979552801724138,1,87.797319952716,1.13037481798529,4,0,0,0.914548,10,2,VeryHighMobility,0,2026-08-06 00:05:46
HighSpeedRail,241,ETU,5,9,5.7027709697182,64QAM,MPA,25,0.410784841954023,0.978367456896552,1,88.2380835757552,1.08687865630578,4,0,0,0.6648528,10,2,VeryHighMobility,0,2026-08-06 00:05:47
HighSpeedRail,241,ETU,5,9,5.71496380450478,64QAM,MPA,30,0.411444863505747,0.97879849137931,1,88.4813661735428,1.06296360753021,4,0,0,0.6309013,10,2,VeryHighMobility,0,2026-08-06 00:05:48
HighSpeedRail,269,ETU,5,9,6.02327294653547,QPSK,MRC,0,0.257421875,0.445366379310345,1,101.236901425536,-0.106776883342386,3,0,0,0.5318683,3.5,3,VeryHighMobility,0,2026-08-06 00:05:48
HighSpeedRail,269,ETU,5,9,6.37474743166915,QPSK,MRC,5,0.0977774784482759,0.185668103448276,1,61.7817837446788,4.1827911407341,5,0,0,0.6058782,3.6,3,VeryHighMobility,0,2026-08-06 00:05:49
HighSpeedRail,269,ETU,5,9,6.362956702427,QPSK,MRC,10,0.033203125,0.0631734913793103,1,30.7799615192323,10.2346385490872,8,0,0,0.6267341,4,3,VeryHighMobility,0,2026-08-06 00:05:50
HighSpeedRail,269,ETU,5,9,5.91261387525436,QPSK,MRC,15,0.000538793103448276,0.00107758620689655,0.2,1.96959649289584,34.1124547545157,15,1392000,1.45,0.4900759,2.3,3,VeryHighMobility,0,2026-08-06 00:05:50
HighSpeedRail,269,ETU,5,9,6.38065780523363,QPSK,MRC,20,0,0,0,0,160,15,1740000,1.8125,0.4760332,2,3,VeryHighMobility,0,2026-08-06 00:05:51
HighSpeedRail,269,ETU,5,9,6.11083685664925,QPSK,MRC,25,0,0,0,0,160,15,1740000,1.8125,0.4566466,2,3,VeryHighMobility,0,2026-08-06 00:05:51
HighSpeedRail,269,ETU,5,9,5.99754388749634,QPSK,MRC,30,0,0,0,0,160,15,1740000,1.8125,0.4485384,2,3,VeryHighMobility,0,2026-08-06 00:05:51
HighSpeedRail,269,ETU,5,9,6.38017893287425,QPSK,LMMSE,0,0.219356142241379,0.387850215517241,1,93.1253718550494,0.618639601539092,4,0,0,0.3040359,1,3,VeryHighMobility,0,2026-08-06 00:05:52
HighSpeedRail,269,ETU,5,9,6.34790625833039,QPSK,LMMSE,5,0.100094288793103,0.189547413793103,1,63.0103718006985,4.01175915535169,5,0,0,0.3328278,1,3,VeryHighMobility,0,2026-08-06 00:05:52
HighSpeedRail,269,ETU,5,9,6.35347290260182,QPSK,LMMSE,10,0.0356815732758621,0.0693696120689655,1,34.5331131587844,9.23528536510654,8,0,0,0.3885802,1,3,VeryHighMobility,0,2026-08-06 00:05:52
HighSpeedRail,269,ETU,5,9,6.37047273181446,QPSK,LMMSE,15,0.00228987068965517,0.00457974137931034,0.9,7.69138084245764,22.2799136762086,14,174000,0.18125,0.3383604,1,3,VeryHighMobility,0,2026-08-06 00:05:53
HighSpeedRail,269,ETU,5,9,6.37716828571205,QPSK,LMMSE,20,0.00021551724137931,0.000431034482758621,0.1,0.928476690885259,40.6445798922692,15,1566000,1.63125,0.3137063,1,3,VeryHighMobility,0,2026-08-06 00:05:53
HighSpeedRail,269,ETU,5,9,6.38017873795105,QPSK,LMMSE,25,0,0,0,0,160,15,1740000,1.8125,0.3244617,1,3,VeryHighMobility,0,2026-08-06 00:05:53
HighSpeedRail,269,ETU,5,9,6.26877628556231,QPSK,LMMSE,30,0,0,0,0,160,15,1740000,1.8125,0.3147872,1,3,VeryHighMobility,0,2026-08-06 00:05:54
HighSpeedRail,269,ETU,5,9,6.37333710786908,QPSK,MPA,0,0.272696659482759,0.470474137931034,1,104.310273362446,-0.366541670908798,3,0,0,0.3344314,10,3,VeryHighMobility,0,2026-08-06 00:05:54
HighSpeedRail,269,ETU,5,9,6.17458501259141,QPSK,MPA,5,0.20340786637931,0.364224137931034,1,89.9657997059543,0.918451104945223,4,0,0,0.3351077,10,3,VeryHighMobility,0,2026-08-06 00:05:54
HighSpeedRail,269,ETU,5,9,6.37976080313672,QPSK,MPA,10,0.163483297413793,0.299595905172414,1,80.719696274282,1.86040961794312,4,0,0,0.3616154,10,3,VeryHighMobility,0,2026-08-06 00:05:55
HighSpeedRail,269,ETU,5,9,6.36438763105003,QPSK,MPA,15,0.137432650862069,0.257112068965517,1,74.0366560513021,2.61106409748133,5,0,0,0.3489673,10,3,VeryHighMobility,0,2026-08-06 00:05:55
HighSpeedRail,269,ETU,5,9,5.86106820016517,QPSK,MPA,20,0.133041487068966,0.248006465517241,1,72.8013822536797,2.75720749630883,5,0,0,0.3410765,10,3,VeryHighMobility,0,2026-08-06 00:05:55
HighSpeedRail,269,ETU,5,9,6.35899569342604,QPSK,MPA,25,0.129283405172414,0.24140625,1,71.763472688103,2.88193107241497,5,0,0,0.3594269,10,3,VeryHighMobility,0,2026-08-06 00:05:56
HighSpeedRail,269,ETU,5,9,6.3261741235003,QPSK,MPA,30,0.133324353448276,0.248060344827586,1,72.9401037094967,2.7406724704502,5,0,0,0.344801,10,3,VeryHighMobility,0,2026-08-06 00:05:56
HighSpeedRail,269,ETU,5,9,6.3757045690297,16QAM,MRC,0,0.324380387931034,0.778125,1,90.8841561154335,0.83023641947283,4,0,0,0.6210334,3.4,3,VeryHighMobility,0,2026-08-06 00:05:57
HighSpeedRail,269,ETU,5,9,5.20046192526665,16QAM,MRC,5,0.264446390086207,0.707543103448276,1,74.6948265067428,2.53418954264283,5,0,0,0.6483563,3.9,3,VeryHighMobility,0,2026-08-06 00:05:57
HighSpeedRail,269,ETU,5,9,6.33805231560316,16QAM,MRC,10,0.139042295258621,0.466675646551724,1,47.5399431144243,6.45882684555449,7,0,0,0.6691868,4.3,3,VeryHighMobility,0,2026-08-06 00:05:58
HighSpeedRail,269,ETU,5,9,6.2483296360957,16QAM,MRC,15,0.0607623922413793,0.218884698275862,1,27.983172855514,11.062060896584,9,0,0,0.8033415,6.1,3,VeryHighMobility,0,2026-08-06 00:05:59
HighSpeedRail,269,ETU,5,9,6.33982586858018,16QAM,MRC,20,0.00922683189655172,0.0352909482758621,0.9,8.14452149972471,21.7826885184135,14,348000,0.3625,0.7646285,5.9,3,VeryHighMobility,0,2026-08-06 00:06:00
HighSpeedRail,269,ETU,5,9,5.77244433029304,16QAM,MRC,25,0.000323275862068966,0.00115840517241379,0.2,0.850656368259704,41.40491684784,15,2784000,2.9,0.5868269,3.3,3,VeryHighMobility,0,2026-08-06 00:06:00
HighSpeedRail,269,ETU,5,9,6.20868636672375,16QAM,MRC,30,0,0,0,0,160,15,3480000,3.625,0.4985989,2.4,3,VeryHighMobility,0,2026-08-06 00:06:01
HighSpeedRail,269,ETU,5,9,6.35362655166305,16QAM,LMMSE,0,0.377478448275862,0.898410560344828,1,85.095911558062,1.40182610275635,4,0,0,0.4008056,1,3,VeryHighMobility,0,2026-08-06 00:06:01
HighSpeedRail,269,ETU,5,9,6.37874113328411,16QAM,LMMSE,5,0.352828663793103,0.886853448275862,1,79.6549568795621,1.97574386280429,4,0,0,0.3103282,1,3,VeryHighMobility,0,2026-08-06 00:06:02
HighSpeedRail,269,ETU,5,9,6.32691015877245,16QAM,LMMSE,10,0.282765355603448,0.801212284482759,1,68.1982409300373,3.32453654330166,5,0,0,0.3016996,1,3,VeryHighMobility,0,2026-08-06 00:06:02
HighSpeedRail,269,ETU,5,9,6.28865585146265,16QAM,LMMSE,15,0.168534482758621,0.552855603448276,1,51.6591011787382,5.73706308849991,6,0,0,0.2980536,1,3,VeryHighMobility,0,2026-08-06 00:06:02
HighSpeedRail,269,ETU,5,9,6.24944071351833,16QAM,LMMSE,20,0.0742793642241379,0.265086206896552,1,32.5089914160658,9.7599300836129,8,0,0,0.3012476,1,3,VeryHighMobility,0,2026-08-06 00:06:02
HighSpeedRail,269,ETU,5,9,6.35582078945161,16QAM,LMMSE,25,0.00831088362068966,0.0328125,0.9,9.50084402234757,20.4447562353473,13,348000,0.3625,0.3102003,1,3,VeryHighMobility,0,2026-08-06 00:06:03
HighSpeedRail,269,ETU,5,9,6.34692383629107,16QAM,LMMSE,30,1.34698275862069e-05,5.38793103448276e-05,0.2,0.207138139067921,53.6747985955956,15,2784000,2.9,0.3084333,1,3,VeryHighMobility,0,2026-08-06 00:06:03
HighSpeedRail,269,ETU,5,9,6.36529402674621,16QAM,MPA,0,0.377498653017241,0.895662715517241,1,85.486343750318,1.36206514580468,4,0,0,0.4209851,10,3,VeryHighMobility,0,2026-08-06 00:06:03
HighSpeedRail,269,ETU,5,9,6.38069459244531,16QAM,MPA,5,0.342106681034483,0.876697198275862,1,77.5903698509044,2.20384355941002,4,0,0,0.4412863,10,3,VeryHighMobility,0,2026-08-06 00:06:04
HighSpeedRail,269,ETU,5,9,6.32262426028606,16QAM,MPA,10,0.33153286637931,0.8703125,1,75.2307743533171,2.47208935895271,5,0,0,0.4509803,10,3,VeryHighMobility,0,2026-08-06 00:06:04
HighSpeedRail,269,ETU,5,9,6.33537355861228,16QAM,MPA,15,0.326751077586207,0.865975215517241,1,74.2099079728672,2.59076213951946,5,0,0,0.4139038,10,3,VeryHighMobility,0,2026-08-06 00:06:05
HighSpeedRail,269,ETU,5,9,6.32186999578769,16QAM,MPA,20,0.322440732758621,0.862473060344828,1,73.4878126867845,2.67569357797426,5,0,0,0.4385604,10,3,VeryHighMobility,0,2026-08-06 00:06:05
HighSpeedRail,269,ETU,5,9,6.28232491793224,16QAM,MPA,25,0.321316002155172,0.861449353448276,1,73.1924168250952,2.7106782426614,5,0,0,0.4280064,10,3,VeryHighMobility,0,2026-08-06 00:06:06
HighSpeedRail,269,ETU,5,9,5.83105481590612,16QAM,MPA,30,0.323444234913793,0.865167025862069,1,73.7254137019583,2.64765563548298,5,0,0,0.4255906,10,3,VeryHighMobility,0,2026-08-06 00:06:06
HighSpeedRail,269,ETU,5,9,6.26266625108676,64QAM,MRC,0,0.427545797413793,0.956654094827586,1,117.661211696143,-1.41266633032977,3,0,0,1.0023739,8.9,3,VeryHighMobility,0,2026-08-06 00:06:07
HighSpeedRail,269,ETU,5,9,6.26712860493158,64QAM,MRC,5,0.335255028735632,0.905603448275862,1,71.4172345353401,2.92393941702739,5,0,0,0.9598568,8.8,3,VeryHighMobility,0,2026-08-06 00:06:08
HighSpeedRail,269,ETU,5,9,5.65082422899406,64QAM,MRC,10,0.276629849137931,0.857435344827586,1,55.2112839182333,5.15944306765892,6,0,0,1.1146989,10.3,3,VeryHighMobility,0,2026-08-06 00:06:09
HighSpeedRail,269,ETU,5,9,6.38068234192633,64QAM,MRC,15,0.169082255747126,0.703502155172414,1,33.9191318249897,9.39110544460457,8,0,0,0.8249069,7.3,3,VeryHighMobility,0,2026-08-06 00:06:10
HighSpeedRail,269,ETU,5,9,6.33400725475223,64QAM,MRC,20,0.087585308908046,0.448464439655172,1,22.4197564942267,12.9873821736148,10,0,0,1.0289344,10.3,3,VeryHighMobility,0,2026-08-06 00:06:11
HighSpeedRail,269,ETU,5,9,6.30361463071536,64QAM,MRC,25,0.0141343390804598,0.0786368534482759,0.9,6.70563549592993,23.4712011517815,15,522000,0.54375,1.2027496,12.9,3,VeryHighMobility,0,2026-08-06 00:06:12
HighSpeedRail,269,ETU,5,9,6.28705955849078,64QAM,MRC,30,0.000938397988505747,0.00554956896551724,0.5,1.20859015176191,38.354418978731,15,2610000,2.71875,1.3996526,14.4,3,VeryHighMobility,0,2026-08-06 00:06:14
HighSpeedRail,269,ETU,5,9,5.96103705018044,64QAM,LMMSE,0,0.428295617816092,0.980684267241379,1,91.3252310360214,0.788184408591419,4,0,0,0.3265256,1,3,VeryHighMobility,0,2026-08-06 00:06:14
HighSpeedRail,269,ETU,5,9,6.35275825974948,64QAM,LMMSE,5,0.407417385057471,0.978636853448276,1,88.3005274136664,1.08073404800448,4,0,0,0.3416341,1,3,VeryHighMobility,0,2026-08-06 00:06:14
HighSpeedRail,269,ETU,5,9,6.37502521426505,64QAM,LMMSE,10,0.397211745689655,0.975323275862069,1,82.7852451648953,1.64094121465944,4,0,0,0.3160614,1,3,VeryHighMobility,0,2026-08-06 00:06:15
HighSpeedRail,269,ETU,5,9,6.21096965655325,64QAM,LMMSE,15,0.381609195402299,0.962338362068966,1,69.0611558531842,3.21532314572057,5,0,0,0.3426893,1,3,VeryHighMobility,0,2026-08-06 00:06:15
HighSpeedRail,269,ETU,5,9,6.00645329023035,64QAM,LMMSE,20,0.269737787356322,0.879310344827586,1,46.2477904080253,6.69818023645588,7,0,0,0.4498584,1,3,VeryHighMobility,0,2026-08-06 00:06:15
HighSpeedRail,269,ETU,5,9,6.35846887869493,64QAM,LMMSE,25,0.190095186781609,0.754418103448276,1,35.4262219678634,9.01350321130809,8,0,0,0.3530453,1,3,VeryHighMobility,0,2026-08-06 00:06:16
HighSpeedRail,269,ETU,5,9,6.27539625504757,64QAM,LMMSE,30,0.0780441810344828,0.405226293103448,1,20.9212570015423,13.5882445104036,10,0,0,0.3480346,1,3,VeryHighMobility,0,2026-08-06 00:06:16
HighSpeedRail,269,ETU,5,9,6.12890514438122,64QAM,MPA,0,0.420397808908046,0.978933189655172,1,90.5152766862642,0.865562333986488,4,0,0,0.641187,10,3,VeryHighMobility,0,2026-08-06 00:06:17
HighSpeedRail,269,ETU,5,9,6.02125429436957,64QAM,MPA,5,0.40923132183908,0.979822198275862,1,88.5005732799794,1.06107832129202,4,0,0,0.660519,10,3,VeryHighMobility,0,2026-08-06 00:06:17
HighSpeedRail,269,ETU,5,9,6.36940639558902,64QAM,MPA,10,0.390984195402299,0.975484913793103,1,86.106937285544,1.29923715595307,4,0,0,0.6970219,10,3,VeryHighMobility,0,2026-08-06 00:06:18
HighSpeedRail,269,ETU,5,9,5.96636717960279,64QAM,MPA,15,0.396601113505747,0.977882543103448,1,86.2181292235654,1.28802809558947,4,0,0,0.6925023,10,3,VeryHighMobility,0,2026-08-06 00:06:19
HighSpeedRail,269,ETU,5,9,5.57742707784653,64QAM,MPA,20,0.407632902298851,0.979660560344828,1,87.6529382696998,1.14467042131161,4,0,0,0.7027571,10,3,VeryHighMobility,0,2026-08-06 00:06:19
HighSpeedRail,269,ETU,5,9,6.3787664646174,64QAM,MPA,25,0.411633441091954,0.979040948275862,1,88.4026226397663,1.0706970117107,4,0,0,0.763258,10,3,VeryHighMobility,0,2026-08-06 00:06:20
HighSpeedRail,269,ETU,5,9,6.32640012412746,64QAM,MPA,30,0.409886853448276,0.978556034482759,1,88.3032030994985,1.0804708518446,4,0,0,0.8791801,10,3,VeryHighMobility,0,2026-08-06 00:06:21
HighSpeedRail,241,ETU,5,9,5.69324304735909,QPSK,MRC,0,0.241311961206897,0.417834051724138,1,96.7939317234675,0.283037378960605,4,0,0,0.5392743,2.3,4,VeryHighMobility,0,2026-08-06 00:06:22
HighSpeedRail,241,ETU,5,9,5.57636688935482,QPSK,MRC,5,0.0945177801724138,0.178044181034483,1,59.4717064989614,4.51379199091937,6,0,0,0.6595186,3.4,4,VeryHighMobility,0,2026-08-06 00:06:22
HighSpeedRail,241,ETU,5,9,5.71575410686092,QPSK,MRC,10,0.014911099137931,0.029364224137931,0.9,21.6393678775256,13.2951085971062,10,174000,0.18125,0.6997892,3.4,4,VeryHighMobility,0,2026-08-06 00:06:23
HighSpeedRail,241,ETU,5,9,5.71550806874418,QPSK,MRC,15,0.001953125,0.00385237068965517,0.8,5.30918126412334,25.4994489376498,15,348000,0.3625,0.5831651,2.8,4,VeryHighMobility,0,2026-08-06 00:06:24
HighSpeedRail,241,ETU,5,9,5.69812081824065,QPSK,MRC,20,0,0,0,0,160,15,1740000,1.8125,0.6272555,2,4,VeryHighMobility,0,2026-08-06 00:06:24
HighSpeedRail,241,ETU,5,9,5.65623492432588,QPSK,MRC,25,0,0,0,0,160,15,1740000,1.8125,0.4432767,2,4,VeryHighMobility,0,2026-08-06 00:06:25
HighSpeedRail,241,ETU,5,9,5.64409945845679,QPSK,MRC,30,0,0,0,0,160,15,1740000,1.8125,0.4693778,2,4,VeryHighMobility,0,2026-08-06 00:06:25
HighSpeedRail,241,ETU,5,9,5.704556834288,QPSK,LMMSE,0,0.203663793103448,0.364628232758621,1,89.4933906219742,0.964180751200782,4,0,0,0.3286225,1,4,VeryHighMobility,0,2026-08-06 00:06:25
HighSpeedRail,241,ETU,5,9,5.49317167014354,QPSK,LMMSE,5,0.117254849137931,0.218049568965517,1,66.6486989935151,3.52416647502554,5,0,0,0.3374883,1,4,VeryHighMobility,0,2026-08-06 00:06:26
HighSpeedRail,241,ETU,5,9,5.71085051636841,QPSK,LMMSE,10,0.0235183189655172,0.0461745689655172,1,29.3846873021446,10.637578529603,9,0,0,0.3194859,1,4,VeryHighMobility,0,2026-08-06 00:06:26
HighSpeedRail,241,ETU,5,9,5.70793492979258,QPSK,LMMSE,15,0.00102370689655172,0.00202047413793103,0.6,4.61706713459714,26.7126762106315,15,696000,0.725,0.2991302,1,4,VeryHighMobility,0,2026-08-06 00:06:26
HighSpeedRail,241,ETU,5,9,5.36697292809838,QPSK,LMMSE,20,0,0,0,0,160,15,1740000,1.8125,0.2917003,1,4,VeryHighMobility,0,2026-08-06 00:06:27
HighSpeedRail,241,ETU,5,9,5.67385015496364,QPSK,LMMSE,25,0,0,0,0,160,15,1740000,1.8125,0.2952948,1,4,VeryHighMobility,0,2026-08-06 00:06:27
HighSpeedRail,241,ETU,5,9,5.70496355400016,QPSK,LMMSE,30,0,0,0,0,160,15,1740000,1.8125,0.3381764,1,4,VeryHighMobility,0,2026-08-06 00:06:27
HighSpeedRail,241,ETU,5,9,5.6888503698261,QPSK,MPA,0,0.272871767241379,0.469612068965517,1,104.369150087861,-0.371442937591626,3,0,0,0.3779498,10,4,VeryHighMobility,0,2026-08-06 00:06:28
HighSpeedRail,241,ETU,5,9,5.6978815057501,QPSK,MPA,5,0.217658943965517,0.387122844827586,1,93.0978372625176,0.621208158217241,4,0,0,0.3512731,10,4,VeryHighMobility,0,2026-08-06 00:06:28
HighSpeedRail,241,ETU,5,9,5.1053377470763,QPSK,MPA,10,0.165449892241379,0.304283405172414,1,81.3056181708603,1.79758887746628,4,0,0,0.3787064,10,4,VeryHighMobility,0,2026-08-06 00:06:28
HighSpeedRail,241,ETU,5,9,5.70447706176401,QPSK,MPA,15,0.133930495689655,0.250592672413793,1,73.0698805776399,2.7252320489392,5,0,0,0.3577641,10,4,VeryHighMobility,0,2026-08-06 00:06:29
HighSpeedRail,241,ETU,5,9,5.47241312412781,QPSK,MPA,20,0.134361530172414,0.250431034482759,1,73.228778192384,2.706364238397,5,0,0,0.4637871,10,4,VeryHighMobility,0,2026-08-06 00:06:29
HighSpeedRail,241,ETU,5,9,5.69824764317021,QPSK,MPA,25,0.125875538793103,0.235964439655172,1,70.7432556182673,3.00629915491099,5,0,0,0.474435,10,4,VeryHighMobility,0,2026-08-06 00:06:30
HighSpeedRail,241,ETU,5,9,5.26040890393561,QPSK,MPA,30,0.135425646551724,0.252667025862069,1,73.4559397884793,2.67946161134488,5,0,0,0.4967702,10,4,VeryHighMobility,0,2026-08-06 00:06:30
HighSpeedRail,241,ETU,5,9,5.68548457334978,16QAM,MRC,0,0.359038254310345,0.814520474137931,1,101.275883633736,-0.110120821971826,3,0,0,0.5999464,3.7,4,VeryHighMobility,0,2026-08-06 00:06:31
HighSpeedRail,241,ETU,5,9,5.64652279772732,16QAM,MRC,5,0.238483297413793,0.671901939655172,1,68.3799274845503,3.30142728198368,5,0,0,0.6824142,4.6,4,VeryHighMobility,0,2026-08-06 00:06:32
HighSpeedRail,241,ETU,5,9,5.70916898060397,16QAM,MRC,10,0.134933997844828,0.457327586206897,1,47.0540154614892,6.54806618294685,7,0,0,0.7103276,4.9,4,VeryHighMobility,0,2026-08-06 00:06:32
HighSpeedRail,241,ETU,5,9,5.69077848825979,16QAM,MRC,15,0.0521619073275862,0.194477370689655,1,27.1412172254513,11.3274135812467,9,0,0,0.8853081,5.6,4,VeryHighMobility,0,2026-08-06 00:06:33
HighSpeedRail,241,ETU,5,9,5.68791555170408,16QAM,MRC,20,0.00470770474137931,0.0179418103448276,0.8,4.9007428345689,26.1947617279884,15,696000,0.725,0.6964406,4.2,4,VeryHighMobility,0,2026-08-06 00:06:34
HighSpeedRail,241,ETU,5,9,5.61784965869899,16QAM,MRC,25,0,0,0,0,160,15,3480000,3.625,0.5647737,3.2,4,VeryHighMobility,0,2026-08-06 00:06:34
HighSpeedRail,241,ETU,5,9,5.70304443593709,16QAM,MRC,30,0,0,0,0,160,15,3480000,3.625,0.5999198,2.5,4,VeryHighMobility,0,2026-08-06 00:06:35
HighSpeedRail,241,ETU,5,9,5.67732783925642,16QAM,LMMSE,0,0.377007004310345,0.8984375,1,84.7274875190832,1.43951343654457,4,0,0,0.396285,1,4,VeryHighMobility,0,2026-08-06 00:06:35
HighSpeedRail,241,ETU,5,9,5.71192874952246,16QAM,LMMSE,5,0.337264278017241,0.873275862068966,1,76.5802946658565,2.31765933811364,4,0,0,0.439663,1,4,VeryHighMobility,0,2026-08-06 00:06:36
HighSpeedRail,241,ETU,5,9,5.6625213555927,16QAM,LMMSE,10,0.276522090517241,0.79207974137931,1,66.9546765669804,3.4843816706339,5,0,0,0.4168184,1,4,VeryHighMobility,0,2026-08-06 00:06:36
HighSpeedRail,241,ETU,5,9,5.29526421653148,16QAM,LMMSE,15,0.216641971982759,0.66573275862069,1,58.7578692121178,4.61867923591957,6,0,0,0.3373312,1,4,VeryHighMobility,0,2026-08-06 00:06:37
HighSpeedRail,241,ETU,5,9,5.71217131514105,16QAM,LMMSE,20,0.0762190193965517,0.276293103448276,1,34.0338520787434,9.36177786094955,8,0,0,0.3477717,1,4,VeryHighMobility,0,2026-08-06 00:06:37
HighSpeedRail,241,ETU,5,9,5.66898793994132,16QAM,LMMSE,25,0.0117052801724138,0.0458243534482759,1,12.3863581158158,18.1411273554546,12,0,0,0.3209067,1,4,VeryHighMobility,0,2026-08-06 00:06:37
HighSpeedRail,241,ETU,5,9,5.67388708740952,16QAM,LMMSE,30,0.000390625,0.0015625,0.6,1.66605445036893,35.5662161797331,15,1392000,1.45,0.3173607,1,4,VeryHighMobility,0,2026-08-06 00:06:38
HighSpeedRail,241,ETU,5,9,5.62897624918206,16QAM,MPA,0,0.381330818965517,0.898114224137931,1,85.8063248182353,1.32961397905828,4,0,0,0.4438918,10,4,VeryHighMobility,0,2026-08-06 00:06:38
HighSpeedRail,241,ETU,5,9,5.69451981110588,16QAM,MPA,5,0.354202586206897,0.886934267241379,1,79.9019748285732,1.94884973373189,4,0,0,0.4406336,10,4,VeryHighMobility,0,2026-08-06 00:06:38
HighSpeedRail,241,ETU,5,9,5.70407732861403,16QAM,MPA,10,0.338402478448276,0.877963362068966,1,76.5024239867152,2.32649607931285,4,0,0,0.4603303,10,4,VeryHighMobility,0,2026-08-06 00:06:39
HighSpeedRail,241,ETU,5,9,5.71500982539674,16QAM,MPA,15,0.325181842672414,0.862015086206897,1,74.1845039806507,2.5937360557473,5,0,0,0.514437,10,4,VeryHighMobility,0,2026-08-06 00:06:39
HighSpeedRail,241,ETU,5,9,5.71525560622412,16QAM,MPA,20,0.320945581896552,0.863200431034483,1,73.2275935788783,2.70650475016921,5,0,0,0.6516459,10,4,VeryHighMobility,0,2026-08-06 00:06:40
HighSpeedRail,241,ETU,5,9,5.71139939499634,16QAM,MPA,25,0.328731142241379,0.869154094827586,1,74.5637483817564,2.5494453551968,5,0,0,0.6619206,10,4,VeryHighMobility,0,2026-08-06 00:06:41
HighSpeedRail,241,ETU,5,9,5.70927304182955,16QAM,MPA,30,0.319935344827586,0.860425646551724,1,73.3607731336039,2.69072200753261,5,0,0,0.5631245,10,4,VeryHighMobility,0,2026-08-06 00:06:41
HighSpeedRail,241,ETU,5,9,5.69791063516013,64QAM,MRC,0,0.402339260057471,0.94364224137931,1,102.926778186261,-0.250567574077355,3,0,0,0.8909567,7.9,4,VeryHighMobility,0,2026-08-06 00:06:42
HighSpeedRail,241,ETU,5,9,5.71618480234521,64QAM,MRC,5,0.35067349137931,0.913550646551724,1,78.9422806596534,2.05380661794488,4,0,0,0.9391849,6.8,4,VeryHighMobility,0,2026-08-06 00:06:43
HighSpeedRail,241,ETU,5,9,5.67551579310934,64QAM,MRC,10,0.271250897988506,0.850565732758621,1,53.3439617826937,5.4582946598864,6,0,0,0.979726,8.3,4,VeryHighMobility,0,2026-08-06 00:06:44
HighSpeedRail,241,ETU,5,9,5.70594565424631,64QAM,MRC,15,0.153237248563218,0.668103448275862,1,31.7037817593535,9.97777860469279,8,0,0,1.0513014,9.2,4,VeryHighMobility,0,2026-08-06 00:06:45
HighSpeedRail,241,ETU,5,9,5.58517207127087,64QAM,MRC,20,0.0757543103448276,0.390625,1,20.577214584972,13.7322682690685,10,0,0,1.1091476,9.5,4,VeryHighMobility,0,2026-08-06 00:06:46
HighSpeedRail,241,ETU,5,9,5.6765585909426,64QAM,MRC,25,0.0150368175287356,0.084375,0.9,6.9666954347197,23.1394635048586,15,522000,0.54375,1.0303168,9.8,4,VeryHighMobility,0,2026-08-06 00:06:47
HighSpeedRail,241,ETU,5,9,5.71195810803145,64QAM,MRC,30,7.18390804597701e-05,0.000431034482758621,0.3,0.304590673176568,50.3256679851976,15,3654000,3.80625,1.1621087,10.3,4,VeryHighMobility,0,2026-08-06 00:06:49
HighSpeedRail,241,ETU,5,9,5.70896129297149,64QAM,LMMSE,0,0.426068606321839,0.979903017241379,1,91.1108902625186,0.808594195282208,4,0,0,0.3226385,1,4,VeryHighMobility,0,2026-08-06 00:06:49
HighSpeedRail,241,ETU,5,9,5.67802245445422,64QAM,LMMSE,5,0.407516163793103,0.979310344827586,1,88.2105956924613,1.08958490181124,4,0,0,0.3032351,1,4,VeryHighMobility,0,2026-08-06 00:06:49
HighSpeedRail,241,ETU,5,9,5.69918155852683,64QAM,LMMSE,10,0.396686422413793,0.976858836206897,1,84.8099794801838,1.43106083737137,4,0,0,0.3145759,1,4,VeryHighMobility,0,2026-08-06 00:06:49
HighSpeedRail,241,ETU,5,9,5.27774616215012,64QAM,LMMSE,15,0.385138290229885,0.962769396551724,1,70.4244422253425,3.04553168042992,5,0,0,0.3970422,1,4,VeryHighMobility,0,2026-08-06 00:06:50
HighSpeedRail,241,ETU,5,9,5.66164763160908,64QAM,LMMSE,20,0.260627693965517,0.874272629310345,1,44.7562737572393,6.98292156800049,7,0,0,0.3100433,1,4,VeryHighMobility,0,2026-08-06 00:06:50
HighSpeedRail,241,ETU,5,9,5.30820802669605,64QAM,LMMSE,25,0.173877514367816,0.705010775862069,1,32.9190629382974,9.65105071495402,8,0,0,0.2951318,1,4,VeryHighMobility,0,2026-08-06 00:06:50
HighSpeedRail,241,ETU,5,9,5.06853421245617,64QAM,LMMSE,30,0.0962015086206897,0.480414870689655,1,22.9910370742267,12.7688287647356,10,0,0,0.32193,1,4,VeryHighMobility,0,2026-08-06 00:06:51
HighSpeedRail,241,ETU,5,9,5.62173745340213,64QAM,MPA,0,0.421726831896552,0.979929956896552,1,90.5381503280253,0.863367645575556,4,0,0,0.8319672,10,4,VeryHighMobility,0,2026-08-06 00:06:52
HighSpeedRail,241,ETU,5,9,5.59374644392677,64QAM,MPA,5,0.406029992816092,0.978609913793103,1,88.2131114798822,1.08933718168062,4,0,0,1.1123356,10,4,VeryHighMobility,0,2026-08-06 00:06:53
HighSpeedRail,241,ETU,5,9,5.58904765874037,64QAM,MPA,10,0.391612787356322,0.977424568965517,1,86.2554861368567,1.28426545594788,4,0,0,1.0185875,10,4,VeryHighMobility,0,2026-08-06 00:06:54
HighSpeedRail,241,ETU,5,9,5.71259935746802,64QAM,MPA,15,0.393974497126437,0.976131465517241,1,86.3075963477754,1.27901956501574,4,0,0,0.8152982,10,4,VeryHighMobility,0,2026-08-06 00:06:55
HighSpeedRail,241,ETU,5,9,5.68161279383431,64QAM,MPA,20,0.407269216954023,0.978529094827586,1,87.9763360949409,1.1126825764132,4,0,0,0.7623532,10,4,VeryHighMobility,0,2026-08-06 00:06:55
HighSpeedRail,241,ETU,5,9,5.70274880458902,64QAM,MPA,25,0.413972701149425,0.978879310344828,1,88.8194163693469,1.02984169787079,4,0,0,0.7167555,10,4,VeryHighMobility,0,2026-08-06 00:06:56
HighSpeedRail,241,ETU,5,9,5.50885375607267,64QAM,MPA,30,0.419522270114943,0.980064655172414,1,89.50716686314,0.962843784296193,4,0,0,0.759054,10,4,VeryHighMobility,0,2026-08-06 00:06:57
HighSpeedRail,205,ETU,5,9,4.83186006011092,QPSK,MRC,0,0.251373922413793,0.437931034482759,1,99.8377713949595,0.0141024397862843,3,0,0,0.5615587,3.5,5,VeryHighMobility,0,2026-08-06 00:06:57
HighSpeedRail,205,ETU,5,9,4.85663237235384,QPSK,MRC,5,0.120514547413793,0.221578663793103,1,66.9253299955634,3.4881895743114,5,0,0,0.5492363,3.9,5,VeryHighMobility,0,2026-08-06 00:06:58
HighSpeedRail,205,ETU,5,9,4.77455453429417,QPSK,MRC,10,0.0192483836206897,0.0376077586206897,1,23.6869417651689,12.5098201534202,10,0,0,0.4767102,2.6,5,VeryHighMobility,0,2026-08-06 00:06:58
HighSpeedRail,205,ETU,5,9,4.85939370094367,QPSK,MRC,15,0.000309806034482759,0.000619612068965517,0.5,2.30452632042064,32.7483665470733,15,870000,0.90625,0.4573205,2.3,5,VeryHighMobility,0,2026-08-06 00:06:59
HighSpeedRail,205,ETU,5,9,4.85947522878689,QPSK,MRC,20,0,0,0,0,160,15,1740000,1.8125,0.467138,2,5,VeryHighMobility,0,2026-08-06 00:06:59
HighSpeedRail,205,ETU,5,9,4.8278352937776,QPSK,MRC,25,0,0,0,0,160,15,1740000,1.8125,0.4269229,2,5,VeryHighMobility,0,2026-08-06 00:07:00
HighSpeedRail,205,ETU,5,9,4.83536301479291,QPSK,MRC,30,0,0,0,0,160,15,1740000,1.8125,0.4669672,2,5,VeryHighMobility,0,2026-08-06 00:07:00
HighSpeedRail,205,ETU,5,9,4.20325280465571,QPSK,LMMSE,0,0.219450431034483,0.386449353448276,1,92.9565382186381,0.634401163045899,4,0,0,0.2922787,1,5,VeryHighMobility,0,2026-08-06 00:07:01
HighSpeedRail,205,ETU,5,9,4.83439900109955,QPSK,LMMSE,5,0.0834321120689655,0.159401939655172,1,57.1804708021805,4.85504546296483,6,0,0,0.3034462,1,5,VeryHighMobility,0,2026-08-06 00:07:01
HighSpeedRail,205,ETU,5,9,4.85962947314964,QPSK,LMMSE,10,0.0254849137931034,0.0501346982758621,1,28.6611161732572,10.854138010492,9,0,0,0.3053642,1,5,VeryHighMobility,0,2026-08-06 00:07:01
HighSpeedRail,205,ETU,5,9,4.77846816326412,QPSK,LMMSE,15,0.00130657327586207,0.00261314655172414,1,6.12565493728521,24.256949419455,15,0,0,0.3348092,1,5,VeryHighMobility,0,2026-08-06 00:07:01
HighSpeedRail,205,ETU,5,9,4.78655810524942,QPSK,LMMSE,20,0,0,0,0,160,15,1740000,1.8125,0.3101154,1,5,VeryHighMobility,0,2026-08-06 00:07:02
HighSpeedRail,205,ETU,5,9,4.85939535350358,QPSK,LMMSE,25,0,0,0,0,160,15,1740000,1.8125,0.3040332,1,5,VeryHighMobility,0,2026-08-06 00:07:02
HighSpeedRail,205,ETU,5,9,4.80016643306687,QPSK,LMMSE,30,0,0,0,0,160,15,1740000,1.8125,0.3061521,1,5,VeryHighMobility,0,2026-08-06 00:07:02
HighSpeedRail,205,ETU,5,9,4.86014758235867,QPSK,MPA,0,0.259981142241379,0.451266163793103,1,101.708005326111,-0.147102742256196,3,0,0,0.3277826,10,5,VeryHighMobility,0,2026-08-06 00:07:03
HighSpeedRail,205,ETU,5,9,4.86156242487088,QPSK,MPA,5,0.208257004310345,0.371039870689655,1,91.048754938488,0.814519773227767,4,0,0,0.3380541,10,5,VeryHighMobility,0,2026-08-06 00:07:03
HighSpeedRail,205,ETU,5,9,4.73491125744214,QPSK,MPA,10,0.161206896551724,0.295824353448276,1,80.2376282117011,1.91243834695972,4,0,0,0.3312104,10,5,VeryHighMobility,0,2026-08-06 00:07:03
HighSpeedRail,205,ETU,5,9,4.73854900593414,QPSK,MPA,15,0.12549838362069,0.234779094827586,1,70.6610283939188,3.01640092348793,5,0,0,0.4128109,10,5,VeryHighMobility,0,2026-08-06 00:07:04
HighSpeedRail,205,ETU,5,9,4.7311357507934,QPSK,MPA,20,0.126791487068966,0.237877155172414,1,71.0731271213217,2.96589151536512,5,0,0,0.3660087,10,5,VeryHighMobility,0,2026-08-06 00:07:04
HighSpeedRail,205,ETU,5,9,4.74788452516625,QPSK,MPA,25,0.127168642241379,0.238685344827586,1,71.2537217697263,2.94384892762655,5,0,0,0.3573582,10,5,VeryHighMobility,0,2026-08-06 00:07:05
HighSpeedRail,205,ETU,5,9,4.86240770577411,QPSK,MPA,30,0.128542564655172,0.240086206896552,1,71.5691429809052,2.90548366603056,5,0,0,0.4049968,10,5,VeryHighMobility,0,2026-08-06 00:07:05
HighSpeedRail,205,ETU,5,9,4.85943081285073,16QAM,MRC,0,0.337230603448276,0.793345905172414,1,93.6401388239147,0.570759022443887,4,0,0,0.8619489,4.9,5,VeryHighMobility,0,2026-08-06 00:07:06
HighSpeedRail,205,ETU,5,9,4.74601074007458,16QAM,MRC,5,0.278892780172414,0.730549568965517,1,77.8825689210654,2.17119463820113,4,0,0,0.6772339,3.1,5,VeryHighMobility,0,2026-08-06 00:07:06
HighSpeedRail,205,ETU,5,9,4.86138213272885,16QAM,MRC,10,0.1568359375,0.504714439655172,1,51.2969915465887,5.79816209075708,6,0,0,0.7737106,4.8,5,VeryHighMobility,0,2026-08-06 00:07:07
HighSpeedRail,205,ETU,5,9,4.8601598413975,16QAM,MRC,15,0.0558930495689655,0.200188577586207,1,26.2949095085689,11.6025663886224,9,0,0,0.7747516,5.6,5,VeryHighMobility,0,2026-08-06 00:07:08
HighSpeedRail,205,ETU,5,9,4.35543220622112,16QAM,MRC,20,0.0076104525862069,0.0285290948275862,0.7,5.92285442188808,24.5493788354394,15,1044000,1.0875,0.6188785,4.4,5,VeryHighMobility,0,2026-08-06 00:07:09
HighSpeedRail,205,ETU,5,9,4.61565719959363,16QAM,MRC,25,7.40840517241379e-05,0.000296336206896552,0.1,0.346536197596357,49.2050278850963,15,3132000,3.2625,0.5344392,2.9,5,VeryHighMobility,0,2026-08-06 00:07:09
HighSpeedRail,205,ETU,5,9,4.6104698625766,16QAM,MRC,30,0,0,0,0,160,15,3480000,3.625,0.486124,2.3,5,VeryHighMobility,0,2026-08-06 00:07:10
HighSpeedRail,205,ETU,5,9,4.68622605323997,16QAM,LMMSE,0,0.380825700431034,0.899245689655172,1,85.8853378055066,1.32161943668652,4,0,0,0.3055499,1,5,VeryHighMobility,0,2026-08-06 00:07:10
HighSpeedRail,205,ETU,5,9,4.77862899498932,16QAM,LMMSE,5,0.346208243534483,0.882731681034483,1,78.5019168549307,2.10239477099171,4,0,0,0.3087464,1,5,VeryHighMobility,0,2026-08-06 00:07:10
HighSpeedRail,205,ETU,5,9,4.43083349119823,16QAM,LMMSE,10,0.292564655172414,0.812338362068965,1,69.5017615403021,3.16008375926596,5,0,0,0.302502,1,5,VeryHighMobility,0,2026-08-06 00:07:11
HighSpeedRail,205,ETU,5,9,4.86157014741363,16QAM,LMMSE,15,0.178731142241379,0.568938577586207,1,52.6036459612732,5.57968307662582,6,0,0,0.3341527,1,5,VeryHighMobility,0,2026-08-06 00:07:11
HighSpeedRail,205,ETU,5,9,4.79665935000034,16QAM,LMMSE,20,0.099151400862069,0.344558189655172,1,38.1062506056626,8.38007561462615,8,0,0,0.3207526,1,5,VeryHighMobility,0,2026-08-06 00:07:11
HighSpeedRail,205,ETU,5,9,4.85865917813442,16QAM,LMMSE,25,0.0129916487068966,0.05078125,1,11.9585382527918,18.4464380583634,12,0,0,0.3209912,1,5,VeryHighMobility,0,2026-08-06 00:07:12
HighSpeedRail,205,ETU,5,9,4.64684056898662,16QAM,LMMSE,30,0.00150862068965517,0.00589978448275862,0.4,1.99463155178004,34.0027463083854,15,2088000,2.175,0.3940705,1,5,VeryHighMobility,0,2026-08-06 00:07:12
HighSpeedRail,205,ETU,5,9,4.58683502893277,16QAM,MPA,0,0.380347521551724,0.898949353448276,1,85.7166404883044,1.33869717397205,4,0,0,0.5236023,10,5,VeryHighMobility,0,2026-08-06 00:07:12
HighSpeedRail,205,ETU,5,9,4.66185643873153,16QAM,MPA,5,0.341911368534483,0.876751077586207,1,77.8911741724081,2.17023498656713,4,0,0,0.8027189,10,5,VeryHighMobility,0,2026-08-06 00:07:13
HighSpeedRail,205,ETU,5,9,4.10239760640815,16QAM,MPA,10,0.331478987068966,0.870096982758621,1,75.1993813168987,2.47571464874222,5,0,0,0.8118177,10,5,VeryHighMobility,0,2026-08-06 00:07:14
HighSpeedRail,205,ETU,5,9,4.85602005660199,16QAM,MPA,15,0.32667025862069,0.866891163793103,1,74.4437868482732,2.56343086088486,5,0,0,0.9367747,10,5,VeryHighMobility,0,2026-08-06 00:07:15
HighSpeedRail,205,ETU,5,9,4.85708658577481,16QAM,MPA,20,0.3205078125,0.862149784482759,1,73.0453684955165,2.72814631344576,5,0,0,0.9280901,10,5,VeryHighMobility,0,2026-08-06 00:07:16
HighSpeedRail,205,ETU,5,9,4.85158942633889,16QAM,MPA,25,0.327801724137931,0.866729525862069,1,74.47377453099,2.55993268775218,5,0,0,0.5721765,10,5,VeryHighMobility,0,2026-08-06 00:07:17
HighSpeedRail,205,ETU,5,9,4.70524399772793,16QAM,MPA,30,0.323221982758621,0.864278017241379,1,73.5291696666465,2.67080676603497,5,0,0,0.5679089,10,5,VeryHighMobility,0,2026-08-06 00:07:17
HighSpeedRail,205,ETU,5,9,4.83681524302412,64QAM,MRC,0,0.431492456896552,0.958782327586207,1,119.49059833503,-1.5466747162531,3,0,0,2.3406209,8.9,5,VeryHighMobility,0,2026-08-06 00:07:19
HighSpeedRail,205,ETU,5,9,4.60584365584417,64QAM,MRC,5,0.324869791666667,0.892052801724138,1,70.4935488110474,3.03701250952206,5,0,0,2.1412243,7.6,5,VeryHighMobility,0,2026-08-06 00:07:22
HighSpeedRail,205,ETU,5,9,4.85808407650766,64QAM,MRC,10,0.245783943965517,0.827963362068965,1,47.6602390638487,6.43687567124324,7,0,0,2.0845354,8.2,5,VeryHighMobility,0,2026-08-06 00:07:24
HighSpeedRail,205,ETU,5,9,4.8503522389043,64QAM,MRC,15,0.147992995689655,0.654471982758621,1,30.8136741929148,10.2251302747707,8,0,0,3.1721687,12.2,5,VeryHighMobility,0,2026-08-06 00:07:27
HighSpeedRail,205,ETU,5,9,4.58569931840475,64QAM,MRC,20,0.0711341594827586,0.373626077586207,1,20.0993558454157,13.9363572170273,10,0,0,3.1121988,9.8,5,VeryHighMobility,0,2026-08-06 00:07:30
HighSpeedRail,205,ETU,5,9,4.81701676793006,64QAM,MRC,25,0.0100799209770115,0.0561153017241379,0.9,5.23450761793713,25.6224832763405,15,522000,0.54375,4.1439338,13.3,5,VeryHighMobility,0,2026-08-06 00:07:34
HighSpeedRail,205,ETU,5,9,4.84362607275666,64QAM,MRC,30,0.00017510775862069,0.00105064655172414,0.6,0.649517149711909,43.7481875484189,15,2088000,2.175,4.4228598,14.3,5,VeryHighMobility,0,2026-08-06 00:07:39
HighSpeedRail,205,ETU,5,9,4.78611442456605,64QAM,LMMSE,0,0.417389547413793,0.97890625,1,89.9686846430698,0.91817257861948,4,0,0,0.5384482,1,5,VeryHighMobility,0,2026-08-06 00:07:39
HighSpeedRail,205,ETU,5,9,4.60781703981275,64QAM,LMMSE,5,0.402972341954023,0.978394396551724,1,87.8753036684299,1.1226632237848,4,0,0,0.5050493,1,5,VeryHighMobility,0,2026-08-06 00:07:40
HighSpeedRail,205,ETU,5,9,4.44100291905773,64QAM,LMMSE,10,0.397912176724138,0.977828663793103,1,84.2355504477222,1.49009163679281,4,0,0,0.4949942,1,5,VeryHighMobility,0,2026-08-06 00:07:40
HighSpeedRail,205,ETU,5,9,4.8547965581473,64QAM,LMMSE,15,0.38036099137931,0.961018318965517,1,68.9492373198293,3.22941066797047,5,0,0,0.4990909,1,5,VeryHighMobility,0,2026-08-06 00:07:41
HighSpeedRail,205,ETU,5,9,4.34502470178287,64QAM,LMMSE,20,0.280320581896552,0.899622844827586,1,47.6584486971411,6.43720196460713,7,0,0,0.5294598,1,5,VeryHighMobility,0,2026-08-06 00:07:41
HighSpeedRail,205,ETU,5,9,4.84554661334028,64QAM,LMMSE,25,0.186736709770115,0.769073275862069,1,34.6566159512144,9.20427692561281,8,0,0,0.5153644,1,5,VeryHighMobility,0,2026-08-06 00:07:42
HighSpeedRail,205,ETU,5,9,4.85560990956832,64QAM,LMMSE,30,0.0601203304597701,0.319369612068966,1,17.8745477629331,14.955298746115,11,0,0,0.4837359,1,5,VeryHighMobility,0,2026-08-06 00:07:42
HighSpeedRail,205,ETU,5,9,4.75062461437565,64QAM,MPA,0,0.42212194683908,0.979660560344828,1,90.669530795857,0.850772633740943,4,0,0,0.8651506,10,5,VeryHighMobility,0,2026-08-06 00:07:43
HighSpeedRail,205,ETU,5,9,4.84131131706739,64QAM,MPA,5,0.405720186781609,0.977990301724138,1,88.0241268469196,1.10796548418889,4,0,0,0.9178479,10,5,VeryHighMobility,0,2026-08-06 00:07:44
HighSpeedRail,205,ETU,5,9,4.86253254825555,64QAM,MPA,10,0.391020114942529,0.977586206896552,1,85.961851277838,1.31388480193391,4,0,0,0.9271364,10,5,VeryHighMobility,0,2026-08-06 00:07:45
HighSpeedRail,205,ETU,5,9,4.84491471287942,64QAM,MPA,15,0.403318067528736,0.978852370689655,1,87.2753652617926,1.18216649831943,4,0,0,0.9976663,10,5,VeryHighMobility,0,2026-08-06 00:07:46
HighSpeedRail,205,ETU,5,9,4.81462368516468,64QAM,MPA,20,0.407130028735632,0.977855603448276,1,87.7196013348448,1.13806701514576,4,0,0,0.96158,10,5,VeryHighMobility,0,2026-08-06 00:07:47
HighSpeedRail,205,ETU,5,9,4.51471164807939,64QAM,MPA,25,0.412904094827586,0.978502155172414,1,88.443227452838,1.06670835230899,4,0,0,0.9353508,10,5,VeryHighMobility,0,2026-08-06 00:07:48
HighSpeedRail,205,ETU,5,9,4.77869269085298,64QAM,MPA,30,0.415629489942529,0.978960129310345,1,88.9592824227425,1.01617457843733,4,0,0,0.8737163,10,5,VeryHighMobility,0,2026-08-06 00:07:49
HighSpeedRail,254,ETU,5,9,5.99625862314367,QPSK,MRC,0,0.26924838362069,0.462823275862069,1,103.184626495896,-0.272299929282887,3,0,0,1.5136871,3,6,VeryHighMobility,0,2026-08-06 00:07:50
HighSpeedRail,254,ETU,5,9,5.47863853847151,QPSK,MRC,5,0.117227909482759,0.218615301724138,1,66.7037642249917,3.51699314595248,5,0,0,1.5557951,3.5,6,VeryHighMobility,0,2026-08-06 00:07:52
HighSpeedRail,254,ETU,5,9,5.93328474713071,QPSK,MRC,10,0.0239762931034483,0.0462823275862069,1,26.2813200547219,11.6070564975544,9,0,0,1.7875331,3.6,6,VeryHighMobility,0,2026-08-06 00:07:53
HighSpeedRail,254,ETU,5,9,5.9948649574217,QPSK,MRC,15,0.000754310344827586,0.00150862068965517,0.3,2.891585405531,30.7772795179906,15,1218000,1.26875,1.135075,2.2,6,VeryHighMobility,0,2026-08-06 00:07:55
HighSpeedRail,254,ETU,5,9,5.88746674115114,QPSK,MRC,20,0,0,0,0,160,15,1740000,1.8125,1.1505668,2,6,VeryHighMobility,0,2026-08-06 00:07:56
HighSpeedRail,254,ETU,5,9,5.99798717654006,QPSK,MRC,25,0,0,0,0,160,15,1740000,1.8125,1.3832933,2,6,VeryHighMobility,0,2026-08-06 00:07:57
HighSpeedRail,254,ETU,5,9,5.75120750132447,QPSK,MRC,30,0,0,0,0,160,15,1740000,1.8125,1.2965004,2,6,VeryHighMobility,0,2026-08-06 00:07:58
HighSpeedRail,254,ETU,5,9,6.00502626049227,QPSK,LMMSE,0,0.218547952586207,0.385398706896552,1,92.6103939113516,0.66680537110737,4,0,0,0.6583527,1,6,VeryHighMobility,0,2026-08-06 00:07:59
HighSpeedRail,254,ETU,5,9,6.02421320626247,QPSK,LMMSE,5,0.102518857758621,0.192160560344828,1,62.3092614613483,4.10894792632892,5,0,0,0.616945,1,6,VeryHighMobility,0,2026-08-06 00:08:00
HighSpeedRail,254,ETU,5,9,5.80640418436129,QPSK,LMMSE,10,0.0274245689655172,0.0537715517241379,1,31.0130349832078,10.1691146191662,8,0,0,0.5586748,1,6,VeryHighMobility,0,2026-08-06 00:08:00
HighSpeedRail,254,ETU,5,9,4.88921933074049,QPSK,LMMSE,15,0.00550915948275862,0.0108566810344828,0.6,8.28964457523847,21.6292817950784,14,696000,0.725,0.5094809,1,6,VeryHighMobility,0,2026-08-06 00:08:01
HighSpeedRail,254,ETU,5,9,5.98883202197145,QPSK,LMMSE,20,2.69396551724138e-05,5.38793103448276e-05,0.2,0.46423834544263,46.6651798055488,15,1392000,1.45,0.5352884,1,6,VeryHighMobility,0,2026-08-06 00:08:01
HighSpeedRail,254,ETU,5,9,5.96704877416775,QPSK,LMMSE,25,0,0,0,0,160,15,1740000,1.8125,0.5139899,1,6,VeryHighMobility,0,2026-08-06 00:08:02
HighSpeedRail,254,ETU,5,9,6.00855868785321,QPSK,LMMSE,30,0,0,0,0,160,15,1740000,1.8125,0.5205979,1,6,VeryHighMobility,0,2026-08-06 00:08:02
HighSpeedRail,254,ETU,5,9,6.02476774067125,QPSK,MPA,0,0.291554418103448,0.500026939655172,1,107.890073082099,-0.659629745558724,3,0,0,0.5574136,10,6,VeryHighMobility,0,2026-08-06 00:08:03
HighSpeedRail,254,ETU,5,9,6.00223120880012,QPSK,MPA,5,0.221457435344828,0.393776939655172,1,93.8718563655762,0.549291872925887,4,0,0,0.6481477,10,6,VeryHighMobility,0,2026-08-06 00:08:04
HighSpeedRail,254,ETU,5,9,6.02436304177743,QPSK,MPA,10,0.165853987068966,0.303771551724138,1,81.3324668229712,1.79472110598097,4,0,0,0.679493,10,6,VeryHighMobility,0,2026-08-06 00:08:04
HighSpeedRail,254,ETU,5,9,5.91567010694082,QPSK,MPA,15,0.141096443965517,0.261961206896552,1,74.9535246715001,2.50415879483546,5,0,0,0.6292792,10,6,VeryHighMobility,0,2026-08-06 00:08:05
HighSpeedRail,254,ETU,5,9,6.01150563265553,QPSK,MPA,20,0.129808728448276,0.242995689655172,1,71.9562544566005,2.8586290219177,5,0,0,0.4573684,10,6,VeryHighMobility,0,2026-08-06 00:08:05
HighSpeedRail,254,ETU,5,9,5.97751126097869,QPSK,MPA,25,0.127182112068966,0.238469827586207,1,71.1912036393384,2.951473286504,5,0,0,0.5476789,10,6,VeryHighMobility,0,2026-08-06 00:08:06
HighSpeedRail,254,ETU,5,9,5.98824989844946,QPSK,MPA,30,0.134563577586207,0.250646551724138,1,73.3140742765188,2.69625289629415,5,0,0,0.5873945,10,6,VeryHighMobility,0,2026-08-06 00:08:06
HighSpeedRail,254,ETU,5,9,5.69194254480923,16QAM,MRC,0,0.355347521551724,0.806223060344828,1,100.655084647767,-0.056714368138068,3,0,0,1.3564555,3.4,6,VeryHighMobility,0,2026-08-06 00:08:08
HighSpeedRail,254,ETU,5,9,5.96602664745325,16QAM,MRC,5,0.249838362068966,0.689547413793103,1,70.9715422124603,2.97831514888591,5,0,0,1.3954572,3.4,6,VeryHighMobility,0,2026-08-06 00:08:09
HighSpeedRail,254,ETU,5,9,6.02283392162975,16QAM,MRC,10,0.164203933189655,0.522602370689655,1,52.6359859396351,5.57434475518327,6,0,0,1.5608224,4.8,6,VeryHighMobility,0,2026-08-06 00:08:11
HighSpeedRail,254,ETU,5,9,6.0194875661172,16QAM,MRC,15,0.0510775862068965,0.186934267241379,1,26.0550150891887,11.6821734197011,9,0,0,2.1929804,6.7,6,VeryHighMobility,0,2026-08-06 00:08:13
HighSpeedRail,254,ETU,5,9,5.96517298225562,16QAM,MRC,20,0.00575835129310345,0.0226023706896552,1,8.38003243664091,21.5350860068052,14,0,0,2.2302073,6.7,6,VeryHighMobility,0,2026-08-06 00:08:15
HighSpeedRail,254,ETU,5,9,5.98340527748399,16QAM,MRC,25,8.08189655172414e-05,0.000323275862068966,0.1,0.357904519038358,48.9246563601668,15,3132000,3.2625,1.2864915,2.9,6,VeryHighMobility,0,2026-08-06 00:08:17
HighSpeedRail,254,ETU,5,9,5.69284048219991,16QAM,MRC,30,0,0,0,0,160,15,3480000,3.625,1.2006812,2.7,6,VeryHighMobility,0,2026-08-06 00:08:18
HighSpeedRail,254,ETU,5,9,5.79507506382038,16QAM,LMMSE,0,0.375114493534483,0.895096982758621,1,84.8633226230052,1.42559936923211,4,0,0,0.5016896,1,6,VeryHighMobility,0,2026-08-06 00:08:18
HighSpeedRail,254,ETU,5,9,5.98489831286281,16QAM,LMMSE,5,0.346726831896552,0.88270474137931,1,78.5599399544059,2.09597714329182,4,0,0,0.5102376,1,6,VeryHighMobility,0,2026-08-06 00:08:19
HighSpeedRail,254,ETU,5,9,6.02451021516243,16QAM,LMMSE,10,0.280387931034483,0.798653017241379,1,67.8085251962483,3.37431402444815,5,0,0,0.4894188,1,6,VeryHighMobility,0,2026-08-06 00:08:19
HighSpeedRail,254,ETU,5,9,5.9989227807974,16QAM,LMMSE,15,0.169490840517241,0.552182112068966,1,51.5687914445423,5.75226093018126,6,0,0,0.5087778,1,6,VeryHighMobility,0,2026-08-06 00:08:20
HighSpeedRail,254,ETU,5,9,5.91337914854975,16QAM,LMMSE,20,0.0613011853448276,0.224838362068966,1,29.9487941619328,10.4724131812605,9,0,0,0.5041152,1,6,VeryHighMobility,0,2026-08-06 00:08:20
HighSpeedRail,254,ETU,5,9,5.99722529410893,16QAM,LMMSE,25,0.00938846982758621,0.0365840517241379,1,10.8719578137013,19.2738448291762,13,0,0,0.5148312,1,6,VeryHighMobility,0,2026-08-06 00:08:21
HighSpeedRail,254,ETU,5,9,6.02310356793594,16QAM,LMMSE,30,6.73491379310345e-06,2.69396551724138e-05,0.1,0.103806849817175,59.6754797621886,15,3132000,3.2625,0.5293315,1,6,VeryHighMobility,0,2026-08-06 00:08:21
HighSpeedRail,254,ETU,5,9,6.00361861000256,16QAM,MPA,0,0.380091594827586,0.899434267241379,1,85.3035065273995,1.38066232290979,4,0,0,0.6420626,10,6,VeryHighMobility,0,2026-08-06 00:08:22
HighSpeedRail,254,ETU,5,9,6.004844830858,16QAM,MPA,5,0.350020204741379,0.882893318965517,1,79.027100789428,2.04447900837457,4,0,0,0.6434363,10,6,VeryHighMobility,0,2026-08-06 00:08:23
HighSpeedRail,254,ETU,5,9,4.88753304909832,16QAM,MPA,10,0.330987338362069,0.870689655172414,1,75.1157284007096,2.48538234049054,5,0,0,0.647974,10,6,VeryHighMobility,0,2026-08-06 00:08:23
HighSpeedRail,254,ETU,5,9,5.87071747898704,16QAM,MPA,15,0.326266163793103,0.86551724137931,1,74.2627635879344,2.58457786259102,5,0,0,0.5939994,10,6,VeryHighMobility,0,2026-08-06 00:08:24
HighSpeedRail,254,ETU,5,9,6.00648905879123,16QAM,MPA,20,0.322737068965517,0.862284482758621,1,73.5906620787946,2.66354579611319,5,0,0,0.6448595,10,6,VeryHighMobility,0,2026-08-06 00:08:24
HighSpeedRail,254,ETU,5,9,5.94180150499961,16QAM,MPA,25,0.325922683189655,0.865571120689655,1,74.1222690254055,2.60102589118318,5,0,0,0.6374399,10,6,VeryHighMobility,0,2026-08-06 00:08:25
HighSpeedRail,254,ETU,5,9,6.02439713042668,16QAM,MPA,30,0.318702855603448,0.861880387931034,1,72.7065055798654,2.76853455832637,5,0,0,0.5895844,10,6,VeryHighMobility,0,2026-08-06 00:08:26
HighSpeedRail,254,ETU,5,9,5.66405100245501,64QAM,MRC,0,0.418830818965517,0.952801724137931,1,112.330450691428,-1.00995002721106,3,0,0,2.0699023,8.1,6,VeryHighMobility,0,2026-08-06 00:08:28
HighSpeedRail,254,ETU,5,9,5.99834939641762,64QAM,MRC,5,0.349829382183908,0.915113146551724,1,77.8429091890895,2.17561883476351,4,0,0,2.1604524,8,6,VeryHighMobility,0,2026-08-06 00:08:30
HighSpeedRail,254,ETU,5,9,6.01183920450728,64QAM,MRC,10,0.245105962643678,0.821794181034483,1,48.0263951286735,6.37040020745803,7,0,0,2.1091157,8.3,6,VeryHighMobility,0,2026-08-06 00:08:32
HighSpeedRail,254,ETU,5,9,5.69957766491993,64QAM,MRC,15,0.163074712643678,0.689789870689655,1,33.0850243518742,9.60737082725026,8,0,0,2.2371854,8.7,6,VeryHighMobility,0,2026-08-06 00:08:34
HighSpeedRail,254,ETU,5,9,5.85893845599993,64QAM,MRC,20,0.0941810344827586,0.45401400862069,1,22.8985134483857,12.8038542153146,10,0,0,2.7548752,10.5,6,VeryHighMobility,0,2026-08-06 00:08:37
HighSpeedRail,254,ETU,5,9,5.95785357256787,64QAM,MRC,25,0.030621408045977,0.162230603448276,1,10.8435037061162,19.2966073552643,13,0,0,2.5005125,11.1,6,VeryHighMobility,0,2026-08-06 00:08:40
HighSpeedRail,254,ETU,5,9,5.7156684272743,64QAM,MRC,30,9.42887931034483e-05,0.00056573275862069,0.4,0.436933371459274,47.1916956822729,15,3132000,3.2625,2.7505033,12,6,VeryHighMobility,0,2026-08-06 00:08:42
HighSpeedRail,254,ETU,5,9,5.99004348135595,64QAM,LMMSE,0,0.420743534482759,0.978960129310345,1,90.1998842217401,0.895880398139364,4,0,0,0.5045818,1,6,VeryHighMobility,0,2026-08-06 00:08:43
HighSpeedRail,254,ETU,5,9,6.00408225847584,64QAM,LMMSE,5,0.403650323275862,0.977020474137931,1,88.0337111701133,1.10701979072206,4,0,0,0.5261888,1,6,VeryHighMobility,0,2026-08-06 00:08:43
HighSpeedRail,254,ETU,5,9,6.02433107380893,64QAM,LMMSE,10,0.396084770114943,0.976131465517241,1,84.413214347071,1.47179124075798,4,0,0,0.5155632,1,6,VeryHighMobility,0,2026-08-06 00:08:44
HighSpeedRail,254,ETU,5,9,5.92224110802026,64QAM,LMMSE,15,0.391895653735632,0.968211206896552,1,74.6637019411313,2.53780961775548,5,0,0,0.497741,1,6,VeryHighMobility,0,2026-08-06 00:08:44
HighSpeedRail,254,ETU,5,9,5.14361810332855,64QAM,LMMSE,20,0.303461745689655,0.910964439655172,1,51.8028120484623,5.71293329004428,6,0,0,0.4985912,1,6,VeryHighMobility,0,2026-08-06 00:08:45
HighSpeedRail,254,ETU,5,9,6.02484762357699,64QAM,LMMSE,25,0.16274694683908,0.701966594827586,1,31.6370851280477,9.9960707380762,8,0,0,0.4537207,1,6,VeryHighMobility,0,2026-08-06 00:08:45
HighSpeedRail,254,ETU,5,9,6.01641572150547,64QAM,LMMSE,30,0.0687095905172414,0.347737068965517,1,18.2584102498041,14.7707407789633,11,0,0,0.2965718,1,6,VeryHighMobility,0,2026-08-06 00:08:46
HighSpeedRail,254,ETU,5,9,6.02466794397728,64QAM,MPA,0,0.428879310344828,0.979822198275862,1,91.3731208266632,0.783630832255447,4,0,0,0.583927,10,6,VeryHighMobility,0,2026-08-06 00:08:46
HighSpeedRail,254,ETU,5,9,6.02487436305391,64QAM,MPA,5,0.406209590517241,0.978071120689655,1,88.2938121838951,1.08139463253792,4,0,0,0.6137817,10,6,VeryHighMobility,0,2026-08-06 00:08:47
HighSpeedRail,254,ETU,5,9,6.01292158597698,64QAM,MPA,10,0.39112338362069,0.976158405172414,1,86.1169053643462,1.29823170129425,4,0,0,0.6544407,10,6,VeryHighMobility,0,2026-08-06 00:08:47
HighSpeedRail,254,ETU,5,9,5.97005067083487,64QAM,MPA,15,0.394728807471264,0.976616379310345,1,86.1362331839102,1.29628248504429,4,0,0,0.6385904,10,6,VeryHighMobility,0,2026-08-06 00:08:48
HighSpeedRail,254,ETU,5,9,5.94466151138764,64QAM,MPA,20,0.406573275862069,0.978448275862069,1,87.6886331815707,1.14113398592019,4,0,0,0.6488728,10,6,VeryHighMobility,0,2026-08-06 00:08:49
HighSpeedRail,254,ETU,5,9,6.01430384515093,64QAM,MPA,25,0.416455639367816,0.978502155172414,1,88.992915195598,1.01289133090645,4,0,0,0.6472657,10,6,VeryHighMobility,0,2026-08-06 00:08:49
HighSpeedRail,254,ETU,5,9,6.02484431788447,64QAM,MPA,30,0.407951688218391,0.979283405172414,1,87.8890937474303,1.12130027308142,4,0,0,0.6351206,10,6,VeryHighMobility,0,2026-08-06 00:08:50
HighSpeedRail,266,ETU,5,9,6.27789512367648,QPSK,MRC,0,0.268332435344828,0.463200431034483,1,103.28620931016,-0.280846774957908,3,0,0,0.4759667,2.8,7,VeryHighMobility,0,2026-08-06 00:08:50
HighSpeedRail,266,ETU,5,9,6.21771834272598,QPSK,MRC,5,0.117928340517241,0.218265086206897,1,67.3932266454769,3.42767500054364,5,0,0,0.4579803,2.6,7,VeryHighMobility,0,2026-08-06 00:08:51
HighSpeedRail,266,ETU,5,9,6.22854137965034,QPSK,MRC,10,0.0187230603448276,0.0366379310344828,1,24.7318497059709,12.134868026955,10,0,0,0.4898585,3.1,7,VeryHighMobility,0,2026-08-06 00:08:51
HighSpeedRail,266,ETU,5,9,5.73732318530149,QPSK,MRC,15,5.38793103448276e-05,0.000107758620689655,0.2,0.656532164298613,43.654879848909,15,1392000,1.45,0.4304459,2.1,7,VeryHighMobility,0,2026-08-06 00:08:52
HighSpeedRail,266,ETU,5,9,6.26233576195404,QPSK,MRC,20,0,0,0,0,160,15,1740000,1.8125,0.4283636,2,7,VeryHighMobility,0,2026-08-06 00:08:52
HighSpeedRail,266,ETU,5,9,6.28858954984418,QPSK,MRC,25,0,0,0,0,160,15,1740000,1.8125,0.4109178,2,7,VeryHighMobility,0,2026-08-06 00:08:53
HighSpeedRail,266,ETU,5,9,6.30809410222975,QPSK,MRC,30,0,0,0,0,160,15,1740000,1.8125,0.4679367,2,7,VeryHighMobility,0,2026-08-06 00:08:53
HighSpeedRail,266,ETU,5,9,6.28212994036248,QPSK,LMMSE,0,0.239156788793103,0.420824353448276,1,97.3127925029808,0.236601293652903,4,0,0,0.3710161,1,7,VeryHighMobility,0,2026-08-06 00:08:54
HighSpeedRail,266,ETU,5,9,6.19058447166364,QPSK,LMMSE,5,0.114830280172414,0.215651939655172,1,67.2229542201427,3.4496481136432,5,0,0,0.2978148,1,7,VeryHighMobility,0,2026-08-06 00:08:54
HighSpeedRail,266,ETU,5,9,6.25322576677386,QPSK,LMMSE,10,0.0224407327586207,0.0444504310344828,1,28.4731587446237,10.9112870116352,9,0,0,0.2882755,1,7,VeryHighMobility,0,2026-08-06 00:08:54
HighSpeedRail,266,ETU,5,9,6.20285295299409,QPSK,LMMSE,15,0.00281519396551724,0.00557650862068966,0.7,7.23321094657778,22.8133773824243,15,522000,0.54375,0.2985104,1,7,VeryHighMobility,0,2026-08-06 00:08:54
HighSpeedRail,266,ETU,5,9,6.30792960940512,QPSK,LMMSE,20,1.34698275862069e-05,2.69396551724138e-05,0.1,0.232119172721315,52.6857797188284,15,1566000,1.63125,0.3315499,1,7,VeryHighMobility,0,2026-08-06 00:08:55
HighSpeedRail,266,ETU,5,9,6.22803751381687,QPSK,LMMSE,25,0,0,0,0,160,15,1740000,1.8125,0.3325816,1,7,VeryHighMobility,0,2026-08-06 00:08:55
HighSpeedRail,266,ETU,5,9,6.13160439999695,QPSK,LMMSE,30,0,0,0,0,160,15,1740000,1.8125,0.3308371,1,7,VeryHighMobility,0,2026-08-06 00:08:55
HighSpeedRail,266,ETU,5,9,5.50962273312483,QPSK,MPA,0,0.267955280172414,0.463362068965517,1,103.402009419434,-0.290579570379458,3,0,0,0.345265,10,7,VeryHighMobility,0,2026-08-06 00:08:56
HighSpeedRail,266,ETU,5,9,5.92752341374939,QPSK,MPA,5,0.200713900862069,0.360344827586207,1,89.3407482184478,0.979008293656469,4,0,0,0.318748,10,7,VeryHighMobility,0,2026-08-06 00:08:56
HighSpeedRail,266,ETU,5,9,6.29180013739922,QPSK,MPA,10,0.167429956896552,0.30536099137931,1,81.7923896449308,1.74574206568599,4,0,0,0.3421747,10,7,VeryHighMobility,0,2026-08-06 00:08:56
HighSpeedRail,266,ETU,5,9,6.29582552531434,QPSK,MPA,15,0.144558189655172,0.267025862068966,1,75.9774413546537,2.38630672003911,4,0,0,0.3231564,10,7,VeryHighMobility,0,2026-08-06 00:08:57
HighSpeedRail,266,ETU,5,9,6.30039013716303,QPSK,MPA,20,0.134307650862069,0.250942887931034,1,73.1797219745213,2.71218489648552,5,0,0,0.334717,10,7,VeryHighMobility,0,2026-08-06 00:08:57
HighSpeedRail,266,ETU,5,9,6.30317562315839,QPSK,MPA,25,0.129256465517241,0.241971982758621,1,71.7770043563037,2.88029342177622,5,0,0,0.4697552,10,7,VeryHighMobility,0,2026-08-06 00:08:58
HighSpeedRail,266,ETU,5,9,6.30565703466884,QPSK,MPA,30,0.127424568965517,0.238065732758621,1,71.3202128312845,2.93574738976695,5,0,0,0.5362333,10,7,VeryHighMobility,0,2026-08-06 00:08:58
HighSpeedRail,266,ETU,5,9,6.24178434020969,16QAM,MRC,0,0.365281519396552,0.819935344827586,1,102.943106764736,-0.251945417475082,3,0,0,1.4002355,3.7,7,VeryHighMobility,0,2026-08-06 00:09:00
HighSpeedRail,266,ETU,5,9,6.28526927334182,16QAM,MRC,5,0.257960668103448,0.699003232758621,1,72.5343090512953,2.78913043212132,5,0,0,1.4814192,3.8,7,VeryHighMobility,0,2026-08-06 00:09:01
HighSpeedRail,266,ETU,5,9,6.30793643963905,16QAM,MRC,10,0.202047413793103,0.599272629310345,1,60.7948245569666,4.3226678099465,6,0,0,1.5992571,4.3,7,VeryHighMobility,0,2026-08-06 00:09:03
HighSpeedRail,266,ETU,5,9,6.28848353987516,16QAM,MRC,15,0.0568022629310345,0.208162715517241,1,28.4402976878503,10.9213172421688,9,0,0,1.7712783,5.2,7,VeryHighMobility,0,2026-08-06 00:09:04
HighSpeedRail,266,ETU,5,9,6.29024651386545,16QAM,MRC,20,0.00310479525862069,0.0123922413793103,1,5.6025559276348,25.0322759883455,15,0,0,1.6247981,5.1,7,VeryHighMobility,0,2026-08-06 00:09:06
HighSpeedRail,266,ETU,5,9,6.27098192835821,16QAM,MRC,25,2.02047413793103e-05,8.08189655172414e-05,0.1,0.179682601493244,54.9098794640853,15,3132000,3.2625,1.2595396,3,7,VeryHighMobility,0,2026-08-06 00:09:07
HighSpeedRail,266,ETU,5,9,6.30417423943777,16QAM,MRC,30,0,0,0,0,160,15,3480000,3.625,1.208821,2.7,7,VeryHighMobility,0,2026-08-06 00:09:08
HighSpeedRail,266,ETU,5,9,6.23103002938501,16QAM,LMMSE,0,0.386200161637931,0.903771551724138,1,86.3950337385459,1.2702244286477,4,0,0,0.5067287,1,7,VeryHighMobility,0,2026-08-06 00:09:09
HighSpeedRail,266,ETU,5,9,6.30515620023554,16QAM,LMMSE,5,0.345076778017241,0.879391163793103,1,78.2242921464585,2.1331671621085,4,0,0,0.5300006,1,7,VeryHighMobility,0,2026-08-06 00:09:10
HighSpeedRail,266,ETU,5,9,6.30593251751133,16QAM,LMMSE,10,0.283957435344828,0.800727370689655,1,68.3057048849788,3.31086045152341,5,0,0,0.4933098,1,7,VeryHighMobility,0,2026-08-06 00:09:10
HighSpeedRail,266,ETU,5,9,6.29108120192845,16QAM,LMMSE,15,0.187850215517241,0.60145474137931,1,54.5893124153187,5.25784751710976,6,0,0,0.4910862,1,7,VeryHighMobility,0,2026-08-06 00:09:10
HighSpeedRail,266,ETU,5,9,6.3094975822087,16QAM,LMMSE,20,0.0710533405172414,0.257354525862069,1,32.4806390468571,9.76750869465573,8,0,0,0.5209991,1,7,VeryHighMobility,0,2026-08-06 00:09:11
HighSpeedRail,266,ETU,5,9,6.20571723007914,16QAM,LMMSE,25,0.0052801724137931,0.0208782327586207,1,7.44225621799251,22.5659076480074,14,0,0,0.5088035,1,7,VeryHighMobility,0,2026-08-06 00:09:12
HighSpeedRail,266,ETU,5,9,5.76590159733925,16QAM,LMMSE,30,0.000336745689655172,0.00134698275862069,0.3,1.22696173367639,38.2233796356365,15,2436000,2.5375,0.5038496,1,7,VeryHighMobility,0,2026-08-06 00:09:12
HighSpeedRail,266,ETU,5,9,6.2999454672137,16QAM,MPA,0,0.382698006465517,0.901589439655172,1,85.963193169782,1.31374921348175,4,0,0,0.5831271,10,7,VeryHighMobility,0,2026-08-06 00:09:13
HighSpeedRail,266,ETU,5,9,6.22789296251932,16QAM,MPA,5,0.34188442887931,0.876778017241379,1,77.7458655818377,2.1864539374014,4,0,0,0.6406472,10,7,VeryHighMobility,0,2026-08-06 00:09:13
HighSpeedRail,266,ETU,5,9,6.30525995610418,16QAM,MPA,10,0.334516433189655,0.873168103448276,1,75.5686053033162,2.4331718612322,5,0,0,0.6014729,10,7,VeryHighMobility,0,2026-08-06 00:09:14
HighSpeedRail,266,ETU,5,9,6.29888923980157,16QAM,MPA,15,0.325532058189655,0.86495150862069,1,74.0431892001657,2.61029767028849,5,0,0,0.6307973,10,7,VeryHighMobility,0,2026-08-06 00:09:14
HighSpeedRail,266,ETU,5,9,6.26330293692724,16QAM,MPA,20,0.32432650862069,0.864197198275862,1,73.8732844940991,2.63025182600993,5,0,0,0.5877994,10,7,VeryHighMobility,0,2026-08-06 00:09:15
HighSpeedRail,266,ETU,5,9,6.17176772459868,16QAM,MPA,25,0.323908943965517,0.86573275862069,1,73.4645132785219,2.6784478874303,5,0,0,0.5681026,10,7,VeryHighMobility,0,2026-08-06 00:09:16
HighSpeedRail,266,ETU,5,9,6.08048305418247,16QAM,MPA,30,0.321693157327586,0.861072198275862,1,73.1944375247309,2.7104384455279,5,0,0,0.5995283,10,7,VeryHighMobility,0,2026-08-06 00:09:16
HighSpeedRail,266,ETU,5,9,6.27704034491028,64QAM,MRC,0,0.419441451149425,0.951320043103448,1,113.91952683961,-1.13196344942075,3,0,0,2.276791,8.3,7,VeryHighMobility,0,2026-08-06 00:09:19
HighSpeedRail,266,ETU,5,9,6.30269026581518,64QAM,MRC,5,0.330863864942529,0.903717672413793,1,71.0821132716283,2.96479338194812,5,0,0,2.1688914,8.1,7,VeryHighMobility,0,2026-08-06 00:09:21
HighSpeedRail,266,ETU,5,9,6.23650376353314,64QAM,MRC,10,0.257520653735632,0.843534482758621,1,50.0187201425857,6.01734850006068,7,0,0,2.3266028,9.5,7,VeryHighMobility,0,2026-08-06 00:09:23
HighSpeedRail,266,ETU,5,9,6.30931582184633,64QAM,MRC,15,0.151746587643678,0.657004310344828,1,31.445934459637,10.0487099015937,8,0,0,2.2087589,8.5,7,VeryHighMobility,0,2026-08-06 00:09:25
HighSpeedRail,266,ETU,5,9,6.28357401075212,64QAM,MRC,20,0.0910380747126437,0.454202586206897,1,22.4898953087539,12.9602513243121,10,0,0,2.418291,8.4,7,VeryHighMobility,0,2026-08-06 00:09:28
HighSpeedRail,266,ETU,5,9,6.30919999201033,64QAM,MRC,25,0.0116065014367816,0.0653556034482759,1,6.39649385736898,23.8811602567078,15,0,0,3.2569744,11.2,7,VeryHighMobility,0,2026-08-06 00:09:31
HighSpeedRail,266,ETU,5,9,6.30923058040439,64QAM,MRC,30,0.00014367816091954,0.000862068965517241,0.3,0.44732285108162,46.9875783144289,15,3654000,3.80625,4.5333912,16.4,7,VeryHighMobility,0,2026-08-06 00:09:35
HighSpeedRail,266,ETU,5,9,6.25435327968388,64QAM,LMMSE,0,0.421017420977012,0.980064655172414,1,90.536153523461,0.863559213608191,4,0,0,0.578716,1,7,VeryHighMobility,0,2026-08-06 00:09:36
HighSpeedRail,266,ETU,5,9,6.30954007122095,64QAM,LMMSE,5,0.405545079022989,0.978744612068966,1,87.9947132493628,1.11086839236026,4,0,0,0.5142618,1,7,VeryHighMobility,0,2026-08-06 00:09:37
HighSpeedRail,266,ETU,5,9,6.27646355425558,64QAM,LMMSE,10,0.397817887931035,0.97801724137931,1,83.4610746313632,1.57032055364927,4,0,0,0.54193,1,7,VeryHighMobility,0,2026-08-06 00:09:37
HighSpeedRail,266,ETU,5,9,6.29311967338931,64QAM,LMMSE,15,0.371327227011494,0.953286637931035,1,67.5930668255053,3.40195696692007,5,0,0,0.5184304,1,7,VeryHighMobility,0,2026-08-06 00:09:38
HighSpeedRail,266,ETU,5,9,6.30472793356389,64QAM,LMMSE,20,0.270721084770115,0.879310344827586,1,46.3303588333753,6.68268672257133,7,0,0,0.5299051,1,7,VeryHighMobility,0,2026-08-06 00:09:38
HighSpeedRail,266,ETU,5,9,4.96204859241698,64QAM,LMMSE,25,0.192946300287356,0.77823275862069,1,35.4961278689854,8.99638039627923,8,0,0,0.5360374,1,7,VeryHighMobility,0,2026-08-06 00:09:39
HighSpeedRail,266,ETU,5,9,5.99357301957172,64QAM,LMMSE,30,0.0917923850574713,0.46338900862069,1,22.5556548682573,12.9348911864069,10,0,0,0.5774322,1,7,VeryHighMobility,0,2026-08-06 00:09:39
HighSpeedRail,266,ETU,5,9,6.19751620859587,64QAM,MPA,0,0.415108656609195,0.979633620689655,1,89.578536895546,0.955920705069311,4,0,0,0.9221542,10,7,VeryHighMobility,0,2026-08-06 00:09:40
HighSpeedRail,266,ETU,5,9,6.30847040167899,64QAM,MPA,5,0.405926724137931,0.978771551724138,1,87.9798485017045,1.11233580397566,4,0,0,0.939176,10,7,VeryHighMobility,0,2026-08-06 00:09:41
HighSpeedRail,266,ETU,5,9,5.91819928413367,64QAM,MPA,10,0.389727011494253,0.976023706896552,1,85.8450149995912,1.32569838304392,4,0,0,0.9486122,10,7,VeryHighMobility,0,2026-08-06 00:09:42
HighSpeedRail,266,ETU,5,9,6.30193290230492,64QAM,MPA,15,0.396053340517241,0.976077586206897,1,86.1092576444313,1.29900309688301,4,0,0,0.9746347,10,7,VeryHighMobility,0,2026-08-06 00:09:43
HighSpeedRail,266,ETU,5,9,6.28149368100946,64QAM,MPA,20,0.407435344827586,0.977640086206897,1,88.0155864847509,1.10880825587853,4,0,0,0.9203693,10,7,VeryHighMobility,0,2026-08-06 00:09:44
HighSpeedRail,266,ETU,5,9,6.30627925642609,64QAM,MPA,25,0.40713900862069,0.978960129310345,1,88.0163091491726,1.10873693944591,4,0,0,0.9912347,10,7,VeryHighMobility,0,2026-08-06 00:09:45
HighSpeedRail,266,ETU,5,9,6.2637171471045,64QAM,MPA,30,0.410133800287356,0.979256465517241,1,88.2808470181164,1.08267017229888,4,0,0,0.8971129,10,7,VeryHighMobility,0,2026-08-06 00:09:46
HighSpeedRail,251,ETU,5,9,5.67225986306163,QPSK,MRC,0,0.224124461206897,0.394342672413793,1,93.9549697948541,0.541604854665241,4,0,0,1.3935415,3.6,8,VeryHighMobility,0,2026-08-06 00:09:47
HighSpeedRail,251,ETU,5,9,5.70240156486465,QPSK,MRC,5,0.134388469827586,0.249245689655172,1,72.8572718455163,2.75054190059211,5,0,0,1.5150879,4,8,VeryHighMobility,0,2026-08-06 00:09:49
HighSpeedRail,251,ETU,5,9,5.87305823812195,QPSK,MRC,10,0.0204606681034483,0.0404633620689655,1,27.4411736499105,11.2319463587375,9,0,0,1.4953787,3.7,8,VeryHighMobility,0,2026-08-06 00:09:50
HighSpeedRail,251,ETU,5,9,5.81959367888557,QPSK,MRC,15,0.000579202586206897,0.00115840517241379,0.4,2.69903659189055,31.3758245500818,15,1044000,1.0875,1.0693682,2.2,8,VeryHighMobility,0,2026-08-06 00:09:51
HighSpeedRail,251,ETU,5,9,5.95109750484144,QPSK,MRC,20,0,0,0,0,160,15,1740000,1.8125,1.0225737,2,8,VeryHighMobility,0,2026-08-06 00:09:52
HighSpeedRail,251,ETU,5,9,5.80611767954932,QPSK,MRC,25,0,0,0,0,160,15,1740000,1.8125,1.0147826,2,8,VeryHighMobility,0,2026-08-06 00:09:53
HighSpeedRail,251,ETU,5,9,5.94765843073558,QPSK,MRC,30,0,0,0,0,160,15,1740000,1.8125,1.0303665,2,8,VeryHighMobility,0,2026-08-06 00:09:54
HighSpeedRail,251,ETU,5,9,5.94158477923534,QPSK,LMMSE,0,0.202209051724138,0.36104525862069,1,89.2266539829242,0.990107856742886,4,0,0,0.4939338,1,8,VeryHighMobility,0,2026-08-06 00:09:55
HighSpeedRail,251,ETU,5,9,5.251352985704,QPSK,LMMSE,5,0.100175107758621,0.189789870689655,1,62.7742169362738,4.0443739219229,5,0,0,0.5023073,1,8,VeryHighMobility,0,2026-08-06 00:09:55
HighSpeedRail,251,ETU,5,9,5.94780879380578,QPSK,LMMSE,10,0.03203125,0.062042025862069,1,31.3902810969899,10.064095904333,8,0,0,0.5195642,1,8,VeryHighMobility,0,2026-08-06 00:09:56
HighSpeedRail,251,ETU,5,9,5.95284346472972,QPSK,LMMSE,15,0.00255926724137931,0.00509159482758621,0.7,6.33289934630189,23.9679482899607,15,522000,0.54375,0.5075091,1,8,VeryHighMobility,0,2026-08-06 00:09:56
HighSpeedRail,251,ETU,5,9,5.77911561522401,QPSK,LMMSE,20,0.000255926724137931,0.000511853448275862,0.2,1.41821400667899,36.9651645945257,15,1392000,1.45,0.507843,1,8,VeryHighMobility,0,2026-08-06 00:09:57
HighSpeedRail,251,ETU,5,9,5.87595332231252,QPSK,LMMSE,25,0,0,0,0,160,15,1740000,1.8125,0.5106343,1,8,VeryHighMobility,0,2026-08-06 00:09:57
HighSpeedRail,251,ETU,5,9,5.81877952979689,QPSK,LMMSE,30,0,0,0,0,160,15,1740000,1.8125,0.5015264,1,8,VeryHighMobility,0,2026-08-06 00:09:58
HighSpeedRail,251,ETU,5,9,5.43930515538991,QPSK,MPA,0,0.284321120689655,0.487769396551724,1,106.485122542289,-0.545778700259949,3,0,0,0.5897574,10,8,VeryHighMobility,0,2026-08-06 00:09:59
HighSpeedRail,251,ETU,5,9,5.58201555417424,QPSK,MPA,5,0.214911099137931,0.383917025862069,1,92.5249085907493,0.674826705808657,4,0,0,0.5226853,10,8,VeryHighMobility,0,2026-08-06 00:09:59
HighSpeedRail,251,ETU,5,9,5.86657749400774,QPSK,MPA,10,0.161368534482759,0.298006465517241,1,80.2243988095246,1.91387057525293,4,0,0,0.5241336,10,8,VeryHighMobility,0,2026-08-06 00:10:00
HighSpeedRail,251,ETU,5,9,5.73794007352022,QPSK,MPA,15,0.138362068965517,0.25870150862069,1,74.3576780204947,2.5734836094797,5,0,0,0.50633,10,8,VeryHighMobility,0,2026-08-06 00:10:00
HighSpeedRail,251,ETU,5,9,5.95320930070386,QPSK,MPA,20,0.122481142241379,0.229391163793103,1,69.8648231471564,3.11482871926069,5,0,0,0.5122217,10,8,VeryHighMobility,0,2026-08-06 00:10:01
HighSpeedRail,251,ETU,5,9,5.94119380341226,QPSK,MPA,25,0.128353987068966,0.241163793103448,1,71.5976988891154,2.90201870909951,5,0,0,0.5157535,10,8,VeryHighMobility,0,2026-08-06 00:10:01
HighSpeedRail,251,ETU,5,9,5.68349512409681,QPSK,MPA,30,0.121161099137931,0.228259698275862,1,69.5246435864122,3.15722457681327,5,0,0,0.55044,10,8,VeryHighMobility,0,2026-08-06 00:10:02
HighSpeedRail,251,ETU,5,9,5.88533683593331,16QAM,MRC,0,0.352310075431034,0.810614224137931,1,99.0791607688074,0.0803536135890866,3,0,0,1.5724035,4,8,VeryHighMobility,0,2026-08-06 00:10:03
HighSpeedRail,251,ETU,5,9,5.9313634347816,16QAM,MRC,5,0.265092941810345,0.708890086206897,1,74.9343008442406,2.50638680824933,5,0,0,1.6301335,4.8,8,VeryHighMobility,0,2026-08-06 00:10:05
HighSpeedRail,251,ETU,5,9,5.90927522067572,16QAM,MRC,10,0.146625808189655,0.489682112068966,1,49.2644196418276,6.14933258077195,7,0,0,1.976998,5.7,8,VeryHighMobility,0,2026-08-06 00:10:07
HighSpeedRail,251,ETU,5,9,5.91575789779339,16QAM,MRC,15,0.0609172952586207,0.224164870689655,1,30.3392869458661,10.3598926101517,9,0,0,1.8992688,5.2,8,VeryHighMobility,0,2026-08-06 00:10:09
HighSpeedRail,251,ETU,5,9,5.95226164254503,16QAM,MRC,20,0.00290274784482759,0.0114493534482759,1,5.29440744039454,25.5236527971265,15,0,0,1.8424535,5.2,8,VeryHighMobility,0,2026-08-06 00:10:11
HighSpeedRail,251,ETU,5,9,5.83315842502488,16QAM,MRC,25,3.36745689655172e-05,0.000134698275862069,0.1,0.232144189606953,52.6848436384672,15,3132000,3.2625,1.3764495,3.2,8,VeryHighMobility,0,2026-08-06 00:10:12
HighSpeedRail,251,ETU,5,9,5.93912117503716,16QAM,MRC,30,0,0,0,0,160,15,3480000,3.625,1.1436147,2.5,8,VeryHighMobility,0,2026-08-06 00:10:13
HighSpeedRail,251,ETU,5,9,5.38127424937458,16QAM,LMMSE,0,0.367780172413793,0.89442349137931,1,83.0492765387737,1.6132829286917,4,0,0,0.5281761,1,8,VeryHighMobility,0,2026-08-06 00:10:14
HighSpeedRail,251,ETU,5,9,5.0582020108067,16QAM,LMMSE,5,0.344261853448276,0.879714439655172,1,77.5249639043126,2.21116854596918,4,0,0,0.4990635,1,8,VeryHighMobility,0,2026-08-06 00:10:14
HighSpeedRail,251,ETU,5,9,5.93394353330602,16QAM,LMMSE,10,0.297023168103448,0.824595905172414,1,70.1764739074429,3.07616914333333,5,0,0,0.5507211,1,8,VeryHighMobility,0,2026-08-06 00:10:15
HighSpeedRail,251,ETU,5,9,5.77975377901868,16QAM,LMMSE,15,0.183768857758621,0.587473060344828,1,53.7897802992535,5.38600459122376,6,0,0,0.5174077,1,8,VeryHighMobility,0,2026-08-06 00:10:15
HighSpeedRail,251,ETU,5,9,5.89613954909497,16QAM,LMMSE,20,0.0685479525862069,0.250457974137931,1,31.8124356487022,9.94806157648427,8,0,0,0.5255106,1,8,VeryHighMobility,0,2026-08-06 00:10:16
HighSpeedRail,251,ETU,5,9,5.42246611487112,16QAM,LMMSE,25,0.0145339439655172,0.055792025862069,1,12.8285367016965,17.8364575796281,12,0,0,0.5090411,1,8,VeryHighMobility,0,2026-08-06 00:10:16
HighSpeedRail,251,ETU,5,9,5.95345029151014,16QAM,LMMSE,30,0.000208782327586207,0.000835129310344828,0.4,0.981014038949914,40.166495550773,15,2088000,2.175,0.5382349,1,8,VeryHighMobility,0,2026-08-06 00:10:17
HighSpeedRail,251,ETU,5,9,5.85267139284027,16QAM,MPA,0,0.386584051724138,0.90301724137931,1,86.8175589912907,1.22784858361051,4,0,0,0.6289154,10,8,VeryHighMobility,0,2026-08-06 00:10:17
HighSpeedRail,251,ETU,5,9,5.75350219841415,16QAM,MPA,5,0.355462015086207,0.888065732758621,1,79.9815312182814,1.94020571415633,4,0,0,0.6384044,10,8,VeryHighMobility,0,2026-08-06 00:10:18
HighSpeedRail,251,ETU,5,9,5.75203853537242,16QAM,MPA,10,0.331209590517241,0.870878232758621,1,75.1317701252063,2.48352757884088,5,0,0,0.6224679,10,8,VeryHighMobility,0,2026-08-06 00:10:19
HighSpeedRail,251,ETU,5,9,5.95164155501806,16QAM,MPA,15,0.323895474137931,0.864197198275862,1,73.5867320868843,2.66400966457903,5,0,0,0.6913477,10,8,VeryHighMobility,0,2026-08-06 00:10:19
HighSpeedRail,251,ETU,5,9,5.952474773393,16QAM,MPA,20,0.322346443965517,0.862338362068966,1,73.7950213085624,2.63945875030216,5,0,0,0.5953245,10,8,VeryHighMobility,0,2026-08-06 00:10:20
HighSpeedRail,251,ETU,5,9,5.86429996541804,16QAM,MPA,25,0.317638739224138,0.85859375,1,72.832839330038,2.75345518184781,5,0,0,0.6501985,10,8,VeryHighMobility,0,2026-08-06 00:10:21
HighSpeedRail,251,ETU,5,9,5.46921515249441,16QAM,MPA,30,0.324420797413793,0.865678879310345,1,73.8043765317008,2.63835768299406,5,0,0,0.6784226,10,8,VeryHighMobility,0,2026-08-06 00:10:21
HighSpeedRail,251,ETU,5,9,5.77585136460625,64QAM,MRC,0,0.415966235632184,0.951858836206897,1,110.81687464873,-0.892117953122595,3,0,0,2.2439283,7.9,8,VeryHighMobility,0,2026-08-06 00:10:24
HighSpeedRail,251,ETU,5,9,5.94856590283733,64QAM,MRC,5,0.349452227011494,0.917429956896552,1,77.179956115934,2.24990945403645,4,0,0,2.5832959,8.2,8,VeryHighMobility,0,2026-08-06 00:10:26
HighSpeedRail,251,ETU,5,9,5.93034368544894,64QAM,MRC,10,0.247557471264368,0.827478448275862,1,48.4505300343229,6.29402935070702,7,0,0,2.2091949,8.5,8,VeryHighMobility,0,2026-08-06 00:10:28
HighSpeedRail,251,ETU,5,9,5.95326176248004,64QAM,MRC,15,0.133957435344828,0.618265086206897,1,28.7880723294973,10.815748296527,9,0,0,2.1519443,6.6,8,VeryHighMobility,0,2026-08-06 00:10:31
HighSpeedRail,251,ETU,5,9,5.95296390355077,64QAM,MRC,20,0.0945806393678161,0.477747844827586,1,23.4485538744513,12.5976787209924,10,0,0,2.7846759,8.8,8,VeryHighMobility,0,2026-08-06 00:10:33
HighSpeedRail,251,ETU,5,9,5.93367189846892,64QAM,MRC,25,0.0222386853448276,0.126050646551724,1,10.3854601569518,19.6714851213401,13,0,0,3.9776883,13.2,8,VeryHighMobility,0,2026-08-06 00:10:37
HighSpeedRail,251,ETU,5,9,5.52990440153437,64QAM,MRC,30,6.28591954022988e-05,0.000377155172413793,0.3,0.303688997133937,50.3514188518276,15,3654000,3.80625,3.2616873,10.1,8,VeryHighMobility,0,2026-08-06 00:10:41
HighSpeedRail,251,ETU,5,9,5.90035417356927,64QAM,LMMSE,0,0.423145653735632,0.979337284482759,1,90.9055439122727,0.828192606828047,4,0,0,0.6007198,1,8,VeryHighMobility,0,2026-08-06 00:10:41
HighSpeedRail,251,ETU,5,9,5.68951570368056,64QAM,LMMSE,5,0.404974856321839,0.979283405172414,1,88.0580616840965,1.10461756743805,4,0,0,0.5848515,1,8,VeryHighMobility,0,2026-08-06 00:10:42
HighSpeedRail,251,ETU,5,9,5.31524660889879,64QAM,LMMSE,10,0.395469647988506,0.976400862068965,1,83.7103568258036,1.54441613666064,4,0,0,0.5559774,1,8,VeryHighMobility,0,2026-08-06 00:10:42
HighSpeedRail,251,ETU,5,9,5.95288770353238,64QAM,LMMSE,15,0.383319863505747,0.963550646551724,1,68.5751726505059,3.27666180612957,5,0,0,0.5392049,1,8,VeryHighMobility,0,2026-08-06 00:10:43
HighSpeedRail,251,ETU,5,9,5.95003606353978,64QAM,LMMSE,20,0.278883800287356,0.891325431034483,1,47.7404267757948,6.42227405868238,7,0,0,0.5415288,1,8,VeryHighMobility,0,2026-08-06 00:10:43
HighSpeedRail,251,ETU,5,9,5.73271128999886,64QAM,LMMSE,25,0.17997036637931,0.74676724137931,1,33.8547366830473,9.40761119458665,8,0,0,0.5225231,1,8,VeryHighMobility,0,2026-08-06 00:10:44
HighSpeedRail,251,ETU,5,9,5.55638661520983,64QAM,LMMSE,30,0.079754849137931,0.410587284482759,1,20.8839334077313,13.6037540057414,10,0,0,0.5479825,1,8,VeryHighMobility,0,2026-08-06 00:10:44
HighSpeedRail,251,ETU,5,9,5.90569174004909,64QAM,MPA,0,0.424286099137931,0.979094827586207,1,91.0421775952474,0.815147262765325,4,0,0,0.8708921,10,8,VeryHighMobility,0,2026-08-06 00:10:45
HighSpeedRail,251,ETU,5,9,5.95353471961914,64QAM,MPA,5,0.404364224137931,0.979283405172414,1,87.9365791766904,1.11660865778841,4,0,0,0.9208465,10,8,VeryHighMobility,0,2026-08-06 00:10:46
HighSpeedRail,251,ETU,5,9,5.74955249222377,64QAM,MPA,10,0.389466594827586,0.977101293103448,1,85.7981626475264,1.33044024782416,4,0,0,0.9517895,10,8,VeryHighMobility,0,2026-08-06 00:10:47
HighSpeedRail,251,ETU,5,9,5.95225974281943,64QAM,MPA,15,0.395757004310345,0.977397629310345,1,86.3629189084256,1.27345375463947,4,0,0,0.9346247,10,8,VeryHighMobility,0,2026-08-06 00:10:48
HighSpeedRail,251,ETU,5,9,5.25015582784981,64QAM,MPA,20,0.406672054597701,0.977667025862069,1,87.6465536111587,1.14530312639129,4,0,0,0.9390394,10,8,VeryHighMobility,0,2026-08-06 00:10:49
HighSpeedRail,251,ETU,5,9,5.94863728416965,64QAM,MPA,25,0.410713002873563,0.977613146551724,1,88.3538700651284,1.07548845656384,4,0,0,0.9372287,10,8,VeryHighMobility,0,2026-08-06 00:10:50
HighSpeedRail,251,ETU,5,9,5.7393699436162,64QAM,MPA,30,0.41022808908046,0.978744612068966,1,88.2408242098233,1.08660888078015,4,0,0,0.9331701,10,8,VeryHighMobility,0,2026-08-06 00:10:51
HighSpeedRail,294,ETU,5,9,6.60498240773948,QPSK,MRC,0,0.258028017241379,0.446524784482759,1,101.367240692145,-0.117952495347393,3,0,0,1.1694801,2.6,9,VeryHighMobility,0,2026-08-06 00:10:52
HighSpeedRail,294,ETU,5,9,6.7161024184402,QPSK,MRC,5,0.113348599137931,0.211664870689655,1,66.1802603380769,3.58543057514379,5,0,0,1.3125786,3.1,9,VeryHighMobility,0,2026-08-06 00:10:53
HighSpeedRail,294,ETU,5,9,6.96200476660179,QPSK,MRC,10,0.0200565732758621,0.039520474137931,1,25.6215964645143,11.8278762629992,10,0,0,1.4780529,3.8,9,VeryHighMobility,0,2026-08-06 00:10:55
HighSpeedRail,294,ETU,5,9,6.97318219476681,QPSK,MRC,15,0.000983297413793103,0.00196659482758621,0.7,4.43395170250985,27.0641808362831,15,522000,0.54375,1.0939229,2.5,9,VeryHighMobility,0,2026-08-06 00:10:56
HighSpeedRail,294,ETU,5,9,6.96721404482603,QPSK,MRC,20,0,0,0,0,160,15,1740000,1.8125,1.0106107,2,9,VeryHighMobility,0,2026-08-06 00:10:57
HighSpeedRail,294,ETU,5,9,6.58254283647687,QPSK,MRC,25,0,0,0,0,160,15,1740000,1.8125,1.0326666,2,9,VeryHighMobility,0,2026-08-06 00:10:58
HighSpeedRail,294,ETU,5,9,5.68339932471685,QPSK,MRC,30,0,0,0,0,160,15,1740000,1.8125,1.0279945,2,9,VeryHighMobility,0,2026-08-06 00:10:59
HighSpeedRail,294,ETU,5,9,6.97126520969241,QPSK,LMMSE,0,0.193386314655172,0.347090517241379,1,87.5168871464348,1.15816275969382,4,0,0,0.5149353,1,9,VeryHighMobility,0,2026-08-06 00:11:00
HighSpeedRail,294,ETU,5,9,6.86433323909213,QPSK,LMMSE,5,0.0732489224137931,0.140059267241379,1,51.8401539020634,5.70667435620694,6,0,0,0.4993257,1,9,VeryHighMobility,0,2026-08-06 00:11:00
HighSpeedRail,294,ETU,5,9,6.9330991432493,QPSK,LMMSE,10,0.0237742456896552,0.0469019396551724,1,29.4345952931693,10.6228386216339,9,0,0,0.5124704,1,9,VeryHighMobility,0,2026-08-06 00:11:01
HighSpeedRail,294,ETU,5,9,6.97273076131269,QPSK,LMMSE,15,0.00272090517241379,0.00544181034482759,0.9,7.85616480142856,22.0957882956637,14,174000,0.18125,0.4943923,1,9,VeryHighMobility,0,2026-08-06 00:11:01
HighSpeedRail,294,ETU,5,9,6.97169775802294,QPSK,LMMSE,20,0,0,0,0,160,15,1740000,1.8125,0.5404749,1,9,VeryHighMobility,0,2026-08-06 00:11:02
HighSpeedRail,294,ETU,5,9,6.21254981624989,QPSK,LMMSE,25,0,0,0,0,160,15,1740000,1.8125,0.5148594,1,9,VeryHighMobility,0,2026-08-06 00:11:02
HighSpeedRail,294,ETU,5,9,6.97368871274217,QPSK,LMMSE,30,0,0,0,0,160,15,1740000,1.8125,0.5296039,1,9,VeryHighMobility,0,2026-08-06 00:11:03
HighSpeedRail,294,ETU,5,9,6.83841139252869,QPSK,MPA,0,0.247952586206897,0.432354525862069,1,99.4026608902718,0.0520397980708974,3,0,0,0.5243869,10,9,VeryHighMobility,0,2026-08-06 00:11:03
HighSpeedRail,294,ETU,5,9,6.64154455446337,QPSK,MPA,5,0.213725754310345,0.382327586206897,1,92.4118296123006,0.685448626138138,4,0,0,0.5175471,10,9,VeryHighMobility,0,2026-08-06 00:11:04
HighSpeedRail,294,ETU,5,9,6.77561709499905,QPSK,MPA,10,0.158984375,0.292160560344828,1,79.6653154962817,1.97461439195398,4,0,0,0.5409485,10,9,VeryHighMobility,0,2026-08-06 00:11:04
HighSpeedRail,294,ETU,5,9,6.94105427996314,QPSK,MPA,15,0.137553879310345,0.256223060344828,1,74.1273337334988,2.60043241241837,5,0,0,0.5302117,10,9,VeryHighMobility,0,2026-08-06 00:11:05
HighSpeedRail,294,ETU,5,9,6.97348743393311,QPSK,MPA,20,0.130334051724138,0.24385775862069,1,72.0273092491018,2.85005618040526,5,0,0,0.5198434,10,9,VeryHighMobility,0,2026-08-06 00:11:05
HighSpeedRail,294,ETU,5,9,6.94514531606214,QPSK,MPA,25,0.12606411637931,0.236422413793103,1,70.9244380627282,2.98408192903434,5,0,0,0.5365143,10,9,VeryHighMobility,0,2026-08-06 00:11:06
HighSpeedRail,294,ETU,5,9,6.95547716638594,QPSK,MPA,30,0.125026939655172,0.234671336206897,1,70.6676909856851,3.01558197406161,5,0,0,0.5063404,10,9,VeryHighMobility,0,2026-08-06 00:11:06
HighSpeedRail,294,ETU,5,9,6.75967222624849,16QAM,MRC,0,0.341918103448276,0.797252155172414,1,95.1524506377008,0.431600440818234,4,0,0,1.4147356,3.6,9,VeryHighMobility,0,2026-08-06 00:11:08
HighSpeedRail,294,ETU,5,9,6.91805503949203,16QAM,MRC,5,0.250660021551724,0.691810344827586,1,70.6674886803618,3.01560683979874,5,0,0,1.7116204,4.6,9,VeryHighMobility,0,2026-08-06 00:11:10
HighSpeedRail,294,ETU,5,9,6.69897564443672,16QAM,MRC,10,0.117867726293103,0.407543103448276,1,43.3664172570347,7.25692911744517,7,0,0,1.5628846,4.7,9,VeryHighMobility,0,2026-08-06 00:11:11
HighSpeedRail,294,ETU,5,9,6.50060475912545,16QAM,MRC,15,0.0544585129310345,0.200565732758621,1,27.7881616544779,11.1228036666291,9,0,0,1.7083242,5.6,9,VeryHighMobility,0,2026-08-06 00:11:13
HighSpeedRail,294,ETU,5,9,6.97207217140334,16QAM,MRC,20,0.00338766163793103,0.01328125,0.8,5.45330563286571,25.2668032281913,15,696000,0.725,1.6375961,5.3,9,VeryHighMobility,0,2026-08-06 00:11:14
HighSpeedRail,294,ETU,5,9,6.94710171502023,16QAM,MRC,25,6.73491379310345e-06,2.69396551724138e-05,0.1,0.103120186494263,59.733126204529,15,3132000,3.2625,1.306171,3.3,9,VeryHighMobility,0,2026-08-06 00:11:16
HighSpeedRail,294,ETU,5,9,6.97262994276424,16QAM,MRC,30,0,0,0,0,160,15,3480000,3.625,1.2075921,2.9,9,VeryHighMobility,0,2026-08-06 00:11:17
HighSpeedRail,294,ETU,5,9,6.95745208113385,16QAM,LMMSE,0,0.375397359913793,0.898410560344828,1,84.5020301432972,1.46265714184869,4,0,0,0.5334065,1,9,VeryHighMobility,0,2026-08-06 00:11:18
HighSpeedRail,294,ETU,5,9,6.97243105862229,16QAM,LMMSE,5,0.341554418103448,0.878205818965517,1,77.5743737205074,2.20563443819548,4,0,0,0.4858951,1,9,VeryHighMobility,0,2026-08-06 00:11:18
HighSpeedRail,294,ETU,5,9,6.95939490440507,16QAM,LMMSE,10,0.290503771551724,0.807866379310345,1,69.2393513438031,3.19294018771986,5,0,0,0.5123593,1,9,VeryHighMobility,0,2026-08-06 00:11:19
HighSpeedRail,294,ETU,5,9,6.97178374663872,16QAM,LMMSE,15,0.194288793103448,0.617914870689655,1,55.5128603744383,5.11212788974182,6,0,0,0.4983241,1,9,VeryHighMobility,0,2026-08-06 00:11:19
HighSpeedRail,294,ETU,5,9,6.93762604643339,16QAM,LMMSE,20,0.0575161637931034,0.211799568965517,1,28.236208282527,10.9838724643991,9,0,0,0.4832666,1,9,VeryHighMobility,0,2026-08-06 00:11:19
HighSpeedRail,294,ETU,5,9,6.9593450912076,16QAM,LMMSE,25,0.0121295797413793,0.0469019396551724,0.9,11.3046718796621,18.934840772379,13,348000,0.3625,0.5074023,1,9,VeryHighMobility,0,2026-08-06 00:11:20
HighSpeedRail,294,ETU,5,9,6.83996296169123,16QAM,LMMSE,30,0.000154903017241379,0.000619612068965517,0.3,0.824799452396045,41.6730327212574,15,2436000,2.5375,0.492761,1,9,VeryHighMobility,0,2026-08-06 00:11:20
HighSpeedRail,294,ETU,5,9,6.86485975432408,16QAM,MPA,0,0.380529364224138,0.897817887931034,1,85.7478855045086,1.33553161230358,4,0,0,0.5882365,10,9,VeryHighMobility,0,2026-08-06 00:11:21
HighSpeedRail,294,ETU,5,9,6.88889286088344,16QAM,MPA,5,0.345144127155172,0.878960129310345,1,78.181557566306,2.13791363235692,4,0,0,0.6006419,10,9,VeryHighMobility,0,2026-08-06 00:11:22
HighSpeedRail,294,ETU,5,9,6.90178598895519,16QAM,MPA,10,0.332980872844828,0.873464439655172,1,75.5718576772243,2.43279803995,5,0,0,0.5877856,10,9,VeryHighMobility,0,2026-08-06 00:11:22
HighSpeedRail,294,ETU,5,9,6.94221487364642,16QAM,MPA,15,0.324461206896552,0.865032327586207,1,73.9495469343692,2.62128964889449,5,0,0,0.6053094,10,9,VeryHighMobility,0,2026-08-06 00:11:23
HighSpeedRail,294,ETU,5,9,6.97004528124749,16QAM,MPA,20,0.321794181034483,0.861530172413793,1,73.2589953079433,2.70278083306044,5,0,0,0.4079035,10,9,VeryHighMobility,0,2026-08-06 00:11:23
HighSpeedRail,294,ETU,5,9,6.94320063201966,16QAM,MPA,25,0.320824353448276,0.860721982758621,1,73.0427392782172,2.7284589616366,5,0,0,0.4157265,10,9,VeryHighMobility,0,2026-08-06 00:11:24
HighSpeedRail,294,ETU,5,9,6.92486485075566,16QAM,MPA,30,0.321821120689655,0.861745689655172,1,73.317245957734,2.69587713928722,5,0,0,0.4379121,10,9,VeryHighMobility,0,2026-08-06 00:11:24
HighSpeedRail,294,ETU,5,9,6.97181624907499,64QAM,MRC,0,0.418651221264368,0.953151939655172,1,111.499122455577,-0.945428986392021,3,0,0,0.9872642,8.5,9,VeryHighMobility,0,2026-08-06 00:11:25
HighSpeedRail,294,ETU,5,9,6.90180816273794,64QAM,MRC,5,0.350556752873563,0.916217672413793,1,77.6864949785206,2.1930894479396,4,0,0,0.9979385,9.8,9,VeryHighMobility,0,2026-08-06 00:11:26
HighSpeedRail,294,ETU,5,9,6.92639515647825,64QAM,MRC,10,0.262033045977011,0.840894396551724,1,51.7982145256236,5.71370420086114,6,0,0,0.8434552,8.2,9,VeryHighMobility,0,2026-08-06 00:11:27
HighSpeedRail,294,ETU,5,9,6.70012695765144,64QAM,MRC,15,0.138784123563218,0.630334051724138,1,29.5177754998025,10.5983274929167,9,0,0,0.8656049,7.8,9,VeryHighMobility,0,2026-08-06 00:11:28
HighSpeedRail,294,ETU,5,9,6.95072085587845,64QAM,MRC,20,0.093444683908046,0.468534482758621,1,23.2620173040414,12.6670525109613,10,0,0,1.0250944,9.9,9,VeryHighMobility,0,2026-08-06 00:11:29
HighSpeedRail,294,ETU,5,9,6.62411337055448,64QAM,MRC,25,0.0307112068965517,0.170339439655172,1,12.1456848802893,18.3115598166927,12,0,0,1.1126495,10.6,9,VeryHighMobility,0,2026-08-06 00:11:30
HighSpeedRail,294,ETU,5,9,6.97334522336705,64QAM,MRC,30,0.000166127873563218,0.00099676724137931,0.2,0.431187715516278,47.3066724128035,15,4176000,4.35,1.2534904,13.3,9,VeryHighMobility,0,2026-08-06 00:11:31
HighSpeedRail,294,ETU,5,9,6.84367232524218,64QAM,LMMSE,0,0.421161099137931,0.979391163793103,1,90.3980425855245,0.876819466490326,4,0,0,0.3088857,1,9,VeryHighMobility,0,2026-08-06 00:11:32
HighSpeedRail,294,ETU,5,9,6.575658507854,64QAM,LMMSE,5,0.406447557471264,0.978178879310345,1,88.221563657098,1.08850497929753,4,0,0,0.3115669,1,9,VeryHighMobility,0,2026-08-06 00:11:32
HighSpeedRail,294,ETU,5,9,6.82116558216785,64QAM,LMMSE,10,0.396475395114943,0.97734375,1,84.7984157014569,1.43224523282383,4,0,0,0.4996465,1,9,VeryHighMobility,0,2026-08-06 00:11:32
HighSpeedRail,294,ETU,5,9,6.92971587854999,64QAM,LMMSE,15,0.381829202586207,0.961449353448276,1,70.7080685761175,3.01062051100783,5,0,0,0.5397244,1,9,VeryHighMobility,0,2026-08-06 00:11:33
HighSpeedRail,294,ETU,5,9,6.68771359675914,64QAM,LMMSE,20,0.313007363505747,0.921848060344828,1,54.2450130836357,5.31280363431112,6,0,0,0.5004007,1,9,VeryHighMobility,0,2026-08-06 00:11:33
HighSpeedRail,294,ETU,5,9,6.95081189934918,64QAM,LMMSE,25,0.159536637931034,0.699191810344828,1,31.2148318753198,10.1127799971735,8,0,0,0.516958,1,9,VeryHighMobility,0,2026-08-06 00:11:34
HighSpeedRail,294,ETU,5,9,6.96419172309935,64QAM,LMMSE,30,0.0815957255747126,0.41707974137931,1,20.9756401614677,13.5656955188287,10,0,0,0.5201291,1,9,VeryHighMobility,0,2026-08-06 00:11:34
HighSpeedRail,294,ETU,5,9,5.06355743088874,64QAM,MPA,0,0.420864762931034,0.979445043103448,1,90.4814973262543,0.868804422671196,4,0,0,0.8491103,10,9,VeryHighMobility,0,2026-08-06 00:11:35
HighSpeedRail,294,ETU,5,9,6.96345537793525,64QAM,MPA,5,0.402348239942529,0.977289870689655,1,87.7057440487576,1.13943925537277,4,0,0,0.8728117,10,9,VeryHighMobility,0,2026-08-06 00:11:36
HighSpeedRail,294,ETU,5,9,6.79914141339843,64QAM,MPA,10,0.386929777298851,0.975646551724138,1,85.6572958277604,1.34471280509751,4,0,0,0.8968169,10,9,VeryHighMobility,0,2026-08-06 00:11:37
HighSpeedRail,294,ETU,5,9,6.88823364850227,64QAM,MPA,15,0.398199533045977,0.977828663793103,1,86.3527496682272,1.27447657901778,4,0,0,0.8807683,10,9,VeryHighMobility,0,2026-08-06 00:11:38
HighSpeedRail,294,ETU,5,9,6.62158221703255,64QAM,MPA,20,0.409271731321839,0.978690732758621,1,88.139105878295,1.09662718954497,4,0,0,0.8788597,10,9,VeryHighMobility,0,2026-08-06 00:11:39
HighSpeedRail,294,ETU,5,9,6.967475759797,64QAM,MPA,25,0.41069055316092,0.978098060344828,1,88.1527028330378,1.09528734682161,4,0,0,0.9816111,10,9,VeryHighMobility,0,2026-08-06 00:11:40
HighSpeedRail,294,ETU,5,9,6.65770825288022,64QAM,MPA,30,0.410825251436782,0.977909482758621,1,88.3165821125035,1.07915493324,4,0,0,0.9414338,10,9,VeryHighMobility,0,2026-08-06 00:11:41
HighSpeedRail,259,ETU,5,9,6.10725285333321,QPSK,MRC,0,0.246942349137931,0.430980603448276,1,98.6209271090641,0.120618381979166,3,0,0,1.2558454,2.9,10,VeryHighMobility,0,2026-08-06 00:11:42
HighSpeedRail,259,ETU,5,9,6.03159818435137,QPSK,MRC,5,0.123504849137931,0.228663793103448,1,68.3735869586725,3.30223271807482,5,0,0,1.3408114,3.3,10,VeryHighMobility,0,2026-08-06 00:11:43
HighSpeedRail,259,ETU,5,9,6.10557146823072,QPSK,MRC,10,0.0256330818965517,0.0500538793103448,1,28.784875203802,10.8167129815802,9,0,0,1.5087428,3.8,10,VeryHighMobility,0,2026-08-06 00:11:45
HighSpeedRail,259,ETU,5,9,5.99404530365159,QPSK,MRC,15,6.73491379310345e-05,0.000134698275862069,0.4,1.02462360031325,39.7887129034552,15,1044000,1.0875,1.038249,2.2,10,VeryHighMobility,0,2026-08-06 00:11:46
HighSpeedRail,259,ETU,5,9,5.88606729728599,QPSK,MRC,20,0,0,0,0,160,15,1740000,1.8125,1.0183208,2,10,VeryHighMobility,0,2026-08-06 00:11:47
HighSpeedRail,259,ETU,5,9,5.88784563413219,QPSK,MRC,25,0,0,0,0,160,15,1740000,1.8125,1.0177861,2,10,VeryHighMobility,0,2026-08-06 00:11:48
HighSpeedRail,259,ETU,5,9,6.12293111423554,QPSK,MRC,30,0,0,0,0,160,15,1740000,1.8125,0.9944751,2,10,VeryHighMobility,0,2026-08-06 00:11:49
HighSpeedRail,259,ETU,5,9,6.0354666656528,QPSK,LMMSE,0,0.208176185344828,0.372225215517241,1,91.0100055597586,0.81821718203521,4,0,0,0.4918978,1,10,VeryHighMobility,0,2026-08-06 00:11:49
HighSpeedRail,259,ETU,5,9,5.95386035312771,QPSK,LMMSE,5,0.0912850215517241,0.173814655172414,1,59.9435453883901,4.4451514817018,6,0,0,0.4995226,1,10,VeryHighMobility,0,2026-08-06 00:11:50
HighSpeedRail,259,ETU,5,9,6.00414825206796,QPSK,LMMSE,10,0.0183997844827586,0.036395474137931,1,25.775773744023,11.7757657816331,10,0,0,0.7595175,1,10,VeryHighMobility,0,2026-08-06 00:11:51
HighSpeedRail,259,ETU,5,9,5.54053515092584,QPSK,LMMSE,15,0.00358297413793103,0.00716594827586207,1,10.9656365257655,19.1993230725169,13,0,0,0.6026216,1,10,VeryHighMobility,0,2026-08-06 00:11:51
HighSpeedRail,259,ETU,5,9,6.12828173485384,QPSK,LMMSE,20,0,0,0,0,160,15,1740000,1.8125,0.533165,1,10,VeryHighMobility,0,2026-08-06 00:11:52
HighSpeedRail,259,ETU,5,9,5.51987138036825,QPSK,LMMSE,25,0,0,0,0,160,15,1740000,1.8125,0.5286162,1,10,VeryHighMobility,0,2026-08-06 00:11:52
HighSpeedRail,259,ETU,5,9,5.84791458607342,QPSK,LMMSE,30,0,0,0,0,160,15,1740000,1.8125,0.5459969,1,10,VeryHighMobility,0,2026-08-06 00:11:53
HighSpeedRail,259,ETU,5,9,6.13004923922277,QPSK,MPA,0,0.26651400862069,0.461691810344828,1,103.133527463923,-0.267997442537171,3,0,0,0.5588822,10,10,VeryHighMobility,0,2026-08-06 00:11:53
HighSpeedRail,259,ETU,5,9,6.1417237924661,QPSK,MPA,5,0.225013469827586,0.398302801724138,1,94.6599755002555,0.476672245428362,4,0,0,0.5409597,10,10,VeryHighMobility,0,2026-08-06 00:11:54
HighSpeedRail,259,ETU,5,9,6.00539145765435,QPSK,MPA,10,0.173235452586207,0.315571120689655,1,83.015404224931,1.61682626111556,4,0,0,0.5646867,10,10,VeryHighMobility,0,2026-08-06 00:11:55
HighSpeedRail,259,ETU,5,9,6.13162266768675,QPSK,MPA,15,0.132071659482759,0.24676724137931,1,72.5405728752449,2.78838037969529,5,0,0,0.9513977,10,10,VeryHighMobility,0,2026-08-06 00:11:56
HighSpeedRail,259,ETU,5,9,5.73649930145569,QPSK,MPA,20,0.125579202586207,0.23671875,1,70.7820737508076,3.00153435379505,5,0,0,0.5860212,10,10,VeryHighMobility,0,2026-08-06 00:11:56
HighSpeedRail,259,ETU,5,9,5.30102615344663,QPSK,MPA,25,0.11729525862069,0.220285560344828,1,68.3654070953497,3.30327191527898,5,0,0,0.503222,10,10,VeryHighMobility,0,2026-08-06 00:11:57
HighSpeedRail,259,ETU,5,9,6.14246405522272,QPSK,MPA,30,0.124097521551724,0.232058189655172,1,70.324302707457,3.05789130676893,5,0,0,0.5134907,10,10,VeryHighMobility,0,2026-08-06 00:11:57
HighSpeedRail,259,ETU,5,9,6.14013345624141,16QAM,MRC,0,0.380845905172414,0.834401939655172,1,109.051372122418,-0.752622687876339,3,0,0,2.3131872,4,10,VeryHighMobility,0,2026-08-06 00:11:59
HighSpeedRail,259,ETU,5,9,5.7891653157839,16QAM,MRC,5,0.251636584051724,0.689089439655172,1,71.1775989437637,2.95313332553695,5,0,0,3.0178878,4,10,VeryHighMobility,0,2026-08-06 00:12:02
HighSpeedRail,259,ETU,5,9,6.07731307880872,16QAM,MRC,10,0.148834859913793,0.494288793103448,1,49.7059427423585,6.07183369578652,7,0,0,3.2735047,4.5,10,VeryHighMobility,0,2026-08-06 00:12:06
HighSpeedRail,259,ETU,5,9,5.94696804788812,16QAM,MRC,15,0.0586678340517241,0.21473599137931,1,28.8846400185069,10.7866608116812,9,0,0,3.6883796,6,10,VeryHighMobility,0,2026-08-06 00:12:09
HighSpeedRail,259,ETU,5,9,5.12426791980837,16QAM,MRC,20,0.00686287715517241,0.0259428879310345,0.9,7.12258063205803,22.9472525115215,15,348000,0.3625,3.2420053,4.7,10,VeryHighMobility,0,2026-08-06 00:12:13
HighSpeedRail,259,ETU,5,9,6.02344632841541,16QAM,MRC,25,0,0,0,0,160,15,3480000,3.625,1.7774398,2.8,10,VeryHighMobility,0,2026-08-06 00:12:14
HighSpeedRail,259,ETU,5,9,6.11244582695774,16QAM,MRC,30,0,0,0,0,160,15,3480000,3.625,1.6729635,2.8,10,VeryHighMobility,0,2026-08-06 00:12:16
HighSpeedRail,259,ETU,5,9,6.14247869366516,16QAM,LMMSE,0,0.372474407327586,0.896955818965517,1,83.8221931838697,1.53281960323568,4,0,0,0.5040451,1,10,VeryHighMobility,0,2026-08-06 00:12:17
HighSpeedRail,259,ETU,5,9,6.13709098325838,16QAM,LMMSE,5,0.3431640625,0.877209051724138,1,77.8080037131874,2.17951454100614,4,0,0,0.469,1,10,VeryHighMobility,0,2026-08-06 00:12:17
HighSpeedRail,259,ETU,5,9,5.28655975557904,16QAM,LMMSE,10,0.292827316810345,0.817403017241379,1,69.2957732851321,3.18586508984906,5,0,0,0.4923043,1,10,VeryHighMobility,0,2026-08-06 00:12:18
HighSpeedRail,259,ETU,5,9,6.14291719239912,16QAM,LMMSE,15,0.179088092672414,0.580845905172414,1,53.2410191174737,5.4750728006643,6,0,0,0.4755601,1,10,VeryHighMobility,0,2026-08-06 00:12:18
HighSpeedRail,259,ETU,5,9,6.05285858342567,16QAM,LMMSE,20,0.0539197198275862,0.198626077586207,1,26.7018191139709,11.4691830092271,9,0,0,0.5777467,1,10,VeryHighMobility,0,2026-08-06 00:12:19
HighSpeedRail,259,ETU,5,9,6.14079620605567,16QAM,LMMSE,25,0.0091796875,0.0359913793103448,1,10.3451566310595,19.7052585900763,13,0,0,0.507772,1,10,VeryHighMobility,0,2026-08-06 00:12:19
HighSpeedRail,259,ETU,5,9,6.03713499752619,16QAM,LMMSE,30,0.000228987068965517,0.000915948275862069,0.3,0.829325770848442,41.6254967788512,15,2436000,2.5375,0.5509833,1,10,VeryHighMobility,0,2026-08-06 00:12:20
HighSpeedRail,259,ETU,5,9,6.10619271408297,16QAM,MPA,0,0.381115301724138,0.899595905172414,1,85.6713582832737,1.34328694977242,4,0,0,0.6118387,10,10,VeryHighMobility,0,2026-08-06 00:12:20
HighSpeedRail,259,ETU,5,9,6.094552005326,16QAM,MPA,5,0.347979525862069,0.882974137931035,1,78.362548848474,2.117828928578,4,0,0,0.6104726,10,10,VeryHighMobility,0,2026-08-06 00:12:21
HighSpeedRail,259,ETU,5,9,6.08773076156917,16QAM,MPA,10,0.328758081896552,0.869288793103448,1,74.9018504829874,2.51014905465609,5,0,0,0.6493614,10,10,VeryHighMobility,0,2026-08-06 00:12:22
HighSpeedRail,259,ETU,5,9,6.13780501493331,16QAM,MPA,15,0.328495420258621,0.866837284482759,1,74.63055691602,2.5416663505877,5,0,0,0.6202962,10,10,VeryHighMobility,0,2026-08-06 00:12:22
HighSpeedRail,259,ETU,5,9,6.13895360563799,16QAM,MPA,20,0.320278825431034,0.862042025862069,1,73.0525618128078,2.72729099181262,5,0,0,0.6690343,10,10,VeryHighMobility,0,2026-08-06 00:12:23
HighSpeedRail,259,ETU,5,9,6.11118616013707,16QAM,MPA,25,0.321390086206897,0.862931034482759,1,73.6136835505356,2.66082900180085,5,0,0,0.715591,10,10,VeryHighMobility,0,2026-08-06 00:12:24
HighSpeedRail,259,ETU,5,9,6.13071171614814,16QAM,MPA,30,0.319356142241379,0.858054956896552,1,72.9889314352434,2.73485988829313,5,0,0,0.9084914,10,10,VeryHighMobility,0,2026-08-06 00:12:25
HighSpeedRail,259,ETU,5,9,6.11634320352417,64QAM,MRC,0,0.412212643678161,0.948518318965517,1,108.323455704589,-0.694450126063412,3,0,0,2.7611775,7.4,10,VeryHighMobility,0,2026-08-06 00:12:27
HighSpeedRail,259,ETU,5,9,6.14170591836913,64QAM,MRC,5,0.341617277298851,0.914035560344828,1,73.9263902155875,2.62400999284277,5,0,0,2.289073,9.3,10,VeryHighMobility,0,2026-08-06 00:12:30
HighSpeedRail,259,ETU,5,9,5.84842355174741,64QAM,MRC,10,0.257408405172414,0.836314655172414,1,50.283493226061,5.97149118451691,7,0,0,2.2071257,7.6,10,VeryHighMobility,0,2026-08-06 00:12:32
HighSpeedRail,259,ETU,5,9,6.13909676430782,64QAM,MRC,15,0.177491918103448,0.721901939655172,1,35.2817385295731,9.04900045765382,8,0,0,2.6771498,10.8,10,VeryHighMobility,0,2026-08-06 00:12:34
HighSpeedRail,259,ETU,5,9,6.02190546754452,64QAM,MRC,20,0.0882992097701149,0.438981681034483,1,22.246066744731,13.0549352820297,10,0,0,3.265405,10.8,10,VeryHighMobility,0,2026-08-06 00:12:38
HighSpeedRail,259,ETU,5,9,6.14339888811922,64QAM,MRC,25,0.0277658045977012,0.153448275862069,1,11.2498647155916,18.9770540019418,13,0,0,3.1605592,11.3,10,VeryHighMobility,0,2026-08-06 00:12:41
HighSpeedRail,259,ETU,5,9,6.1352560605127,64QAM,MRC,30,4.9389367816092e-05,0.000296336206896552,0.4,0.32566877860866,49.7444774923752,15,3132000,3.2625,3.8542423,16,10,VeryHighMobility,0,2026-08-06 00:12:45
HighSpeedRail,259,ETU,5,9,5.87154019487217,64QAM,LMMSE,0,0.424308548850575,0.979768318965517,1,91.1688309623079,0.803072280529533,4,0,0,0.5284097,1,10,VeryHighMobility,0,2026-08-06 00:12:45
HighSpeedRail,259,ETU,5,9,5.81960500215733,64QAM,LMMSE,5,0.407224317528736,0.978717672413793,1,88.2408352406528,1.0866077949725,4,0,0,0.5693296,1,10,VeryHighMobility,0,2026-08-06 00:12:46
HighSpeedRail,259,ETU,5,9,6.12685746405498,64QAM,LMMSE,10,0.398397090517241,0.976320043103448,1,84.094584302742,1.50463943794613,4,0,0,0.5197597,1,10,VeryHighMobility,0,2026-08-06 00:12:46
HighSpeedRail,259,ETU,5,9,5.59906632639866,64QAM,LMMSE,15,0.375857579022988,0.956627155172414,1,67.5641101970514,3.40567876828393,5,0,0,0.510895,1,10,VeryHighMobility,0,2026-08-06 00:12:47
HighSpeedRail,259,ETU,5,9,5.81182672833551,64QAM,LMMSE,20,0.289462104885057,0.907273706896552,1,49.2458374145446,6.15260946141661,7,0,0,0.4953839,1,10,VeryHighMobility,0,2026-08-06 00:12:47
HighSpeedRail,259,ETU,5,9,6.13770547095934,64QAM,LMMSE,25,0.169109195402299,0.701697198275862,1,32.7738155337341,9.68945990058895,8,0,0,0.5134232,1,10,VeryHighMobility,0,2026-08-06 00:12:48
HighSpeedRail,259,ETU,5,9,6.1434902691147,64QAM,LMMSE,30,0.0943247126436782,0.471713362068966,1,22.8328497054067,12.828797640455,10,0,0,0.5222102,1,10,VeryHighMobility,0,2026-08-06 00:12:48
HighSpeedRail,259,ETU,5,9,6.00781169801897,64QAM,MPA,0,0.424497126436782,0.979741379310345,1,90.9962915463245,0.819526130234288,4,0,0,0.8667219,10,10,VeryHighMobility,0,2026-08-06 00:12:49
HighSpeedRail,259,ETU,5,9,6.10845502451101,64QAM,MPA,5,0.399007722701149,0.97734375,1,87.3444282886592,1.17529586986987,4,0,0,0.9469002,10,10,VeryHighMobility,0,2026-08-06 00:12:50
HighSpeedRail,259,ETU,5,9,6.12535215038595,64QAM,MPA,10,0.39051724137931,0.976104525862069,1,85.9564189811777,1.31443371775556,4,0,0,0.9934744,10,10,VeryHighMobility,0,2026-08-06 00:12:51
HighSpeedRail,259,ETU,5,9,6.14004503034842,64QAM,MPA,15,0.399483656609195,0.978556034482759,1,86.8683946123412,1.2227640894695,4,0,0,0.981565,10,10,VeryHighMobility,0,2026-08-06 00:12:52
HighSpeedRail,259,ETU,5,9,6.11607559110446,64QAM,MPA,20,0.409051724137931,0.979229525862069,1,87.7610879433516,1.13396003207949,4,0,0,0.8386343,10,10,VeryHighMobility,0,2026-08-06 00:12:53
HighSpeedRail,259,ETU,5,9,6.14329510191214,64QAM,MPA,25,0.408970905172414,0.977209051724138,1,88.0094436623565,1.1094144864511,4,0,0,0.8682478,10,10,VeryHighMobility,0,2026-08-06 00:12:54
HighSpeedRail,259,ETU,5,9,5.96676115202811,64QAM,MPA,30,0.412495510057471,0.978098060344828,1,88.6289287799905,1.0484899959175,4,0,0,0.9416228,10,10,VeryHighMobility,0,2026-08-06 00:12:55
HighSpeedRail,290,ETU,5,9,6.82769077798499,QPSK,MRC,0,0.243521012931034,0.426481681034483,1,98.3297180684584,0.146304120955212,3,0,0,1.6674677,4.6,11,VeryHighMobility,0,2026-08-06 00:12:57
HighSpeedRail,290,ETU,5,9,6.87510869679405,QPSK,MRC,5,0.130132004310345,0.241648706896552,1,70.6580427679848,3.01676793435424,5,0,0,1.1064513,2.9,11,VeryHighMobility,0,2026-08-06 00:12:58
HighSpeedRail,290,ETU,5,9,6.84512563848224,QPSK,MRC,10,0.0150996767241379,0.0296605603448276,1,21.7332586617583,13.257503022861,10,0,0,1.1690975,3,11,VeryHighMobility,0,2026-08-06 00:12:59
HighSpeedRail,290,ETU,5,9,6.86575178368856,QPSK,MRC,15,0.000188577586206897,0.000377155172413793,0.4,1.66697325141229,35.5614273778519,15,1044000,1.0875,0.9284648,2.5,11,VeryHighMobility,0,2026-08-06 00:13:00
HighSpeedRail,290,ETU,5,9,6.75346729295211,QPSK,MRC,20,0,0,0,0,160,15,1740000,1.8125,0.9886231,2,11,VeryHighMobility,0,2026-08-06 00:13:01
HighSpeedRail,290,ETU,5,9,6.87745299135526,QPSK,MRC,25,0,0,0,0,160,15,1740000,1.8125,0.9665001,2,11,VeryHighMobility,0,2026-08-06 00:13:02
HighSpeedRail,290,ETU,5,9,5.68724184898302,QPSK,MRC,30,0,0,0,0,160,15,1740000,1.8125,1.0243098,2,11,VeryHighMobility,0,2026-08-06 00:13:03
HighSpeedRail,290,ETU,5,9,6.86127971204586,QPSK,LMMSE,0,0.201346982758621,0.36260775862069,1,89.6431597259333,0.949656878671606,4,0,0,0.5399507,1,11,VeryHighMobility,0,2026-08-06 00:13:03
HighSpeedRail,290,ETU,5,9,6.87882836176379,QPSK,LMMSE,5,0.109806034482759,0.20614224137931,1,64.8208742938323,3.76570231136274,5,0,0,0.5110725,1,11,VeryHighMobility,0,2026-08-06 00:13:04
HighSpeedRail,290,ETU,5,9,6.87266962651811,QPSK,LMMSE,10,0.0390625,0.0758351293103448,1,37.6480986260364,8.48513904906482,8,0,0,0.4786139,1,11,VeryHighMobility,0,2026-08-06 00:13:04
HighSpeedRail,290,ETU,5,9,6.64266010447038,QPSK,LMMSE,15,0.00327316810344828,0.00654633620689655,0.8,8.59645191437479,21.3136152355049,14,348000,0.3625,0.5158115,1,11,VeryHighMobility,0,2026-08-06 00:13:05
HighSpeedRail,290,ETU,5,9,6.8730698522805,QPSK,LMMSE,20,0.000242456896551724,0.000484913793103448,0.2,1.18917103958229,38.4951135181472,15,1392000,1.45,0.5082688,1,11,VeryHighMobility,0,2026-08-06 00:13:05
HighSpeedRail,290,ETU,5,9,6.85359513417971,QPSK,LMMSE,25,0,0,0,0,160,15,1740000,1.8125,0.523807,1,11,VeryHighMobility,0,2026-08-06 00:13:06
HighSpeedRail,290,ETU,5,9,6.82348160802518,QPSK,LMMSE,30,0,0,0,0,160,15,1740000,1.8125,0.5339684,1,11,VeryHighMobility,0,2026-08-06 00:13:06
HighSpeedRail,290,ETU,5,9,6.85273828842254,QPSK,MPA,0,0.28036099137931,0.480603448275862,1,105.824768619767,-0.491746551705616,3,0,0,0.4989508,10,11,VeryHighMobility,0,2026-08-06 00:13:07
HighSpeedRail,290,ETU,5,9,6.86594264728114,QPSK,MPA,5,0.214520474137931,0.382192887931035,1,92.5631557217818,0.671236951222549,4,0,0,0.5248091,10,11,VeryHighMobility,0,2026-08-06 00:13:07
HighSpeedRail,290,ETU,5,9,6.87737361711683,QPSK,MPA,10,0.165261314655172,0.301266163793103,1,81.1825018514981,1.81075137780317,4,0,0,0.51292,10,11,VeryHighMobility,0,2026-08-06 00:13:08
HighSpeedRail,290,ETU,5,9,6.87359119129809,QPSK,MPA,15,0.138671875,0.257839439655172,1,74.4216629263376,2.56601260091922,5,0,0,0.5274817,10,11,VeryHighMobility,0,2026-08-06 00:13:08
HighSpeedRail,290,ETU,5,9,6.87846263856995,QPSK,MPA,20,0.125875538793103,0.236233836206897,1,70.8857968372671,2.9888154862191,5,0,0,0.5270629,10,11,VeryHighMobility,0,2026-08-06 00:13:09
HighSpeedRail,290,ETU,5,9,6.86668016281665,QPSK,MPA,25,0.130428340517241,0.243696120689655,1,72.0737016883168,2.84446344211198,5,0,0,0.5431309,10,11,VeryHighMobility,0,2026-08-06 00:13:09
HighSpeedRail,290,ETU,5,9,6.60111183720674,QPSK,MPA,30,0.125,0.234024784482759,1,70.6147620785965,3.022089996214,5,0,0,0.4924853,10,11,VeryHighMobility,0,2026-08-06 00:13:10
HighSpeedRail,290,ETU,5,9,5.84775604896393,16QAM,MRC,0,0.355610183189655,0.811153017241379,1,100.289346347455,-0.0250960146944057,3,0,0,1.3204036,3.2,11,VeryHighMobility,0,2026-08-06 00:13:11
HighSpeedRail,290,ETU,5,9,6.87727693110612,16QAM,MRC,5,0.254667295258621,0.69453125,1,72.2116554350001,2.82785397587272,5,0,0,1.3503335,3.3,11,VeryHighMobility,0,2026-08-06 00:13:13
HighSpeedRail,290,ETU,5,9,6.87382445519954,16QAM,MRC,10,0.143628771551724,0.469450431034483,1,48.2344517308197,6.33285307260994,7,0,0,1.5192461,5.2,11,VeryHighMobility,0,2026-08-06 00:13:14
HighSpeedRail,290,ETU,5,9,5.1840019455652,16QAM,MRC,15,0.0390625,0.144127155172414,1,22.3590330345186,13.0109396479604,10,0,0,1.8177497,5.8,11,VeryHighMobility,0,2026-08-06 00:13:16
HighSpeedRail,290,ETU,5,9,6.43372926907856,16QAM,MRC,20,0.00412176724137931,0.0158405172413793,0.8,5.03587041670785,25.9585090741937,15,696000,0.725,1.7040073,5.1,11,VeryHighMobility,0,2026-08-06 00:13:18
HighSpeedRail,290,ETU,5,9,6.86111902375135,16QAM,MRC,25,0,0,0,0,160,15,3480000,3.625,1.3419389,3.5,11,VeryHighMobility,0,2026-08-06 00:13:19
HighSpeedRail,290,ETU,5,9,6.82500483774533,16QAM,MRC,30,0,0,0,0,160,15,3480000,3.625,1.2737598,2.9,11,VeryHighMobility,0,2026-08-06 00:13:20
HighSpeedRail,290,ETU,5,9,6.60564292326073,16QAM,LMMSE,0,0.371437230603448,0.893669181034483,1,83.8428047816654,1.53068403449096,4,0,0,0.4471636,1,11,VeryHighMobility,0,2026-08-06 00:13:21
HighSpeedRail,290,ETU,5,9,6.82647059941467,16QAM,LMMSE,5,0.342328933189655,0.880414870689655,1,77.4729632775748,2.21699664612656,4,0,0,0.4442081,1,11,VeryHighMobility,0,2026-08-06 00:13:21
HighSpeedRail,290,ETU,5,9,6.83852960281538,16QAM,LMMSE,10,0.296012931034483,0.820905172413793,1,69.7646425634892,3.1272925303695,5,0,0,0.4465348,1,11,VeryHighMobility,0,2026-08-06 00:13:22
HighSpeedRail,290,ETU,5,9,6.86948838210179,16QAM,LMMSE,15,0.165294989224138,0.538065732758621,1,50.7989686411457,5.88290209999334,6,0,0,0.4146312,1,11,VeryHighMobility,0,2026-08-06 00:13:22
HighSpeedRail,290,ETU,5,9,6.8787325420016,16QAM,LMMSE,20,0.06875,0.252289870689655,1,32.1672686964759,9.85171626433973,8,0,0,0.4613303,1,11,VeryHighMobility,0,2026-08-06 00:13:23
HighSpeedRail,290,ETU,5,9,6.81941841730676,16QAM,LMMSE,25,0.00612203663793103,0.0241648706896552,0.9,7.99284605588333,21.9459710312924,14,348000,0.3625,0.4571957,1,11,VeryHighMobility,0,2026-08-06 00:13:23
HighSpeedRail,290,ETU,5,9,6.87820155640486,16QAM,LMMSE,30,0.000114493534482759,0.000457974137931034,0.3,0.640671437313286,43.86729274956,15,2436000,2.5375,0.5191798,1,11,VeryHighMobility,0,2026-08-06 00:13:24
HighSpeedRail,290,ETU,5,9,6.64267737810366,16QAM,MPA,0,0.379552801724138,0.899245689655172,1,85.380523693113,1.37282371438666,4,0,0,0.61138,10,11,VeryHighMobility,0,2026-08-06 00:13:24
HighSpeedRail,290,ETU,5,9,6.86838323023681,16QAM,MPA,5,0.349845096982759,0.882893318965517,1,78.8525798103998,2.06368186684289,4,0,0,0.6179675,10,11,VeryHighMobility,0,2026-08-06 00:13:25
HighSpeedRail,290,ETU,5,9,6.87114510373326,16QAM,MPA,10,0.332179418103448,0.867052801724138,1,75.7767874439428,2.40927621160919,5,0,0,0.5746968,10,11,VeryHighMobility,0,2026-08-06 00:13:25
HighSpeedRail,290,ETU,5,9,6.87753987058628,16QAM,MPA,15,0.327404364224138,0.86573275862069,1,74.7398279674547,2.52895812246809,5,0,0,0.5856122,10,11,VeryHighMobility,0,2026-08-06 00:13:26
HighSpeedRail,290,ETU,5,9,6.86679454988027,16QAM,MPA,20,0.319410021551724,0.857596982758621,1,73.0226403927823,2.73084935287414,5,0,0,0.5839366,10,11,VeryHighMobility,0,2026-08-06 00:13:26
HighSpeedRail,290,ETU,5,9,6.87497576755606,16QAM,MPA,25,0.321558459051724,0.860695043103448,1,73.4262566780177,2.68297223729269,5,0,0,0.5565599,10,11,VeryHighMobility,0,2026-08-06 00:13:27
HighSpeedRail,290,ETU,5,9,6.42983976038079,16QAM,MPA,30,0.321120689655172,0.859213362068965,1,73.0668116225748,2.7255968663523,5,0,0,0.5692602,10,11,VeryHighMobility,0,2026-08-06 00:13:28
HighSpeedRail,290,ETU,5,9,6.8275868323746,64QAM,MRC,0,0.411768139367816,0.949407327586207,1,107.389846499979,-0.619264432208483,3,0,0,2.094469,8,11,VeryHighMobility,0,2026-08-06 00:13:30
HighSpeedRail,290,ETU,5,9,6.87307705907479,64QAM,MRC,5,0.345761494252874,0.916433189655172,1,75.6643183343245,2.42217752328959,5,0,0,2.4072216,10.7,11,VeryHighMobility,0,2026-08-06 00:13:32
HighSpeedRail,290,ETU,5,9,6.80668635152045,64QAM,MRC,10,0.257888829022988,0.836988146551724,1,50.4906740658165,5.93577662605445,7,0,0,1.9995577,7.3,11,VeryHighMobility,0,2026-08-06 00:13:34
HighSpeedRail,290,ETU,5,9,6.83630806067117,64QAM,MRC,15,0.136494252873563,0.624865301724138,1,29.0790162335245,10.7284058019125,9,0,0,2.0246578,8.4,11,VeryHighMobility,0,2026-08-06 00:13:36
HighSpeedRail,290,ETU,5,9,6.85422028642161,64QAM,MRC,20,0.0865705818965517,0.438712284482759,1,22.2236301994006,13.063699963893,10,0,0,2.426316,10.2,11,VeryHighMobility,0,2026-08-06 00:13:39
HighSpeedRail,290,ETU,5,9,6.5286313889768,64QAM,MRC,25,0.0258216594827586,0.142456896551724,1,10.6540413453643,19.4497124434421,13,0,0,2.2996302,10.6,11,VeryHighMobility,0,2026-08-06 00:13:41
HighSpeedRail,290,ETU,5,9,6.85618882562947,64QAM,MRC,30,0.00141882183908046,0.00827047413793103,0.5,1.35613133705423,37.353964967553,15,2610000,2.71875,2.8337668,11.8,11,VeryHighMobility,0,2026-08-06 00:13:44
HighSpeedRail,290,ETU,5,9,6.86936433132461,64QAM,LMMSE,0,0.425413074712644,0.980549568965517,1,91.0987180003783,0.809754693093066,4,0,0,0.5252341,1,11,VeryHighMobility,0,2026-08-06 00:13:44
HighSpeedRail,290,ETU,5,9,6.79731689094521,64QAM,LMMSE,5,0.407628412356322,0.979660560344828,1,88.2153240371403,1.08911932532309,4,0,0,0.534993,1,11,VeryHighMobility,0,2026-08-06 00:13:45
HighSpeedRail,290,ETU,5,9,6.8750147963864,64QAM,LMMSE,10,0.394270833333333,0.974542025862069,1,83.4235500983175,1.57422665295322,4,0,0,0.5277179,1,11,VeryHighMobility,0,2026-08-06 00:13:45
HighSpeedRail,290,ETU,5,9,6.86120852279891,64QAM,LMMSE,15,0.382251257183908,0.961314655172414,1,69.4761604629488,3.1632838090554,5,0,0,0.5294115,1,11,VeryHighMobility,0,2026-08-06 00:13:46
HighSpeedRail,290,ETU,5,9,6.6389588149033,64QAM,LMMSE,20,0.295550466954023,0.905711206896552,1,50.4265095100548,5.94682184759898,7,0,0,0.5668746,1,11,VeryHighMobility,0,2026-08-06 00:13:46
HighSpeedRail,290,ETU,5,9,6.34902954974077,64QAM,LMMSE,25,0.177671515804598,0.744665948275862,1,33.4950832431767,9.50037877094776,8,0,0,0.5491848,1,11,VeryHighMobility,0,2026-08-06 00:13:47
HighSpeedRail,290,ETU,5,9,6.86620729007876,64QAM,LMMSE,30,0.0927667025862069,0.454364224137931,1,22.58736501334,12.9226885970977,10,0,0,0.4928992,1,11,VeryHighMobility,0,2026-08-06 00:13:47
HighSpeedRail,290,ETU,5,9,6.34961191038322,64QAM,MPA,0,0.427720905172414,0.980253232758621,1,91.5285190834576,0.768871287902403,4,0,0,0.9526147,10,11,VeryHighMobility,0,2026-08-06 00:13:48
HighSpeedRail,290,ETU,5,9,6.84221707235215,64QAM,MPA,5,0.406860632183908,0.977882543103448,1,88.1917989154958,1.0914359734053,4,0,0,0.9643204,10,11,VeryHighMobility,0,2026-08-06 00:13:49
HighSpeedRail,290,ETU,5,9,6.87878492001705,64QAM,MPA,10,0.392335668103448,0.976616379310345,1,86.3235199877466,1.27741717741895,4,0,0,0.8784219,10,11,VeryHighMobility,0,2026-08-06 00:13:50
HighSpeedRail,290,ETU,5,9,6.85247060430112,64QAM,MPA,15,0.398352191091954,0.977693965517241,1,86.5374209687314,1.25592104009249,4,0,0,0.8310059,10,11,VeryHighMobility,0,2026-08-06 00:13:51
HighSpeedRail,290,ETU,5,9,6.87869885417317,64QAM,MPA,20,0.410928520114943,0.977801724137931,1,88.4099408569656,1.06997799915051,4,0,0,0.8938284,10,11,VeryHighMobility,0,2026-08-06 00:13:52
HighSpeedRail,290,ETU,5,9,6.87595861994253,64QAM,MPA,25,0.409603987068966,0.978771551724138,1,87.9590865302083,1.11438579016989,4,0,0,0.960168,10,11,VeryHighMobility,0,2026-08-06 00:13:53
HighSpeedRail,290,ETU,5,9,6.87880386442216,64QAM,MPA,30,0.412791846264368,0.978178879310345,1,88.9192320423645,1.02008593547616,4,0,0,1.2552251,10,11,VeryHighMobility,0,2026-08-06 00:13:54
HighSpeedRail,214,ETU,5,9,5.03693552902218,QPSK,MRC,0,0.265301724137931,0.457165948275862,1,102.466759171057,-0.211660010285628,3,0,0,1.2925831,3.1,12,VeryHighMobility,0,2026-08-06 00:13:55
HighSpeedRail,214,ETU,5,9,5.03690536500691,QPSK,MRC,5,0.0899649784482759,0.169935344827586,1,57.6082091158736,4.7903125121968,6,0,0,1.2768339,3.6,12,VeryHighMobility,0,2026-08-06 00:13:57
HighSpeedRail,214,ETU,5,9,4.83158210737014,QPSK,MRC,10,0.0240436422413793,0.0472252155172414,1,28.2299286409398,10.9858043930554,9,0,0,1.0749377,3.5,12,VeryHighMobility,0,2026-08-06 00:13:58
HighSpeedRail,214,ETU,5,9,5.04620616668691,QPSK,MRC,15,0.000471443965517241,0.000942887931034483,0.4,2.36994721873672,32.5052265217105,15,1044000,1.0875,0.9031663,2.3,12,VeryHighMobility,0,2026-08-06 00:13:59
HighSpeedRail,214,ETU,5,9,5.07563395694174,QPSK,MRC,20,0,0,0,0,160,15,1740000,1.8125,0.9517483,2,12,VeryHighMobility,0,2026-08-06 00:14:00
HighSpeedRail,214,ETU,5,9,5.07549483153539,QPSK,MRC,25,0,0,0,0,160,15,1740000,1.8125,0.958929,2,12,VeryHighMobility,0,2026-08-06 00:14:01
HighSpeedRail,214,ETU,5,9,4.94624439592863,QPSK,MRC,30,0,0,0,0,160,15,1740000,1.8125,0.8736562,2,12,VeryHighMobility,0,2026-08-06 00:14:02
HighSpeedRail,214,ETU,5,9,5.07373417604842,QPSK,LMMSE,0,0.199205280172414,0.356977370689655,1,88.9978898412629,1.0124058089354,4,0,0,0.4450695,1,12,VeryHighMobility,0,2026-08-06 00:14:02
HighSpeedRail,214,ETU,5,9,5.07466311667433,QPSK,LMMSE,5,0.101899245689655,0.191352370689655,1,62.2320195747076,4.11972209828606,5,0,0,0.4421554,1,12,VeryHighMobility,0,2026-08-06 00:14:02
HighSpeedRail,214,ETU,5,9,4.78009671395143,QPSK,LMMSE,10,0.0156519396551724,0.0308189655172414,1,23.2087453027868,12.6869667495246,10,0,0,0.4479012,1,12,VeryHighMobility,0,2026-08-06 00:14:03
HighSpeedRail,214,ETU,5,9,4.97641710463394,QPSK,LMMSE,15,0.00323275862068966,0.00641163793103448,1,7.76975333712873,22.1918553666439,14,0,0,0.4420831,1,12,VeryHighMobility,0,2026-08-06 00:14:03
HighSpeedRail,214,ETU,5,9,4.62319502877905,QPSK,LMMSE,20,1.34698275862069e-05,2.69396551724138e-05,0.1,0.232119172721315,52.6857797188284,15,1566000,1.63125,0.4462068,1,12,VeryHighMobility,0,2026-08-06 00:14:04
HighSpeedRail,214,ETU,5,9,5.0759214203301,QPSK,LMMSE,25,0,0,0,0,160,15,1740000,1.8125,0.4540305,1,12,VeryHighMobility,0,2026-08-06 00:14:04
HighSpeedRail,214,ETU,5,9,5.07041684039899,QPSK,LMMSE,30,0,0,0,0,160,15,1740000,1.8125,0.4398246,1,12,VeryHighMobility,0,2026-08-06 00:14:05
HighSpeedRail,214,ETU,5,9,5.07353052517241,QPSK,MPA,0,0.265355603448276,0.457543103448276,1,102.687338106319,-0.230337921688587,3,0,0,0.4311525,10,12,VeryHighMobility,0,2026-08-06 00:14:05
HighSpeedRail,214,ETU,5,9,5.0733004858072,QPSK,MPA,5,0.202747844827586,0.36338900862069,1,89.9295334570244,0.921953192904045,4,0,0,0.4663907,10,12,VeryHighMobility,0,2026-08-06 00:14:06
HighSpeedRail,214,ETU,5,9,5.03259279800827,QPSK,MPA,10,0.159913793103448,0.293507543103448,1,79.8464463316282,1.95488815855205,4,0,0,0.4631854,10,12,VeryHighMobility,0,2026-08-06 00:14:06
HighSpeedRail,214,ETU,5,9,4.82750741552989,QPSK,MPA,15,0.140369073275862,0.261422413793103,1,74.891169922106,2.5113876994607,5,0,0,0.4352856,10,12,VeryHighMobility,0,2026-08-06 00:14:06
HighSpeedRail,214,ETU,5,9,5.04431014114971,QPSK,MPA,20,0.134415409482759,0.250484913793103,1,73.1804744735233,2.7120955809005,5,0,0,0.4142738,10,12,VeryHighMobility,0,2026-08-06 00:14:07
HighSpeedRail,214,ETU,5,9,5.01719336712638,QPSK,MPA,25,0.134698275862069,0.25067349137931,1,73.3259721390593,2.69484341063579,5,0,0,0.4733437,10,12,VeryHighMobility,0,2026-08-06 00:14:07
HighSpeedRail,214,ETU,5,9,5.05227211055182,QPSK,MPA,30,0.125821659482759,0.236287715517241,1,70.7828565088388,3.00143829964011,5,0,0,0.4501061,10,12,VeryHighMobility,0,2026-08-06 00:14:08
HighSpeedRail,214,ETU,5,9,5.07131687218852,16QAM,MRC,0,0.342679148706897,0.799488146551724,1,96.0407573504104,0.350888477546515,4,0,0,1.1029858,3.8,12,VeryHighMobility,0,2026-08-06 00:14:09
HighSpeedRail,214,ETU,5,9,5.06532101449527,16QAM,MRC,5,0.236287715517241,0.665705818965517,1,68.0320100166528,3.34573395099439,5,0,0,1.3212984,4.3,12,VeryHighMobility,0,2026-08-06 00:14:10
HighSpeedRail,214,ETU,5,9,5.07329110289552,16QAM,MRC,10,0.147777478448276,0.487473060344828,1,49.4565381749066,6.11552572720691,7,0,0,1.4596905,4.8,12,VeryHighMobility,0,2026-08-06 00:14:12
HighSpeedRail,214,ETU,5,9,5.0751136793334,16QAM,MRC,15,0.0598262392241379,0.219315732758621,1,29.8217293553465,10.509343510278,9,0,0,1.6260152,5.6,12,VeryHighMobility,0,2026-08-06 00:14:13
HighSpeedRail,214,ETU,5,9,5.07595659081308,16QAM,MRC,20,0.00330010775862069,0.012957974137931,0.9,5.74488584648895,24.8143719304016,15,348000,0.3625,1.3642158,5.1,12,VeryHighMobility,0,2026-08-06 00:14:15
HighSpeedRail,214,ETU,5,9,4.80871803052185,16QAM,MRC,25,9.42887931034483e-05,0.000296336206896552,0.1,0.387783367164741,48.228216453031,15,3132000,3.2625,1.1442738,3.4,12,VeryHighMobility,0,2026-08-06 00:14:16
HighSpeedRail,214,ETU,5,9,4.87520260611731,16QAM,MRC,30,0,0,0,0,160,15,3480000,3.625,0.9449113,2.2,12,VeryHighMobility,0,2026-08-06 00:14:17
HighSpeedRail,214,ETU,5,9,4.93291676428937,16QAM,LMMSE,0,0.379855872844828,0.897979525862069,1,85.3891204249776,1.37194919989466,4,0,0,0.4926333,1,12,VeryHighMobility,0,2026-08-06 00:14:17
HighSpeedRail,214,ETU,5,9,4.56932808186298,16QAM,LMMSE,5,0.337601023706897,0.875161637931035,1,76.4208492378278,2.33576280920104,4,0,0,0.4782035,1,12,VeryHighMobility,0,2026-08-06 00:14:18
HighSpeedRail,214,ETU,5,9,5.05968807904991,16QAM,LMMSE,10,0.27862338362069,0.792941810344828,1,67.476179722712,3.41699027397351,5,0,0,0.4649478,1,12,VeryHighMobility,0,2026-08-06 00:14:18
HighSpeedRail,214,ETU,5,9,4.83364857383645,16QAM,LMMSE,15,0.188341864224138,0.593830818965517,1,54.4675933795104,5.27723626728886,6,0,0,0.4780702,1,12,VeryHighMobility,0,2026-08-06 00:14:19
HighSpeedRail,214,ETU,5,9,4.93723531962119,16QAM,LMMSE,20,0.0527815193965517,0.19364224137931,1,27.2775603640843,11.2838894895451,9,0,0,0.5159108,1,12,VeryHighMobility,0,2026-08-06 00:14:19
HighSpeedRail,214,ETU,5,9,4.96100663415598,16QAM,LMMSE,25,0.0125134698275862,0.0486260775862069,0.9,11.9897332622002,18.4238095724569,12,348000,0.3625,0.541883,1,12,VeryHighMobility,0,2026-08-06 00:14:20
HighSpeedRail,214,ETU,5,9,5.07163515336847,16QAM,LMMSE,30,0.000350215517241379,0.00140086206896552,0.5,1.52116978092179,36.3564462146342,15,1740000,1.8125,0.5314705,1,12,VeryHighMobility,0,2026-08-06 00:14:20
HighSpeedRail,214,ETU,5,9,5.07507147938274,16QAM,MPA,0,0.370534752155172,0.893480603448276,1,83.8018553843938,1.53492731849617,4,0,0,0.7031484,10,12,VeryHighMobility,0,2026-08-06 00:14:21
HighSpeedRail,214,ETU,5,9,5.04229759025961,16QAM,MPA,5,0.351414331896552,0.883351293103448,1,79.1157821710535,2.03473747894156,4,0,0,0.7642759,10,12,VeryHighMobility,0,2026-08-06 00:14:22
HighSpeedRail,214,ETU,5,9,4.384037940262,16QAM,MPA,10,0.33038119612069,0.870043103448276,1,74.9041595353041,2.50988129272063,5,0,0,0.6986303,10,12,VeryHighMobility,0,2026-08-06 00:14:22
HighSpeedRail,214,ETU,5,9,5.05852916170886,16QAM,MPA,15,0.321976023706897,0.861799568965517,1,73.7709955267467,2.6422871154724,5,0,0,0.771496,10,12,VeryHighMobility,0,2026-08-06 00:14:23
HighSpeedRail,214,ETU,5,9,4.84943673756955,16QAM,MPA,20,0.325040409482759,0.864412715517241,1,73.8879126668887,2.62853204169154,5,0,0,0.8086063,10,12,VeryHighMobility,0,2026-08-06 00:14:24
HighSpeedRail,214,ETU,5,9,4.84211218606179,16QAM,MPA,25,0.325922683189655,0.86807650862069,1,74.0335757092386,2.61142548695032,5,0,0,1.2465618,10,12,VeryHighMobility,0,2026-08-06 00:14:25
HighSpeedRail,214,ETU,5,9,5.06748318286047,16QAM,MPA,30,0.320945581896552,0.862715517241379,1,73.2642304273864,2.70216015781232,5,0,0,1.3444413,10,12,VeryHighMobility,0,2026-08-06 00:14:27
HighSpeedRail,214,ETU,5,9,4.94461972677019,64QAM,MRC,0,0.41956716954023,0.952801724137931,1,113.983474731606,-1.13683784197557,3,0,0,4.0731962,8.6,12,VeryHighMobility,0,2026-08-06 00:14:31
HighSpeedRail,214,ETU,5,9,5.07569354308777,64QAM,MRC,5,0.364718031609195,0.928744612068966,1,83.9120727975901,1.52351101651801,4,0,0,2.160099,7.6,12,VeryHighMobility,0,2026-08-06 00:14:33
HighSpeedRail,214,ETU,5,9,4.92390832591677,64QAM,MRC,10,0.268036099137931,0.847710129310345,1,53.0552405105429,5.50543424754097,6,0,0,2.3875466,9,12,VeryHighMobility,0,2026-08-06 00:14:35
HighSpeedRail,214,ETU,5,9,5.06804386528998,64QAM,MRC,15,0.163532686781609,0.685452586206897,1,33.4541284643049,9.51100559461698,8,0,0,4.222663,9.5,12,VeryHighMobility,0,2026-08-06 00:14:39
HighSpeedRail,214,ETU,5,9,5.03011714664206,64QAM,MRC,20,0.0535380747126437,0.28917025862069,1,17.0212652288028,15.3801632193826,11,0,0,3.5194897,10.4,12,VeryHighMobility,0,2026-08-06 00:14:43
HighSpeedRail,214,ETU,5,9,5.06895477546872,64QAM,MRC,25,0.0211072198275862,0.118049568965517,1,8.88563592361244,21.0262297066776,14,0,0,2.2946518,11.3,12,VeryHighMobility,0,2026-08-06 00:14:45
HighSpeedRail,214,ETU,5,9,4.94516737854261,64QAM,MRC,30,0.00060614224137931,0.00363685344827586,0.2,0.689668566891798,43.227191349049,15,4176000,4.35,2.2553898,10.6,12,VeryHighMobility,0,2026-08-06 00:14:48
HighSpeedRail,214,ETU,5,9,5.03007210060988,64QAM,LMMSE,0,0.426091056034483,0.980899784482759,1,91.0343945117673,0.815889840499631,4,0,0,0.4268772,1,12,VeryHighMobility,0,2026-08-06 00:14:48
HighSpeedRail,214,ETU,5,9,5.05222946275832,64QAM,LMMSE,5,0.400633081896552,0.977182112068966,1,87.6349403717626,1.14645409006225,4,0,0,0.5041825,1,12,VeryHighMobility,0,2026-08-06 00:14:48
HighSpeedRail,214,ETU,5,9,5.07227410603115,64QAM,LMMSE,10,0.394585129310345,0.972737068965517,1,81.7073599420518,1.75477643648612,4,0,0,0.5270262,1,12,VeryHighMobility,0,2026-08-06 00:14:49
HighSpeedRail,214,ETU,5,9,5.00801481528292,64QAM,LMMSE,15,0.377554777298851,0.959832974137931,1,67.4142263967434,3.42496889610674,5,0,0,0.8436726,1,12,VeryHighMobility,0,2026-08-06 00:14:50
HighSpeedRail,214,ETU,5,9,5.07525878777721,64QAM,LMMSE,20,0.318067528735632,0.925727370689655,1,53.6509120765368,5.40845781079564,6,0,0,0.7733293,1,12,VeryHighMobility,0,2026-08-06 00:14:51
HighSpeedRail,214,ETU,5,9,5.07505174871237,64QAM,LMMSE,25,0.186260775862069,0.732974137931034,1,34.9479785244804,9.1315587966798,8,0,0,0.6221611,1,12,VeryHighMobility,0,2026-08-06 00:14:51
HighSpeedRail,214,ETU,5,9,5.01953906413419,64QAM,LMMSE,30,0.086871408045977,0.443265086206897,1,21.9384929987393,13.1758641667759,10,0,0,0.6012064,1,12,VeryHighMobility,0,2026-08-06 00:14:52
HighSpeedRail,214,ETU,5,9,5.03198298719728,64QAM,MPA,0,0.423967313218391,0.979552801724138,1,90.7898308726597,0.839255858480236,4,0,0,1.113003,10,12,VeryHighMobility,0,2026-08-06 00:14:53
HighSpeedRail,214,ETU,5,9,4.99075448576392,64QAM,MPA,5,0.405603448275862,0.979633620689655,1,87.7544517249283,1.1346168566658,4,0,0,0.8923843,10,12,VeryHighMobility,0,2026-08-06 00:14:54
HighSpeedRail,214,ETU,5,9,4.93016653995142,64QAM,MPA,10,0.389691091954023,0.975754310344828,1,85.8557883880887,1.32460838856756,4,0,0,0.9460329,10,12,VeryHighMobility,0,2026-08-06 00:14:55
HighSpeedRail,214,ETU,5,9,5.07004597401624,64QAM,MPA,15,0.398235452586207,0.976778017241379,1,86.5301065039597,1.25665523482831,4,0,0,0.9167537,10,12,VeryHighMobility,0,2026-08-06 00:14:56
HighSpeedRail,214,ETU,5,9,4.96960178859013,64QAM,MPA,20,0.408054956896552,0.977262931034483,1,87.9875173764623,1.1115787204164,4,0,0,1.1599543,10,12,VeryHighMobility,0,2026-08-06 00:14:57
HighSpeedRail,214,ETU,5,9,4.97592237216387,64QAM,MPA,25,0.412042025862069,0.97879849137931,1,88.5148047216563,1.05968168859877,4,0,0,1.594475,10,12,VeryHighMobility,0,2026-08-06 00:14:58
HighSpeedRail,214,ETU,5,9,5.07125594946275,64QAM,MPA,30,0.409271731321839,0.979633620689655,1,88.1758265612034,1.09300921119935,4,0,0,1.4471478,10,12,VeryHighMobility,0,2026-08-06 00:15:00
HighSpeedRail,214,ETU,5,9,5.02801486938386,QPSK,MRC,0,0.243440193965517,0.424245689655172,1,98.3045085171439,0.148531275256315,3,0,0,1.5347723,3.3,13,VeryHighMobility,0,2026-08-06 00:15:01
HighSpeedRail,214,ETU,5,9,4.58929000940521,QPSK,MRC,5,0.123908943965517,0.232677801724138,1,70.068877400599,3.08949680886426,5,0,0,1.0987478,3.5,13,VeryHighMobility,0,2026-08-06 00:15:03
HighSpeedRail,214,ETU,5,9,4.95996799144668,QPSK,MRC,10,0.0308728448275862,0.0594827586206897,1,30.3452524399366,10.3581849058888,9,0,0,0.8378603,2.7,13,VeryHighMobility,0,2026-08-06 00:15:03
HighSpeedRail,214,ETU,5,9,5.07556386284811,QPSK,MRC,15,0.000700431034482759,0.00140086206896552,0.3,2.57358282952476,31.7892369925999,15,1218000,1.26875,1.0151352,2.3,13,VeryHighMobility,0,2026-08-06 00:15:04
HighSpeedRail,214,ETU,5,9,5.06452321608448,QPSK,MRC,20,0,0,0,0,160,15,1740000,1.8125,0.7010737,2,13,VeryHighMobility,0,2026-08-06 00:15:05
HighSpeedRail,214,ETU,5,9,5.07510068127254,QPSK,MRC,25,0,0,0,0,160,15,1740000,1.8125,0.6855233,2,13,VeryHighMobility,0,2026-08-06 00:15:06
HighSpeedRail,214,ETU,5,9,4.35603254690715,QPSK,MRC,30,0,0,0,0,160,15,1740000,1.8125,0.6714748,2,13,VeryHighMobility,0,2026-08-06 00:15:07
HighSpeedRail,214,ETU,5,9,5.07448399822375,QPSK,LMMSE,0,0.20167025862069,0.361988146551724,1,89.4400710916489,0.969357285150678,4,0,0,0.414901,1,13,VeryHighMobility,0,2026-08-06 00:15:07
HighSpeedRail,214,ETU,5,9,4.80136067127965,QPSK,LMMSE,5,0.10518588362069,0.198114224137931,1,63.4960474398949,3.94506616454455,5,0,0,0.4724043,1,13,VeryHighMobility,0,2026-08-06 00:15:07
HighSpeedRail,214,ETU,5,9,5.07583983838237,QPSK,LMMSE,10,0.0361664870689655,0.0693157327586207,1,32.4320012836831,9.78052502922726,8,0,0,0.4809011,1,13,VeryHighMobility,0,2026-08-06 00:15:08
HighSpeedRail,214,ETU,5,9,5.01536055917907,QPSK,LMMSE,15,0.0048895474137931,0.00975215517241379,0.9,11.6184921259252,18.6970046400892,12,174000,0.18125,0.6142804,1,13,VeryHighMobility,0,2026-08-06 00:15:08
HighSpeedRail,214,ETU,5,9,5.06987009933131,QPSK,LMMSE,20,0.000255926724137931,0.000511853448275862,0.2,1.42638436686291,36.9152685932662,15,1392000,1.45,0.7554257,1,13,VeryHighMobility,0,2026-08-06 00:15:09
HighSpeedRail,214,ETU,5,9,5.07336656290132,QPSK,LMMSE,25,0,0,0,0,160,15,1740000,1.8125,0.6538139,1,13,VeryHighMobility,0,2026-08-06 00:15:10
HighSpeedRail,214,ETU,5,9,5.06518524527322,QPSK,LMMSE,30,0,0,0,0,160,15,1740000,1.8125,0.7398018,1,13,VeryHighMobility,0,2026-08-06 00:15:11
HighSpeedRail,214,ETU,5,9,5.00647801125325,QPSK,MPA,0,0.293588362068965,0.499353448275862,1,108.246791537853,-0.688300652368307,3,0,0,0.5171813,10,13,VeryHighMobility,0,2026-08-06 00:15:11
HighSpeedRail,214,ETU,5,9,5.05712666804495,QPSK,MPA,5,0.211934267241379,0.379040948275862,1,91.9107261992952,0.732676049244886,4,0,0,0.437961,10,13,VeryHighMobility,0,2026-08-06 00:15:12
HighSpeedRail,214,ETU,5,9,4.81471131774463,QPSK,MPA,10,0.164655172413793,0.301212284482759,1,81.1139968210761,1.81808397184066,4,0,0,0.5000186,10,13,VeryHighMobility,0,2026-08-06 00:15:12
HighSpeedRail,214,ETU,5,9,5.07600562575931,QPSK,MPA,15,0.142483836206897,0.265247844827586,1,75.432793082568,2.44879622354431,5,0,0,0.522134,10,13,VeryHighMobility,0,2026-08-06 00:15:13
HighSpeedRail,214,ETU,5,9,5.07236261128541,QPSK,MPA,20,0.132650862068966,0.247440732758621,1,72.6940351868817,2.77002446279157,5,0,0,0.4615467,10,13,VeryHighMobility,0,2026-08-06 00:15:13
HighSpeedRail,214,ETU,5,9,5.07317022670113,QPSK,MPA,25,0.124191810344828,0.232300646551724,1,70.3666979405871,3.05265656786455,5,0,0,0.5739978,10,13,VeryHighMobility,0,2026-08-06 00:15:14
HighSpeedRail,214,ETU,5,9,5.01853184912869,QPSK,MPA,30,0.122912176724138,0.230684267241379,1,69.9390892833029,3.10560054371285,5,0,0,0.4901767,10,13,VeryHighMobility,0,2026-08-06 00:15:14
HighSpeedRail,214,ETU,5,9,4.84210679710975,16QAM,MRC,0,0.371901939655172,0.828421336206897,1,105.775835081401,-0.487729253890861,3,0,0,1.093682,3.2,13,VeryHighMobility,0,2026-08-06 00:15:15
HighSpeedRail,214,ETU,5,9,5.0634817901216,16QAM,MRC,5,0.242807112068966,0.671632543103448,1,69.7472791382305,3.12945459357491,5,0,0,1.0264858,3.9,13,VeryHighMobility,0,2026-08-06 00:15:16
HighSpeedRail,214,ETU,5,9,5.06970243640262,16QAM,MRC,10,0.15516567887931,0.503205818965517,1,50.9872530230221,5.85076770694574,6,0,0,1.451588,4.6,13,VeryHighMobility,0,2026-08-06 00:15:18
HighSpeedRail,214,ETU,5,9,4.72438264482194,16QAM,MRC,15,0.0545797413793103,0.19364224137931,1,26.8324687159995,11.426787366231,9,0,0,1.875443,5.7,13,VeryHighMobility,0,2026-08-06 00:15:20
HighSpeedRail,214,ETU,5,9,5.00423162143986,16QAM,MRC,20,0.006640625,0.0258081896551724,0.7,6.74879685354389,23.4154728883879,15,1044000,1.0875,2.5185062,5.2,13,VeryHighMobility,0,2026-08-06 00:15:22
HighSpeedRail,214,ETU,5,9,5.05456932149887,16QAM,MRC,25,0.000208782327586207,0.000835129310344828,0.1,0.576483097391454,44.7842684358067,15,3132000,3.2625,1.3989001,3,13,VeryHighMobility,0,2026-08-06 00:15:24
HighSpeedRail,214,ETU,5,9,5.03068536308922,16QAM,MRC,30,0,0,0,0,160,15,3480000,3.625,0.8446838,2.3,13,VeryHighMobility,0,2026-08-06 00:15:24
HighSpeedRail,214,ETU,5,9,5.06206171508251,16QAM,LMMSE,0,0.383324353448276,0.900215517241379,1,86.3853865191136,1.2711943844247,4,0,0,0.4365706,1,13,VeryHighMobility,0,2026-08-06 00:15:25
HighSpeedRail,214,ETU,5,9,5.04572477046117,16QAM,LMMSE,5,0.344127155172414,0.879606681034483,1,77.762820282936,2.18455993820321,4,0,0,0.4110667,1,13,VeryHighMobility,0,2026-08-06 00:15:25
HighSpeedRail,214,ETU,5,9,5.03617483182196,16QAM,LMMSE,10,0.270696390086207,0.780684267241379,1,66.3400083631584,3.5644895613433,5,0,0,0.4842771,1,13,VeryHighMobility,0,2026-08-06 00:15:26
HighSpeedRail,214,ETU,5,9,5.02616291316613,16QAM,LMMSE,15,0.153670528017241,0.514601293103448,1,49.5230745200863,6.10384802060718,7,0,0,0.4655024,1,13,VeryHighMobility,0,2026-08-06 00:15:26
HighSpeedRail,214,ETU,5,9,4.95098646877809,16QAM,LMMSE,20,0.0421066810344828,0.159132543103448,1,23.8787604839266,12.4397644126308,10,0,0,0.5101322,1,13,VeryHighMobility,0,2026-08-06 00:15:27
HighSpeedRail,214,ETU,5,9,5.06815286213162,16QAM,LMMSE,25,0.0163186961206897,0.0630118534482759,0.9,12.581491234392,18.0053576126555,12,348000,0.3625,0.4921956,1,13,VeryHighMobility,0,2026-08-06 00:15:27
HighSpeedRail,214,ETU,5,9,4.99600885529055,16QAM,LMMSE,30,0.00041082974137931,0.00164331896551724,0.2,0.904943257840086,40.8675730253878,15,2784000,2.9,0.4769552,1,13,VeryHighMobility,0,2026-08-06 00:15:28
HighSpeedRail,214,ETU,5,9,5.05537492681255,16QAM,MPA,0,0.368972252155172,0.893399784482759,1,82.9002430193741,1.6288839265534,4,0,0,0.5985974,10,13,VeryHighMobility,0,2026-08-06 00:15:28
HighSpeedRail,214,ETU,5,9,4.53169689415515,16QAM,MPA,5,0.343904903017241,0.879633620689655,1,77.784738584717,2.18211207013033,4,0,0,0.4755915,10,13,VeryHighMobility,0,2026-08-06 00:15:29
HighSpeedRail,214,ETU,5,9,5.04438909809335,16QAM,MPA,10,0.336341594827586,0.875996767241379,1,75.9057814563863,2.3945028855206,4,0,0,0.4959896,10,13,VeryHighMobility,0,2026-08-06 00:15:29
HighSpeedRail,214,ETU,5,9,5.07608381047468,16QAM,MPA,15,0.325188577586207,0.865571120689655,1,74.0231371915035,2.61265025834239,5,0,0,0.5177464,10,13,VeryHighMobility,0,2026-08-06 00:15:30
HighSpeedRail,214,ETU,5,9,5.07580015057176,16QAM,MPA,20,0.326582704741379,0.867376077586207,1,74.3767974542344,2.57125051198444,5,0,0,0.5062642,10,13,VeryHighMobility,0,2026-08-06 00:15:30
HighSpeedRail,214,ETU,5,9,5.02190905798108,16QAM,MPA,25,0.323585668103448,0.86338900862069,1,73.7647520843867,2.64302225732393,5,0,0,0.5452874,10,13,VeryHighMobility,0,2026-08-06 00:15:31
HighSpeedRail,214,ETU,5,9,5.05039322005128,16QAM,MPA,30,0.321901939655172,0.861395474137931,1,73.6186994988429,2.66023717583781,5,0,0,0.6203462,10,13,VeryHighMobility,0,2026-08-06 00:15:31
HighSpeedRail,214,ETU,5,9,5.07610148936553,64QAM,MRC,0,0.416320941091954,0.951804956896552,1,109.567628334618,-0.793645223062543,3,0,0,1.8879553,7.8,13,VeryHighMobility,0,2026-08-06 00:15:33
HighSpeedRail,214,ETU,5,9,5.06408556896887,64QAM,MRC,5,0.357197377873563,0.917887931034483,1,80.6772091315995,1.86498267515228,4,0,0,1.7752375,8.9,13,VeryHighMobility,0,2026-08-06 00:15:35
HighSpeedRail,214,ETU,5,9,5.01247088431415,64QAM,MRC,10,0.252581716954023,0.83135775862069,1,49.452720433365,6.11619625051645,7,0,0,1.8477682,9.4,13,VeryHighMobility,0,2026-08-06 00:15:37
HighSpeedRail,214,ETU,5,9,4.87035810221978,64QAM,MRC,15,0.153138469827586,0.66495150862069,1,31.5676108785648,10.0151657086988,8,0,0,1.6099158,7.3,13,VeryHighMobility,0,2026-08-06 00:15:39
HighSpeedRail,214,ETU,5,9,5.06689000414412,64QAM,MRC,20,0.0714529454022989,0.366567887931035,1,19.6839941190315,14.1177354678339,11,0,0,1.8996066,9,13,VeryHighMobility,0,2026-08-06 00:15:40
HighSpeedRail,214,ETU,5,9,5.04612828819579,64QAM,MRC,25,0.0292519755747126,0.159617456896552,0.9,10.8585412833445,19.2845702631657,13,522000,0.54375,2.0198537,10.6,13,VeryHighMobility,0,2026-08-06 00:15:42
HighSpeedRail,214,ETU,5,9,4.580394874822,64QAM,MRC,30,0.00078125,0.00447198275862069,0.4,0.996958190705002,40.0264610850576,15,3132000,3.2625,3.0267748,19.3,13,VeryHighMobility,0,2026-08-06 00:15:46
HighSpeedRail,214,ETU,5,9,5.05752786821905,64QAM,LMMSE,0,0.427900502873563,0.980792025862069,1,91.3462903288654,0.786181702390233,4,0,0,0.4101431,1,13,VeryHighMobility,0,2026-08-06 00:15:46
HighSpeedRail,214,ETU,5,9,5.07166074721333,64QAM,LMMSE,5,0.401248204022988,0.977640086206897,1,87.5131919812737,1.1585295057634,4,0,0,0.4200209,1,13,VeryHighMobility,0,2026-08-06 00:15:46
HighSpeedRail,214,ETU,5,9,5.02558656892947,64QAM,LMMSE,10,0.395294540229885,0.977316810344828,1,84.1457299325355,1.49935835758723,4,0,0,0.4472384,1,13,VeryHighMobility,0,2026-08-06 00:15:47
HighSpeedRail,214,ETU,5,9,5.02411376134079,64QAM,LMMSE,15,0.390193965517241,0.966460129310345,1,74.6214508663022,2.54272622434297,5,0,0,0.4215011,1,13,VeryHighMobility,0,2026-08-06 00:15:47
HighSpeedRail,214,ETU,5,9,5.05850656240029,64QAM,LMMSE,20,0.311678340517241,0.914197198275862,1,53.9108098877639,5.36648287663639,6,0,0,0.4446156,1,13,VeryHighMobility,0,2026-08-06 00:15:48
HighSpeedRail,214,ETU,5,9,5.0511107454089,64QAM,LMMSE,25,0.198531788793103,0.784159482758621,1,36.2744782579553,8.80797650754706,8,0,0,0.404346,1,13,VeryHighMobility,0,2026-08-06 00:15:48
HighSpeedRail,214,ETU,5,9,5.07569659062317,64QAM,LMMSE,30,0.110304418103448,0.51729525862069,1,24.7914739542395,12.1139530377269,10,0,0,0.4246895,1,13,VeryHighMobility,0,2026-08-06 00:15:48
HighSpeedRail,214,ETU,5,9,5.06585040552237,64QAM,MPA,0,0.419315732758621,0.978690732758621,1,90.2428445540534,0.891744474072268,4,0,0,0.7310087,10,13,VeryHighMobility,0,2026-08-06 00:15:49
HighSpeedRail,214,ETU,5,9,4.98591382638107,64QAM,MPA,5,0.405311602011494,0.978313577586207,1,87.940120657234,1.11625885694281,4,0,0,0.7505015,10,13,VeryHighMobility,0,2026-08-06 00:15:50
HighSpeedRail,214,ETU,5,9,5.06376418416544,64QAM,MPA,10,0.393534482758621,0.976912715517241,1,86.1737018528861,1.29250500432422,4,0,0,0.7865505,10,13,VeryHighMobility,0,2026-08-06 00:15:51
HighSpeedRail,214,ETU,5,9,4.91035040811436,64QAM,MPA,15,0.395411278735632,0.976643318965517,1,86.2272396632374,1.28711032929479,4,0,0,0.7992417,10,13,VeryHighMobility,0,2026-08-06 00:15:52
HighSpeedRail,214,ETU,5,9,5.07055127632246,64QAM,MPA,20,0.409473778735632,0.978259698275862,1,87.8815942901277,1.1220414598998,4,0,0,0.8146798,10,13,VeryHighMobility,0,2026-08-06 00:15:52
HighSpeedRail,214,ETU,5,9,4.9087099287077,64QAM,MPA,25,0.407583512931035,0.977505387931034,1,87.7618969147221,1.13387996694101,4,0,0,0.7871078,10,13,VeryHighMobility,0,2026-08-06 00:15:53
HighSpeedRail,214,ETU,5,9,5.05083039870466,64QAM,MPA,30,0.418242636494253,0.979903017241379,1,89.3752748069215,0.975652196808335,4,0,0,0.7665996,10,13,VeryHighMobility,0,2026-08-06 00:15:54
HighSpeedRail,281,ETU,5,9,6.48715852923107,QPSK,MRC,0,0.238213900862069,0.419073275862069,1,97.4082888321606,0.228081716451402,4,0,0,0.9416491,3.1,14,VeryHighMobility,0,2026-08-06 00:15:55
HighSpeedRail,281,ETU,5,9,5.93553535364952,QPSK,MRC,5,0.112715517241379,0.211018318965517,1,66.0955120576346,3.59656056967457,5,0,0,1.1835011,3.8,14,VeryHighMobility,0,2026-08-06 00:15:56
HighSpeedRail,281,ETU,5,9,6.61471519069567,QPSK,MRC,10,0.0331223060344828,0.0643318965517241,1,32.8397713917595,9.67199749612071,8,0,0,0.626313,4.1,14,VeryHighMobility,0,2026-08-06 00:15:57
HighSpeedRail,281,ETU,5,9,6.6653500858108,QPSK,MRC,15,0.00021551724137931,0.000431034482758621,0.5,1.85695338177052,34.6239799789896,15,870000,0.90625,0.5265833,2.4,14,VeryHighMobility,0,2026-08-06 00:15:57
HighSpeedRail,281,ETU,5,9,5.87722149511247,QPSK,MRC,20,0,0,0,0,160,15,1740000,1.8125,0.4309253,2,14,VeryHighMobility,0,2026-08-06 00:15:58
HighSpeedRail,281,ETU,5,9,6.54864084150956,QPSK,MRC,25,0,0,0,0,160,15,1740000,1.8125,0.463964,2,14,VeryHighMobility,0,2026-08-06 00:15:58
HighSpeedRail,281,ETU,5,9,6.62433498786013,QPSK,MRC,30,0,0,0,0,160,15,1740000,1.8125,0.489059,2,14,VeryHighMobility,0,2026-08-06 00:15:59
HighSpeedRail,281,ETU,5,9,6.64570096528115,QPSK,LMMSE,0,0.20770474137931,0.369962284482759,1,90.5477611215302,0.862445671125653,4,0,0,0.322788,1,14,VeryHighMobility,0,2026-08-06 00:15:59
HighSpeedRail,281,ETU,5,9,6.65968842088666,QPSK,LMMSE,5,0.123060344827586,0.230280172413793,1,69.5482573814628,3.15427494653606,5,0,0,0.3148813,1,14,VeryHighMobility,0,2026-08-06 00:15:59
HighSpeedRail,281,ETU,5,9,6.6184124192512,QPSK,LMMSE,10,0.0209590517241379,0.0414331896551724,1,26.7775306919112,11.4445894847341,9,0,0,0.3465602,1,14,VeryHighMobility,0,2026-08-06 00:16:00
HighSpeedRail,281,ETU,5,9,6.64989275504216,QPSK,LMMSE,15,0.00224946120689655,0.00444504310344828,0.9,7.74386653727599,22.2208428108529,14,174000,0.18125,0.4021961,1,14,VeryHighMobility,0,2026-08-06 00:16:00
HighSpeedRail,281,ETU,5,9,6.63284445537714,QPSK,LMMSE,20,2.69396551724138e-05,5.38793103448276e-05,0.1,0.328266082149306,49.6754797621886,15,1566000,1.63125,0.3250617,1,14,VeryHighMobility,0,2026-08-06 00:16:00
HighSpeedRail,281,ETU,5,9,6.65553638316121,QPSK,LMMSE,25,0,0,0,0,160,15,1740000,1.8125,0.3407699,1,14,VeryHighMobility,0,2026-08-06 00:16:01
HighSpeedRail,281,ETU,5,9,6.6031856899079,QPSK,LMMSE,30,0,0,0,0,160,15,1740000,1.8125,0.3111136,1,14,VeryHighMobility,0,2026-08-06 00:16:01
HighSpeedRail,281,ETU,5,9,5.97588213755189,QPSK,MPA,0,0.253367456896552,0.441621767241379,1,100.597157604948,-0.0517141961226477,3,0,0,0.3757528,10,14,VeryHighMobility,0,2026-08-06 00:16:01
HighSpeedRail,281,ETU,5,9,6.56858618653706,QPSK,MPA,5,0.209765625,0.373653017241379,1,91.3737459985208,0.783571403890365,4,0,0,0.3758821,10,14,VeryHighMobility,0,2026-08-06 00:16:02
HighSpeedRail,281,ETU,5,9,6.66442178800443,QPSK,MPA,10,0.161395474137931,0.296390086206897,1,80.2889693229255,1.90688234255863,4,0,0,0.352466,10,14,VeryHighMobility,0,2026-08-06 00:16:02
HighSpeedRail,281,ETU,5,9,6.61811243971409,QPSK,MPA,15,0.138011853448276,0.256734913793103,1,74.1961076202587,2.59237755031788,5,0,0,0.3439396,10,14,VeryHighMobility,0,2026-08-06 00:16:02
HighSpeedRail,281,ETU,5,9,6.65954949883414,QPSK,MPA,20,0.132192887931034,0.247009698275862,1,72.6609585814077,2.77397753990657,5,0,0,0.4492544,10,14,VeryHighMobility,0,2026-08-06 00:16:03
HighSpeedRail,281,ETU,5,9,5.6242063383678,QPSK,MPA,25,0.119113685344828,0.223733836206897,1,68.8696207583705,3.23944617040844,5,0,0,0.3788233,10,14,VeryHighMobility,0,2026-08-06 00:16:03
HighSpeedRail,281,ETU,5,9,5.64084039335526,QPSK,MPA,30,0.124016702586207,0.232462284482759,1,70.269841339471,3.06462054088791,5,0,0,0.355713,10,14,VeryHighMobility,0,2026-08-06 00:16:04
HighSpeedRail,281,ETU,5,9,6.65239700546762,16QAM,MRC,0,0.375343480603448,0.830603448275862,1,107.067721794638,-0.593171235622162,3,0,0,0.6973092,3.4,14,VeryHighMobility,0,2026-08-06 00:16:04
HighSpeedRail,281,ETU,5,9,6.33888990924111,16QAM,MRC,5,0.28719692887931,0.739035560344828,1,79.8807707770531,1.95115506465816,4,0,0,0.7641471,4.3,14,VeryHighMobility,0,2026-08-06 00:16:05
HighSpeedRail,281,ETU,5,9,6.29073235223073,16QAM,MRC,10,0.158236799568966,0.5109375,1,51.3916225642679,5.78215340633397,6,0,0,0.7213707,4.5,14,VeryHighMobility,0,2026-08-06 00:16:06
HighSpeedRail,281,ETU,5,9,4.97095925188886,16QAM,MRC,15,0.0734981142241379,0.260695043103448,1,32.1071212709202,9.86797263186512,8,0,0,0.9023803,5.9,14,VeryHighMobility,0,2026-08-06 00:16:07
HighSpeedRail,281,ETU,5,9,6.00673913794885,16QAM,MRC,20,0.0122777478448276,0.0452316810344828,0.8,8.38283726585119,21.5321792924259,14,696000,0.725,1.0852203,4.9,14,VeryHighMobility,0,2026-08-06 00:16:08
HighSpeedRail,281,ETU,5,9,6.66299730082161,16QAM,MRC,25,2.02047413793103e-05,8.08189655172414e-05,0.1,0.178193018676841,54.982186298858,15,3132000,3.2625,0.957377,3.3,14,VeryHighMobility,0,2026-08-06 00:16:09
HighSpeedRail,281,ETU,5,9,6.66403503879737,16QAM,MRC,30,0,0,0,0,160,15,3480000,3.625,0.9182373,3,14,VeryHighMobility,0,2026-08-06 00:16:10
HighSpeedRail,281,ETU,5,9,6.50868847777043,16QAM,LMMSE,0,0.382388200431034,0.901400862068966,1,86.0696663049077,1.30299761611798,4,0,0,0.3556747,1,14,VeryHighMobility,0,2026-08-06 00:16:10
HighSpeedRail,281,ETU,5,9,6.64081646932416,16QAM,LMMSE,5,0.346053340517241,0.881734913793103,1,78.0460283569431,2.15298385242865,4,0,0,0.3750976,1,14,VeryHighMobility,0,2026-08-06 00:16:10
HighSpeedRail,281,ETU,5,9,6.5822102078182,16QAM,LMMSE,10,0.284630926724138,0.800808189655172,1,68.6541722325987,3.26666129599239,5,0,0,0.343456,1,14,VeryHighMobility,0,2026-08-06 00:16:11
HighSpeedRail,281,ETU,5,9,6.64172424469527,16QAM,LMMSE,15,0.155024245689655,0.512015086206897,1,49.140421513291,6.17122245157899,7,0,0,0.3383146,1,14,VeryHighMobility,0,2026-08-06 00:16:11
HighSpeedRail,281,ETU,5,9,5.08396414941265,16QAM,LMMSE,20,0.0728515625,0.263469827586207,1,32.6115019647633,9.73258397482391,8,0,0,0.3530192,1,14,VeryHighMobility,0,2026-08-06 00:16:11
HighSpeedRail,281,ETU,5,9,6.60018384149229,16QAM,LMMSE,25,0.00825026939655172,0.0321659482758621,0.9,9.32136995741132,20.6104050979393,13,348000,0.3625,0.3416503,1,14,VeryHighMobility,0,2026-08-06 00:16:12
HighSpeedRail,281,ETU,5,9,6.64191354062972,16QAM,LMMSE,30,0.000107758620689655,0.000431034482758621,0.5,0.835491717604757,41.5611570199332,15,1740000,1.8125,0.3701709,1,14,VeryHighMobility,0,2026-08-06 00:16:12
HighSpeedRail,281,ETU,5,9,6.17720266123478,16QAM,MPA,0,0.377613146551724,0.898653017241379,1,85.1546092799867,1.39583678827631,4,0,0,0.5044072,10,14,VeryHighMobility,0,2026-08-06 00:16:13
HighSpeedRail,281,ETU,5,9,6.64027174522709,16QAM,MPA,5,0.351380657327586,0.885856681034483,1,79.0194204984561,2.04532319221714,4,0,0,0.4371094,10,14,VeryHighMobility,0,2026-08-06 00:16:13
HighSpeedRail,281,ETU,5,9,6.5206625444798,16QAM,MPA,10,0.33172817887931,0.870554956896552,1,75.0224363354065,2.49617672696842,5,0,0,0.6408291,10,14,VeryHighMobility,0,2026-08-06 00:16:14
HighSpeedRail,281,ETU,5,9,6.65166406967662,16QAM,MPA,15,0.32667025862069,0.866136853448276,1,74.1875133039358,2.59338371639893,5,0,0,0.5844506,10,14,VeryHighMobility,0,2026-08-06 00:16:14
HighSpeedRail,281,ETU,5,9,6.66401113330199,16QAM,MPA,20,0.322245420258621,0.860344827586207,1,73.2569512410681,2.70302318946887,5,0,0,0.5724046,10,14,VeryHighMobility,0,2026-08-06 00:16:15
HighSpeedRail,281,ETU,5,9,6.64925882872683,16QAM,MPA,25,0.320231681034483,0.859051724137931,1,73.2795929730578,2.70033903190399,5,0,0,0.4521054,10,14,VeryHighMobility,0,2026-08-06 00:16:15
HighSpeedRail,281,ETU,5,9,6.65257500961213,16QAM,MPA,30,0.316372575431034,0.855818965517241,1,72.6784698548176,2.77188449481022,5,0,0,0.4615078,10,14,VeryHighMobility,0,2026-08-06 00:16:16
HighSpeedRail,281,ETU,5,9,6.01097050930501,64QAM,MRC,0,0.412755926724138,0.949407327586207,1,108.295236671547,-0.692187095062785,3,0,0,1.0215825,7.5,14,VeryHighMobility,0,2026-08-06 00:16:17
HighSpeedRail,281,ETU,5,9,6.66223267021896,64QAM,MRC,5,0.349991020114943,0.914789870689655,1,77.1468660625664,2.25363423177782,4,0,0,1.0057152,9.1,14,VeryHighMobility,0,2026-08-06 00:16:18
HighSpeedRail,281,ETU,5,9,6.54043763505433,64QAM,MRC,10,0.265759698275862,0.844504310344828,1,52.5307685166457,5.59172490984796,6,0,0,1.0845924,10,14,VeryHighMobility,0,2026-08-06 00:16:19
HighSpeedRail,281,ETU,5,9,4.91093414555726,64QAM,MRC,15,0.160124820402299,0.672629310344828,1,32.9059285183273,9.65451700097428,8,0,0,0.9223483,8.2,14,VeryHighMobility,0,2026-08-06 00:16:20
HighSpeedRail,281,ETU,5,9,6.66327517060608,64QAM,MRC,20,0.0804283405172414,0.39854525862069,1,21.2535966555243,13.4513513118272,10,0,0,1.0077242,9.2,14,VeryHighMobility,0,2026-08-06 00:16:21
HighSpeedRail,281,ETU,5,9,6.36472005098244,64QAM,MRC,25,0.0235587284482759,0.126939655172414,1,9.34320796880788,20.5900796832194,13,0,0,1.1343611,10.9,14,VeryHighMobility,0,2026-08-06 00:16:22
HighSpeedRail,281,ETU,5,9,6.4861412920962,64QAM,MRC,30,4.48994252873563e-05,0.000269396551724138,0.5,0.33813343719568,49.4182376156489,15,2610000,2.71875,1.0756474,9.9,14,VeryHighMobility,0,2026-08-06 00:16:23
HighSpeedRail,281,ETU,5,9,6.66160305468665,64QAM,LMMSE,0,0.421690912356322,0.981061422413793,1,90.1814252525079,0.897658105271112,4,0,0,0.3499005,1,14,VeryHighMobility,0,2026-08-06 00:16:23
HighSpeedRail,281,ETU,5,9,6.49619541398586,64QAM,LMMSE,5,0.401665768678161,0.977155172413793,1,87.5831923219934,1.15158458489676,4,0,0,0.3982265,1,14,VeryHighMobility,0,2026-08-06 00:16:24
HighSpeedRail,281,ETU,5,9,6.66071322170107,64QAM,LMMSE,10,0.397746048850575,0.976939655172414,1,84.7226790790085,1.44000639067581,4,0,0,0.3628369,1,14,VeryHighMobility,0,2026-08-06 00:16:24
HighSpeedRail,281,ETU,5,9,6.21325413679239,64QAM,LMMSE,15,0.372476652298851,0.957165948275862,1,66.3376051485418,3.56480421965507,5,0,0,0.4476853,1,14,VeryHighMobility,0,2026-08-06 00:16:25
HighSpeedRail,281,ETU,5,9,6.53916749353769,64QAM,LMMSE,20,0.284617456896552,0.899515086206897,1,48.7234770529812,6.24523453433433,7,0,0,0.4309147,1,14,VeryHighMobility,0,2026-08-06 00:16:25
HighSpeedRail,281,ETU,5,9,6.527317198142,64QAM,LMMSE,25,0.187477550287356,0.76171875,1,34.7910569796287,9.17064753689234,8,0,0,0.4873513,1,14,VeryHighMobility,0,2026-08-06 00:16:26
HighSpeedRail,281,ETU,5,9,6.65110360355512,64QAM,LMMSE,30,0.0797683189655172,0.40770474137931,1,20.0953868150559,13.9380725935917,10,0,0,0.3504777,1,14,VeryHighMobility,0,2026-08-06 00:16:26
HighSpeedRail,281,ETU,5,9,6.63988917585008,64QAM,MPA,0,0.424106501436782,0.980091594827586,1,90.6520080538587,0.852451426063056,4,0,0,0.6757792,10,14,VeryHighMobility,0,2026-08-06 00:16:27
HighSpeedRail,281,ETU,5,9,6.65787439841245,64QAM,MPA,5,0.406339798850575,0.978394396551724,1,88.2590564091787,1.08481439943016,4,0,0,0.8690145,10,14,VeryHighMobility,0,2026-08-06 00:16:27
HighSpeedRail,281,ETU,5,9,6.51433518049392,64QAM,MPA,10,0.392829561781609,0.976939655172414,1,86.3277000914061,1.27699658474601,4,0,0,0.759824,10,14,VeryHighMobility,0,2026-08-06 00:16:28
HighSpeedRail,281,ETU,5,9,6.664898388117,64QAM,MPA,15,0.396143139367816,0.976293103448276,1,86.3113426960076,1.27864254535062,4,0,0,0.8008049,10,14,VeryHighMobility,0,2026-08-06 00:16:29
HighSpeedRail,281,ETU,5,9,6.65465429960076,64QAM,MPA,20,0.40426095545977,0.978125,1,87.3817114166389,1.17158907315983,4,0,0,0.8956276,10,14,VeryHighMobility,0,2026-08-06 00:16:30
HighSpeedRail,281,ETU,5,9,6.58656316281029,64QAM,MPA,25,0.4140625,0.979660560344828,1,88.6786928705178,1.04361434076421,4,0,0,1.114249,10,14,VeryHighMobility,0,2026-08-06 00:16:31
HighSpeedRail,281,ETU,5,9,6.66228629478296,64QAM,MPA,30,0.409581537356322,0.979040948275862,1,88.1170713708294,1.09879890691748,4,0,0,0.969014,10,14,VeryHighMobility,0,2026-08-06 00:16:32
HighSpeedRail,240,ETU,5,9,5.64070348041108,QPSK,MRC,0,0.238591056034483,0.419234913793103,1,97.2265080500866,0.244306238436124,4,0,0,0.6624854,3.6,15,VeryHighMobility,0,2026-08-06 00:16:33
HighSpeedRail,240,ETU,5,9,5.55015985489829,QPSK,MRC,5,0.120043103448276,0.224030172413793,1,68.1686355236137,3.32830797671149,5,0,0,0.5757905,3.2,15,VeryHighMobility,0,2026-08-06 00:16:33
HighSpeedRail,240,ETU,5,9,5.67322802937098,QPSK,MRC,10,0.0203125,0.0400323275862069,1,25.5282133544059,11.859591582861,10,0,0,0.5490506,3.6,15,VeryHighMobility,0,2026-08-06 00:16:34
HighSpeedRail,240,ETU,5,9,5.56493300030161,QPSK,MRC,15,0.000767780172413793,0.00153556034482759,0.4,2.95225555954456,30.5969210176299,15,1044000,1.0875,0.4908119,2.5,15,VeryHighMobility,0,2026-08-06 00:16:34
HighSpeedRail,240,ETU,5,9,5.59590907988264,QPSK,MRC,20,0,0,0,0,160,15,1740000,1.8125,0.4812203,2,15,VeryHighMobility,0,2026-08-06 00:16:35
HighSpeedRail,240,ETU,5,9,5.64004591153155,QPSK,MRC,25,0,0,0,0,160,15,1740000,1.8125,0.4917508,2,15,VeryHighMobility,0,2026-08-06 00:16:35
HighSpeedRail,240,ETU,5,9,5.46114767965429,QPSK,MRC,30,0,0,0,0,160,15,1740000,1.8125,0.5849509,2,15,VeryHighMobility,0,2026-08-06 00:16:36
HighSpeedRail,240,ETU,5,9,5.68903385995229,QPSK,LMMSE,0,0.232825969827586,0.410748922413793,1,96.0243853937406,0.352369277311695,4,0,0,0.3132809,1,15,VeryHighMobility,0,2026-08-06 00:16:36
HighSpeedRail,240,ETU,5,9,5.64751964065688,QPSK,LMMSE,5,0.100808189655172,0.190705818965517,1,63.0120617933015,4.0115261954124,5,0,0,0.3792644,1,15,VeryHighMobility,0,2026-08-06 00:16:37
HighSpeedRail,240,ETU,5,9,4.35217651626578,QPSK,LMMSE,10,0.0186018318965517,0.0366109913793103,1,25.9696734936795,11.7106702109447,10,0,0,0.390116,1,15,VeryHighMobility,0,2026-08-06 00:16:37
HighSpeedRail,240,ETU,5,9,5.60168737852051,QPSK,LMMSE,15,0.000929418103448276,0.00185883620689655,0.9,5.15789166430007,25.750555679366,15,174000,0.18125,0.3844416,1,15,VeryHighMobility,0,2026-08-06 00:16:37
HighSpeedRail,240,ETU,5,9,5.55822897391835,QPSK,LMMSE,20,0.000148168103448276,0.000296336206896552,0.3,1.21691741916923,38.2947778456859,15,1218000,1.26875,0.3506582,1,15,VeryHighMobility,0,2026-08-06 00:16:38
HighSpeedRail,240,ETU,5,9,5.69242450683967,QPSK,LMMSE,25,0,0,0,0,160,15,1740000,1.8125,0.3002539,1,15,VeryHighMobility,0,2026-08-06 00:16:38
HighSpeedRail,240,ETU,5,9,5.69099184062547,QPSK,LMMSE,30,0,0,0,0,160,15,1740000,1.8125,0.2794616,1,15,VeryHighMobility,0,2026-08-06 00:16:38
HighSpeedRail,240,ETU,5,9,5.45968506270034,QPSK,MPA,0,0.273949353448276,0.473033405172414,1,104.607637893507,-0.391267911256478,3,0,0,0.3089323,10,15,VeryHighMobility,0,2026-08-06 00:16:39
HighSpeedRail,240,ETU,5,9,5.59183136720069,QPSK,MPA,5,0.218278556034483,0.386584051724138,1,93.3877628854593,0.594200560943985,4,0,0,0.3377279,10,15,VeryHighMobility,0,2026-08-06 00:16:39
HighSpeedRail,240,ETU,5,9,5.46136170443022,QPSK,MPA,10,0.162257543103448,0.299542025862069,1,80.4602429991152,1.88837320287768,4,0,0,0.3460671,10,15,VeryHighMobility,0,2026-08-06 00:16:39
HighSpeedRail,240,ETU,5,9,5.69281749059666,QPSK,MPA,15,0.128003771551724,0.239331896551724,1,71.3247089369399,2.93519983886849,5,0,0,0.3777715,10,15,VeryHighMobility,0,2026-08-06 00:16:40
HighSpeedRail,240,ETU,5,9,5.34990918226327,QPSK,MPA,20,0.133243534482759,0.249084051724138,1,72.8286912170363,2.75394989107699,5,0,0,0.3806403,10,15,VeryHighMobility,0,2026-08-06 00:16:40
HighSpeedRail,240,ETU,5,9,5.38803287351032,QPSK,MPA,25,0.128448275862069,0.240301724137931,1,71.6044819499403,2.90119585965082,5,0,0,0.4038185,10,15,VeryHighMobility,0,2026-08-06 00:16:40
HighSpeedRail,240,ETU,5,9,5.39512449312156,QPSK,MPA,30,0.127114762931034,0.238335129310345,1,71.1807605173328,2.95274752340756,5,0,0,0.470913,10,15,VeryHighMobility,0,2026-08-06 00:16:41
HighSpeedRail,240,ETU,5,9,5.66250677330979,16QAM,MRC,0,0.355509159482759,0.812311422413793,1,100.200904492698,-0.0174328366953187,3,0,0,0.8406894,3.3,15,VeryHighMobility,0,2026-08-06 00:16:42
HighSpeedRail,240,ETU,5,9,5.66561776113773,16QAM,MRC,5,0.266412984913793,0.709671336206897,1,75.5556155926883,2.43466503277748,5,0,0,0.7367289,4.5,15,VeryHighMobility,0,2026-08-06 00:16:42
HighSpeedRail,240,ETU,5,9,5.14826741537683,16QAM,MRC,10,0.146733566810345,0.482408405172414,1,49.2894259926801,6.1449247891324,7,0,0,0.6913943,4.2,15,VeryHighMobility,0,2026-08-06 00:16:43
HighSpeedRail,240,ETU,5,9,5.62484536943466,16QAM,MRC,15,0.0404700969827586,0.14921875,1,23.2317191951693,12.6783730064505,10,0,0,0.867362,6.7,15,VeryHighMobility,0,2026-08-06 00:16:44
HighSpeedRail,240,ETU,5,9,5.69246595326393,16QAM,MRC,20,0.00373114224137931,0.0143318965517241,0.6,3.86653273405817,28.2535661746836,15,1392000,1.45,0.6623394,4.8,15,VeryHighMobility,0,2026-08-06 00:16:45
HighSpeedRail,240,ETU,5,9,5.54532964260506,16QAM,MRC,25,6.73491379310345e-06,2.69396551724138e-05,0.1,0.104644654537015,59.605659028182,15,3132000,3.2625,0.5511639,3.2,15,VeryHighMobility,0,2026-08-06 00:16:45
HighSpeedRail,240,ETU,5,9,5.61036244710275,16QAM,MRC,30,0,0,0,0,160,15,3480000,3.625,0.4984161,2.3,15,VeryHighMobility,0,2026-08-06 00:16:46
HighSpeedRail,240,ETU,5,9,5.6188909498419,16QAM,LMMSE,0,0.383001077586207,0.898599137931035,1,86.2702267304398,1.28278121145765,4,0,0,0.3844831,1,15,VeryHighMobility,0,2026-08-06 00:16:46
HighSpeedRail,240,ETU,5,9,5.67219787757679,16QAM,LMMSE,5,0.347299299568965,0.883674568965517,1,78.4862701373416,2.10412618359327,4,0,0,0.3106319,1,15,VeryHighMobility,0,2026-08-06 00:16:46
HighSpeedRail,240,ETU,5,9,5.66243233787956,16QAM,LMMSE,10,0.292423221982759,0.818588362068966,1,69.3956264211984,3.1733579917654,5,0,0,0.3155458,1,15,VeryHighMobility,0,2026-08-06 00:16:47
HighSpeedRail,240,ETU,5,9,5.36875973043856,16QAM,LMMSE,15,0.175188577586207,0.569288793103448,1,52.5553486575416,5.58766156826215,6,0,0,0.319969,1,15,VeryHighMobility,0,2026-08-06 00:16:47
HighSpeedRail,240,ETU,5,9,5.69168923637866,16QAM,LMMSE,20,0.0479054418103448,0.177855603448276,0.9,25.5230991410975,11.8613318512443,10,348000,0.3625,0.320544,1,15,VeryHighMobility,0,2026-08-06 00:16:47
HighSpeedRail,240,ETU,5,9,5.6151429527798,16QAM,LMMSE,25,0.00490975215517241,0.0194504310344828,1,7.63869573592101,22.339615768401,14,0,0,0.315282,1,15,VeryHighMobility,0,2026-08-06 00:16:48
HighSpeedRail,240,ETU,5,9,5.68959255940768,16QAM,LMMSE,30,0.00146147629310345,0.00581896551724138,0.3,2.17880015065625,33.2356520673798,15,2436000,2.5375,0.3089257,1,15,VeryHighMobility,0,2026-08-06 00:16:48
HighSpeedRail,240,ETU,5,9,5.61281035688378,16QAM,MPA,0,0.392914870689655,0.906034482758621,1,88.1478734361903,1.09576321149471,4,0,0,0.3907517,10,15,VeryHighMobility,0,2026-08-06 00:16:48
HighSpeedRail,240,ETU,5,9,5.69193151197622,16QAM,MPA,5,0.340665409482759,0.876589439655172,1,77.2277430163666,2.24453314496783,4,0,0,0.4164223,10,15,VeryHighMobility,0,2026-08-06 00:16:49
HighSpeedRail,240,ETU,5,9,5.69192960840855,16QAM,MPA,10,0.329236260775862,0.868911637931034,1,74.6842591800698,2.53541845140181,5,0,0,0.4271096,10,15,VeryHighMobility,0,2026-08-06 00:16:49
HighSpeedRail,240,ETU,5,9,5.66176784683744,16QAM,MPA,15,0.324750808189655,0.866190732758621,1,73.9291299097215,2.623688101839,5,0,0,0.4278941,10,15,VeryHighMobility,0,2026-08-06 00:16:50
HighSpeedRail,240,ETU,5,9,5.6916095992867,16QAM,MPA,20,0.324171605603448,0.865625,1,73.8585254991257,2.63198733580894,5,0,0,0.4368958,10,15,VeryHighMobility,0,2026-08-06 00:16:50
HighSpeedRail,240,ETU,5,9,5.67156705023994,16QAM,MPA,25,0.319261853448276,0.858647629310345,1,72.8774871300687,2.74813221146943,5,0,0,0.5412107,10,15,VeryHighMobility,0,2026-08-06 00:16:51
HighSpeedRail,240,ETU,5,9,5.66295007655114,16QAM,MPA,30,0.320433728448276,0.860506465517241,1,73.2177501842386,2.70767240272048,5,0,0,0.5816497,10,15,VeryHighMobility,0,2026-08-06 00:16:51
HighSpeedRail,240,ETU,5,9,5.68567562408228,64QAM,MRC,0,0.410686063218391,0.949137931034483,1,107.586382161522,-0.635146072260702,3,0,0,1.1429737,8.3,15,VeryHighMobility,0,2026-08-06 00:16:52
HighSpeedRail,240,ETU,5,9,5.61175037132707,64QAM,MRC,5,0.364753951149425,0.925377155172414,1,84.2464647249137,1.4889662916668,4,0,0,0.9447853,8.4,15,VeryHighMobility,0,2026-08-06 00:16:53
HighSpeedRail,240,ETU,5,9,5.63165405352173,64QAM,MRC,10,0.256842672413793,0.836961206896552,1,50.5563545241996,5.92448498688015,7,0,0,0.9431089,7.9,15,VeryHighMobility,0,2026-08-06 00:16:54
HighSpeedRail,240,ETU,5,9,5.55273828459546,64QAM,MRC,15,0.175363685344828,0.704903017241379,1,35.1928879378597,9.07090186760733,8,0,0,0.9759101,8.9,15,VeryHighMobility,0,2026-08-06 00:16:55
HighSpeedRail,240,ETU,5,9,5.68686813518537,64QAM,MRC,20,0.0885820761494253,0.443211206896552,1,22.5026631213112,12.9553216284851,10,0,0,1.171814,10.4,15,VeryHighMobility,0,2026-08-06 00:16:56
HighSpeedRail,240,ETU,5,9,5.66480980686973,64QAM,MRC,25,0.0157686781609195,0.0897090517241379,1,8.03460916391731,21.9007048847516,14,0,0,1.3187259,10,15,VeryHighMobility,0,2026-08-06 00:16:58
HighSpeedRail,240,ETU,5,9,5.67252862393656,64QAM,MRC,30,4.9389367816092e-05,0.000296336206896552,0.4,0.317755653912943,49.9581342637027,15,3132000,3.2625,1.338928,13.3,15,VeryHighMobility,0,2026-08-06 00:16:59
HighSpeedRail,240,ETU,5,9,5.6617496102882,64QAM,LMMSE,0,0.425951867816092,0.979094827586207,1,91.3679126453171,0.78412593384856,4,0,0,0.3171361,1,15,VeryHighMobility,0,2026-08-06 00:16:59
HighSpeedRail,240,ETU,5,9,5.65905537178794,64QAM,LMMSE,5,0.407345545977012,0.976885775862069,1,88.2996463991787,1.0808207115048,4,0,0,0.31991,1,15,VeryHighMobility,0,2026-08-06 00:17:00
HighSpeedRail,240,ETU,5,9,5.46727190256495,64QAM,LMMSE,10,0.394297772988506,0.973787715517241,1,81.4444371739779,1.78277147134492,4,0,0,0.327559,1,15,VeryHighMobility,0,2026-08-06 00:17:00
HighSpeedRail,240,ETU,5,9,5.57763143059625,64QAM,LMMSE,15,0.380212823275862,0.960910560344828,1,69.3202622253883,3.18279606202919,5,0,0,0.3425368,1,15,VeryHighMobility,0,2026-08-06 00:17:00
HighSpeedRail,240,ETU,5,9,5.68827952439078,64QAM,LMMSE,20,0.319351652298851,0.924299568965517,1,55.4534250807648,5.12143248975981,6,0,0,0.3389366,1,15,VeryHighMobility,0,2026-08-06 00:17:01
HighSpeedRail,240,ETU,5,9,5.46616145902312,64QAM,LMMSE,25,0.173814655172414,0.732893318965517,1,33.0343946226921,9.62067295037391,8,0,0,0.3343817,1,15,VeryHighMobility,0,2026-08-06 00:17:01
HighSpeedRail,240,ETU,5,9,5.6132390691537,64QAM,LMMSE,30,0.0667834051724138,0.349919181034483,1,18.7135077315382,14.5568959809809,11,0,0,0.3962576,1,15,VeryHighMobility,0,2026-08-06 00:17:01
HighSpeedRail,240,ETU,5,9,5.68981371150107,64QAM,MPA,0,0.422000718390805,0.978771551724138,1,90.5924893367281,0.858156129206286,4,0,0,0.8947085,10,15,VeryHighMobility,0,2026-08-06 00:17:02
HighSpeedRail,240,ETU,5,9,5.67901929061195,64QAM,MPA,5,0.407080639367816,0.979418103448276,1,88.3077351697882,1.0800250690096,4,0,0,0.9974185,10,15,VeryHighMobility,0,2026-08-06 00:17:03
HighSpeedRail,240,ETU,5,9,5.68218233402538,64QAM,MPA,10,0.388514727011494,0.974838362068966,1,85.7886337820416,1.33140496860436,4,0,0,0.7102357,10,15,VeryHighMobility,0,2026-08-06 00:17:04
HighSpeedRail,240,ETU,5,9,5.69016708331745,64QAM,MPA,15,0.396762751436782,0.976589439655172,1,86.3831402305886,1.27142024748659,4,0,0,0.8219982,10,15,VeryHighMobility,0,2026-08-06 00:17:05
HighSpeedRail,240,ETU,5,9,5.68026069860857,64QAM,MPA,20,0.406258979885057,0.979040948275862,1,87.7994687218401,1.13016224039077,4,0,0,0.7613487,10,15,VeryHighMobility,0,2026-08-06 00:17:06
HighSpeedRail,240,ETU,5,9,5.68810643283802,64QAM,MPA,25,0.411916307471264,0.978582974137931,1,88.4422179728719,1.06680749253567,4,0,0,0.7809656,10,15,VeryHighMobility,0,2026-08-06 00:17:06
HighSpeedRail,240,ETU,5,9,5.68645052985327,64QAM,MPA,30,0.412917564655172,0.978960129310345,1,88.6919663311872,1.04231433077131,4,0,0,0.9137027,10,15,VeryHighMobility,0,2026-08-06 00:17:07
HighSpeedRail,217,ETU,5,9,5.14660906641462,QPSK,MRC,0,0.258364762931034,0.44854525862069,1,101.346661003882,-0.116188897486947,3,0,0,0.5890218,3.6,16,VeryHighMobility,0,2026-08-06 00:17:08
HighSpeedRail,217,ETU,5,9,5.12135102725803,QPSK,MRC,5,0.14034213362069,0.259375,1,73.8612505390956,2.63166687233308,5,0,0,0.5276605,3.3,16,VeryHighMobility,0,2026-08-06 00:17:08
HighSpeedRail,217,ETU,5,9,5.05086597813969,QPSK,MRC,10,0.0179283405172414,0.0352101293103448,1,24.5276508721419,12.2068808843189,10,0,0,0.5308389,3,16,VeryHighMobility,0,2026-08-06 00:17:09
HighSpeedRail,217,ETU,5,9,5.14309976365677,QPSK,MRC,15,0.00111799568965517,0.00220905172413793,0.4,3.70746655758214,28.6184551548684,15,1044000,1.0875,0.4569472,2.3,16,VeryHighMobility,0,2026-08-06 00:17:09
HighSpeedRail,217,ETU,5,9,5.12709629721315,QPSK,MRC,20,0,0,0,0,160,15,1740000,1.8125,0.4354677,2,16,VeryHighMobility,0,2026-08-06 00:17:10
HighSpeedRail,217,ETU,5,9,5.13059885829493,QPSK,MRC,25,0,0,0,0,160,15,1740000,1.8125,0.4966983,2,16,VeryHighMobility,0,2026-08-06 00:17:10
HighSpeedRail,217,ETU,5,9,5.14300299581672,QPSK,MRC,30,0,0,0,0,160,15,1740000,1.8125,0.5112276,2,16,VeryHighMobility,0,2026-08-06 00:17:11
HighSpeedRail,217,ETU,5,9,4.92027532963922,QPSK,LMMSE,0,0.210371767241379,0.373006465517241,1,91.024970998246,0.816789015318707,4,0,0,0.4001405,1,16,VeryHighMobility,0,2026-08-06 00:17:11
HighSpeedRail,217,ETU,5,9,5.02472966511463,QPSK,LMMSE,5,0.10792025862069,0.202963362068966,1,65.19591857364,3.71559182659718,5,0,0,0.3928618,1,16,VeryHighMobility,0,2026-08-06 00:17:12
HighSpeedRail,217,ETU,5,9,5.12181084022059,QPSK,LMMSE,10,0.0255657327586207,0.0504040948275862,1,31.0075181871344,10.1706598579468,8,0,0,0.405137,1,16,VeryHighMobility,0,2026-08-06 00:17:12
HighSpeedRail,217,ETU,5,9,5.14314477905771,QPSK,LMMSE,15,0.00216864224137931,0.00433728448275862,0.8,7.53116556107969,22.4627560999636,14,348000,0.3625,0.3410612,1,16,VeryHighMobility,0,2026-08-06 00:17:12
HighSpeedRail,217,ETU,5,9,4.68141684995919,QPSK,LMMSE,20,4.04094827586207e-05,8.08189655172414e-05,0.2,0.560385254870621,45.0302660120712,15,1392000,1.45,0.2848206,1,16,VeryHighMobility,0,2026-08-06 00:17:13
HighSpeedRail,217,ETU,5,9,5.04895882136144,QPSK,LMMSE,25,0,0,0,0,160,15,1740000,1.8125,0.2897438,1,16,VeryHighMobility,0,2026-08-06 00:17:13
HighSpeedRail,217,ETU,5,9,5.02345807598964,QPSK,LMMSE,30,0,0,0,0,160,15,1740000,1.8125,0.3148423,1,16,VeryHighMobility,0,2026-08-06 00:17:13
HighSpeedRail,217,ETU,5,9,5.13888670765035,QPSK,MPA,0,0.272508081896552,0.468453663793103,1,104.102572726417,-0.349229250552686,3,0,0,0.4152007,10,16,VeryHighMobility,0,2026-08-06 00:17:14
HighSpeedRail,217,ETU,5,9,5.120385869526,QPSK,MPA,5,0.203273168103448,0.364251077586207,1,90.0092703463425,0.914255177229891,4,0,0,0.3594639,10,16,VeryHighMobility,0,2026-08-06 00:17:14
HighSpeedRail,217,ETU,5,9,4.4842356172609,QPSK,MPA,10,0.167658943965517,0.306977370689655,1,81.7934754779866,1.74562675711601,4,0,0,0.4952591,10,16,VeryHighMobility,0,2026-08-06 00:17:15
HighSpeedRail,217,ETU,5,9,5.10931849878693,QPSK,MPA,15,0.146619073275862,0.270878232758621,1,76.5087158665698,2.32578174473412,4,0,0,0.5546865,10,16,VeryHighMobility,0,2026-08-06 00:17:15
HighSpeedRail,217,ETU,5,9,5.0473153014562,QPSK,MPA,20,0.13135775862069,0.244881465517241,1,72.3279268283568,2.81387966250076,5,0,0,0.5439567,10,16,VeryHighMobility,0,2026-08-06 00:17:16
HighSpeedRail,217,ETU,5,9,5.14285187268997,QPSK,MPA,25,0.126091056034483,0.23682650862069,1,70.9381873329922,2.98239826296433,5,0,0,0.538188,10,16,VeryHighMobility,0,2026-08-06 00:17:16
HighSpeedRail,217,ETU,5,9,5.07207145791675,QPSK,MPA,30,0.126266163793103,0.236341594827586,1,70.8939748584286,2.98781346190355,5,0,0,0.5065006,10,16,VeryHighMobility,0,2026-08-06 00:17:17
HighSpeedRail,217,ETU,5,9,4.18755309503035,16QAM,MRC,0,0.336011584051724,0.789008620689655,1,94.8374391869219,0.460403628251527,4,0,0,1.4292123,3.7,16,VeryHighMobility,0,2026-08-06 00:17:18
HighSpeedRail,217,ETU,5,9,4.59242501640936,16QAM,MRC,5,0.264608028017241,0.705980603448276,1,74.4589709864191,2.56165939942156,5,0,0,1.4567213,4.3,16,VeryHighMobility,0,2026-08-06 00:17:20
HighSpeedRail,217,ETU,5,9,5.14449750085158,16QAM,MRC,10,0.151043911637931,0.495581896551724,1,50.0790255050441,6.00688261428309,7,0,0,1.6663583,5.4,16,VeryHighMobility,0,2026-08-06 00:17:21
HighSpeedRail,217,ETU,5,9,4.45477762636474,16QAM,MRC,15,0.0599205280172414,0.222198275862069,1,30.3144301672714,10.3670118192619,9,0,0,1.6510998,5.2,16,VeryHighMobility,0,2026-08-06 00:17:23
HighSpeedRail,217,ETU,5,9,5.12111326636063,16QAM,MRC,20,0.000713900862068966,0.00285560344827586,0.8,2.6815915540594,31.4321474180308,15,696000,0.725,1.5859495,4.9,16,VeryHighMobility,0,2026-08-06 00:17:25
HighSpeedRail,217,ETU,5,9,5.10247138488962,16QAM,MRC,25,0.000148168103448276,0.000592672413793103,0.1,0.489062808812174,46.2127072441581,15,3132000,3.2625,1.1172946,2.7,16,VeryHighMobility,0,2026-08-06 00:17:26
HighSpeedRail,217,ETU,5,9,5.14181228081969,16QAM,MRC,30,0,0,0,0,160,15,3480000,3.625,1.0247169,2.3,16,VeryHighMobility,0,2026-08-06 00:17:27
HighSpeedRail,217,ETU,5,9,5.14382359508656,16QAM,LMMSE,0,0.381539601293103,0.898895474137931,1,85.7086248410193,1.33950945829447,4,0,0,0.5151733,1,16,VeryHighMobility,0,2026-08-06 00:17:27
HighSpeedRail,217,ETU,5,9,5.09125210912048,16QAM,LMMSE,5,0.349434267241379,0.883162715517241,1,79.1455839656607,2.0314662434107,4,0,0,0.4972411,1,16,VeryHighMobility,0,2026-08-06 00:17:28
HighSpeedRail,217,ETU,5,9,4.86358703035294,16QAM,LMMSE,10,0.304162176724138,0.835802801724138,1,71.3063963636965,2.93743022179541,5,0,0,0.4809721,1,16,VeryHighMobility,0,2026-08-06 00:17:28
HighSpeedRail,217,ETU,5,9,5.14648931169026,16QAM,LMMSE,15,0.205987338362069,0.648572198275862,1,57.2674694565226,4.84184014263983,6,0,0,0.4998402,1,16,VeryHighMobility,0,2026-08-06 00:17:29
HighSpeedRail,217,ETU,5,9,4.66133555551993,16QAM,LMMSE,20,0.0636584051724138,0.232596982758621,1,30.3342679033102,10.3613296398407,9,0,0,0.4847206,1,16,VeryHighMobility,0,2026-08-06 00:17:29
HighSpeedRail,217,ETU,5,9,5.10887448850898,16QAM,LMMSE,25,0.0129714439655172,0.0510775862068965,1,13.3423316355795,17.4953653754343,12,0,0,0.5069247,1,16,VeryHighMobility,0,2026-08-06 00:17:30
HighSpeedRail,217,ETU,5,9,5.10721061456087,16QAM,LMMSE,30,0.000208782327586207,0.000835129310344828,0.6,1.31227368488327,37.6395116004397,15,1392000,1.45,0.4748047,1,16,VeryHighMobility,0,2026-08-06 00:17:30
HighSpeedRail,217,ETU,5,9,5.13877805026043,16QAM,MPA,0,0.379485452586207,0.898706896551724,1,85.3688414165712,1.37401225133796,4,0,0,0.625996,10,16,VeryHighMobility,0,2026-08-06 00:17:31
HighSpeedRail,217,ETU,5,9,5.10767048430508,16QAM,MPA,5,0.344268588362069,0.878529094827586,1,77.7804546963374,2.18259044682773,4,0,0,0.5877155,10,16,VeryHighMobility,0,2026-08-06 00:17:31
HighSpeedRail,217,ETU,5,9,5.13753875557658,16QAM,MPA,10,0.335418911637931,0.877155172413793,1,75.7918477855782,2.40755009636655,5,0,0,0.5745149,10,16,VeryHighMobility,0,2026-08-06 00:17:32
HighSpeedRail,217,ETU,5,9,5.13754281252537,16QAM,MPA,15,0.325532058189655,0.863496767241379,1,74.3065079425047,2.57946296038879,5,0,0,0.6426478,10,16,VeryHighMobility,0,2026-08-06 00:17:33
HighSpeedRail,217,ETU,5,9,5.12695107208701,16QAM,MPA,20,0.323491379310345,0.863011853448276,1,73.8501610373963,2.63297106660019,5,0,0,0.5871343,10,16,VeryHighMobility,0,2026-08-06 00:17:33
HighSpeedRail,217,ETU,5,9,5.14502116145886,16QAM,MPA,25,0.32547817887931,0.868103448275862,1,74.0401673235392,2.61065216909913,5,0,0,0.5861097,10,16,VeryHighMobility,0,2026-08-06 00:17:34
HighSpeedRail,217,ETU,5,9,4.88331420961158,16QAM,MPA,30,0.326656788793103,0.868965517241379,1,74.0117219750445,2.61398982540263,5,0,0,0.5958776,10,16,VeryHighMobility,0,2026-08-06 00:17:34
HighSpeedRail,217,ETU,5,9,5.05895723396379,64QAM,MRC,0,0.426055136494253,0.954714439655172,1,116.478483628396,-1.32491416312462,3,0,0,2.1503639,9.1,16,VeryHighMobility,0,2026-08-06 00:17:37
HighSpeedRail,217,ETU,5,9,5.06857849167835,64QAM,MRC,5,0.334675826149425,0.910344827586207,1,71.0554864239849,2.96804766319729,5,0,0,2.3064986,9.9,16,VeryHighMobility,0,2026-08-06 00:17:39
HighSpeedRail,217,ETU,5,9,5.0199063855449,64QAM,MRC,10,0.230338541666667,0.803987068965517,1,44.7857557100352,6.97720186298425,7,0,0,2.1728077,8.8,16,VeryHighMobility,0,2026-08-06 00:17:41
HighSpeedRail,217,ETU,5,9,5.11255590300112,64QAM,MRC,15,0.154391163793103,0.644342672413793,1,32.448310369059,9.77615825246408,8,0,0,1.7916719,7.5,16,VeryHighMobility,0,2026-08-06 00:17:43
HighSpeedRail,217,ETU,5,9,5.13450137905276,64QAM,MRC,20,0.0694773706896552,0.356815732758621,1,19.2493069480869,14.31169804419,11,0,0,2.0686397,8.9,16,VeryHighMobility,0,2026-08-06 00:17:45
HighSpeedRail,217,ETU,5,9,5.06625817897669,64QAM,MRC,25,0.00642959770114943,0.0373922413793103,1,5.04747168062623,25.9385221806523,15,0,0,2.263386,11.2,16,VeryHighMobility,0,2026-08-06 00:17:47
HighSpeedRail,217,ETU,5,9,4.18442659105428,64QAM,MRC,30,0,0,0,0,160,15,5220000,5.4375,3.53858,18.9,16,VeryHighMobility,0,2026-08-06 00:17:51
HighSpeedRail,217,ETU,5,9,4.95135208019095,64QAM,LMMSE,0,0.424155890804598,0.978475215517241,1,91.1453247170638,0.805312069890556,4,0,0,0.5176126,1,16,VeryHighMobility,0,2026-08-06 00:17:51
HighSpeedRail,217,ETU,5,9,4.81594624093895,64QAM,LMMSE,5,0.402954382183908,0.977209051724138,1,87.6939249803273,1.14060982912282,4,0,0,0.5123709,1,16,VeryHighMobility,0,2026-08-06 00:17:52
HighSpeedRail,217,ETU,5,9,4.8711654632422,64QAM,LMMSE,10,0.393345905172414,0.974272629310345,1,82.331536289093,1.68867561338972,4,0,0,0.5520593,1,16,VeryHighMobility,0,2026-08-06 00:17:52
HighSpeedRail,217,ETU,5,9,4.67091274081527,64QAM,LMMSE,15,0.385178699712644,0.965436422413793,1,70.8310757935734,2.99552324036581,5,0,0,0.4901152,1,16,VeryHighMobility,0,2026-08-06 00:17:53
HighSpeedRail,217,ETU,5,9,5.14682580149609,64QAM,LMMSE,20,0.296246408045977,0.908566810344828,1,50.8222727668754,5.87891834492515,6,0,0,0.5166054,1,16,VeryHighMobility,0,2026-08-06 00:17:53
HighSpeedRail,217,ETU,5,9,5.11667086983618,64QAM,LMMSE,25,0.186691810344828,0.752262931034483,1,34.7930440651951,9.17015145788359,8,0,0,0.5151173,1,16,VeryHighMobility,0,2026-08-06 00:17:54
HighSpeedRail,217,ETU,5,9,5.1134153833451,64QAM,LMMSE,30,0.0864044540229885,0.442834051724138,1,21.8750960350405,13.2010006336361,10,0,0,0.5280917,1,16,VeryHighMobility,0,2026-08-06 00:17:54
HighSpeedRail,217,ETU,5,9,5.13771511911373,64QAM,MPA,0,0.421973778735632,0.980199353448276,1,90.5375767466073,0.863422672993925,4,0,0,0.9158156,10,16,VeryHighMobility,0,2026-08-06 00:17:55
HighSpeedRail,217,ETU,5,9,4.28989273310108,64QAM,MPA,5,0.39918283045977,0.977693965517241,1,87.3954096292796,1.17022755441221,4,0,0,1.0335762,10,16,VeryHighMobility,0,2026-08-06 00:17:56
HighSpeedRail,217,ETU,5,9,5.06534798631297,64QAM,MPA,10,0.39066091954023,0.978502155172414,1,86.0349083354444,1.30650599341169,4,0,0,0.9071059,10,16,VeryHighMobility,0,2026-08-06 00:17:57
HighSpeedRail,217,ETU,5,9,5.05220104510764,64QAM,MPA,15,0.395622306034483,0.977613146551724,1,86.3036824025244,1.2794134685515,4,0,0,0.8999574,10,16,VeryHighMobility,0,2026-08-06 00:17:58
HighSpeedRail,217,ETU,5,9,2.94172339727703,64QAM,MPA,20,0.40848599137931,0.978259698275862,1,87.9082626518728,1.11940605814508,4,0,0,0.8577476,10,16,VeryHighMobility,0,2026-08-06 00:17:59
HighSpeedRail,217,ETU,5,9,5.05258224024575,64QAM,MPA,25,0.414327406609195,0.979094827586207,1,88.8465282273971,1.02719076091976,4,0,0,0.9575039,10,16,VeryHighMobility,0,2026-08-06 00:18:00
HighSpeedRail,217,ETU,5,9,5.13214373708973,64QAM,MPA,30,0.411687320402299,0.978556034482759,1,88.4411814212764,1.06690929262311,4,0,0,0.9724641,10,16,VeryHighMobility,0,2026-08-06 00:18:01
HighSpeedRail,293,ETU,5,9,6.87546265984651,QPSK,MRC,0,0.249232219827586,0.434455818965517,1,99.5016554977352,0.0433938689950276,3,0,0,1.2051694,3.2,17,VeryHighMobility,0,2026-08-06 00:18:02
HighSpeedRail,293,ETU,5,9,6.94224022068812,QPSK,MRC,5,0.101710668103448,0.19051724137931,1,62.4048535913851,4.095632627511,5,0,0,1.3340354,4,17,VeryHighMobility,0,2026-08-06 00:18:03
HighSpeedRail,293,ETU,5,9,6.90172062607643,QPSK,MRC,10,0.0273706896551724,0.053125,1,29.1527038093498,10.7064231954404,9,0,0,1.2210677,3.3,17,VeryHighMobility,0,2026-08-06 00:18:05
HighSpeedRail,293,ETU,5,9,6.93318923826256,QPSK,MRC,15,0.000363685344827586,0.000727370689655172,0.4,2.31351005196343,32.7145721839018,15,1044000,1.0875,1.015588,2.3,17,VeryHighMobility,0,2026-08-06 00:18:06
HighSpeedRail,293,ETU,5,9,6.86611681763691,QPSK,MRC,20,0,0,0,0,160,15,1740000,1.8125,0.9883752,2.1,17,VeryHighMobility,0,2026-08-06 00:18:07
HighSpeedRail,293,ETU,5,9,6.93549610387008,QPSK,MRC,25,0,0,0,0,160,15,1740000,1.8125,0.9598081,2,17,VeryHighMobility,0,2026-08-06 00:18:08
HighSpeedRail,293,ETU,5,9,6.94976056656319,QPSK,MRC,30,0,0,0,0,160,15,1740000,1.8125,0.9852812,2,17,VeryHighMobility,0,2026-08-06 00:18:09
HighSpeedRail,293,ETU,5,9,5.96207891339945,QPSK,LMMSE,0,0.210843211206897,0.372009698275862,1,91.0955086289799,0.810060698901185,4,0,0,0.54331,1,17,VeryHighMobility,0,2026-08-06 00:18:09
HighSpeedRail,293,ETU,5,9,6.9254580041484,QPSK,LMMSE,5,0.0982489224137931,0.185183189655172,1,61.4752717095359,4.22599086164539,5,0,0,0.5240765,1,17,VeryHighMobility,0,2026-08-06 00:18:10
HighSpeedRail,293,ETU,5,9,6.9337322421765,QPSK,LMMSE,10,0.0208917025862069,0.0412176724137931,1,27.7062469212909,11.148445992305,9,0,0,0.4931134,1,17,VeryHighMobility,0,2026-08-06 00:18:10
HighSpeedRail,293,ETU,5,9,6.61072048284081,QPSK,LMMSE,15,0.00162984913793103,0.00325969827586207,0.8,5.96778149403788,24.483741732393,15,348000,0.3625,0.5305658,1,17,VeryHighMobility,0,2026-08-06 00:18:11
HighSpeedRail,293,ETU,5,9,6.39526655046762,QPSK,LMMSE,20,0.000188577586206897,0.000377155172413793,0.2,1.13235048327765,38.9203826043913,15,1392000,1.45,0.5017387,1,17,VeryHighMobility,0,2026-08-06 00:18:11
HighSpeedRail,293,ETU,5,9,6.94740154513995,QPSK,LMMSE,25,0,0,0,0,160,15,1740000,1.8125,0.5131637,1,17,VeryHighMobility,0,2026-08-06 00:18:12
HighSpeedRail,293,ETU,5,9,6.94828813013019,QPSK,LMMSE,30,0,0,0,0,160,15,1740000,1.8125,0.5343804,1,17,VeryHighMobility,0,2026-08-06 00:18:12
HighSpeedRail,293,ETU,5,9,6.87366796599871,QPSK,MPA,0,0.254781788793103,0.443884698275862,1,100.767352887225,-0.0663969998320905,3,0,0,0.5078927,10,17,VeryHighMobility,0,2026-08-06 00:18:13
HighSpeedRail,293,ETU,5,9,6.94540784907469,QPSK,MPA,5,0.212809806034483,0.380441810344828,1,92.157018081395,0.709431722633198,4,0,0,0.5070918,10,17,VeryHighMobility,0,2026-08-06 00:18:13
HighSpeedRail,293,ETU,5,9,6.75910251872668,QPSK,MPA,10,0.156802262931034,0.289008620689655,1,79.0352534091774,2.04358299798897,4,0,0,0.5356688,10,17,VeryHighMobility,0,2026-08-06 00:18:14
HighSpeedRail,293,ETU,5,9,6.86791175521541,QPSK,MPA,15,0.149030172413793,0.275457974137931,1,77.1453512520972,2.25380478447046,4,0,0,0.5283802,10,17,VeryHighMobility,0,2026-08-06 00:18:14
HighSpeedRail,293,ETU,5,9,6.90421414267556,QPSK,MPA,20,0.134779094827586,0.251320043103448,1,73.3804948309277,2.68838727934283,5,0,0,0.492662,10,17,VeryHighMobility,0,2026-08-06 00:18:15
HighSpeedRail,293,ETU,5,9,6.32903343717522,QPSK,MPA,25,0.133257004310345,0.249595905172414,1,72.8972647179219,2.74577534316026,5,0,0,0.5236469,10,17,VeryHighMobility,0,2026-08-06 00:18:15
HighSpeedRail,293,ETU,5,9,6.9356748286843,QPSK,MPA,30,0.128569504310345,0.240059267241379,1,71.6507429553646,2.89558603980802,5,0,0,0.5133321,10,17,VeryHighMobility,0,2026-08-06 00:18:16
HighSpeedRail,293,ETU,5,9,6.9476470878899,16QAM,MRC,0,0.365746228448276,0.82020474137931,1,103.76178625172,-0.320748789775672,3,0,0,1.5174146,4.1,17,VeryHighMobility,0,2026-08-06 00:18:17
HighSpeedRail,293,ETU,5,9,6.84154777920494,16QAM,MRC,5,0.267719558189655,0.712580818965517,1,75.0293345335322,2.49537810943373,5,0,0,1.4521701,3.9,17,VeryHighMobility,0,2026-08-06 00:18:19
HighSpeedRail,293,ETU,5,9,6.92785462394932,16QAM,MRC,10,0.145642510775862,0.481627155172414,1,48.9703490697604,6.2013360047774,7,0,0,1.590797,4.8,17,VeryHighMobility,0,2026-08-06 00:18:20
HighSpeedRail,293,ETU,5,9,6.92699014965291,16QAM,MRC,15,0.0396955818965517,0.149838362068966,1,23.7589206095207,12.4834658731243,10,0,0,1.8496247,5.7,17,VeryHighMobility,0,2026-08-06 00:18:22
HighSpeedRail,293,ETU,5,9,6.66559743208974,16QAM,MRC,20,0.00109105603448276,0.00436422413793103,0.8,3.03350861974072,30.3610953333338,15,696000,0.725,1.6282959,4.7,17,VeryHighMobility,0,2026-08-06 00:18:24
HighSpeedRail,293,ETU,5,9,6.94996104810463,16QAM,MRC,25,2.02047413793103e-05,8.08189655172414e-05,0.1,0.178136464424581,54.9849434324723,15,3132000,3.2625,1.3359522,3.2,17,VeryHighMobility,0,2026-08-06 00:18:25
HighSpeedRail,293,ETU,5,9,6.92593176702621,16QAM,MRC,30,0,0,0,0,160,15,3480000,3.625,1.1955838,3,17,VeryHighMobility,0,2026-08-06 00:18:26
HighSpeedRail,293,ETU,5,9,6.64929873476905,16QAM,LMMSE,0,0.377640086206897,0.8984375,1,84.9199098678571,1.41980950912998,4,0,0,0.511317,1,17,VeryHighMobility,0,2026-08-06 00:18:27
HighSpeedRail,293,ETU,5,9,6.62339766613449,16QAM,LMMSE,5,0.345164331896552,0.879525862068966,1,77.9532608844434,2.16331426004824,4,0,0,0.538353,1,17,VeryHighMobility,0,2026-08-06 00:18:27
HighSpeedRail,293,ETU,5,9,6.82252116294919,16QAM,LMMSE,10,0.289015355603448,0.811988146551724,1,68.9371850220345,3.23092909055362,5,0,0,0.5057211,1,17,VeryHighMobility,0,2026-08-06 00:18:28
HighSpeedRail,293,ETU,5,9,6.78431799497135,16QAM,LMMSE,15,0.196390086206897,0.628879310344828,1,55.9863125663079,5.03836271112599,6,0,0,0.4855229,1,17,VeryHighMobility,0,2026-08-06 00:18:28
HighSpeedRail,293,ETU,5,9,6.81353425115414,16QAM,LMMSE,20,0.0549973060344828,0.203313577586207,1,27.4642184163022,11.224655114587,9,0,0,0.5042718,1,17,VeryHighMobility,0,2026-08-06 00:18:29
HighSpeedRail,293,ETU,5,9,6.59718789059383,16QAM,LMMSE,25,0.00902478448275862,0.03515625,1,10.0374282772597,19.9675508993246,13,0,0,0.5172749,1,17,VeryHighMobility,0,2026-08-06 00:18:30
HighSpeedRail,293,ETU,5,9,5.94750463739424,16QAM,LMMSE,30,0.000127963362068966,0.000511853448275862,0.4,0.804204641805824,41.8926684902469,15,2088000,2.175,0.5039935,1,17,VeryHighMobility,0,2026-08-06 00:18:30
HighSpeedRail,293,ETU,5,9,6.92127828681975,16QAM,MPA,0,0.3810546875,0.90010775862069,1,85.7063164484926,1.33974339872672,4,0,0,0.582141,10,17,VeryHighMobility,0,2026-08-06 00:18:31
HighSpeedRail,293,ETU,5,9,6.92432807781347,16QAM,MPA,5,0.345090247844828,0.882623922413793,1,77.8073370800728,2.17958895914041,4,0,0,0.5995498,10,17,VeryHighMobility,0,2026-08-06 00:18:31
HighSpeedRail,293,ETU,5,9,6.90718106467014,16QAM,MPA,10,0.331310614224138,0.87120150862069,1,75.1627647508905,2.47994506797839,5,0,0,0.6145669,10,17,VeryHighMobility,0,2026-08-06 00:18:32
HighSpeedRail,293,ETU,5,9,6.72051655313083,16QAM,MPA,15,0.325053879310345,0.865220905172414,1,73.8911442598624,2.6281521602589,5,0,0,0.5824525,10,17,VeryHighMobility,0,2026-08-06 00:18:32
HighSpeedRail,293,ETU,5,9,6.92931457465794,16QAM,MPA,20,0.322891971982759,0.864304956896552,1,73.2866638105221,2.69950096023239,5,0,0,0.5915192,10,17,VeryHighMobility,0,2026-08-06 00:18:33
HighSpeedRail,293,ETU,5,9,6.56234078225898,16QAM,MPA,25,0.3263671875,0.866864224137931,1,73.801100242337,2.63874327150288,5,0,0,0.5900714,10,17,VeryHighMobility,0,2026-08-06 00:18:34
HighSpeedRail,293,ETU,5,9,6.71616404201602,16QAM,MPA,30,0.319672683189655,0.861530172413793,1,73.0443118539307,2.72827196054389,5,0,0,0.5931058,10,17,VeryHighMobility,0,2026-08-06 00:18:34
HighSpeedRail,293,ETU,5,9,6.85456972442776,64QAM,MRC,0,0.411997126436782,0.950296336206897,1,107.836483239163,-0.655314324416545,3,0,0,2.10806,9.8,17,VeryHighMobility,0,2026-08-06 00:18:36
HighSpeedRail,293,ETU,5,9,6.90484832228028,64QAM,MRC,5,0.357484734195402,0.920285560344828,1,80.475872331797,1.88668614017037,4,0,0,2.2178078,9,17,VeryHighMobility,0,2026-08-06 00:18:39
HighSpeedRail,293,ETU,5,9,6.9287986328934,64QAM,MRC,10,0.254736889367816,0.832085129310345,1,50.3936454011282,5.9524844858592,7,0,0,2.0623319,8.4,17,VeryHighMobility,0,2026-08-06 00:18:41
HighSpeedRail,293,ETU,5,9,6.94998793627358,64QAM,MRC,15,0.152402119252874,0.662311422413793,1,31.5736509970789,10.0135039172992,8,0,0,2.3054885,9,17,VeryHighMobility,0,2026-08-06 00:18:43
HighSpeedRail,293,ETU,5,9,6.10893654887086,64QAM,MRC,20,0.079126257183908,0.398383620689655,1,20.9148028153924,13.5909245117848,10,0,0,2.3794556,8.8,17,VeryHighMobility,0,2026-08-06 00:18:45
HighSpeedRail,293,ETU,5,9,6.89997744974054,64QAM,MRC,25,0.0246542744252874,0.135748922413793,1,10.0684996737526,19.9407047934058,13,0,0,2.4705381,10.5,17,VeryHighMobility,0,2026-08-06 00:18:48
HighSpeedRail,293,ETU,5,9,6.50714670322088,64QAM,MRC,30,4.04094827586207e-05,0.000242456896551724,0.2,0.213816004586551,53.3991958007413,15,4176000,4.35,2.8755519,12.4,17,VeryHighMobility,0,2026-08-06 00:18:51
HighSpeedRail,293,ETU,5,9,6.93477179884831,64QAM,LMMSE,0,0.424726113505747,0.979310344827586,1,91.1647495316785,0.803461137655278,4,0,0,0.5085833,1,17,VeryHighMobility,0,2026-08-06 00:18:51
HighSpeedRail,293,ETU,5,9,6.93036848036106,64QAM,LMMSE,5,0.403892780172414,0.978071120689655,1,87.6624729595102,1.14372564112455,4,0,0,0.4763993,1,17,VeryHighMobility,0,2026-08-06 00:18:52
HighSpeedRail,293,ETU,5,9,6.94440613574535,64QAM,LMMSE,10,0.396354166666667,0.97645474137931,1,84.0701916227092,1.50715925372874,4,0,0,0.5098099,1,17,VeryHighMobility,0,2026-08-06 00:18:52
HighSpeedRail,293,ETU,5,9,6.93593938456111,64QAM,LMMSE,15,0.378362966954023,0.957516163793103,1,67.2185956651909,3.45021130154662,5,0,0,0.4905007,1,17,VeryHighMobility,0,2026-08-06 00:18:53
HighSpeedRail,293,ETU,5,9,6.62138612419493,64QAM,LMMSE,20,0.274263649425287,0.865948275862069,1,47.702546982837,6.42916864097508,7,0,0,0.5312023,1,17,VeryHighMobility,0,2026-08-06 00:18:53
HighSpeedRail,293,ETU,5,9,6.94626729964194,64QAM,LMMSE,25,0.190404992816092,0.770689655172414,1,35.1093779422639,9.09153730339333,8,0,0,0.4994036,1,17,VeryHighMobility,0,2026-08-06 00:18:54
HighSpeedRail,293,ETU,5,9,6.88345873715534,64QAM,LMMSE,30,0.0955459770114943,0.480280172413793,1,23.177277401441,12.6987516254086,10,0,0,0.5127586,1,17,VeryHighMobility,0,2026-08-06 00:18:54
HighSpeedRail,293,ETU,5,9,6.90743228577863,64QAM,MPA,0,0.424497126436782,0.980387931034483,1,90.7234530901912,0.845608562878004,4,0,0,0.8678295,10,17,VeryHighMobility,0,2026-08-06 00:18:55
HighSpeedRail,293,ETU,5,9,6.91830329604402,64QAM,MPA,5,0.40298132183908,0.977693965517241,1,87.777593520622,1.13232659582703,4,0,0,0.9087777,10,17,VeryHighMobility,0,2026-08-06 00:18:56
HighSpeedRail,293,ETU,5,9,6.9223411380279,64QAM,MPA,10,0.392708333333333,0.977640086206897,1,86.0995844225356,1.2999788950698,4,0,0,0.9004145,10,17,VeryHighMobility,0,2026-08-06 00:18:57
HighSpeedRail,293,ETU,5,9,6.71938892371223,64QAM,MPA,15,0.39545617816092,0.976508620689655,1,86.0495160804065,1.30503135372437,4,0,0,0.8903349,10,17,VeryHighMobility,0,2026-08-06 00:18:58
HighSpeedRail,293,ETU,5,9,6.94992895052338,64QAM,MPA,20,0.407206357758621,0.978286637931034,1,87.8416295356479,1.12599232587245,4,0,0,0.8687551,10,17,VeryHighMobility,0,2026-08-06 00:18:59
HighSpeedRail,293,ETU,5,9,6.94990999293525,64QAM,MPA,25,0.406658584770115,0.978098060344828,1,87.5824791786473,1.15165530976364,4,0,0,0.8984441,10,17,VeryHighMobility,0,2026-08-06 00:18:59
HighSpeedRail,293,ETU,5,9,6.94901673921421,64QAM,MPA,30,0.411153017241379,0.977370689655172,1,88.3763428646765,1.07327948216666,4,0,0,0.9249407,10,17,VeryHighMobility,0,2026-08-06 00:19:00
HighSpeedRail,235,ETU,5,9,5.54078513761,QPSK,MRC,0,0.267497306034483,0.462122844827586,1,103.249634102352,-0.277770425433487,3,0,0,1.4009248,3.7,18,VeryHighMobility,0,2026-08-06 00:19:02
HighSpeedRail,235,ETU,5,9,5.56924963253944,QPSK,MRC,5,0.10831088362069,0.202155172413793,1,64.1483578167635,3.85628913971607,5,0,0,1.1838454,2.9,18,VeryHighMobility,0,2026-08-06 00:19:03
HighSpeedRail,235,ETU,5,9,5.55061832732156,QPSK,MRC,10,0.0127963362068966,0.0251616379310345,0.9,18.3414992264679,14.731303363319,11,174000,0.18125,1.3034948,3.4,18,VeryHighMobility,0,2026-08-06 00:19:04
HighSpeedRail,235,ETU,5,9,5.49353891636766,QPSK,MRC,15,0.00102370689655172,0.00204741379310345,0.4,3.57369108533044,28.9376598241547,15,1044000,1.0875,1.045055,2.4,18,VeryHighMobility,0,2026-08-06 00:19:05
HighSpeedRail,235,ETU,5,9,5.33847959483344,QPSK,MRC,20,0,0,0,0,160,15,1740000,1.8125,0.9820588,2,18,VeryHighMobility,0,2026-08-06 00:19:06
HighSpeedRail,235,ETU,5,9,5.57403921447217,QPSK,MRC,25,0,0,0,0,160,15,1740000,1.8125,0.9471136,2,18,VeryHighMobility,0,2026-08-06 00:19:07
HighSpeedRail,235,ETU,5,9,4.83780161793209,QPSK,MRC,30,0,0,0,0,160,15,1740000,1.8125,0.962546,2,18,VeryHighMobility,0,2026-08-06 00:19:08
HighSpeedRail,235,ETU,5,9,5.50380386766799,QPSK,LMMSE,0,0.212149784482759,0.377882543103448,1,91.5979671141961,0.762283295394939,4,0,0,0.4747463,1,18,VeryHighMobility,0,2026-08-06 00:19:09
HighSpeedRail,235,ETU,5,9,5.52460945207639,QPSK,LMMSE,5,0.0958243534482759,0.182489224137931,1,61.2025953880403,4.26460321107425,5,0,0,0.4950261,1,18,VeryHighMobility,0,2026-08-06 00:19:09
HighSpeedRail,235,ETU,5,9,5.56693384857665,QPSK,LMMSE,10,0.0188981681034483,0.0371497844827586,1,25.019835996939,12.0343108279901,10,0,0,0.4705884,1,18,VeryHighMobility,0,2026-08-06 00:19:10
HighSpeedRail,235,ETU,5,9,5.44195687397956,QPSK,LMMSE,15,0.000983297413793103,0.00193965517241379,0.9,5.07990631596303,25.8828859387132,15,174000,0.18125,0.4822383,1,18,VeryHighMobility,0,2026-08-06 00:19:10
HighSpeedRail,235,ETU,5,9,5.57401126869004,QPSK,LMMSE,20,0.000121228448275862,0.000242456896551724,0.1,0.696357518163944,43.1433546244352,15,1566000,1.63125,0.4877685,1,18,VeryHighMobility,0,2026-08-06 00:19:11
HighSpeedRail,235,ETU,5,9,5.55701356276749,QPSK,LMMSE,25,0,0,0,0,160,15,1740000,1.8125,0.4749056,1,18,VeryHighMobility,0,2026-08-06 00:19:11
HighSpeedRail,235,ETU,5,9,5.56847684566049,QPSK,LMMSE,30,0,0,0,0,160,15,1740000,1.8125,0.4709817,1,18,VeryHighMobility,0,2026-08-06 00:19:12
HighSpeedRail,235,ETU,5,9,5.45513339148526,QPSK,MPA,0,0.272346443965517,0.469181034482759,1,104.192490399492,-0.356728372439031,3,0,0,0.4617706,10,18,VeryHighMobility,0,2026-08-06 00:19:12
HighSpeedRail,235,ETU,5,9,5.54275440817663,QPSK,MPA,5,0.211018318965517,0.37734375,1,91.6390699276527,0.758386544898978,4,0,0,0.5262037,10,18,VeryHighMobility,0,2026-08-06 00:19:13
HighSpeedRail,235,ETU,5,9,5.4590390952521,QPSK,MPA,10,0.165220905172414,0.301858836206897,1,81.1725901001224,1.81181192204162,4,0,0,0.5078127,10,18,VeryHighMobility,0,2026-08-06 00:19:13
HighSpeedRail,235,ETU,5,9,4.73633076131791,QPSK,MPA,15,0.128892780172414,0.241352370689655,1,71.6844177559567,2.891504757791,5,0,0,0.5104947,10,18,VeryHighMobility,0,2026-08-06 00:19:14
HighSpeedRail,235,ETU,5,9,5.45677716040646,QPSK,MPA,20,0.130643857758621,0.243615301724138,1,72.1957131898002,2.82977178081952,5,0,0,0.5217124,10,18,VeryHighMobility,0,2026-08-06 00:19:14
HighSpeedRail,235,ETU,5,9,5.5712786212932,QPSK,MPA,25,0.131856142241379,0.24609375,1,72.5053963827023,2.79259337699033,5,0,0,0.5039037,10,18,VeryHighMobility,0,2026-08-06 00:19:15
HighSpeedRail,235,ETU,5,9,4.77599493360118,QPSK,MPA,30,0.125309806034483,0.233432112068966,1,70.5524636629409,3.02975632521206,5,0,0,0.5084198,10,18,VeryHighMobility,0,2026-08-06 00:19:15
HighSpeedRail,235,ETU,5,9,5.55845846098965,16QAM,MRC,0,0.347871767241379,0.802855603448276,1,97.1279615686604,0.253114514746122,4,0,0,1.5816159,4.5,18,VeryHighMobility,0,2026-08-06 00:19:17
HighSpeedRail,235,ETU,5,9,5.57206848735028,16QAM,MRC,5,0.263880657327586,0.706276939655172,1,74.6331899748184,2.54135990701231,5,0,0,1.4522158,3.6,18,VeryHighMobility,0,2026-08-06 00:19:18
HighSpeedRail,235,ETU,5,9,5.5742221595591,16QAM,MRC,10,0.171147629310345,0.542914870689655,1,54.281511860803,5.306961295537,6,0,0,1.7509817,4,18,VeryHighMobility,0,2026-08-06 00:19:20
HighSpeedRail,235,ETU,5,9,5.53992463513786,16QAM,MRC,15,0.0672144396551724,0.243669181034483,1,30.6387671065299,10.2745742909738,8,0,0,1.8013398,5.8,18,VeryHighMobility,0,2026-08-06 00:19:22
HighSpeedRail,235,ETU,5,9,5.51116317151304,16QAM,MRC,20,0.0048828125,0.0189116379310345,0.9,5.89550650842355,24.5895775370312,15,348000,0.3625,1.3464675,4.4,18,VeryHighMobility,0,2026-08-06 00:19:23
HighSpeedRail,235,ETU,5,9,5.57386746931174,16QAM,MRC,25,0,0,0,0,160,15,3480000,3.625,1.1375122,2.7,18,VeryHighMobility,0,2026-08-06 00:19:24
HighSpeedRail,235,ETU,5,9,4.78867798425305,16QAM,MRC,30,0,0,0,0,160,15,3480000,3.625,1.0424057,2.4,18,VeryHighMobility,0,2026-08-06 00:19:25
HighSpeedRail,235,ETU,5,9,5.56451602016715,16QAM,LMMSE,0,0.372865032327586,0.895905172413793,1,83.8645674383306,1.52842977419716,4,0,0,0.507539,1,18,VeryHighMobility,0,2026-08-06 00:19:26
HighSpeedRail,235,ETU,5,9,5.52446515209236,16QAM,LMMSE,5,0.347420528017241,0.884105603448276,1,78.4755363216801,2.10531415078707,4,0,0,0.515627,1,18,VeryHighMobility,0,2026-08-06 00:19:26
HighSpeedRail,235,ETU,5,9,5.48932689416139,16QAM,LMMSE,10,0.268150592672414,0.777936422413793,1,66.1560496789052,3.58860870691956,5,0,0,0.4868772,1,18,VeryHighMobility,0,2026-08-06 00:19:27
HighSpeedRail,235,ETU,5,9,5.46017480532049,16QAM,LMMSE,15,0.195918642241379,0.618103448275862,1,55.6019229440702,5.09820376923745,6,0,0,0.5016895,1,18,VeryHighMobility,0,2026-08-06 00:19:27
HighSpeedRail,235,ETU,5,9,5.56900239689482,16QAM,LMMSE,20,0.0564924568965517,0.209240301724138,1,28.826840624962,10.8040590595077,9,0,0,0.4553717,1,18,VeryHighMobility,0,2026-08-06 00:19:28
HighSpeedRail,235,ETU,5,9,5.49787301986236,16QAM,LMMSE,25,0.00964439655172414,0.0380657327586207,0.9,10.5376189570867,19.5451501935083,13,348000,0.3625,0.4814255,1,18,VeryHighMobility,0,2026-08-06 00:19:28
HighSpeedRail,235,ETU,5,9,5.55672035886597,16QAM,LMMSE,30,0.000276131465517241,0.00110452586206897,0.4,1.14411420820862,38.8306124213648,15,2088000,2.175,0.4752302,1,18,VeryHighMobility,0,2026-08-06 00:19:29
HighSpeedRail,235,ETU,5,9,5.57422599385303,16QAM,MPA,0,0.383816002155172,0.901104525862069,1,86.3935857652584,1.27037000462615,4,0,0,0.5867456,10,18,VeryHighMobility,0,2026-08-06 00:19:29
HighSpeedRail,235,ETU,5,9,5.45144709186214,16QAM,MPA,5,0.342820581896552,0.880199353448276,1,77.8167784171757,2.17853505548351,4,0,0,0.5598782,10,18,VeryHighMobility,0,2026-08-06 00:19:30
HighSpeedRail,235,ETU,5,9,5.47318557165573,16QAM,MPA,10,0.331660829741379,0.869692887931034,1,75.246133166694,2.47031626352398,5,0,0,0.5599867,10,18,VeryHighMobility,0,2026-08-06 00:19:30
HighSpeedRail,235,ETU,5,9,5.43852841595778,16QAM,MPA,15,0.326117995689655,0.867753232758621,1,74.1234713318959,2.60088500212341,5,0,0,0.5549658,10,18,VeryHighMobility,0,2026-08-06 00:19:31
HighSpeedRail,235,ETU,5,9,5.56635248527616,16QAM,MPA,20,0.322535021551724,0.863712284482759,1,73.6067163039273,2.66165112611551,5,0,0,0.5644225,10,18,VeryHighMobility,0,2026-08-06 00:19:32
HighSpeedRail,235,ETU,5,9,5.55110367570833,16QAM,MPA,25,0.324151400862069,0.864870689655172,1,73.8692460109134,2.63072667667269,5,0,0,0.5567099,10,18,VeryHighMobility,0,2026-08-06 00:19:32
HighSpeedRail,235,ETU,5,9,5.56927015262585,16QAM,MPA,30,0.322292564655172,0.865220905172414,1,73.2975091384402,2.69821567383807,5,0,0,0.5656911,10,18,VeryHighMobility,0,2026-08-06 00:19:33
HighSpeedRail,235,ETU,5,9,5.48816108238942,64QAM,MRC,0,0.400413074712644,0.94375,1,100.460709102596,-0.0399247860979016,3,0,0,1.8181082,9.2,18,VeryHighMobility,0,2026-08-06 00:19:34
HighSpeedRail,235,ETU,5,9,5.57319211689215,64QAM,MRC,5,0.340571120689655,0.912284482758621,1,73.7063448556522,2.64990250409642,5,0,0,1.7660465,8.5,18,VeryHighMobility,0,2026-08-06 00:19:36
HighSpeedRail,235,ETU,5,9,5.48147895235567,64QAM,MRC,10,0.233903556034483,0.809994612068966,1,45.2371801422822,6.89008949262175,7,0,0,1.698152,7.8,18,VeryHighMobility,0,2026-08-06 00:19:38
HighSpeedRail,235,ETU,5,9,5.20074897861876,64QAM,MRC,15,0.157709231321839,0.675835129310345,1,32.3512511677924,9.80217837115097,8,0,0,1.8154671,8.2,18,VeryHighMobility,0,2026-08-06 00:19:40
HighSpeedRail,235,ETU,5,9,5.56867609291141,64QAM,MRC,20,0.0838631465517241,0.420743534482759,1,21.8067270569013,13.2281902444018,10,0,0,2.0244128,10.4,18,VeryHighMobility,0,2026-08-06 00:19:42
HighSpeedRail,235,ETU,5,9,5.3690057183457,64QAM,MRC,25,0.0159841954022989,0.0904364224137931,1,8.35897926496873,21.5569350413074,14,0,0,2.1267847,11.3,18,VeryHighMobility,0,2026-08-06 00:19:44
HighSpeedRail,235,ETU,5,9,5.53115095281345,64QAM,MRC,30,0.00347521551724138,0.0186153017241379,0.4,1.58561659228552,35.9960363653957,15,3132000,3.2625,1.9937259,11.3,18,VeryHighMobility,0,2026-08-06 00:19:46
HighSpeedRail,235,ETU,5,9,5.57418001425955,64QAM,LMMSE,0,0.421870510057471,0.980630387931035,1,90.4459971514496,0.872212977079501,4,0,0,0.5038509,1,18,VeryHighMobility,0,2026-08-06 00:19:46
HighSpeedRail,235,ETU,5,9,5.56913867171072,64QAM,LMMSE,5,0.404974856321839,0.979094827586207,1,88.0115099183296,1.10921056446361,4,0,0,0.4727689,1,18,VeryHighMobility,0,2026-08-06 00:19:47
HighSpeedRail,235,ETU,5,9,5.49525788244756,64QAM,LMMSE,10,0.394306752873563,0.973841594827586,1,82.6957370024053,1.65033755841728,4,0,0,0.516395,1,18,VeryHighMobility,0,2026-08-06 00:19:47
HighSpeedRail,235,ETU,5,9,5.20887045377023,64QAM,LMMSE,15,0.37581716954023,0.95848599137931,1,67.9301529642572,3.35874814938728,5,0,0,0.504792,1,18,VeryHighMobility,0,2026-08-06 00:19:48
HighSpeedRail,235,ETU,5,9,5.55138371032711,64QAM,LMMSE,20,0.294481860632184,0.912203663793103,1,49.9690038287657,6.02598616943623,7,0,0,0.4969466,1,18,VeryHighMobility,0,2026-08-06 00:19:48
HighSpeedRail,235,ETU,5,9,5.49818530449392,64QAM,LMMSE,25,0.155087104885057,0.668911637931034,1,30.369803799508,10.3511602756065,9,0,0,0.5035095,1,18,VeryHighMobility,0,2026-08-06 00:19:49
HighSpeedRail,235,ETU,5,9,5.56994536532967,64QAM,LMMSE,30,0.0776984554597701,0.400700431034483,1,20.2604644021137,13.8670120828081,10,0,0,0.5132625,1,18,VeryHighMobility,0,2026-08-06 00:19:49
HighSpeedRail,235,ETU,5,9,5.53749659653566,64QAM,MPA,0,0.422633800287356,0.979983836206897,1,90.3737903060997,0.879150057716283,4,0,0,0.9364581,10,18,VeryHighMobility,0,2026-08-06 00:19:50
HighSpeedRail,235,ETU,5,9,5.57262743438579,64QAM,MPA,5,0.404202586206897,0.977532327586207,1,88.0193040522665,1.10844139245653,4,0,0,0.9551246,10,18,VeryHighMobility,0,2026-08-06 00:19:51
HighSpeedRail,235,ETU,5,9,5.57097562726491,64QAM,MPA,10,0.389035560344828,0.976293103448276,1,86.0233412391384,1.30767385978656,4,0,0,1.0177856,10,18,VeryHighMobility,0,2026-08-06 00:19:52
HighSpeedRail,235,ETU,5,9,5.45580198042297,64QAM,MPA,15,0.397270114942529,0.978125,1,86.4820007754489,1.26148542927126,4,0,0,0.9513156,10,18,VeryHighMobility,0,2026-08-06 00:19:53
HighSpeedRail,235,ETU,5,9,5.52254694974852,64QAM,MPA,20,0.407354525862069,0.977828663793103,1,87.9114805072068,1.11908811960413,4,0,0,1.0180172,10,18,VeryHighMobility,0,2026-08-06 00:19:54
HighSpeedRail,235,ETU,5,9,5.50703742173335,64QAM,MPA,25,0.42084680316092,0.980926724137931,1,89.4835678747595,0.965134162176715,4,0,0,1.0351209,10,18,VeryHighMobility,0,2026-08-06 00:19:55
HighSpeedRail,235,ETU,5,9,5.40047794109028,64QAM,MPA,30,0.412872665229885,0.977586206896552,1,88.7484796940258,1.03678155782935,4,0,0,1.0280954,10,18,VeryHighMobility,0,2026-08-06 00:19:56
HighSpeedRail,275,ETU,5,9,6.44545531862624,QPSK,MRC,0,0.242645474137931,0.426320043103448,1,98.3833192520571,0.141570586431289,3,0,0,1.0825975,2.8,19,VeryHighMobility,0,2026-08-06 00:19:57
HighSpeedRail,275,ETU,5,9,6.50739496448954,QPSK,MRC,5,0.11484375,0.214278017241379,1,65.8567777407143,3.6279904477819,5,0,0,1.1127921,3.1,19,VeryHighMobility,0,2026-08-06 00:19:59
HighSpeedRail,275,ETU,5,9,6.51224428953259,QPSK,MRC,10,0.0100754310344828,0.0200431034482759,1,18.8501667292777,14.4936960823362,11,0,0,1.2096695,3.5,19,VeryHighMobility,0,2026-08-06 00:20:00
HighSpeedRail,275,ETU,5,9,6.49248180642084,QPSK,MRC,15,0.000242456896551724,0.000484913793103448,0.6,2.06082717416291,33.719168553106,15,696000,0.725,0.9503451,2,19,VeryHighMobility,0,2026-08-06 00:20:01
HighSpeedRail,275,ETU,5,9,6.52198122144344,QPSK,MRC,20,0.000107758620689655,0.00021551724137931,0.1,0.656532164298613,43.654879848909,15,1566000,1.63125,0.9815856,2.1,19,VeryHighMobility,0,2026-08-06 00:20:02
HighSpeedRail,275,ETU,5,9,6.49950519524043,QPSK,MRC,25,0,0,0,0,160,15,1740000,1.8125,0.9699311,2,19,VeryHighMobility,0,2026-08-06 00:20:03
HighSpeedRail,275,ETU,5,9,6.46209140937417,QPSK,MRC,30,0,0,0,0,160,15,1740000,1.8125,0.9734623,2,19,VeryHighMobility,0,2026-08-06 00:20:04
HighSpeedRail,275,ETU,5,9,6.44579572946181,QPSK,LMMSE,0,0.216042564655172,0.385183189655172,1,92.7963445607017,0.649382623981373,4,0,0,0.4874488,1,19,VeryHighMobility,0,2026-08-06 00:20:04
HighSpeedRail,275,ETU,5,9,6.50261795332844,QPSK,LMMSE,5,0.091082974137931,0.172817887931034,1,59.0043777434912,4.58231530637399,6,0,0,0.4945999,1,19,VeryHighMobility,0,2026-08-06 00:20:05
HighSpeedRail,275,ETU,5,9,6.50038803229023,QPSK,LMMSE,10,0.0382543103448276,0.0743803879310345,1,37.4569800764753,8.52934480028964,8,0,0,0.5409911,1,19,VeryHighMobility,0,2026-08-06 00:20:05
HighSpeedRail,275,ETU,5,9,6.3759340762159,QPSK,LMMSE,15,0.00173760775862069,0.00347521551724138,0.8,6.41497099548112,23.8561060578963,15,348000,0.3625,0.5165982,1,19,VeryHighMobility,0,2026-08-06 00:20:06
HighSpeedRail,275,ETU,5,9,6.40093941071363,QPSK,LMMSE,20,2.69396551724138e-05,5.38793103448276e-05,0.1,0.328266082149306,49.6754797621886,15,1566000,1.63125,0.5258679,1,19,VeryHighMobility,0,2026-08-06 00:20:06
HighSpeedRail,275,ETU,5,9,6.16877339502456,QPSK,LMMSE,25,0,0,0,0,160,15,1740000,1.8125,0.5219253,1,19,VeryHighMobility,0,2026-08-06 00:20:07
HighSpeedRail,275,ETU,5,9,6.51917330088335,QPSK,LMMSE,30,0,0,0,0,160,15,1740000,1.8125,0.4784627,1,19,VeryHighMobility,0,2026-08-06 00:20:07
HighSpeedRail,275,ETU,5,9,6.37840745214377,QPSK,MPA,0,0.289628232758621,0.492887931034483,1,107.493936665266,-0.627679359993965,3,0,0,0.510306,10,19,VeryHighMobility,0,2026-08-06 00:20:08
HighSpeedRail,275,ETU,5,9,6.49462540261269,QPSK,MPA,5,0.204377693965517,0.36551724137931,1,90.2995108362813,0.886292046150526,4,0,0,0.4689339,10,19,VeryHighMobility,0,2026-08-06 00:20:08
HighSpeedRail,275,ETU,5,9,6.51078108272631,QPSK,MPA,10,0.172508081896552,0.315005387931034,1,83.0081536760856,1.61758491811488,4,0,0,0.4950471,10,19,VeryHighMobility,0,2026-08-06 00:20:09
HighSpeedRail,275,ETU,5,9,6.52124932571959,QPSK,MPA,15,0.140261314655172,0.259536637931034,1,74.8267504788073,2.51886229178832,5,0,0,0.5192215,10,19,VeryHighMobility,0,2026-08-06 00:20:09
HighSpeedRail,275,ETU,5,9,5.71442167136026,QPSK,MPA,20,0.128960129310345,0.241056034482759,1,71.5885679218066,2.90312650492668,5,0,0,0.4995073,10,19,VeryHighMobility,0,2026-08-06 00:20:10
HighSpeedRail,275,ETU,5,9,6.32877431325647,QPSK,MPA,25,0.121026400862069,0.227424568965517,1,69.5123103059326,3.15876554143314,5,0,0,0.5051204,10,19,VeryHighMobility,0,2026-08-06 00:20:10
HighSpeedRail,275,ETU,5,9,5.81525693739588,QPSK,MPA,30,0.116931573275862,0.219773706896552,1,68.31117600943,3.31016476028975,5,0,0,0.507581,10,19,VeryHighMobility,0,2026-08-06 00:20:11
HighSpeedRail,275,ETU,5,9,6.42388145757494,16QAM,MRC,0,0.361981411637931,0.81953125,1,102.122560558251,-0.182433910027284,3,0,0,1.2136397,3.2,19,VeryHighMobility,0,2026-08-06 00:20:12
HighSpeedRail,275,ETU,5,9,6.49092568359544,16QAM,MRC,5,0.256310614224138,0.697979525862069,1,72.6069922634311,2.78043106941468,5,0,0,1.3370428,4,19,VeryHighMobility,0,2026-08-06 00:20:13
HighSpeedRail,275,ETU,5,9,6.48806836955832,16QAM,MRC,10,0.1634765625,0.531600215517241,1,52.4116662458211,5.6114406640429,6,0,0,1.4933727,4.9,19,VeryHighMobility,0,2026-08-06 00:20:15
HighSpeedRail,275,ETU,5,9,6.40852659738019,16QAM,MRC,15,0.0566877693965517,0.209078663793103,1,28.6731202438013,10.8505008805678,9,0,0,1.7127662,6.2,19,VeryHighMobility,0,2026-08-06 00:20:17
HighSpeedRail,275,ETU,5,9,6.33458319948516,16QAM,MRC,20,0.00258620689655172,0.0102909482758621,0.6,4.34329206870868,27.2436193024006,15,1392000,1.45,1.5810188,4.6,19,VeryHighMobility,0,2026-08-06 00:20:18
HighSpeedRail,275,ETU,5,9,6.25960585628229,16QAM,MRC,25,0,0,0,0,160,15,3480000,3.625,1.1875277,2.9,19,VeryHighMobility,0,2026-08-06 00:20:19
HighSpeedRail,275,ETU,5,9,6.39534107740352,16QAM,MRC,30,0,0,0,0,160,15,3480000,3.625,1.1254303,3,19,VeryHighMobility,0,2026-08-06 00:20:20
HighSpeedRail,275,ETU,5,9,6.50921632715977,16QAM,LMMSE,0,0.385391971982759,0.901751077586207,1,86.5253321528961,1.25713449727466,4,0,0,0.5428616,1,19,VeryHighMobility,0,2026-08-06 00:20:21
HighSpeedRail,275,ETU,5,9,6.49831814425064,16QAM,LMMSE,5,0.34405307112069,0.877209051724138,1,78.094052435816,2.14764080585028,4,0,0,0.5025718,1,19,VeryHighMobility,0,2026-08-06 00:20:21
HighSpeedRail,275,ETU,5,9,6.48307204482392,16QAM,LMMSE,10,0.314520474137931,0.851697198275862,1,72.3941602650376,2.80592930228859,5,0,0,0.4977925,1,19,VeryHighMobility,0,2026-08-06 00:20:22
HighSpeedRail,275,ETU,5,9,6.50224678043615,16QAM,LMMSE,15,0.169389816810345,0.554310344827586,1,51.6903853574841,5.73180460214626,6,0,0,0.5268343,1,19,VeryHighMobility,0,2026-08-06 00:20:23
HighSpeedRail,275,ETU,5,9,6.27795158327663,16QAM,LMMSE,20,0.0661166487068966,0.24229525862069,1,31.6920986680664,9.98098001279739,8,0,0,0.4945455,1,19,VeryHighMobility,0,2026-08-06 00:20:23
HighSpeedRail,275,ETU,5,9,6.49606684931999,16QAM,LMMSE,25,0.0133081896551724,0.0517241379310345,0.9,12.622403348285,17.9771589216092,12,348000,0.3625,0.5339279,1,19,VeryHighMobility,0,2026-08-06 00:20:24
HighSpeedRail,275,ETU,5,9,6.47346274973575,16QAM,LMMSE,30,0.000862068965517241,0.00344827586206897,0.7,2.34943648589181,32.5807258219251,15,1044000,1.0875,0.5063689,1,19,VeryHighMobility,0,2026-08-06 00:20:24
HighSpeedRail,275,ETU,5,9,6.48634552816762,16QAM,MPA,0,0.370070043103448,0.892349137931034,1,83.5503618983591,1.56103329240283,4,0,0,0.6674531,10,19,VeryHighMobility,0,2026-08-06 00:20:25
HighSpeedRail,275,ETU,5,9,6.49987908896669,16QAM,MPA,5,0.341446659482759,0.877262931034483,1,77.3294235678308,2.23310454291343,4,0,0,0.6143311,10,19,VeryHighMobility,0,2026-08-06 00:20:25
HighSpeedRail,275,ETU,5,9,6.52294933265266,16QAM,MPA,10,0.327896012931034,0.869396551724138,1,74.6704293861502,2.53702702579876,5,0,0,0.5602101,10,19,VeryHighMobility,0,2026-08-06 00:20:26
HighSpeedRail,275,ETU,5,9,6.40872856779092,16QAM,MPA,15,0.327707435344828,0.868022629310345,1,74.3751642350016,2.57144124509277,5,0,0,0.6163873,10,19,VeryHighMobility,0,2026-08-06 00:20:27
HighSpeedRail,275,ETU,5,9,6.18748452573848,16QAM,MPA,20,0.322393588362069,0.862634698275862,1,73.6387249513925,2.65787479753982,5,0,0,0.6908728,10,19,VeryHighMobility,0,2026-08-06 00:20:27
HighSpeedRail,275,ETU,5,9,6.47383568646429,16QAM,MPA,25,0.319969019396552,0.860075431034483,1,72.920738029945,2.74297889010793,5,0,0,0.6085253,10,19,VeryHighMobility,0,2026-08-06 00:20:28
HighSpeedRail,275,ETU,5,9,6.50770513691314,16QAM,MPA,30,0.32374057112069,0.864143318965517,1,73.5510142107714,2.66822668630084,5,0,0,0.5976641,10,19,VeryHighMobility,0,2026-08-06 00:20:28
HighSpeedRail,275,ETU,5,9,5.33419685848347,64QAM,MRC,0,0.425260416666667,0.957785560344828,1,116.459956057613,-1.32353243810199,3,0,0,1.7189275,7.3,19,VeryHighMobility,0,2026-08-06 00:20:30
HighSpeedRail,275,ETU,5,9,6.17334496199471,64QAM,MRC,5,0.338146551724138,0.90692349137931,1,73.4081975108688,2.68510879215603,5,0,0,1.9359997,8.6,19,VeryHighMobility,0,2026-08-06 00:20:32
HighSpeedRail,275,ETU,5,9,6.38202221271395,64QAM,MRC,10,0.255913254310345,0.834509698275862,1,50.3214788218748,5.96493209102409,7,0,0,2.0870443,9.1,19,VeryHighMobility,0,2026-08-06 00:20:34
HighSpeedRail,275,ETU,5,9,6.48434942005582,64QAM,MRC,15,0.183041487068966,0.728825431034483,1,36.3300494655443,8.79468021637725,8,0,0,2.2907633,9.4,19,VeryHighMobility,0,2026-08-06 00:20:36
HighSpeedRail,275,ETU,5,9,6.51435597155251,64QAM,MRC,20,0.0664870689655172,0.343211206896552,1,18.5183636684523,14.6479478273347,11,0,0,1.1885585,8.7,19,VeryHighMobility,0,2026-08-06 00:20:38
HighSpeedRail,275,ETU,5,9,6.50638978540675,64QAM,MRC,25,0.0129400143678161,0.0734913793103448,1,7.17444994717499,22.8842277986776,15,0,0,1.0109201,11.2,19,VeryHighMobility,0,2026-08-06 00:20:39
HighSpeedRail,275,ETU,5,9,6.51912727603827,64QAM,MRC,30,0.000395114942528736,0.00234375,0.3,0.691469681851763,43.2045371438667,15,3654000,3.80625,1.1479498,14.3,19,VeryHighMobility,0,2026-08-06 00:20:40
HighSpeedRail,275,ETU,5,9,6.49875741964505,64QAM,LMMSE,0,0.423221982758621,0.979364224137931,1,90.8036705228027,0.837931916014446,4,0,0,0.2772195,1,19,VeryHighMobility,0,2026-08-06 00:20:40
HighSpeedRail,275,ETU,5,9,5.06862521851745,64QAM,LMMSE,5,0.403057650862069,0.977128232758621,1,87.6229870035647,1.14763892248251,4,0,0,0.2611619,1,19,VeryHighMobility,0,2026-08-06 00:20:40
HighSpeedRail,275,ETU,5,9,6.51250113056878,64QAM,LMMSE,10,0.393027119252874,0.975808189655172,1,84.3065450573754,1.48277416065762,4,0,0,0.2811665,1,19,VeryHighMobility,0,2026-08-06 00:20:41
HighSpeedRail,275,ETU,5,9,5.37015775262661,64QAM,LMMSE,15,0.381241020114943,0.962149784482759,1,68.6899963031143,3.26213013994464,5,0,0,0.301253,1,19,VeryHighMobility,0,2026-08-06 00:20:41
HighSpeedRail,275,ETU,5,9,6.50378246980167,64QAM,LMMSE,20,0.306972880747126,0.913658405172414,1,52.7238691518676,5.55985452911259,6,0,0,0.2790031,1,19,VeryHighMobility,0,2026-08-06 00:20:41
HighSpeedRail,275,ETU,5,9,6.49923999472496,64QAM,LMMSE,25,0.163537176724138,0.713011853448276,1,31.7092905362975,9.97626949538883,8,0,0,0.2887948,1,19,VeryHighMobility,0,2026-08-06 00:20:42
HighSpeedRail,275,ETU,5,9,6.51986681532908,64QAM,LMMSE,30,0.0733746408045977,0.385587284482759,1,20.1756381798669,13.9034543825652,10,0,0,0.2965882,1,19,VeryHighMobility,0,2026-08-06 00:20:42
HighSpeedRail,275,ETU,5,9,6.50992409411549,64QAM,MPA,0,0.431869612068966,0.980792025862069,1,91.9944529494029,0.724767176152778,4,0,0,0.580263,10,19,VeryHighMobility,0,2026-08-06 00:20:42
HighSpeedRail,275,ETU,5,9,6.4978805276012,64QAM,MPA,5,0.402855603448276,0.976239224137931,1,87.8307592622534,1.12706725854464,4,0,0,0.5887934,10,19,VeryHighMobility,0,2026-08-06 00:20:43
HighSpeedRail,275,ETU,5,9,6.26753254887177,64QAM,MPA,10,0.390800107758621,0.977155172413793,1,85.9484677073578,1.31523723053825,4,0,0,0.6205946,10,19,VeryHighMobility,0,2026-08-06 00:20:44
HighSpeedRail,275,ETU,5,9,6.51603073573748,64QAM,MPA,15,0.395388829022988,0.977262931034483,1,86.1186753660852,1.29805317790554,4,0,0,0.7377197,10,19,VeryHighMobility,0,2026-08-06 00:20:44
HighSpeedRail,275,ETU,5,9,6.52168464593177,64QAM,MPA,20,0.405482219827586,0.97745150862069,1,87.9236198326823,1.11788880454901,4,0,0,0.5938732,10,19,VeryHighMobility,0,2026-08-06 00:20:45
HighSpeedRail,275,ETU,5,9,6.52301144177556,64QAM,MPA,25,0.411058728448276,0.979768318965517,1,88.4395086831223,1.06707357532679,4,0,0,0.6116399,10,19,VeryHighMobility,0,2026-08-06 00:20:46
HighSpeedRail,275,ETU,5,9,6.5148966557355,64QAM,MPA,30,0.412890625,0.977882543103448,1,88.7668231481214,1.03498645379188,4,0,0,0.6027415,10,19,VeryHighMobility,0,2026-08-06 00:20:46
HighSpeedRail,273,ETU,5,9,6.47182872941415,QPSK,MRC,0,0.241756465517241,0.424461206896552,1,98.146839565242,0.162473611849959,3,0,0,0.476958,3,20,VeryHighMobility,0,2026-08-06 00:20:47
HighSpeedRail,273,ETU,5,9,6.47264232509711,QPSK,MRC,5,0.107650862068966,0.20088900862069,1,63.5231693805009,3.94135683311657,5,0,0,0.4891884,3.2,20,VeryHighMobility,0,2026-08-06 00:20:47
HighSpeedRail,273,ETU,5,9,6.47271691780954,QPSK,MRC,10,0.0155307112068966,0.0306573275862069,1,22.6816528509063,12.8865060168588,10,0,0,0.4741745,2.9,20,VeryHighMobility,0,2026-08-06 00:20:48
HighSpeedRail,273,ETU,5,9,6.46906118450322,QPSK,MRC,15,0.000983297413793103,0.00193965517241379,0.4,2.94431943850307,30.6203014760028,15,1044000,1.0875,0.4290935,2.3,20,VeryHighMobility,0,2026-08-06 00:20:48
HighSpeedRail,273,ETU,5,9,6.45102881508834,QPSK,MRC,20,0,0,0,0,160,15,1740000,1.8125,0.4070355,2,20,VeryHighMobility,0,2026-08-06 00:20:48
HighSpeedRail,273,ETU,5,9,6.47229503207924,QPSK,MRC,25,0,0,0,0,160,15,1740000,1.8125,0.4213565,2,20,VeryHighMobility,0,2026-08-06 00:20:49
HighSpeedRail,273,ETU,5,9,6.23099878477512,QPSK,MRC,30,0,0,0,0,160,15,1740000,1.8125,0.4597379,2,20,VeryHighMobility,0,2026-08-06 00:20:49
HighSpeedRail,273,ETU,5,9,6.39517586114186,QPSK,LMMSE,0,0.216446659482759,0.384832974137931,1,92.527375141385,0.674595158419158,4,0,0,0.2936174,1,20,VeryHighMobility,0,2026-08-06 00:20:50
HighSpeedRail,273,ETU,5,9,6.47081436377444,QPSK,LMMSE,5,0.086651400862069,0.164116379310345,1,57.4880485593821,4.80844866593116,6,0,0,0.2787192,1,20,VeryHighMobility,0,2026-08-06 00:20:50
HighSpeedRail,273,ETU,5,9,6.32050274709729,QPSK,LMMSE,10,0.0340786637931034,0.0666756465517241,1,34.0487988398945,9.35796408701041,8,0,0,0.2770036,1,20,VeryHighMobility,0,2026-08-06 00:20:50
HighSpeedRail,273,ETU,5,9,6.26990288542516,QPSK,LMMSE,15,0.00286907327586207,0.00568426724137931,0.8,8.15286657827259,21.7737932970104,14,348000,0.3625,0.2918348,1,20,VeryHighMobility,0,2026-08-06 00:20:50
HighSpeedRail,273,ETU,5,9,5.78231758944533,QPSK,LMMSE,20,1.34698275862069e-05,2.69396551724138e-05,0.1,0.232119172721315,52.6857797188284,15,1566000,1.63125,0.2935481,1,20,VeryHighMobility,0,2026-08-06 00:20:51
HighSpeedRail,273,ETU,5,9,6.15227009778833,QPSK,LMMSE,25,0,0,0,0,160,15,1740000,1.8125,0.2803455,1,20,VeryHighMobility,0,2026-08-06 00:20:51
HighSpeedRail,273,ETU,5,9,6.44950661807474,QPSK,LMMSE,30,0,0,0,0,160,15,1740000,1.8125,0.2822985,1,20,VeryHighMobility,0,2026-08-06 00:20:51
HighSpeedRail,273,ETU,5,9,6.46808726705129,QPSK,MPA,0,0.261314655172414,0.453205818965517,1,102.131885268871,-0.183226973865663,3,0,0,0.3060053,10,20,VeryHighMobility,0,2026-08-06 00:20:52
HighSpeedRail,273,ETU,5,9,6.45271878870207,QPSK,MPA,5,0.204269935344828,0.368345905172414,1,90.1252964100964,0.903065878669138,4,0,0,0.3142535,10,20,VeryHighMobility,0,2026-08-06 00:20:52
HighSpeedRail,273,ETU,5,9,6.45124547719877,QPSK,MPA,10,0.157637392241379,0.290328663793103,1,79.1935702088034,2.02620155411744,4,0,0,0.3054669,10,20,VeryHighMobility,0,2026-08-06 00:20:52
HighSpeedRail,273,ETU,5,9,6.26212179884035,QPSK,MPA,15,0.142753232758621,0.265328663793103,1,75.4744651089526,2.44399912318334,5,0,0,0.306754,10,20,VeryHighMobility,0,2026-08-06 00:20:53
HighSpeedRail,273,ETU,5,9,6.36855478971699,QPSK,MPA,20,0.122467672413793,0.23036099137931,1,69.9064499636985,3.1096550389026,5,0,0,0.315701,10,20,VeryHighMobility,0,2026-08-06 00:20:53
HighSpeedRail,273,ETU,5,9,6.46916157299323,QPSK,MPA,25,0.121322737068966,0.226912715517241,1,69.5028589595782,3.15994661184331,5,0,0,0.3091169,10,20,VeryHighMobility,0,2026-08-06 00:20:53
HighSpeedRail,273,ETU,5,9,6.44865139778383,QPSK,MPA,30,0.132691271551724,0.248006465517241,1,72.7742944630747,2.7604399258981,5,0,0,0.314852,10,20,VeryHighMobility,0,2026-08-06 00:20:53
HighSpeedRail,273,ETU,5,9,6.46037469109868,16QAM,MRC,0,0.359577047413793,0.814547413793103,1,101.251693324234,-0.10804590098778,3,0,0,0.5466532,3.7,20,VeryHighMobility,0,2026-08-06 00:20:54
HighSpeedRail,273,ETU,5,9,6.32612279112213,16QAM,MRC,5,0.258519665948276,0.697575431034483,1,73.3334317440854,2.69395982179879,5,0,0,0.5677127,3.5,20,VeryHighMobility,0,2026-08-06 00:20:55
HighSpeedRail,273,ETU,5,9,6.44009234815113,16QAM,MRC,10,0.147609105603448,0.481734913793103,1,49.2206467498518,6.15705368099165,7,0,0,0.6229694,4,20,VeryHighMobility,0,2026-08-06 00:20:55
HighSpeedRail,273,ETU,5,9,6.44158714367995,16QAM,MRC,15,0.0381869612068966,0.142941810344828,1,23.0606545581166,12.7425673953419,10,0,0,0.7679248,6.1,20,VeryHighMobility,0,2026-08-06 00:20:56
HighSpeedRail,273,ETU,5,9,6.46429962572019,16QAM,MRC,20,0.00542160560344828,0.0207165948275862,0.8,5.90444661567895,24.5764159932498,15,696000,0.725,0.6996536,5.9,20,VeryHighMobility,0,2026-08-06 00:20:57
HighSpeedRail,273,ETU,5,9,6.4752596444828,16QAM,MRC,25,2.02047413793103e-05,8.08189655172414e-05,0.2,0.250034570474343,52.0399988082973,15,2784000,2.9,0.5263628,3.6,20,VeryHighMobility,0,2026-08-06 00:20:57
HighSpeedRail,273,ETU,5,9,6.41395233521535,16QAM,MRC,30,0,0,0,0,160,15,3480000,3.625,0.4744907,2.7,20,VeryHighMobility,0,2026-08-06 00:20:58
HighSpeedRail,273,ETU,5,9,6.47550185680717,16QAM,LMMSE,0,0.37743130387931,0.895770474137931,1,85.0175930414781,1.40982389271817,4,0,0,0.2928675,1,20,VeryHighMobility,0,2026-08-06 00:20:58
HighSpeedRail,273,ETU,5,9,6.47371085604093,16QAM,LMMSE,5,0.339089439655172,0.875592672413793,1,77.1288623707327,2.25566148626098,4,0,0,0.2886087,1,20,VeryHighMobility,0,2026-08-06 00:20:58
HighSpeedRail,273,ETU,5,9,6.46919501688146,16QAM,LMMSE,10,0.297346443965517,0.82801724137931,1,70.2374238773077,3.06862851162534,5,0,0,0.2858055,1,20,VeryHighMobility,0,2026-08-06 00:20:59
HighSpeedRail,273,ETU,5,9,6.47386295594595,16QAM,LMMSE,15,0.170716594827586,0.560129310344828,1,51.9330939439137,5.69111606581777,6,0,0,0.2907668,1,20,VeryHighMobility,0,2026-08-06 00:20:59
HighSpeedRail,273,ETU,5,9,6.4755895987746,16QAM,LMMSE,20,0.0573073814655172,0.212284482758621,0.9,27.9874876621985,11.0607216972821,9,348000,0.3625,0.2965991,1,20,VeryHighMobility,0,2026-08-06 00:20:59
HighSpeedRail,273,ETU,5,9,6.39940959470949,16QAM,LMMSE,25,0.0125808189655172,0.0491109913793103,1,12.3456920146001,18.1696912297499,12,0,0,0.2937767,1,20,VeryHighMobility,0,2026-08-06 00:20:59
HighSpeedRail,273,ETU,5,9,6.40046657781272,16QAM,LMMSE,30,0.000255926724137931,0.00102370689655172,0.3,1.03819556428843,39.6744166197035,15,2436000,2.5375,0.2831652,1,20,VeryHighMobility,0,2026-08-06 00:21:00
HighSpeedRail,273,ETU,5,9,6.47393955327994,16QAM,MPA,0,0.376091056034483,0.897359913793103,1,84.9576241399516,1.41595282481339,4,0,0,0.3914619,10,20,VeryHighMobility,0,2026-08-06 00:21:00
HighSpeedRail,273,ETU,5,9,6.15358777247088,16QAM,MPA,5,0.352572737068966,0.885506465517241,1,79.2623213105531,2.01866425759864,4,0,0,0.3852546,10,20,VeryHighMobility,0,2026-08-06 00:21:01
HighSpeedRail,273,ETU,5,9,6.46950485173862,16QAM,MPA,10,0.330334051724138,0.87020474137931,1,75.2297624954491,2.4722061854104,5,0,0,0.3907209,10,20,VeryHighMobility,0,2026-08-06 00:21:01
HighSpeedRail,273,ETU,5,9,6.47350503625081,16QAM,MPA,15,0.323013200431034,0.864682112068966,1,73.6540301222781,2.6560696982243,5,0,0,0.384927,10,20,VeryHighMobility,0,2026-08-06 00:21:01
HighSpeedRail,273,ETU,5,9,6.42845031604053,16QAM,MPA,20,0.321686422413793,0.864197198275862,1,73.31461012464,2.69618941188573,5,0,0,0.3940611,10,20,VeryHighMobility,0,2026-08-06 00:21:02
HighSpeedRail,273,ETU,5,9,6.47061780354414,16QAM,MPA,25,0.321228448275862,0.860183189655172,1,73.3501912496688,2.69197498922446,5,0,0,0.3959119,10,20,VeryHighMobility,0,2026-08-06 00:21:02
HighSpeedRail,273,ETU,5,9,6.45613424615957,16QAM,MPA,30,0.322454202586207,0.863712284482759,1,73.3991881231506,2.68617487677007,5,0,0,0.387852,10,20,VeryHighMobility,0,2026-08-06 00:21:02
HighSpeedRail,273,ETU,5,9,6.44001105061924,64QAM,MRC,0,0.42198275862069,0.955010775862069,1,114.026941083782,-1.14014947965836,3,0,0,1.0699891,10,20,VeryHighMobility,0,2026-08-06 00:21:04
HighSpeedRail,273,ETU,5,9,6.46319341032454,64QAM,MRC,5,0.336543642241379,0.908890086206897,1,73.1640394729566,2.71404649245673,5,0,0,0.9186237,8.5,20,VeryHighMobility,0,2026-08-06 00:21:04
HighSpeedRail,273,ETU,5,9,6.37441291620197,64QAM,MRC,10,0.251306573275862,0.833243534482759,1,49.1754492817906,6.16503327089294,7,0,0,0.9780182,9.3,20,VeryHighMobility,0,2026-08-06 00:21:05
HighSpeedRail,273,ETU,5,9,6.4730098067468,64QAM,MRC,15,0.142560165229885,0.630280172413793,1,30.2279628300794,10.3918224097134,9,0,0,1.0154775,8.9,20,VeryHighMobility,0,2026-08-06 00:21:06
HighSpeedRail,273,ETU,5,9,6.34362185643935,64QAM,MRC,20,0.0907327586206896,0.457489224137931,1,22.7824718824425,12.8479831409907,10,0,0,1.0019056,9.2,20,VeryHighMobility,0,2026-08-06 00:21:07
HighSpeedRail,273,ETU,5,9,5.09814984960505,64QAM,MRC,25,0.0137122844827586,0.0764816810344828,1,6.7364094804576,23.4314304322521,15,0,0,1.2762378,14,20,VeryHighMobility,0,2026-08-06 00:21:09
HighSpeedRail,273,ETU,5,9,6.45089722540571,64QAM,MRC,30,0.00302622126436782,0.016729525862069,0.3,1.85414478500634,34.6371271203977,15,3654000,3.80625,1.3512043,12.5,20,VeryHighMobility,0,2026-08-06 00:21:10
HighSpeedRail,273,ETU,5,9,6.47458449359888,64QAM,LMMSE,0,0.421282327586207,0.979256465517241,1,90.5936014830879,0.858049498719384,4,0,0,0.3154428,1,20,VeryHighMobility,0,2026-08-06 00:21:10
HighSpeedRail,273,ETU,5,9,6.23950697325917,64QAM,LMMSE,5,0.404732399425287,0.978178879310345,1,87.912320793559,1.11900509745962,4,0,0,0.3203653,1,20,VeryHighMobility,0,2026-08-06 00:21:11
HighSpeedRail,273,ETU,5,9,6.36903755539467,64QAM,LMMSE,10,0.398468929597701,0.976966594827586,1,84.864083222705,1.42552152104939,4,0,0,0.3327678,1,20,VeryHighMobility,0,2026-08-06 00:21:11
HighSpeedRail,273,ETU,5,9,6.47523362560338,64QAM,LMMSE,15,0.388384518678161,0.964655172413793,1,72.5489521433101,2.787377117775,5,0,0,0.3182144,1,20,VeryHighMobility,0,2026-08-06 00:21:11
HighSpeedRail,273,ETU,5,9,6.34292575473236,64QAM,LMMSE,20,0.294863505747126,0.90323275862069,1,50.7792568705106,5.8862731820455,6,0,0,0.3286234,1,20,VeryHighMobility,0,2026-08-06 00:21:12
HighSpeedRail,273,ETU,5,9,6.43705976097223,64QAM,LMMSE,25,0.178650323275862,0.75145474137931,1,33.6877502519919,9.45055982535821,8,0,0,0.3317948,1,20,VeryHighMobility,0,2026-08-06 00:21:12
HighSpeedRail,273,ETU,5,9,6.46447340404215,64QAM,LMMSE,30,0.062347341954023,0.321120689655172,1,16.9104988629813,15.4368716088443,11,0,0,0.3089504,1,20,VeryHighMobility,0,2026-08-06 00:21:12
HighSpeedRail,273,ETU,5,9,6.35151342817388,64QAM,MPA,0,0.420581896551724,0.980037715517241,1,90.498882857528,0.867135636184464,4,0,0,0.6212385,10,20,VeryHighMobility,0,2026-08-06 00:21:13
HighSpeedRail,273,ETU,5,9,6.47351988556284,64QAM,MPA,5,0.40948275862069,0.979283405172414,1,88.5186966888755,1.05929978124816,4,0,0,0.6831826,10,20,VeryHighMobility,0,2026-08-06 00:21:14
HighSpeedRail,273,ETU,5,9,6.00900289498875,64QAM,MPA,10,0.391020114942529,0.976212284482759,1,86.055678886082,1.30440929870748,4,0,0,0.6717497,10,20,VeryHighMobility,0,2026-08-06 00:21:14
HighSpeedRail,273,ETU,5,9,6.12650348849626,64QAM,MPA,15,0.396331716954023,0.977128232758621,1,86.2887449061759,1.28091695798147,4,0,0,0.6435416,10,20,VeryHighMobility,0,2026-08-06 00:21:15
HighSpeedRail,273,ETU,5,9,5.66736566130511,64QAM,MPA,20,0.404786278735632,0.977936422413793,1,87.5883800799383,1.15107011451354,4,0,0,0.6624317,10,20,VeryHighMobility,0,2026-08-06 00:21:16
HighSpeedRail,273,ETU,5,9,6.40736622808522,64QAM,MPA,25,0.405563038793103,0.978987068965517,1,87.6228484920414,1.14765265286077,4,0,0,0.8229922,10,20,VeryHighMobility,0,2026-08-06 00:21:16
HighSpeedRail,273,ETU,5,9,6.4726310112329,64QAM,MPA,30,0.412827765804598,0.9796875,1,88.6034633833817,1.05098603654931,4,0,0,1.2024771,10,20,VeryHighMobility,0,2026-08-06 00:21:18
